equipment_id,equipment_eq_id,equipment_name,department,wo_id,date_notified,urgency,problem,status,material_cost,labor_time,work_performed_by,downtime_hours,completed_datetime,comments,attachments
5351,EQ ID 5351,VLM Storage Lift -Small Hardware,Toilet Partitions,14132,12/17/2024,4. Prod Continuing but Affected Equipment stopped,"The ""Better Pack 555e"" package slip dispenser is jamming. I have dislodged the piece that was stuck but it re-jams again right after. There may be a small piece blocking that I can not see or other issue.",Closed and Completed,0,0.3,Max,0,12/17/2024 02:30 PM,Maksim Bushka - 12/17/24  2:24:44 PM: Removed the excess tape and cleaned the pathway.,[]
5351,EQ ID 5351,VLM Storage Lift -Small Hardware,Toilet Partitions,14166,12/26/2024,6. General Maint,ME requested we add mats to the cell .,Closed and Completed,1000,1.5,Mike d,0,12/26/2024 12:00 AM,Miguel Diaz - 12/26/24 10:58:47 AM: Ordered what we needed and used what we had on the floor .Open attachment to view picture if needed .,"[{'name': 'VLM Mat 12-26-24.jpg', 'url': 'https://circaweb.bobrick.com/PME/Forms/DownloadAttachment/706?guid=8645b797-e77e-4252-897f-72c1a5c292ba'}]"
5351,EQ ID 5351,VLM Storage Lift -Small Hardware,Toilet Partitions,14436,01/21/2025,"5. Prod Ongoing, Maint Required",Operator advised tray is getting stuck and has to manually pull it to clear error code 1926 height control is interrupted,Closed and Completed,0,0.5,Gabriel Mike,0.5,01/22/2025 12:00 AM,"Miguel Diaz - 01/23/25  6:50:08 AM: Tech came in Yesterday  and evaluated that there was nothing wrong with the system. Recommended to wipe down dust weekly. This should be remedied to a better degree when machine shop is moved. 
After the tech left, we found the VLM display bar not displaying any information, although not optimal the order can still be processed accurately by using the laser the VLM display. Tech returned and we got the display bar working again. 
He advised if we have issues with the machine and order info not coming up on the bar to turn both machine and computer OFF for it to reset .
Note he advised we use WD-40 Specialist silicone spray for the tray rails and maintenance inside the machine .It can be purchased from Grainger Part #300012 | Miguel Diaz - 01/21/25  1:16:13 PM: Gabriel called tech support they will be in tomorrow morning at 7 am",[]
5351,EQ ID 5351,VLM Storage Lift -Small Hardware,Toilet Partitions,14571,02/04/2025,1. Prod Stopped,Operator notified us VLM with error code. 1915 Tray in opening position.,Closed and Completed,0,0.2,G Shinobi,0.2,02/04/2025 12:00 AM,Gabriel Shinobi - 02/04/25 12:51:55 PM: Called tech support. Pushed back bottom tray. Tray too far forward sensor not reading tray. cleared error code.,[]
5351,EQ ID 5351,VLM Storage Lift -Small Hardware,Toilet Partitions,14603,02/04/2025,1. Prod Stopped,operator getting error code 2101 Safety Circuit,Closed and Completed,0,0.2,G Shinobi,0.2,02/04/2025 06:30 AM,"Gabriel Shinobi - 02/07/25  6:24:31 AM: Error code 2101 Safety Cricut. Noticed the housing for the light barrier sensor was affecting the sensor. pushed back housing, sensor working.  Per Operator error code appears often. Trays might be hitting it misaligning it. Eric R sent message to tech.",[]
5351,EQ ID 5351,VLM Storage Lift -Small Hardware,Toilet Partitions,15059,03/13/2025,4. Prod Continuing but Affected Equipment stopped,VLM stop with 2 trays in positioned and door is open when it was going to move we reset it then is ok then it stops again,Closed and Completed,0,1,Raymond tech Kardex,0.5,03/14/2025 12:00 AM,"Miguel Diaz - 03/17/25 10:32:08 AM: Tech Adrian, came in and recalibrated the machine so that the extraction was aligned with the trays. All the work looked to be on the VLM monitor .He advised that the cause was from wear over time as the belt stretches with cycles which is normal.Service is covered under the bi-annual service from Kardex .",[]
5351,EQ ID 5351,VLM Storage Lift -Small Hardware,Toilet Partitions,15854,05/21/2025,1. Prod Stopped,"Off schedule maintenance done by outside Raymond West tech. This is in regards to error code 1904 / 1905 / 1979, which involve the lift not being able to extract / put away certain trays and the vertical photo cell being defective.",Closed and Completed,0,2,Sal & Frank (Raymond West Techs),2,05/21/2025 08:00 AM,"Eric Ramirez - 05/22/25  1:12:18 PM: Raymond west successfully finished maintenance and addressed all error codes in question. It was found that the firmware was not updated in the last SM when it should have been, this resulted in the errors at hand. The firmware was promptly updated, the VLM was assessed and approved, and production returned to schedule with no issues.",[]
5351,EQ ID 5351,VLM Storage Lift -Small Hardware,Toilet Partitions,16213,06/25/2025,1. Prod Stopped,"We've been experiencing ongoing issues with the VLM. The team has been pulling from it, but it randomly loses connection. We had to restart it approximately four times this morning. Additionally, the beam display has stopped working. Once the current order is completed, we will shut everything down properly to prevent further complications.",Closed and Completed,0,0.25,Eric Ramirez,0,06/25/2025 11:30 AM,"Eric Ramirez - 06/25/25 11:38:33 AM: VLM Server was rebooted, then the VLM machine and associated computer were restarted. Everything now functioning as intended. See attached photo.","[{'name': '55c99335-cc8e-461a-bbfd-dfb77d226548.jpg', 'url': 'https://circaweb.bobrick.com/PME/Forms/DownloadAttachment/793?guid=088cde65-f1d9-48db-a9ab-9ffdb6322413'}]"
5351,EQ ID 5351,VLM Storage Lift -Small Hardware,Toilet Partitions,16660,08/06/2025,2. General Maint - High Priority,"Computer and VLM not connecting, can not make production orders. Power Pick software not opening. Protocol Initialization Failed",Closed and Completed,0,0,Eric Ramirez & IT,0,08/06/2025 12:00 AM,"Eric Ramirez - 08/13/25  7:54:27 AM: •	We connected with Joseph (tech), and working with Bobrick IT we found that the adapter settings were changed causing communication error between Power Pick & the VLM
•	The adapter settings were updated and communication with the VLM was successful
•	I tested and verified the connection and that production was working as intended
•	IT concurrently did an investigation and found the wifi signal was weak in the VLM area and is looking into getting a hardline connection
o	The antenna of the wifi was also broken (and replaced); with a hardline connection this will no longer be an issue
•	I will work with hardware to cycle count the trays used during manual pulling this morning to verify inventory is correct
•	Production is back to normal.","[{'name': '54d132dd-d08a-4bec-8f97-3d80445f53e8.jpg', 'url': 'https://circaweb.bobrick.com/PME/Forms/DownloadAttachment/810?guid=0282893b-93a9-4cdf-a7ad-cbf45167663e'}]"
5351,EQ ID 5351,VLM Storage Lift -Small Hardware,Toilet Partitions,16962,09/10/2025,1. Prod Stopped,"The VLM has stopped running, I tried to trouble shot it but nothing seems to be working.",Closed and Completed,0,1,"Raymond Tech, Shinobi",3,09/10/2025 10:00 AM,"Gabriel Shinobi - 09/10/25 10:16:59 AM: Raymond tech found one of the Limit switch on door in the wrong position. switch corrected and system tested. | Gabriel Shinobi - 09/10/25  8:12:40 AM: called tech support, tech on his way to inspect error codes. 2203 Check sensor(s)","[{'name': '2203 Check sensor(s).jpg', 'url': 'https://circaweb.bobrick.com/PME/Forms/DownloadAttachment/830?guid=25988948-1532-4254-b9b1-f3eef6f14e56'}, {'name': 'VLM Level Switch Sensor.jpg', 'url': 'https://circaweb.bobrick.com/PME/Forms/DownloadAttachment/831?guid=25988948-1532-4254-b9b1-f3eef6f14e56'}]"
5351,EQ ID 5351,VLM Storage Lift -Small Hardware,Toilet Partitions,17000,09/15/2025,2. General Maint - High Priority,VLM computer station wifi was connected to the wrong network. Ensure it is connected to BobNet. See attachments for photos of the error pop ups.,Closed and Completed,0,0,Juan Lopez,0,09/15/2025 06:00 AM,Eric Ramirez - 09/15/25  8:55:14 AM: Ensure it is connected to BobNet. See attachments for photos of the error pop ups.,"[{'name': 'Server Not Reachable.jpg', 'url': 'https://circaweb.bobrick.com/PME/Forms/DownloadAttachment/835?guid=de2cf367-a131-4616-b08b-7a63c107eefe'}, {'name': 'None of the Hosts Reachable.jpg', 'url': 'https://circaweb.bobrick.com/PME/Forms/DownloadAttachment/836?guid=de2cf367-a131-4616-b08b-7a63c107eefe'}]"
5351,EQ ID 5351,VLM Storage Lift -Small Hardware,Toilet Partitions,17351,10/17/2025,1. Prod Stopped,VLM stopped working giving us this error message : 1979 - Vertical photo cell defective .,Closed and Completed,0,0,Eric Ramirez,10,10/17/2025 12:00 AM,"Eric Ramirez - 10/17/25 11:31:37 AM: Restarted VLM, manually sent trays back. Restarted order and VLM working with no issue.","[{'name': 'e29e1eab-f5c7-4332-953c-e6d8e5145d74.jpg', 'url': 'https://circaweb.bobrick.com/PME/Forms/DownloadAttachment/854?guid=f17d01f4-c7b1-45eb-8661-a3a465be5790'}]"
5351,EQ ID 5351,VLM Storage Lift -Small Hardware,Toilet Partitions,18314,01/28/2026,1. Prod Stopped,"Error 1979: Vertical Photo Cell Defective. Eric R called Kardex tech and was informed this is caused by interference of internal bottom lasers, likely fallen hardware or other item. Juan L assisted and opened up side panels to look with a flashlight to remove any obstructions. Eric R removed one hardware piece and the trays were returned and VLM back to normal production. The hardware material in question was investigated and found to not be overflowing but was moved to a middle tray in case.",Closed and Completed,0,0.5,Eric Ramirez & Juan Lopez,2,01/28/2026 07:45 AM,"Eric Ramirez - 01/28/26  7:59:34 AM: Error 1979: Vertical Photo Cell Defective. Eric R called Kardex tech and was informed this is caused by interference of internal bottom lasers, likely fallen hardware or other item. Juan L assisted and opened up side panels to look with a flashlight to remove any obstructions. Eric R removed one hardware piece and the trays were returned and VLM back to normal production. The hardware material in question was investigated and found to not be overflowing but was moved to a middle tray in case.","[{'name': '349724fb-6d99-4c75-84da-e564f3fed13f.jpg', 'url': 'https://circaweb.bobrick.com/PME/Forms/DownloadAttachment/891?guid=511eb035-86c0-4c29-8ab9-f823955f60ab'}, {'name': '46033c2e-4db8-47c8-833c-ff427a81520b.jpg', 'url': 'https://circaweb.bobrick.com/PME/Forms/DownloadAttachment/892?guid=511eb035-86c0-4c29-8ab9-f823955f60ab'}, {'name': '4e8c4f62-5819-45b4-82db-dfad340912b1.jpg', 'url': 'https://circaweb.bobrick.com/PME/Forms/DownloadAttachment/893?guid=511eb035-86c0-4c29-8ab9-f823955f60ab'}]"
5351,EQ ID 5351,VLM Storage Lift -Small Hardware,Toilet Partitions,18328,01/30/2026,1. Prod Stopped,"VLM is down, Error message 2103 Light barrier. The sensors are blinking a white light and a solid red light. Please see attached for reference.",Closed and Completed,0,1.5,"raymond tech, Eric",0,02/17/2026 03:00 PM,"Gabriel Shinobi - 02/17/26  2:58:41 PM: Tech replaced two sensors, IT reset server, PC and machine, VLM working normally","[{'name': '40053b65-274f-4625-bbf4-b48353eaec11.jpg', 'url': 'https://circaweb.bobrick.com/PME/Forms/DownloadAttachment/896?guid=ae53a854-fdb0-44e0-87b5-309199227db4'}, {'name': 'b5e8cb57-cbdd-4ed4-9ac8-974366a32d88.jpg', 'url': 'https://circaweb.bobrick.com/PME/Forms/DownloadAttachment/897?guid=ae53a854-fdb0-44e0-87b5-309199227db4'}]"
5351,EQ ID 5351,VLM Storage Lift -Small Hardware,Toilet Partitions,19375,05/12/2026,2. General Maint - High Priority,need the packing table push back to align with the other packing table in hardware VLM area to fix the raise mat causing a trip hazard.,Closed and Completed,0,0.5,Max,0,05/12/2026 12:00 AM,,[]
5351,EQ ID 5351,VLM Storage Lift -Small Hardware,Toilet Partitions,19986,06/29/2026,4. Prod Continuing but Affected Equipment stopped,VLM has a mechanical error that is preventing the trays from being retrieved or grabbed. Eric is currently on call with tech support.,Closed and Completed,0,0,Outside tech,0,06/29/2026 05:00 PM,Eric Ramirez - 06/29/26  2:42:43 PM: Assessed and found a mechanical issue with the extractor being unable to grab the trays. Called and spoke with tech and they advised a tech to come in person. A tech is on the way 6/29,[]
5351,EQ ID 5351,VLM Storage Lift -Small Hardware,Toilet Partitions,19977,06/29/2026,6. General Maint,can we get assistant in putting together a new tape machine (brown tape ),Closed and Completed,0,0.2,Shinobi,0,06/30/2026 12:00 AM,Gabriel Shinobi - 07/01/26  7:30:19 AM: manual tape machine assembled,[]
5351,EQ ID 5351,VLM Storage Lift -Small Hardware,Toilet Partitions,20248,08/04/2026,6. General Maint,need a stand to be put together please,Closed and Completed,0,0.2,Shinobi,0,08/04/2026 10:00 AM,Gabriel Shinobi - 08/04/26  1:07:02 PM: assembled paper towel dispenser,[]
5351,EQ ID 5351,VLM Storage Lift -Small Hardware,Toilet Partitions,20295,08/07/2026,4. Prod Continuing but Affected Equipment stopped,"VLM is stuck outputting error 4612: Encoder signal monitoring, drive ON.",Closed and Completed,0,0,Outside Tech,5,08/07/2026 01:30 PM,"Eric Ramirez - 08/07/26  3:05:58 PM: Tech reported that one of the pins on a sprocket was broken. This caused that side of the panel to fall and the other side hanging, triggered the error.

The tech made the assessment, cleared out the trays, found the root cause, waited for a coworker to bring the part needed before making the fix and verifying everything is working properly.

VLM is back to normal production | Gabriel Shinobi - 08/07/26  7:00:45 AM: per Juan L. tech on his way, shutter doors closing uneven","[{'name': 'd351f6c8-0f01-47b5-819b-e2737bac0f1e.jpg', 'url': 'https://circaweb.bobrick.com/PME/Forms/DownloadAttachment/1024?guid=d7fc7e68-5dc4-4664-b1be-aa315bec0bc6'}, {'name': '50f6cd5d-134f-4b05-b86a-66ec3c17445f.jpg', 'url': 'https://circaweb.bobrick.com/PME/Forms/DownloadAttachment/1025?guid=d7fc7e68-5dc4-4664-b1be-aa315bec0bc6'}, {'name': '499eb0e2-db5f-4a10-adaa-700790585800.jpg', 'url': 'https://circaweb.bobrick.com/PME/Forms/DownloadAttachment/1026?guid=d7fc7e68-5dc4-4664-b1be-aa315bec0bc6'}]"
5351,EQ ID 5351,VLM Storage Lift -Small Hardware,Toilet Partitions,20398,08/17/2026,1. Prod Stopped,Sensor Error & Unexpected Tray on Extractor error was preventing production. Eventually the VLM was unresponsive as shown in attached video,Closed and Completed,0,2,Tech & Eric R,6,08/17/2026 02:00 PM,"Eric Ramirez - 08/17/26  2:30:42 PM: After diagnosing to no avail, Eric R called a tech who arrived 2 hours later. Tech deduced that there was a corruption in the firmware, and had to manually reset everything. Tech mentioned that this is a rare case and there is no prevention measures, but he did log it in our data. Also as a note, VLM warranty ends November 2026","[{'name': '50a6b509-c1fb-487c-8319-5042d0bb0bf6.jpg', 'url': 'https://circaweb.bobrick.com/PME/Forms/DownloadAttachment/1046?guid=8218658b-7c38-49fe-9bd2-d46d68960443'}]"
135,EQ ID 135,"Saw,Horizontal, Holz-Her",Toilet Partitions,1313,05/06/2022,"3. Prod Affected, Not Stopped",saw not cutting straight when cutting small stiles,Closed and Completed,0,0.5,Mike Bart,0,05/06/2022 12:00 AM,Miguel Diaz - 05/06/22  2:27:08 PM: Found first three fingers up a bit  so when the fingers move out the way it was pulling the stile with it .,[]
135,EQ ID 135,"Saw,Horizontal, Holz-Her",Toilet Partitions,2358,09/12/2022,4. Prod Continuing but Affected Equipment stopped,Few months back the Saw computer stopped working and went blank after reaching out to Holzher they advised the computer is going out and suggest doing a pc upgrade before that happens,Closed and Completed,8500,16,Steven Hallada Holzher tech,16,09/12/2022 12:00 AM,Miguel Diaz - 09/12/22  1:19:46 PM: PC upgrade was approved .Tech came in to replace the pc this past week .He advised that the Ardis still needed mapping which IT did set up this morning and the label printer needed to be connected .I placed the label printer on the side table we have next to the saw and ran the cable that IT provided to the computer .This morning i had to get the tech to dial in and make a few adjustments saw  is now dialed in .Closing po rec LA00038865,"[{'name': 'Holzher work order for PC Upgrade from tech 9-9-22.jpg', 'url': 'https://circaweb.bobrick.com/PME/Forms/DownloadAttachment/107?guid=4bed007a-52c0-41c1-98ec-c2be7c3d21aa'}]"
135,EQ ID 135,"Saw,Horizontal, Holz-Her",Toilet Partitions,1324,05/06/2022,4. Prod Continuing but Affected Equipment stopped,When cutting Test pieces from MLF board its chipping on the bottom .,Closed and Completed,0,1,Holzher tech,0,09/20/2022 12:00 AM,"Miguel Diaz - 09/20/22  9:04:13 AM: Closing this work order since the chips are not actually coming from the table tops its related to the proper set up and adjustment of the scoring blade .Tech provided a few samples cuts with minimal chipping he adjusted the scoring blade and mentioned when cutting MLF board to run it slow and place new set of blades . | Miguel Diaz - 07/19/22  1:06:54 PM: Just received one of the table tops we had replaced and its the same as the ones we sent them .They have wood grain on both sides  turns out Germany makes them like that now so we have no choice but to put them on when the rest arrive . | Miguel Diaz - 06/08/22  2:00:03 PM: FYI
The set had 5 table top plates that had ruff wood grain on top  we returned them to the manufacturer who is Holzher they will remake them for us .This will take 3 to 4 weeks till get the new tops . | Miguel Diaz - 05/19/22  7:44:47 AM: Maintenance and ME thinks its the table tops current ones are chipped and may be causing the issue .
We have a complete replacement set here we will need a full day(8hrs) Saturday to replace them all ...Just need it scheduled . | Miguel Diaz - 05/19/22  7:37:49 AM: Saw does not have enough material cut to give us the machine in order to  replace the belt at this time .They advised to push it out till they can catch up .
This may not happen till Tomorrow or Monday .Juan will advise when the saw can be given to us . | Miguel Diaz - 05/09/22  6:55:30 AM: Maintenance and ME thinks its the table tops current ones are chipped and may be causing the issue .
We have a complete replacement set here we will need a full day(8hrs) Saturday to replace them all ...Just need it scheduled .",[]
135,EQ ID 135,"Saw,Horizontal, Holz-Her",Toilet Partitions,2477,10/03/2022,4. Prod Continuing but Affected Equipment stopped,Rubber sponge under the beam needs to be replaced .,Closed and Completed,300,3,Mike Diaz,0,10/01/2022 12:00 AM,Miguel Diaz - 10/03/22  7:18:15 AM: Replaced  Part #2870657 rubber sponge over the weekend all sponge under the beam has been replaced .,[]
135,EQ ID 135,"Saw,Horizontal, Holz-Her",Toilet Partitions,3369,11/29/2022,"5. Prod Ongoing, Maint Required",Operator advised program fence for the machine stopped moving after cutting 2 sheets of particle board he did advise he found a stuck piece of material from the cut line .,Closed and Completed,0,0.3,mike d,0.3,11/29/2022 12:00 AM,Miguel Diaz - 11/29/22  7:17:08 AM: Found tripped overload .Stuck piece is what caused this .,[]
135,EQ ID 135,"Saw,Horizontal, Holz-Her",Toilet Partitions,4386,02/14/2023,1. Prod Stopped,Machine is showing width stop maint required,Closed and Completed,0,0.3,Mike D,0,02/14/2023 12:00 AM,"Miguel Diaz - 02/14/23  8:13:26 AM: This pop up happens in the mornings sometimes  need to click okay for all and machine will be ready to cut after .
Usually machine will calibrate on its own if not and this message pops up operator needs to click on tools  and calibrate on this screen  .",[]
135,EQ ID 135,"Saw,Horizontal, Holz-Her",Toilet Partitions,4500,02/20/2023,1. Prod Stopped,"Holz-Her keep going down, sound like there is an air leak.",Closed and Completed,250,2.5,Miguel & Max,1,02/20/2023 02:00 PM,Miguel Diaz - 02/21/23  7:54:50 AM: Operator advised after fixing the repair we did yesterday from the belt ripping apart cutting down 4 hoses the saw was not going up all the way per operator .Troubleshoot and found that the hoses had to be moved instead of 1234 it was 4321.Saw is working properly now .See attachment if needed | Maksim Bushka - 02/20/23  2:11:57 PM: Trouble shoot find out the belt reaped of and damaged two air lines. Replaced the belt and two air hoses.,"[{'name': 'holzher saw ripped hoses 2-20-23.jpg', 'url': 'https://circaweb.bobrick.com/PME/Forms/DownloadAttachment/231?guid=7bbd6e49-857d-4d94-8d7d-3d53c27ac9bd'}]"
135,EQ ID 135,"Saw,Horizontal, Holz-Her",Toilet Partitions,4513,02/21/2023,1. Prod Stopped,Operator notify the pushing arm on Holz-Her Saw fail down.,Closed and Completed,20,1,Miguel & Max,0,02/21/2023 10:30 AM,Maksim Bushka - 02/21/23 10:39:44 AM: Found a broken screw. Replaced the holding screw on the pushing arm.,[]
135,EQ ID 135,"Saw,Horizontal, Holz-Her",Toilet Partitions,4924,03/20/2023,1. Prod Stopped,The machine just turns off. Please see Ramon Luna.,Closed and Completed,0,0.2,Mike Max,0.2,03/20/2023 12:00 AM,Miguel Diaz - 03/20/23 10:58:41 AM: Machine displayed width drag fault found one of the grippers barely dragging on the table enough to make it trip adjusted gripper machine is back up and running,[]
135,EQ ID 135,"Saw,Horizontal, Holz-Her",Toilet Partitions,4925,03/20/2023,1. Prod Stopped,HPL Saw just turns off when cutting.,Closed and Completed,0,2.2,Mike Max,2.2,03/20/2023 12:00 AM,Miguel Diaz - 03/20/23 10:57:09 AM: Saw displayed error pneumatics troubleshoot the full machine had to remove all machine covers to listen and find the air leak if any .Found air leak in the back of the machine located on the program fence .Made repairs machine is back up and running .,[]
135,EQ ID 135,"Saw,Horizontal, Holz-Her",Toilet Partitions,5160,04/05/2023,1. Prod Stopped,Saw is down. It stops cutting at a certain point and makes a strange noise.,Closed and Completed,0,1,Mike Max,1,04/05/2023 12:00 AM,"Miguel Diaz - 04/05/23  9:36:20 AM: Found machine stopping when cutting particle board after cutting 16 inches in it stops .
Found board warped replaced board and it still stops .Turned Saw off to troubleshoot .
Found that the operator who is making stiles used the saw  to cut down masonite well  it had glue and the double masonite got stuck to the beam .
When cutting it was moving the sheet getting the blade stuck and comes to an abrupt  stop .Suggest operator pay attention to what they are doing this could have gone bad and damaged the motor .",[]
135,EQ ID 135,"Saw,Horizontal, Holz-Her",Toilet Partitions,5637,05/11/2023,"5. Prod Ongoing, Maint Required",Jose M advised after the computer up grade 9-12-23  was done the saw width stop is farther back in the machine making them reach inside to place the part against the fence .,Closed and Completed,0,0.5,Mike D,0.4,05/11/2023 12:00 AM,Miguel Diaz - 05/11/23  8:08:40 AM: Reached out to tech support they dialed in this morning and made the adjustment for the width stop to be closer to the cut line .,[]
135,EQ ID 135,"Saw,Horizontal, Holz-Her",Toilet Partitions,5713,05/18/2023,"3. Prod Affected, Not Stopped",As we are cutting in the  Holzher saw after a cut the saw does not return to its home position it stays were it ends the cut.,Closed and Completed,0,0.6,Mike d,0,05/18/2023 12:00 AM,Miguel Diaz - 05/18/23  9:28:30 AM: Stood at the saw and watch the operator cut several sheets with out any issues walked away then the  operator advised it stopped at the end monitor displayed  pneumatic error .This could mean anything there are lots of air lines all over the machine the fun part is trying to  find it .Found 1/4 hose  connector semi broken replaced connector and gave machine back .Operator reports no issues .,[]
135,EQ ID 135,"Saw,Horizontal, Holz-Her",Toilet Partitions,5724,05/18/2023,2. General Maint - High Priority,Asked operator how the saw was working he advised it stopped again mid way .,Closed and Completed,0,0.5,Max Mike,0,05/18/2023 12:00 AM,Miguel Diaz - 05/18/23  1:27:15 PM: Found operator working on another machine he said saw was not being used for a bit took the covers off turned machine on and  let it run and found the hose that was leaking air from the rear of the program fence .Replaced hose and re installed cover .,[]
135,EQ ID 135,"Saw,Horizontal, Holz-Her",Toilet Partitions,5865,06/02/2023,1. Prod Stopped,One small plate from the front come off,Closed and Completed,0,0.3,Miguel & Max,0,06/02/2023 09:00 AM,Maksim Bushka - 06/02/23  9:06:08 AM: Cleaned up the old glue and glued back.,[]
135,EQ ID 135,"Saw,Horizontal, Holz-Her",Toilet Partitions,5983,06/12/2023,"5. Prod Ongoing, Maint Required",Operator advised saw stopped cutting and is displaying error pneumatics,Closed and Completed,25,0.5,Max Mike,0.25,06/12/2023 12:00 AM,Miguel Diaz - 06/12/23 11:02:21 AM: Troubleshoot and found a crack in one of the clamp hoses replaced hose machine is back up and running . | Miguel Diaz - 06/12/23 10:56:16 AM: Troubleshoot and found a crack in one of the clamp hoses replaced hose machine is back up and running .,[]
135,EQ ID 135,"Saw,Horizontal, Holz-Her",Toilet Partitions,6013,06/13/2023,"5. Prod Ongoing, Maint Required",During the department first break lead and i heard an air leak coming from the saw   troubleshoot located the leak,Closed and Completed,0,0.5,Mike D,0,06/13/2023 12:00 AM,"Miguel Diaz - 06/13/23 10:08:36 AM: Turned machine off repaired hose placed a temp coupling and gave machine back to the floor .
No downtime operator was cutting plastic",[]
135,EQ ID 135,"Saw,Horizontal, Holz-Her",Toilet Partitions,6168,06/22/2023,1. Prod Stopped,"sounds like there is a air leak, when the grab arms pull the particalboard in to cut.",Closed and Completed,0,0.5,Mike diaz,2,06/23/2023 12:00 AM,"Miguel Diaz - 06/23/23  6:38:08 AM: Found clamp hose  Cracked  this is the fourth hose that is cracked.
The hoses are way past wear and tear and need to be replaced  inside the program fence compartment for the grippers since that is where we had all four crack i will be ordering a roll of 8MM hose to replace them .",[]
135,EQ ID 135,"Saw,Horizontal, Holz-Her",Toilet Partitions,6583,07/24/2023,"5. Prod Ongoing, Maint Required",Operator advised he cannot remove the blade because the set screw is stripped .,Closed and Completed,4,0.5,Mike D,0,07/24/2023 12:00 AM,Miguel Diaz - 07/24/23 11:40:22 AM: Used channel locks to remove the blade and get him going at lunch break i removed the blade holder and used screw extractor and removed the stripped set screw replaced with new hardware .,[]
135,EQ ID 135,"Saw,Horizontal, Holz-Her",Toilet Partitions,6667,08/01/2023,4. Prod Continuing but Affected Equipment stopped,When opening the building up this morning I found an air leak coming from the machine and shut the air line off and locked out the machine till I could get to it later .,Closed and Completed,60,1.5,Mike D,0,09/23/2023 12:00 AM,"Miguel Diaz - 09/23/23  6:59:07 AM: Replacement connector arrived this week i was able to put it on this morning i also replaced to 8 mm hoses .
Leak is gone machine was running with an air leak luckily the PSI bar was just above the shut off point .
Machine is back up and running properly . | Miguel Diaz - 08/01/23 12:07:38 PM: Replacement connector has been ordered Part # 2867095 | Miguel Diaz - 08/01/23  7:46:13 AM: Troubleshoot found a small  6 mm x 10 '' hose leaking from a slit on the side replaced hose and i could still hear air leaking but less after further troubleshoot i found that the air connector that the same hose is connected to  is faulty and needs to be replaced asap as of now the machine is running with the connector .I will reach out to Holzher and get the part over night if possible .",[]
135,EQ ID 135,"Saw,Horizontal, Holz-Her",Toilet Partitions,7462,10/04/2023,4. Prod Continuing but Affected Equipment stopped,Operator advised machine stopped error message says pneumatics error,Closed and Completed,0,1,Mike d,0,10/04/2023 12:00 AM,"Miguel Diaz - 10/04/23  7:34:08 AM: Troubleshoot couldn't find the leak till i found it on the hold down beam left side removed 1/2 of hose and reconnect  .
Machine is up and working properly.",[]
135,EQ ID 135,"Saw,Horizontal, Holz-Her",Toilet Partitions,7581,10/11/2023,4. Prod Continuing but Affected Equipment stopped,Operator advised saw does not cut,Closed and Completed,0,0.2,Mike  Max,0,10/10/2023 12:00 AM,"Miguel Diaz - 10/11/23  8:04:26 AM: Found saw gripping material but stops when operator presses button to cut .Found no error alarms.
Troubleshoot found dirty width sensor cleaned with ear swab machine is back up and running properly .",[]
135,EQ ID 135,"Saw,Horizontal, Holz-Her",Toilet Partitions,7598,10/11/2023,1. Prod Stopped,"Operator Carlos notify Maintenance. Error showing Disturbance on the screen, Clamp not working.",Closed and Completed,0,0.42,MB&PU,0,10/11/2023 12:00 AM,"Primo Uy - 10/11/23  3:02:59 PM: After checking and troubleshooting, we found out one of the air hoses on the clamp was broken. We replaced the hose and return the cover on the clamp assembly. Saw is now working.",[]
135,EQ ID 135,"Saw,Horizontal, Holz-Her",Toilet Partitions,7779,10/24/2023,1. Prod Stopped,As the operator was cutting on the Holz-her the blade stopped midway and won't return to home position .,Closed and Completed,0,0.5,PU,0,10/24/2023 12:00 AM,"Primo Uy - 10/24/23  9:14:27 AM: Clear errors: Control Voltage. Motor Protection and frequency converter. After too much time spend on the monitor to manually retract the blade but to no respond. Then i open the cover of the control panel to check the instrument. I found out one of the relay/contactors was off/trip. Reset the relay. Then the error disappears.
Holzher saw is now working properly. Note: ask the operator to change the Blade as it is making a noise. This probably the cause of the relay tripping. After changing the blade noise is gone.",[]
135,EQ ID 135,"Saw,Horizontal, Holz-Her",Toilet Partitions,7985,11/09/2023,1. Prod Stopped,"Holzher saw has stopped, the blades got stuck causing the safety switch to trigger.",Closed and Completed,0,0.5,Mike Max,0,11/09/2023 12:00 AM,"Miguel Diaz - 11/09/23  9:06:36 AM: Found a piece of particle board  fall off stuck in its track covering the sensor keeping it from running . Saw is back up and running .
also found the camera not working replaced usb cable",[]
135,EQ ID 135,"Saw,Horizontal, Holz-Her",Toilet Partitions,8065,11/17/2023,1. Prod Stopped,Yesterday when i was walking by the machine i could hear air escaping while the machine was cutting i stood there and on the second cut it stopped error on screen advised error pneumatics .,Closed and Completed,0,0.4,Mike d,0,11/16/2023 12:00 AM,Miguel Diaz - 11/17/23  6:46:39 AM: Found hose going to the main blade solenoid with a rip .Made the repair on the hose machine was back up and running .,[]
135,EQ ID 135,"Saw,Horizontal, Holz-Her",Toilet Partitions,8244,12/05/2023,1. Prod Stopped,"As the operator was cutting, a small piece of particleboard fell down the slit of the saw and caused the blade to get stuck.",Closed and Completed,0,0.3,Max,0,12/05/2023 02:30 PM,"Maksim Bushka - 12/05/23  2:35:20 PM: Clean up the debris, check up the fuses; ok, and reseat the overload riley. Saw is back on line.",[]
135,EQ ID 135,"Saw,Horizontal, Holz-Her",Toilet Partitions,9293,12/11/2023,1. Prod Stopped,"The blade on the saw is not turning on, making a wired noise like if its stuck.",Closed and Completed,0,0.25,PU,0,12/11/2023 12:00 AM,"Primo Uy - 12/11/23  7:28:34 AM: Perform Re-calibration, the saw is now working.",[]
135,EQ ID 135,"Saw,Horizontal, Holz-Her",Toilet Partitions,9328,12/12/2023,1. Prod Stopped,Found saw main duct hose completely clogged leaving dust all over the machine and floor since Monday i found it like this today and advised it has to be replaced asap .,Closed and Completed,90,1.5,Max Mike,1.5,12/12/2023 12:00 AM,"Miguel Diaz - 12/12/23  1:25:12 PM: Advised lead he gave the green light to replace .
Replaced the flexible duct hose black rubber from Mc master part # 53145K681 need 12 ft to replace the full length when replacing this hose .
Found several punctures in the hose but the main clogged  was in the pipe it was clogged by the  fall off that makes in the blade compartment down into the duct system .Saw is back up and running .",[]
135,EQ ID 135,"Saw,Horizontal, Holz-Her",Toilet Partitions,9412,12/20/2023,1. Prod Stopped,"Towards the end of the day the saw kept stopping, giving error code:0013 error pneumatics.",Closed and Completed,25,0.3,MIKE D,0.3,12/20/2023 12:00 AM,Miguel Diaz - 12/20/23  7:47:49 AM: Found gripper one with an air leak on the hose .Replaced air hose .,[]
135,EQ ID 135,"Saw,Horizontal, Holz-Her",Toilet Partitions,9415,12/20/2023,1. Prod Stopped,Got another air leak. Error code : 0013 error pneumatics,Closed and Completed,0,0.3,Mike D,0.3,12/20/2023 12:00 AM,Miguel Diaz - 12/20/23  8:01:38 AM: This was not another air leak it was drag fault error gripper one was dragging on the table top barely .Adjusted the height machine is back up and running .,[]
135,EQ ID 135,"Saw,Horizontal, Holz-Her",Toilet Partitions,9424,12/20/2023,1. Prod Stopped,Lead advised a table top fell off the machine .,Closed and Completed,0,0.4,Mike D,0.3,12/20/2023 12:00 AM,Miguel Diaz - 12/20/23  1:42:59 PM: Removed old glue and re-glued top back on machine .,[]
135,EQ ID 135,"Saw,Horizontal, Holz-Her",Toilet Partitions,9512,01/03/2024,1. Prod Stopped,"Saw is down, the operator changed the blades and when he goes to cut the arms push the partial board out and wont run.",Closed and Completed,0,0.2,Mike diaz,0.2,01/03/2024 12:00 AM,Miguel Diaz - 01/03/24  9:24:46 AM: Found machine not wanting to cut on the operators program .Removed operators program did an air cut machine worked properly after that .,[]
135,EQ ID 135,"Saw,Horizontal, Holz-Her",Toilet Partitions,9525,01/04/2024,"5. Prod Ongoing, Maint Required",Found saw stopped during the lunch break display said width drag fault,Closed and Completed,0,0.3,Mike d,0,01/04/2024 12:00 AM,Miguel Diaz - 01/04/24 10:34:15 AM: Raised number one gripper by 3/32  .The machine will notice any drag and will stop. Usually the grippers tends to sag over time and needs adjustment overtime by raising it back up it don't  happen  much but it happens .,[]
135,EQ ID 135,"Saw,Horizontal, Holz-Her",Toilet Partitions,9667,01/11/2024,"5. Prod Ongoing, Maint Required",Operator advised machine will not cut 1'' cuts in series mode,Closed and Completed,0,0.3,Mike diaz,0,01/11/2024 12:00 AM,Miguel Diaz - 01/11/24  8:09:15 AM: Found sensor dirty cleaned photo sensor machine is cutting like it should .,[]
135,EQ ID 135,"Saw,Horizontal, Holz-Her",Toilet Partitions,9670,01/03/2024,"5. Prod Ongoing, Maint Required",As the operator was cutting the saw stopped and sounded like one of the hose has an air leak,Closed and Completed,45,0.5,Mike diaz,0.4,01/11/2024 12:00 AM,Miguel Diaz - 01/11/24 10:31:38 AM: Hose has been replaced | Miguel Diaz - 01/11/24  9:36:14 AM: Hose to the main cutter broke off the solenoid valve half of the hose stayed inside of the valve .Replaced connector to the solenoid valve and did a temp extension so the operator could keep working i will replace the full hose at lunch time .,[]
135,EQ ID 135,"Saw,Horizontal, Holz-Her",Toilet Partitions,10461,02/20/2024,"5. Prod Ongoing, Maint Required",Found 5 air table nozzles covered with tape .,Closed and Completed,5,0.3,Mike d,0,02/20/2024 12:00 AM,Miguel Diaz - 02/20/24 11:50:29 AM: Replaced the 5 nozzles that the operators covered .,[]
135,EQ ID 135,"Saw,Horizontal, Holz-Her",Toilet Partitions,11378,04/19/2024,2. General Maint - High Priority,The operator notify 3 air buttons on the table missing the balls.,Closed and Completed,20,0.2,Max,0,04/19/2024 12:00 PM,Maksim Bushka - 04/19/24 12:17:55 PM: Replaced 3 white air caps on the table,[]
135,EQ ID 135,"Saw,Horizontal, Holz-Her",Toilet Partitions,12180,06/21/2024,4. Prod Continuing but Affected Equipment stopped,Operator advised the saw stopped working after a cut he did advise the speed was too fast moved by who ?,Closed and Completed,0,0.3,Mike d,0,06/21/2024 12:00 AM,Miguel Diaz - 06/21/24  9:11:09 AM: Found two tripped breakers in the electrical cabinet also found that the table top has 3 nozzles broken letting air out replaced all 3 nozzles machine is back up and running .,[]
135,EQ ID 135,"Saw,Horizontal, Holz-Her",Toilet Partitions,12209,06/25/2024,"5. Prod Ongoing, Maint Required",Found saw air table missing 3 nozzles,Closed and Completed,15,0.3,Mike d,0,06/25/2024 12:00 AM,Miguel Diaz - 06/25/24  8:29:37 AM: Replaced the 3 missing nozzles,[]
135,EQ ID 135,"Saw,Horizontal, Holz-Her",Toilet Partitions,12791,08/16/2024,2. General Maint - High Priority,When walking by and saw that the table tops had 9 missing air nozzles,Closed and Completed,20,0.4,Mike D,0,07/09/2024 12:00 AM,Miguel Diaz - 08/16/24  7:24:13 AM: Replaced the 9 missing nozzles .,[]
135,EQ ID 135,"Saw,Horizontal, Holz-Her",Toilet Partitions,12626,08/05/2024,2. General Maint - High Priority,Operator advised he cannot remove the cap screw that holds the main saw blade in place,Closed and Completed,0,0.3,Mike d,0,08/05/2024 12:00 AM,Miguel Diaz - 08/05/24 10:19:38 AM: This was over tightened loosened screw and advised operator not to over tighten .,[]
135,EQ ID 135,"Saw,Horizontal, Holz-Her",Toilet Partitions,12628,08/05/2024,1. Prod Stopped,Operator advised saw is stopping midway during the cut,Closed and Completed,0,0.1,Mike d,0.1,08/05/2024 12:00 AM,Miguel Diaz - 08/05/24 10:22:13 AM: Found fall off piece stuck under the beam causing the blade to bind .,[]
135,EQ ID 135,"Saw,Horizontal, Holz-Her",Toilet Partitions,13903,11/25/2024,1. Prod Stopped,Saw stopped running and popped up error message: 0013= Error pneumatics,Closed and Completed,0,0.35,PU & MD,0,11/25/2024 12:00 AM,"Primo Uy - 11/25/24  9:19:11 AM: Primo Uy - 11/25/24 9:11:06 AM:
Replaced broken 6 inches air hose (leaking). Gripper is now working properly, Error S10.",[]
135,EQ ID 135,"Saw,Horizontal, Holz-Her",Toilet Partitions,13925,11/25/2024,2. General Maint - High Priority,Saw is showing an alert advising we are low on disk space for C drive .,Closed and Completed,0,1,Mike d,0,11/27/2024 12:00 AM,"Miguel Diaz - 11/27/24  7:44:58 AM: Reached out to Holzher tech support they provided instructions for IT to follow they advise its risky and would rather have them do it ?
Holzher tech called in this morning and guided me through the process added more space for the C drive .
Note system administrator password if needed has been added to the holzher comment notes",[]
135,EQ ID 135,"Saw,Horizontal, Holz-Her",Toilet Partitions,13927,11/27/2024,4. Prod Continuing but Affected Equipment stopped,Operator advised he is having trouble moving full size sheets on the air table,Closed and Completed,0,0.3,Mike d,0.3,11/27/2024 12:00 AM,Miguel Diaz - 11/27/24  9:59:33 AM: Filter mesh needed to be thinned down it had accumulated mesh balls .We clean this during our maint pms but it needed to be taken out and thinned out air table is working properly now .,[]
135,EQ ID 135,"Saw,Horizontal, Holz-Her",Toilet Partitions,13928,11/27/2024,"5. Prod Ongoing, Maint Required",Operator advised the saw is stopping when doing a cut error message says width drag fault .,Closed and Completed,0,0.3,Mike d,0.3,11/27/2024 12:00 AM,Miguel Diaz - 11/27/24 10:02:56 AM: Found first gripper from the left side dragging on the table top it should have 1/16 space underneath to in order to move freely .Made the adjustment .,[]
135,EQ ID 135,"Saw,Horizontal, Holz-Her",Toilet Partitions,14269,01/06/2025,4. Prod Continuing but Affected Equipment stopped,Operator advised  saw did not return after the cut .,Closed and Completed,0,0.8,Primo Mike,0.3,01/06/2025 12:00 AM,Miguel Diaz - 01/06/25 10:58:06 AM: Found carriage stuck with fall off wedged in between the frame of the machine and top of the carriage. Used electric winch to move the carriage along till we could break up the fall off that was stuck .Also replaced missing flat screw for the cover .Machine is back up .,[]
135,EQ ID 135,"Saw,Horizontal, Holz-Her",Toilet Partitions,14845,02/27/2025,4. Prod Continuing but Affected Equipment stopped,Operator advised when trying to change out the main blade it did not go up for easy replacement .,Closed and Completed,25,0.5,Mike d,0.5,02/27/2025 12:00 AM,Miguel Diaz - 02/27/25  9:10:21 AM: Troubleshoot and found hose going to the solenoid has a crack  .Replaced hose blade is now raising and lowering properly .,[]
135,EQ ID 135,"Saw,Horizontal, Holz-Her",Toilet Partitions,15085,03/18/2025,4. Prod Continuing but Affected Equipment stopped,Operator advised saw stopped cutting and stopped midway .,Closed and Completed,0,0.6,Mike Gabriel,0,03/18/2025 12:00 AM,Miguel Diaz - 03/18/25  8:53:01 AM: Troubleshoot machine found stuck particle board wedged in-between frame and carriage .Used powered winch  with chain to move the carriage over  to the right side opening to remove the stuck particle board .Also found the blade compartment full of fall off pieces inside covering the dust collection .Removed all fall of using tool that is near machine .Operators should check for this when replacing blades suggest they get a flash light that's the only way you can see inside .,[]
135,EQ ID 135,"Saw,Horizontal, Holz-Her",Toilet Partitions,15055,03/13/2025,"3. Prod Affected, Not Stopped","Was advised by operator of pneumatic error code, and air leak sound from saw",Closed and Completed,42.56,0.5,"G Shinobi, MD",0.5,03/18/2025 10:30 AM,"Gabriel Shinobi - 03/18/25 11:45:16 AM: Replaced air line quick connect for second clamp from the left. No more air leak. good to use

p/n 2191830 - Hollow screw joint x1
p/n 2048612 - Ring T. Nipple x2 | Gabriel Shinobi - 03/13/25  8:44:43 AM: checked machine, air leak coming from air connector on one clap, air leaking only when clamp is down. ordering connector to replace, ok to use machine, will leave open until connectors arrive.",[]
135,EQ ID 135,"Saw,Horizontal, Holz-Her",Toilet Partitions,15184,03/26/2025,1. Prod Stopped,"Was advised by operator possible air leak, saw not returning to home position.",Closed and Completed,0,0.2,G Shinobi,0.2,03/26/2025 01:30 PM,"Gabriel Shinobi - 03/26/25  1:37:36 PM: found connecting air line behind grippers with slit, replaced air line. Reset saw to home position. working normally. ok to continue working",[]
135,EQ ID 135,"Saw,Horizontal, Holz-Her",Toilet Partitions,15387,04/15/2025,1. Prod Stopped,operator advised air leak.,Closed and Completed,0,0.2,G Shinobi,0.2,04/15/2025 09:00 AM,Gabriel Shinobi - 04/15/25  3:17:59 PM: found T connector not holding air line. replaced T connector. working normal. ok to continue working,[]
135,EQ ID 135,"Saw,Horizontal, Holz-Her",Toilet Partitions,15525,04/28/2025,"5. Prod Ongoing, Maint Required","Operator notify that some of the air cups on the table are broken,",Closed and Completed,20,0.15,Max,0,04/28/2025 02:00 PM,Maksim Bushka - 04/28/25  2:13:33 PM: Replaced 3 air cups on the table.,[]
135,EQ ID 135,"Saw,Horizontal, Holz-Her",Toilet Partitions,15823,05/19/2025,2. General Maint - High Priority,Passed by machine found air escaping out a hose inside the blade compartment .,Closed and Completed,0,0.5,MD Gabriel,0,05/19/2025 12:00 AM,Miguel Diaz - 05/19/25  9:03:57 AM: Replaced air hose,[]
135,EQ ID 135,"Saw,Horizontal, Holz-Her",Toilet Partitions,16435,07/17/2025,1. Prod Stopped,The operator notify the Holz-Her Saw is not cutting.,Closed and Completed,0,1,Max,0,07/17/2025 06:30 PM,Maksim Bushka - 07/17/25  6:48:30 PM: Found an air hose broken and replaced,[]
135,EQ ID 135,"Saw,Horizontal, Holz-Her",Toilet Partitions,16461,07/22/2025,1. Prod Stopped,operator advised saw not cutting,Closed and Completed,0,0.3,"Max, Shinobi",0.3,07/22/2025 02:00 PM,"Gabriel Shinobi - 07/22/25  2:17:05 PM: found air line ripped. connector bad with material inside. replaced connector repaired air line. machine working, ok to continue using",[]
135,EQ ID 135,"Saw,Horizontal, Holz-Her",Toilet Partitions,16629,08/11/2025,1. Prod Stopped,The operator notify the Holz-Her saw is not working.,Closed and Completed,0,0.3,Max,0,08/11/2025 03:00 PM,Maksim Bushka - 08/11/25  3:13:21 PM: Found an air hose broken inside the encloser. Repaired the hose good to goo.,[]
135,EQ ID 135,"Saw,Horizontal, Holz-Her",Toilet Partitions,16677,08/13/2025,1. Prod Stopped,one of the air lines is leaking air triggering and alarm code in the machine,Closed and Completed,0,1,"Ramon, Diego, Max",0,08/13/2025 05:00 PM,Maksim Bushka - 08/13/25  5:15:51 PM: Found one air hose broken. replaced the hose.,[]
135,EQ ID 135,"Saw,Horizontal, Holz-Her",Toilet Partitions,16753,08/20/2025,"5. Prod Ongoing, Maint Required",The emergency stop switch fell off.,Closed and Completed,0,0.2,Shinobi,0,08/20/2025 11:00 AM,Gabriel Shinobi - 08/20/25 11:30:07 AM: reattached e-stop,[]
135,EQ ID 135,"Saw,Horizontal, Holz-Her",Toilet Partitions,16763,08/21/2025,1. Prod Stopped,"We are are having issues with the Holz-Her saw, keeping getting an error message of : 0013= Error pneumatics. When time permits could we have you guys take a look at this.",Closed and Completed,0,1.5,Shinobi,2,08/21/2025 08:30 AM,"Gabriel Shinobi - 08/21/25  8:47:03 AM: found one air line with gash and one air line disconnected, replaced air line, reconnected",[]
135,EQ ID 135,"Saw,Horizontal, Holz-Her",Toilet Partitions,16769,08/21/2025,1. Prod Stopped,"Hello Guys, the saw is giving us the same error message. The hoes might have came off. When time permits could we have you guys take a look at this please.",Closed and Completed,0,0.5,Shinobi,0,08/21/2025 11:00 AM,"Gabriel Shinobi - 08/21/25 11:06:02 AM: found air hose with hole, replaced",[]
135,EQ ID 135,"Saw,Horizontal, Holz-Her",Toilet Partitions,16799,08/25/2025,1. Prod Stopped,"We’ve noticed an air leak on a hose due to wear and tear. When time permits, could you please come by and take a look at it?",Closed and Completed,0,0.2,Shinobi,0,08/25/2025 09:30 AM,"Gabriel Shinobi - 08/25/25  9:43:57 AM: found torn air hose, replaced air hose",[]
135,EQ ID 135,"Saw,Horizontal, Holz-Her",Toilet Partitions,16833,08/27/2025,1. Prod Stopped,"Holzher is not starting up due to an air hoes leak, when time permits could we please have you guys take a look at it.",Closed and Completed,0,0.2,Shinobi,0,08/27/2025 06:30 AM,"Gabriel Shinobi - 08/27/25  6:56:00 AM: found air line with big gash, replaced air line",[]
135,EQ ID 135,"Saw,Horizontal, Holz-Her",Toilet Partitions,16912,09/04/2025,1. Prod Stopped,Holz-her is down there an air leak . When time permits could you guys take a look at this please,Closed and Completed,0,0.2,Shinobi,0,09/04/2025 07:00 AM,"Gabriel Shinobi - 09/04/25 11:45:57 AM: no air leak found, machine working normally",[]
135,EQ ID 135,"Saw,Horizontal, Holz-Her",Toilet Partitions,16981,09/11/2025,1. Prod Stopped,The Holzher saw leaking air,Closed and Completed,0,0.2,Shinobi,0,09/12/2025 07:00 AM,"Gabriel Shinobi - 09/12/25  7:05:45 AM: found air line popped out of coupler, mended connection.",[]
135,EQ ID 135,"Saw,Horizontal, Holz-Her",Toilet Partitions,16982,09/12/2025,1. Prod Stopped,"There is an air leak in the blade cabin on the Holzher, When time permits could we have you guys take a look at it.",Closed and Completed,0,0.35,Shinobi and PU,0,09/12/2025 07:00 AM,"Primo Uy - 09/12/25  2:58:45 PM: Broken air fitting, dirty with a small debris inside. Replaced Air fitting. Machine is now working. | Gabriel Shinobi - 09/12/25  7:06:24 AM: found air line popped out of coupler, mended connection.",[]
135,EQ ID 135,"Saw,Horizontal, Holz-Her",Toilet Partitions,17009,09/15/2025,1. Prod Stopped,"Holzer sow has an air leak,",Closed and Completed,0,0.2,Max,0,09/15/2025 06:00 PM,Maksim Bushka - 09/15/25  6:05:51 PM: Repaired the air hose.,[]
135,EQ ID 135,"Saw,Horizontal, Holz-Her",Toilet Partitions,17020,09/17/2025,1. Prod Stopped,"Air hoes came lose, when time permits could we have you take a look at this please.",Closed and Completed,0,0.4,Shinobi,1,09/17/2025 08:00 AM,"Gabriel Shinobi - 09/17/25  8:02:58 AM: found 12mm air line ripped from coupler. replaced coupler, reconnected air line.",[]
135,EQ ID 135,"Saw,Horizontal, Holz-Her",Toilet Partitions,17143,10/06/2025,1. Prod Stopped,There is a hoes leak in the holz-her,Closed and Completed,0,0.5,Shinobi,0,10/06/2025 09:00 AM,"Gabriel Shinobi - 10/06/25 10:37:57 AM: found air line popped out, replaced section and reattached",[]
135,EQ ID 135,"Saw,Horizontal, Holz-Her",Toilet Partitions,17244,10/09/2025,2. General Maint - High Priority,Operator notify some of the air balls on the table missing.,Closed and Completed,0,0.2,Max,0,10/09/2025 06:00 PM,Maksim Bushka - 10/09/25  5:40:13 PM: Replaced 4 air balls on the table.,[]
135,EQ ID 135,"Saw,Horizontal, Holz-Her",Toilet Partitions,17247,10/10/2025,1. Prod Stopped,"The holz-her stops after ever cut, doesn't give no error message, when time permits could we have you guys take a look at it thank you.",Closed and Completed,0,0.1,Shinobi,0,10/10/2025 07:30 AM,"Gabriel Shinobi - 10/10/25  9:22:38 AM: no issue found, saw working normally",[]
135,EQ ID 135,"Saw,Horizontal, Holz-Her",Toilet Partitions,17313,10/16/2025,1. Prod Stopped,"The saw keeps turning off.  Error message ""00113 = Error Pneumatics""",Closed and Completed,0,0.2,Shinobi,0,10/16/2025 01:00 PM,"Gabriel Shinobi - 10/16/25  2:47:50 PM: inspected saw, working normally",[]
135,EQ ID 135,"Saw,Horizontal, Holz-Her",Toilet Partitions,17354,10/17/2025,1. Prod Stopped,The operator notify the saw stopping on every cut.,Closed and Completed,15,0.2,Max,0,10/17/2025 02:30 PM,Maksim Bushka - 10/17/25 12:46:19 PM: Found an air hose broken. Cute out and used a nipple.,[]
135,EQ ID 135,"Saw,Horizontal, Holz-Her",Toilet Partitions,17462,10/27/2025,1. Prod Stopped,"When we came in, it looked like the motor was stopped midway through its cycle. We tried a reset but haven’t had any luck. We’re currently receiving the following error messages — please see the attached pictures for reference.",Closed and Completed,0,0.2,"Shinobi, Operator",0,10/27/2025 07:00 AM,Gabriel Shinobi - 10/27/25  7:15:14 AM: reset monitor working normally,"[{'name': 'ce865c19-8b06-4c40-bf03-f0b3a3b0ba3a.jpg', 'url': 'https://circaweb.bobrick.com/PME/Forms/DownloadAttachment/858?guid=fb60cb9f-ae02-4e1f-9584-01c782656016'}, {'name': '647494b1-b81b-4f4c-9282-8cf1a05fc415.jpg', 'url': 'https://circaweb.bobrick.com/PME/Forms/DownloadAttachment/859?guid=fb60cb9f-ae02-4e1f-9584-01c782656016'}, {'name': 'b59966ee-47d2-4f4d-9fc5-6beaf78c9878.jpg', 'url': 'https://circaweb.bobrick.com/PME/Forms/DownloadAttachment/860?guid=fb60cb9f-ae02-4e1f-9584-01c782656016'}]"
135,EQ ID 135,"Saw,Horizontal, Holz-Her",Toilet Partitions,17487,10/27/2025,2. General Maint - High Priority,The operator notify some of the balls on the table missing,Closed and Completed,25,0.3,Max,0,10/27/2025 07:00 PM,Maksim Bushka - 10/27/25  6:54:48 PM: Replaced 4 vacuum balls on the table.,[]
135,EQ ID 135,"Saw,Horizontal, Holz-Her",Toilet Partitions,17523,10/30/2025,1. Prod Stopped,Holz-Her saw air leak from one of the clamps hoses,Closed and Completed,0,0.3,Max,0,10/30/2025 11:30 AM,Maksim Bushka - 10/30/25 11:49:30 AM: Replaced the smashed air hose.,[]
135,EQ ID 135,"Saw,Horizontal, Holz-Her",Toilet Partitions,17535,11/03/2025,1. Prod Stopped,"Saw stopes at the middle of a cut, when time permits could you guys take a look at it please.",Closed and Completed,0,1,Shinobi,0,11/11/2025 01:00 PM,"Gabriel Shinobi - 11/12/25  9:07:52 AM: found vacuum hose for saw dust torn, patched, found leak replaced section of air hose working normally",[]
135,EQ ID 135,"Saw,Horizontal, Holz-Her",Toilet Partitions,17756,11/21/2025,1. Prod Stopped,"There is an air leak in the Holzher, we are getting the pneumatic error and it continues to stop after every cut.",Closed and Completed,1,1.5,Shinobi,0,11/21/2025 11:00 AM,"Gabriel Shinobi - 11/21/25 12:17:51 PM: found big gash in vacuum line, patched, found regulator not working properly, replaced, found leak on one clamp, trimmed air hose, removed torn line from connector working normally",[]
135,EQ ID 135,"Saw,Horizontal, Holz-Her",Toilet Partitions,17810,12/01/2025,1. Prod Stopped,The operator notify the saw stops on the middle of operation.,Closed and Completed,30,0.3,Max,0,12/01/2025 01:00 PM,Maksim Bushka - 12/01/25  2:26:40 PM: Found one hair hose broken. Replaced the hose and the saw is on normal operating.,[]
135,EQ ID 135,"Saw,Horizontal, Holz-Her",Toilet Partitions,17353,10/17/2025,2. General Maint - High Priority,"We found a broken bolt on the Holz-Her, which appears to have come from the bracket that holds the motor. When time permits, could you please take a look at this?

Please refer to the attached picture for reference.",Closed Without Action,0,0,PU,0,01/10/2026 12:00 AM,Primo Uy - 01/10/26  7:05:10 AM: Do not belong to the machine?,"[{'name': '038b8267-3844-4554-a906-b3c91bd5c990.jpg', 'url': 'https://circaweb.bobrick.com/PME/Forms/DownloadAttachment/855?guid=733c9aff-0855-4f80-963f-7107897e5c5e'}]"
135,EQ ID 135,"Saw,Horizontal, Holz-Her",Toilet Partitions,18277,01/22/2026,"3. Prod Affected, Not Stopped","When saw is coming back to original position, there is a loud grinding noise coming from the saw carriage. It looks like the large gear is slipping causing the grinding noise, which hits the stopper at the back pretty hard.",Closed and Completed,0,8,"Max, Sean, Shinobi",8,01/24/2026 11:30 AM,"Gabriel Shinobi - 01/24/26 11:26:35 AM: found the motor and sprocket just barely aligned, removed broken bold and replaced, realigned motor. working normally",[]
135,EQ ID 135,"Saw,Horizontal, Holz-Her",Toilet Partitions,18303,01/26/2026,1. Prod Stopped,HOLZ-ZER saw went down again the saw carriage is not slowing down when going back to home position. it has the same issue that had last week,Closed and Completed,0,0.5,"Max, Shinobi",0,01/27/2026 07:00 AM,"Gabriel Shinobi - 01/27/26  7:09:58 AM: Max, retightened bolts, checked them this morning they are currently holding. if happens again will add loctite and lock washer",[]
135,EQ ID 135,"Saw,Horizontal, Holz-Her",Toilet Partitions,18326,01/30/2026,1. Prod Stopped,"Holz-Her is doing the loud banging noise again, not sure if one of the screws got loose or broke off.",Closed and Completed,22.5,1.5,Shinobi,1.5,01/30/2026 09:30 AM,"Gabriel Shinobi - 01/30/26  9:45:38 AM: removed broken stud, cleaned up threads, replaced bolts and added anti-vibration washers and loctite. working normally",[]
135,EQ ID 135,"Saw,Horizontal, Holz-Her",Toilet Partitions,18548,02/23/2026,1. Prod Stopped,Two pushers on the Holz-her saw broke when operator was cutting a create,Closed and Completed,0,2,Max,0,02/23/2026 08:00 PM,"Maksim Bushka - 02/26/26  2:17:45 PM: Removed the broken bolts and install 2 arms.,",[]
135,EQ ID 135,"Saw,Horizontal, Holz-Her",Toilet Partitions,18680,03/09/2026,1. Prod Stopped,saw carrier stuck not moving,Closed and Completed,0,0.2,Shinobi,0.5,03/09/2026 09:30 AM,"Gabriel Shinobi - 03/09/26 11:13:30 AM: found particle board sliver wedged on top of carrier, pulled carried to end cleared debris, working normally",[]
135,EQ ID 135,"Saw,Horizontal, Holz-Her",Toilet Partitions,18683,03/09/2026,1. Prod Stopped,"Saw got stuck when cutting, when time permits could you please come take a look at this.",Closed and Completed,0,0.3,Shinobi,0.5,03/09/2026 09:30 AM,"Gabriel Shinobi - 03/09/26 11:19:52 AM: found particle board sliver wedged on top of carrier, pulled carried to end cleared debris, working normally",[]
135,EQ ID 135,"Saw,Horizontal, Holz-Her",Toilet Partitions,18867,03/24/2026,1. Prod Stopped,sone of the clamps on the saw has an air leak,Closed and Completed,15,0.5,Shinobi,0.5,03/24/2026 02:00 AM,Gabriel Shinobi - 03/24/26  2:11:40 PM: found air hose leaking replaced air hose. working normally,[]
135,EQ ID 135,"Saw,Horizontal, Holz-Her",Toilet Partitions,18872,03/24/2026,2. General Maint - High Priority,Saw carriage is stuck in place unable to use machine.,Closed and Completed,0,0.5,Shinobi,0,03/25/2026 07:00 AM,Gabriel Shinobi - 03/25/26  6:35:41 AM: found saw working normally closing work order,[]
135,EQ ID 135,"Saw,Horizontal, Holz-Her",Toilet Partitions,19027,04/08/2026,2. General Maint - High Priority,The holzher air table is missing serval air barring,Closed and Completed,0,0.2,Shinobi,0,04/08/2026 07:00 AM,Gabriel Shinobi - 04/08/26  8:00:53 AM: Replaced 8 air bearings,"[{'name': 'a2ae21a8-660f-4051-9c5e-f06c31cfdc2a.jpg', 'url': 'https://circaweb.bobrick.com/PME/Forms/DownloadAttachment/947?guid=11ffe777-f620-4603-97c9-ab629e315aa9'}]"
135,EQ ID 135,"Saw,Horizontal, Holz-Her",Toilet Partitions,19154,04/20/2026,4. Prod Continuing but Affected Equipment stopped,"Hello, one of the Holz-her's clamp arm had twisted its slider piece and effectively bent the bolt the holds down the spring to the slider. This assembly was given to Max during the night and has advised for repair due to bent parts. There are replacement parts but not exactly what is being used. To keep production going, we are going to move one of the working clamp arm to the location of the defective arm and test. Please take a look at this issue as soon as possible.",Closed and Completed,0,3,"Max, Shinobi",1,04/21/2026 10:30 AM,"Gabriel Shinobi - 04/21/26  2:10:43 PM: found linear bearing broken, replaced and rebuilt clamp arm, 

reinstalled arm, machine working normally",[]
135,EQ ID 135,"Saw,Horizontal, Holz-Her",Toilet Partitions,19247,04/29/2026,"3. Prod Affected, Not Stopped",Ball bearings that allow the operators to move particle board to and fro are missing. This is causing the operator to use unnecessary strength to push the particle board to the saw. We need ball bearings put in place.,Closed and Completed,0,0.2,Shinobi,0,04/30/2026 12:00 AM,,[]
135,EQ ID 135,"Saw,Horizontal, Holz-Her",Toilet Partitions,19378,05/12/2026,4. Prod Continuing but Affected Equipment stopped,There is a rip on the black tubing of the lifting angle device on the saw. Tried to apply tape to temporarily remedy it but did not work. I will send a photo to Maintenance team to identify the location of the rip.,Closed and Completed,0,0.2,Shinobi,0,05/13/2026 06:30 AM,"Gabriel Shinobi - 05/13/26  6:53:22 AM: found tear, clipped bad area, added coupler working normal",[]
135,EQ ID 135,"Saw,Horizontal, Holz-Her",Toilet Partitions,19532,05/20/2026,1. Prod Stopped,Holz-Her saw not working it might have an air leak,Closed and Completed,0,0.2,Max,0,05/20/2026 05:00 PM,Maksim Bushka - 05/20/26  4:52:23 PM: Replaced the fitting connection.,[]
135,EQ ID 135,"Saw,Horizontal, Holz-Her",Toilet Partitions,19794,06/10/2026,1. Prod Stopped,CL saw is shutting down while cutting. Registers lower power voltage message. It also places itself on standby as though the blade was getting replaced. Please inspect.,Closed and Completed,0,1,Shinobi,0,06/10/2026 10:30 AM,"Gabriel Shinobi - 06/10/26  2:38:19 PM: found alert clearing immediately, found saw with a lot of build up, vacuumed around carriage, operator replaced scoring and cutting blade, machine working normally, recommended to have operator and lead work saturday to clean machine entirely",[]
135,EQ ID 135,"Saw,Horizontal, Holz-Her",Toilet Partitions,19815,06/11/2026,"3. Prod Affected, Not Stopped",Need ball bearings on the air table. At least 5 are missing. Please,Closed and Completed,0,0.3,Shinobi,0,06/11/2026 04:00 PM,Gabriel Shinobi - 06/12/26  6:48:20 AM: only 4 needed replacing. replaced,[]
135,EQ ID 135,"Saw,Horizontal, Holz-Her",Toilet Partitions,19949,06/25/2026,"3. Prod Affected, Not Stopped",The air table is missing about 4-6 bearings .,Closed and Completed,0,0.2,Shinobi,0,06/25/2026 06:30 AM,Gabriel Shinobi - 06/25/26  6:49:11 AM: 3 table air bearings missing and replaced,[]
135,EQ ID 135,"Saw,Horizontal, Holz-Her",Toilet Partitions,19967,06/25/2026,1. Prod Stopped,"The HOLZ-HER saw powers on successfully; however, the machine does not start when the cycle start button is activated.

Initial troubleshooting indicates a possible fuse-related issue.",Closed and Completed,0,1,Shinobi,0,06/26/2026 08:30 AM,"Gabriel Shinobi - 06/26/26  9:02:03 AM: found no issues with power or fuses, only pneumatic air leak, replaced section of ail line and connector",[]
135,EQ ID 135,"Saw,Horizontal, Holz-Her",Toilet Partitions,19992,06/30/2026,1. Prod Stopped,Air leak,Closed and Completed,0,1,"Shinobi, Max",0,06/30/2026 10:00 AM,"Gabriel Shinobi - 07/01/26 10:22:43 AM: Replaced air line connector, arm working, no leak, working normally | Gabriel Shinobi - 07/01/26  7:11:03 AM: found one of the grip arms leaking from air line connector, plugged it for now will need to replace connector",[]
135,EQ ID 135,"Saw,Horizontal, Holz-Her",Toilet Partitions,20005,07/01/2026,1. Prod Stopped,advised air connection popped out,Closed and Completed,0,0.5,Shinobi,0,07/01/2026 07:00 AM,"Gabriel Shinobi - 07/01/26  7:38:05 AM: found air line connector disconnected, air line tore inside connector, cleared obstruction, trimmed line, reconnected. working normally",[]
135,EQ ID 135,"Saw,Horizontal, Holz-Her",Toilet Partitions,20006,07/01/2026,1. Prod Stopped,"There was another air leak on the saw, when time permits could we have you  guys take a look at this please.",Closed and Completed,0,0.5,Shinobi,0,07/01/2026 07:00 AM,"Gabriel Shinobi - 07/01/26  7:38:31 AM: found air line connector disconnected, air line tore inside connector, cleared obstruction, trimmed line, reconnected. working normally",[]
135,EQ ID 135,"Saw,Horizontal, Holz-Her",Toilet Partitions,20243,08/04/2026,1. Prod Stopped,we have an air leak on the Holz-her when timer permits could we have you guys take a look at it please.,Closed and Completed,0,0.5,Shinobi,0,08/04/2026 09:30 AM,"Gabriel Shinobi - 08/04/26 10:25:28 AM: found air line torn inside clamp area, replaced",[]
135,EQ ID 135,"Saw,Horizontal, Holz-Her",Toilet Partitions,20274,08/05/2026,1. Prod Stopped,one of the pushers from the Holz her saw came out loose,Closed and Completed,0,0.5,Shinobi,0,08/05/2026 02:30 PM,"Gabriel Shinobi - 08/05/26  2:54:49 PM: found complete gripper assembly fell off carrier, reassembled gripper to plate, reinstalled",[]
5341,EQ ID 5341,General Maintenance,Toilet Partitions,12450,07/18/2024,6. General Maint,The shop dropped off two strapping tools that are not working,Closed and Completed,0,0.5,Mike d,0,07/19/2024 12:00 AM,Miguel Diaz - 07/19/24  7:10:04 AM: One tool has missing parts i had to look for the parts in the shop ??? The other tool had the cutter adjusted but its too far down i matched the other tool that they say works .,[]
5341,EQ ID 5341,General Maintenance,Toilet Partitions,12495,07/23/2024,6. General Maint,Operator on the 1/*2 cell  requested we repair one of the sides for the material kart that holds the 1'' inch strips for packing,Closed and Completed,0,0.4,Mike d,0,07/23/2024 12:00 AM,Miguel Diaz - 07/23/24  9:29:17 AM: Operator already had the piece of phenolic . I had to drill new holes on the part to mount it on the kart .,[]
5341,EQ ID 5341,General Maintenance,Toilet Partitions,12611,08/02/2024,6. General Maint,TPF has enough scrap material in the back yard to call in a 40 yard dumpster from Waste management .,Closed and Completed,2000,1.2,Mike d,0,08/02/2024 12:00 AM,Miguel Diaz - 08/02/24  7:20:57 AM: Filled up dumpster with all scrap material outside .,[]
5341,EQ ID 5341,General Maintenance,Toilet Partitions,12634,08/05/2024,"5. Prod Ongoing, Maint Required",Received  request for support chain that holds the roll foam in the air was struck with a stacker chain was ripped down .,Closed and Completed,0,0.5,Mike d,0,08/05/2024 12:00 AM,Miguel Diaz - 08/05/24 10:26:34 AM: Repaired chain used scissor lift to connect it back up on the ceiling .,[]
5341,EQ ID 5341,General Maintenance,Toilet Partitions,12836,08/21/2024,"5. Prod Ongoing, Maint Required",Operator advised the Manual clamp made in house is not working used on the A & S  saw .,Closed and Completed,0,0.5,Mike d,0,08/21/2024 12:00 AM,Miguel Diaz - 08/21/24  1:21:27 PM: Found it broken its been dropped .I repaired it using spare parts from an  old magnet  .,[]
5341,EQ ID 5341,General Maintenance,Toilet Partitions,12837,08/21/2024,6. General Maint,The rack next to the shipping desk in TPF -- needs a metal rack installed. The current one is bent and can lead to problems.,Closed and Completed,0,0.5,Max Primo,0,08/22/2024 12:00 AM,Miguel Diaz - 08/22/24  6:23:58 AM: Max and Primo fixed the screen its good to keep .Attached  quote for future use if needed | Miguel Diaz - 08/21/24  1:22:46 PM: Employee showed me the screen  this is a special size and needs to ordered .I just sent the email now asking for a quote .,"[{'name': 'Rack 5 ft screen quote in tpf 8-22-24.pdf', 'url': 'https://circaweb.bobrick.com/PME/Forms/DownloadAttachment/613?guid=15d7d995-7d9b-46c7-b1c6-6434cf79bd80'}]"
5341,EQ ID 5341,General Maintenance,Toilet Partitions,13294,10/05/2024,2. General Maint - High Priority,light needs to be moved from one location to another since the vlm will be below it .,Closed and Completed,50,2,Mike d,0,10/05/2024 12:00 AM,Miguel Diaz - 10/07/24  8:20:34 AM: Moved light as requested had to replace the metal clad since the run was longer,[]
5341,EQ ID 5341,General Maintenance,Toilet Partitions,13535,10/22/2024,6. General Maint,TPF purchased two tables for the VLM area that needs to be put together .,Closed and Completed,0,8,Mike Primo Max,0,10/23/2024 12:00 AM,Miguel Diaz - 10/23/24 12:56:05 PM: Assembled both tables,[]
5341,EQ ID 5341,General Maintenance,Toilet Partitions,13872,11/20/2024,2. General Maint - High Priority,Found damaged upright on west facing racks,Closed and Completed,372.3,8,Primo Mike Max,0,12/05/2024 12:00 AM,Miguel Diaz - 12/06/24  6:31:38 AM: The one we purchased did not fit by 1/2 ''since the wall is not straight .We had to get the upright from the maintenance rack .Offload all 4 levels and move the upright over to the area that was damaged .Rack that was purchased was placed in the maintenance area to replace the one that was removed .Please advise employees to be careful when driving this was a lot of man hours to fix and get the rack back up for the shop  .This all preventable  . | Miguel Diaz - 12/04/24 11:17:14 AM: Removed all material from the rack this morning for two sections .Removed two sections of beams and screens then removed the center upright that was badly damaged and  placed it outside for scrap .Moved the right side upright to the center .Open space will have a stand alone rack we are picking it up today and we will put it together this week .Adding cost and labor  up till  now . | Miguel Diaz - 11/20/24  1:20:44 PM: Please off load the heavy pallet in the middle till we can get it replaced Please advise all TPF operators who place material there not to load it  .I reached out to racks 4 less for a quote they will need to build one for us waiting for the quote .Open attachment to view picture of the damage.,"[{'name': 'Upright damage 11-20-24.jpg', 'url': 'https://circaweb.bobrick.com/PME/Forms/DownloadAttachment/678?guid=f3908593-99b5-41b0-b2b3-021ecc160e33'}]"
5341,EQ ID 5341,General Maintenance,Toilet Partitions,13974,12/04/2024,6. General Maint,"My desk has a keyboard track underneath with sharp edges on it that are likely to tear my clothing. I would like to have the track removed, have keyboard shelf added, or have the sharp edges and points covered up.",Closed and Completed,0,0.35,PU,0,12/05/2024 12:00 AM,"Primo Uy - 12/05/24 12:34:09 PM: Protection cover was missing, add the under the table key board tray and install the protection cover.
Note: Keyboard tray was added upon the request of Daniel C.",[]
5341,EQ ID 5341,General Maintenance,Toilet Partitions,14194,12/31/2024,6. General Maint,TPF has a lot of scrap material outside for scrap .,Closed and Completed,2000,1.9,Max,0,12/30/2024 12:00 AM,Miguel Diaz - 12/31/24  7:52:30 AM: Reached out to Waste management for a dumpster .Dumpster was filled yesterday and will be picked up Thursday 1-2-25 .,[]
5341,EQ ID 5341,General Maintenance,Toilet Partitions,14240,01/03/2025,6. General Maint,Need to secure power strip to the table found it loose on top and add power tree .,Closed and Completed,10,0.6,Mike d,0,01/03/2025 12:00 AM,Miguel Diaz - 01/03/25  8:23:34 AM: Secured power strip to table and anchored tree to the floor .Sunwest will be here Monday to run power .,[]
5341,EQ ID 5341,General Maintenance,Toilet Partitions,14309,01/07/2025,2. General Maint - High Priority,TPF has enough scrap material out in the yard  for two bins .,Closed and Completed,4000,3,Max Mike,0,01/09/2025 12:00 AM,"Miguel Diaz - 01/09/25 10:29:07 AM: Requested two dumpsters  be brought in from Waste management back to back to dump all the scrap material outside .
Filled up both bins .",[]
5341,EQ ID 5341,General Maintenance,Toilet Partitions,14360,01/14/2025,2. General Maint - High Priority,Found TPF office door closer not working properly .Door was slamming .,Closed and Completed,220,0.6,Mike d,0,01/14/2025 12:00 AM,Miguel Diaz - 01/14/25  9:32:59 AM: Replaced door closer Part # Dorma 8916SPA FC SN1 689 .Door is now closing and opening properly .,[]
5341,EQ ID 5341,General Maintenance,Toilet Partitions,14384,01/13/2025,6. General Maint,Erik requested we add another row to the floor mats in front of the VLM machine .,Closed and Completed,422.59,1,Mike d,0,01/16/2025 12:00 AM,Miguel Diaz - 01/16/25  8:27:20 AM: Purchased a box of floor mats and added the row as requested .,[]
5341,EQ ID 5341,General Maintenance,Toilet Partitions,14648,02/12/2025,2. General Maint - High Priority,Remove  middle section and place full 3 section rack in the new area as requested .,Closed and Completed,0,8,Gabriel MD,0,02/12/2025 12:00 AM,Miguel Diaz - 02/12/25  8:46:46 AM: Half way during moving the rack we were told to leave it in place reassembled rack .,[]
5341,EQ ID 5341,General Maintenance,Toilet Partitions,15433,04/18/2025,"3. Prod Affected, Not Stopped",operator advised air connection on air box popped off,Closed and Completed,0,0.5,"Max, Shinobi",0.5,04/15/2025 10:30 AM,"Gabriel Shinobi - 04/18/25 10:45:27 AM: found elbow connector cracked, cleaned and reglued, working properly, ok to continue using.",[]
5341,EQ ID 5341,General Maintenance,Toilet Partitions,17417,10/22/2025,2. General Maint - High Priority,"Plastic laminate delivery Divider need repair, divider come out from the track and the top stopper was broken.",Closed and Completed,0,1,PU,0,10/22/2025 12:00 AM,Primo Uy - 10/22/25 12:55:35 PM: Re-align all divider back to the track and replaced the stopper.,[]
5341,EQ ID 5341,General Maintenance,Toilet Partitions,18929,03/31/2026,2. General Maint - High Priority,"Entrance roll-up door was hit by a stoker, Door stayed open halfway and it does not go up or down",Closed and Completed,0,0.45,PU,0,03/31/2026 12:00 AM,Primo Uy - 03/31/26 12:12:30 PM: Roll up door got hit and the sensor come off the track. use a stacker and the scissor lift to help push the door back on the track. Roll up door os now working.,[]
5341,EQ ID 5341,General Maintenance,Toilet Partitions,19374,05/12/2026,6. General Maint,Can I request help to fix back the location of a packing workstation in hardware? It looks like it may have been moved by something heavy and just need it to return to its original location.,Closed and Completed,0,0.3,Max,0,05/12/2026 07:00 PM,Maksim Bushka - 05/12/26  7:15:27 PM: Pulled back the shelves.,[]
5341,EQ ID 5341,General Maintenance,Toilet Partitions,19835,06/12/2026,6. General Maint,"Hello team we received a stand alone desk, When time permits could we have you guys build it please and thank you.",Closed and Completed,0,0.5,Shinobi,0,06/12/2026 08:30 AM,Gabriel Shinobi - 06/12/26  8:29:26 AM: desk assembled and delivered,[]
5341,EQ ID 5341,General Maintenance,Toilet Partitions,20136,07/28/2026,2. General Maint - High Priority,The Rack Wilsonart uses to transport is damaged from top that stops Laminate from sliding. Needs to be replaced before the next delivery Rack is located outside of TPF.,Closed and Completed,0,1,PU,0,08/04/2026 12:00 AM,"Primo Uy - 08/04/26 12:46:38 PM: Divider stop broken. Replace the top divider stop. Re-aligned all divider that come out from the rack rail track.
Divider is now fixed.",[]
1879,EQ ID 1879,Gannomat Index 330 Trend/PRO (Solid),Toilet Partitions,2133,08/08/2022,4. Prod Continuing but Affected Equipment stopped,"we were having issues with the censors not picking up to drill, so we did a reset and now it wont turn back on.",Closed Without Action,0,0,md,0,08/09/2022 12:00 AM,"Miguel Diaz - 08/08/22  3:22:37 PM: Found machine display off checked all voltage coming in all checked out .
found beckhoff drives with error codes one is error 0.3 the other is error N17.
Tom Van the local tech support for gannomatts did not call back called head quarters They advised to call early morning 
i will call them back when in tomorrow a@ 5:30 am",[]
1879,EQ ID 1879,Gannomat Index 330 Trend/PRO (Solid),Toilet Partitions,2298,09/01/2022,4. Prod Continuing but Affected Equipment stopped,Primo reported one of the clamps for the machine had a cap popped off and ring fell out .,Closed and Completed,0,0.7,Mike Diaz,0,09/01/2022 12:00 AM,Miguel Diaz - 09/01/22  7:16:33 AM: Replaced clamp this morning  old clamp will get repaired machine is good to go .,[]
1879,EQ ID 1879,Gannomat Index 330 Trend/PRO (Solid),Toilet Partitions,3636,12/14/2022,2. General Maint - High Priority,Operator advised machine barcode reader is not working .,Closed and Completed,25,0.5,Mike diaz,0.5,12/14/2022 12:00 AM,"Miguel Diaz - 12/14/22  8:22:23 AM: Troubleshoot and found barcode reader USB extension is not working replaced it with a temporary cable i placed it in front of the machine it should be in the rear of the machine .Ordering replacement USB cable 12 ft .Machine is working.
Note for troubleshooting take barcode reader to P-lam side and see if it works there if it does then the cable is not working if it does not then the barcode reader is not .",[]
1879,EQ ID 1879,Gannomat Index 330 Trend/PRO (Solid),Toilet Partitions,3640,12/14/2022,2. General Maint - High Priority,Front table in Gannomat machine is not level,Closed and Completed,0,0.2,Miguel & Max,0,12/14/2022 09:00 AM,Maksim Bushka - 12/14/22  9:29:54 AM: Adjusted the front table in Gonnomat machine,[]
1879,EQ ID 1879,Gannomat Index 330 Trend/PRO (Solid),Toilet Partitions,3992,01/13/2023,6. General Maint,Barcode reader needs the 12 ft usb cord replaced we had a temporary on there .,Closed and Completed,15,0.6,Max Mike,0,01/14/2023 12:00 AM,Miguel Diaz - 01/16/23  6:49:10 AM: Replaced USB cord and wired it from the inside of the machine.,[]
1879,EQ ID 1879,Gannomat Index 330 Trend/PRO (Solid),Toilet Partitions,4235,02/02/2023,2. General Maint - High Priority,"the 2nd to last censor is not activating, could we have you guys take a look at it please. this is in the 3/4"" cell",Closed and Completed,0,0.2,Mike Diaz,0,02/02/2023 12:00 AM,Miguel Diaz - 02/02/23 11:48:15 AM: Adjusted the sensor to read the door with in tolerance .,[]
1879,EQ ID 1879,Gannomat Index 330 Trend/PRO (Solid),Toilet Partitions,4226,02/02/2023,2. General Maint - High Priority,ME requested we replace the 3/4 back stop with a new design that would work with drilling gapless .,Closed and Completed,0,2,Mike Diaz,0,02/06/2023 12:00 AM,"Miguel Diaz - 02/08/23  8:07:45 AM: ME made the repairs and put the back stop themselves | Miguel Diaz - 02/02/23  8:21:41 AM: Replaced backstop with new design after putting it on I found 12 holes from the left side don't line up .Open attachment to view pictures .
New backstop needs to be reworked .Had to place the old backstop back on till the replacement can get fixed .","[{'name': 'gann 3.jpg', 'url': 'https://circaweb.bobrick.com/PME/Forms/DownloadAttachment/206?guid=c1749418-8608-469d-8312-9202218a5b34'}, {'name': 'gann 2.jpg', 'url': 'https://circaweb.bobrick.com/PME/Forms/DownloadAttachment/207?guid=c1749418-8608-469d-8312-9202218a5b34'}, {'name': 'gann1.jpg', 'url': 'https://circaweb.bobrick.com/PME/Forms/DownloadAttachment/208?guid=c1749418-8608-469d-8312-9202218a5b34'}]"
1879,EQ ID 1879,Gannomat Index 330 Trend/PRO (Solid),Toilet Partitions,4435,02/16/2023,2. General Maint - High Priority,Operators advised the machines dust collection pipe was raised therefore  not picking up the drilling debris it was all over the table .,Closed and Completed,0,0.3,Mike Diaz,0,02/16/2023 12:00 AM,Miguel Diaz - 02/16/23  7:28:56 AM: Verified that the pipe does not move up or down so placing it back to its original height is best .Also marked its location for future use if needed .,[]
1879,EQ ID 1879,Gannomat Index 330 Trend/PRO (Solid),Toilet Partitions,4643,03/04/2023,2. General Maint - High Priority,When the new back stop was replaced the dust collection housing had to be raised because it was going to hit the sensors and back stop .By doing so the machine did not pick up the debris as good as it did before,Closed and Completed,0,0.7,Mike D,0,03/04/2023 12:00 AM,Miguel Diaz - 03/04/23 11:36:58 AM: Removed housing and trimmed a piece of material so that it can be lowered  to its original height .,[]
1879,EQ ID 1879,Gannomat Index 330 Trend/PRO (Solid),Toilet Partitions,6845,08/14/2023,"5. Prod Ongoing, Maint Required",Operator advised to maintenance the drill is not holding in place by the set screw,Closed and Completed,0,0.4,Mike d,0,08/15/2023 12:00 AM,Miguel Diaz - 08/15/23  9:16:12 AM: Replaced set screw and replaced  the allen the use to tighten it .,[]
1879,EQ ID 1879,Gannomat Index 330 Trend/PRO (Solid),Toilet Partitions,6862,08/16/2023,1. Prod Stopped,Machine would not start up computer had message failed to start up normally,Closed and Completed,0,0.3,Mike Juan,0.5,08/16/2023 12:00 AM,Miguel Diaz - 08/16/23  7:24:05 AM: This happens when the machine is not turned off properly  and they just shut the power off instead of shutting down the machine in sequence when leaving for the day as a SMI l will be placing start up and turn off instruction by the computer screens so  everyone can start/shut the computer off properly .Juan and myself came up with this SMI .,[]
1879,EQ ID 1879,Gannomat Index 330 Trend/PRO (Solid),Toilet Partitions,10784,03/20/2024,1. Prod Stopped,Monitor screen stopped working again advised IT department they came down and took the hard drive to create a back up they may replace it to see if this fixes the problem .,Closed and Completed,80,2,IT Department Maint,4,03/21/2024 12:00 AM,Miguel Diaz - 03/25/24  9:35:10 AM: IT purchased a replacement hard drive and cloned it .Machine is up and running with out issues .Suggest they make another one for future issues if needed .,[]
1879,EQ ID 1879,Gannomat Index 330 Trend/PRO (Solid),Toilet Partitions,12790,08/16/2024,"5. Prod Ongoing, Maint Required",Found the dust collection cap that is removed to replace the drill bit split in the middle it was holding on by a thread .Operator advised they did not see it ????,Closed and Completed,20,1,Max Mike,0,07/09/2024 12:00 AM,Miguel Diaz - 08/16/24  7:06:01 AM: Purchased new material from Nibco  3'' ABS (5817) and worked on it to match the old holes locations required holes and routing .,[]
1879,EQ ID 1879,Gannomat Index 330 Trend/PRO (Solid),Toilet Partitions,13017,09/09/2024,2. General Maint - High Priority,ME advised they would like help with making an extension with top  for the table top so its easier when moving doors with 58'' to the gannomat.,Closed and Completed,0,0,md,0,09/11/2024 12:00 AM,Miguel Diaz - 09/11/24 11:36:57 AM: Elevator tech moved the side panel over door is not rubbing anymore | Miguel Diaz - 09/10/24 10:10:26 AM: Max did a drawing as is working on this .,[]
1879,EQ ID 1879,Gannomat Index 330 Trend/PRO (Solid),Toilet Partitions,14839,02/26/2025,1. Prod Stopped,ME Jiego requested to bolt on second camera on Gannomat (3/4 cell),Closed and Completed,0,1,G Shinobi,1,02/26/2025 02:30 PM,Gabriel Shinobi - 02/26/25  2:58:11 PM: bolted camera fixture frame onto ganomat. used 1/4-20 screws with lock washers and nylon lock nuts. machine ok to use. | Gabriel Shinobi - 02/26/25  2:58:03 PM: bolted camera fixture frame onto ganomat. used 1/4-20 screws with lock washers and nylon lock nuts. machine ok to use.,[]
1879,EQ ID 1879,Gannomat Index 330 Trend/PRO (Solid),Toilet Partitions,15958,06/04/2025,1. Prod Stopped,"Ganonomat is giving us a error message saying 29: Dynamic Error Servodrive X-Axis! and it completely stops working. We reset it works fine and then after we pass 3 or 4 doors the error pops up. Could we please look into this, Cl production is at a halt .",Closed and Completed,0,0.5,"G Shinobi, ER, JL",1,06/06/2025 04:00 PM,"Gabriel Shinobi - 06/16/25  7:49:53 AM: JJ found wire loose triggering error. X axis error cleared. | Gabriel Shinobi - 06/05/25 11:08:04 AM: checked rails, tech advised us to check bearings. We do have spare bearings, per Eric will wait for tech advise if needed can replace.",[]
1879,EQ ID 1879,Gannomat Index 330 Trend/PRO (Solid),Toilet Partitions,16086,06/11/2025,1. Prod Stopped,"Gannomat not loading drilling programs, can not access Masterfile to communicate with programs. Teamviewer on Gannomat no accessible due to internet disconnection although Gannomat has internet access. IT reloaded a backup save of Teamviewer and the connection and programs started to run properly.",Closed and Completed,0,0,"M/E, IT, Manufacturing",3,06/11/2025 12:00 AM,Eric Ramirez - 06/16/25  7:53:10 AM: IT reloaded a backup save of Teamviewer and the connection and programs started to run properly.,[]
1879,EQ ID 1879,Gannomat Index 330 Trend/PRO (Solid),Toilet Partitions,16300,07/07/2025,1. Prod Stopped,advised air regulator was bumped and hanging off,Closed and Completed,0,0.5,"Shinobi, PU",0.5,07/07/2025 10:00 AM,"Gabriel Shinobi - 07/07/25 10:17:42 AM: cleaned off regulator, Primo replaced gauge, removed bit to reset drill. reconnected regulator tested working normally ok to keep using",[]
1879,EQ ID 1879,Gannomat Index 330 Trend/PRO (Solid),Toilet Partitions,16322,07/09/2025,1. Prod Stopped,"We’ve had to stop production on the 3/4"" due to a drilling issue. It appears that the Gannomat has shifted—drilling is currently off by about 1/16"". We're not sure what caused the shift, but it’s affecting accuracy and overall part quality.

When time permits, could you please look into this? Your help is greatly appreciated.",Closed and Completed,0,1,Shinobi,2,07/09/2025 09:00 AM,"Gabriel Shinobi - 07/09/25  9:09:38 AM: measured current position using ALIGNMENT program, found offset/stop 1 under 0.0895 offset/stop 4 over 0.0535. corrected and tested. machine now drilling correctly, machine is in millimeters

old offset: 
offset/stop 1: 31.574
offset/stop 4: 3331.779

NEW OFFSET:
offset/stop 1: 33.8473
offset/stop 4: 3333.1379",[]
1879,EQ ID 1879,Gannomat Index 330 Trend/PRO (Solid),Toilet Partitions,16445,07/21/2025,"3. Prod Affected, Not Stopped",The Gannomat is taking longer for it to drill the holes,Closed and Completed,0,0.2,Shinobi,0.2,07/21/2025 11:30 AM,"Gabriel Shinobi - 07/21/25 11:22:17 AM: air from regulator was down, increased air pressure. Operator swapping out bit. ok to continue using.",[]
1879,EQ ID 1879,Gannomat Index 330 Trend/PRO (Solid),Toilet Partitions,18391,02/06/2026,"3. Prod Affected, Not Stopped",This is the Gannomat for HPL.  The center sensors on the gannomat is not picking up the pieces.  The line thinks the sensor needs to be repositioned or changed.,Closed and Completed,0,0.5,Shinobi,0,02/12/2026 11:30 AM,Gabriel Shinobi - 02/12/26 11:53:27 AM: sensors replaced | Gabriel Shinobi - 02/06/26  8:44:59 AM: found replacement sensors will replace during operator lunch,[]
1879,EQ ID 1879,Gannomat Index 330 Trend/PRO (Solid),Toilet Partitions,19846,06/15/2026,1. Prod Stopped,The Gannomat is not scanning the barcodes.,Closed and Completed,0,0.3,Shinobi,0,06/15/2026 09:00 AM,"Gabriel Shinobi - 06/15/26  9:12:32 AM: scanner working normally, system lagging to bring up program. cleared out old programs from folder and trash bin,  passed to ME. working normally",[]
1879,EQ ID 1879,Gannomat Index 330 Trend/PRO (Solid),Toilet Partitions,20017,07/02/2026,"5. Prod Ongoing, Maint Required",I would like to set up antennas on the Gannomat machine for RFID component tracking. Please see Zane Derrod for more details. Thank you.,Closed and Completed,0,0.5,PU,0,07/27/2026 12:00 AM,Primo Uy - 07/27/26 11:33:13 AM: Request was provided and give support to installed the antennas.,[]
1879,EQ ID 1879,Gannomat Index 330 Trend/PRO (Solid),Toilet Partitions,20019,07/02/2026,"5. Prod Ongoing, Maint Required",I am trying to connect antennas to the Gannomat for RFID component tracking. Please see Zane Derrod for more details. Thank you.,Closed and Completed,0,0.5,PU,0,07/27/2026 12:00 AM,Primo Uy - 07/27/26 11:33:57 AM: Done.,[]
1879,EQ ID 1879,Gannomat Index 330 Trend/PRO (Solid),Toilet Partitions,20356,08/12/2026,1. Prod Stopped,"CL Gannomat – down ~ 2 hours
• Starting yesterday evening, the Gannomat scanner was having issues scanning labels, going from some lag before a successful scan up into being unable to scan at all and the Gannomat program crashing.
• Resets, assessments and analyses were made to no avail
• Jared, working with Leroy and manufacturing recalled an update for the VAAV to move to a new VLAN location occurring late yesterday which matches with when issues started to arise
o IT reverted to before the up",Closed and Completed,0,1,"Eric R, Juan L, Jared L",2,08/12/2026 11:30 AM,"Eric Ramirez - 08/13/26  7:46:25 AM: CL Gannomat – down ~ 2 hours
•	Starting yesterday evening, the Gannomat scanner was having issues scanning labels, going from some lag before a successful scan up into being unable to scan at all and the Gannomat program crashing.
•	Resets, assessments and analyses were made to no avail
•	Jared, working with Leroy and manufacturing recalled an update for the VAAV to move to a new VLAN location occurring late yesterday which matches with when issues started to arise
o	IT reverted to before the update and the Gannomat started to scan as normal
•	Eric met with Matt, James and Leroy theorized that the update may have caused the Gannomat may have still been using the old VLAN location
o	Matt G is investigating to confirm this theory, if validated, OT and Eric will work on documenting and training to ensure this is covered for the Gannomat and future similar technology rollouts","[{'name': 'bb8a5c74-efb1-4c93-8fdc-e102213bab29.jpg', 'url': 'https://circaweb.bobrick.com/PME/Forms/DownloadAttachment/1028?guid=b916cbb8-e7f4-4dd3-8bbe-aacb36d35c1b'}]"
2109,EQ ID 2109,3/4 Thomas return system,Toilet Partitions,5576,05/08/2023,"5. Prod Ongoing, Maint Required",Lead advised the return system is not in its original location also they would like the corner rail anchored .,Closed and Completed,10,1,Max Primo Mike,0,05/08/2023 12:00 AM,Miguel Diaz - 05/08/23  9:24:51 AM: Found return system moved by 2'' how ?used pallets jack to get it back in place also anchored the corner rail .Also retighten the nuts for the pop up table that were loose .,[]
2109,EQ ID 2109,3/4 Thomas return system,Toilet Partitions,12078,06/12/2024,2. General Maint - High Priority,When passing by i heard a noise coming from the return system loud screeching noise,Closed and Completed,0,1,Mike d,1,06/12/2024 12:00 AM,Miguel Diaz - 06/12/24 10:02:18 AM: Troubleshoot and found that the belt pulley and shaft walked out by alot .Had to stop the line to fix this before something breaks .Loosen all hardware and move the pulley back along with moving the shaft back .Machine is up and running .Open attachment to view picture,"[{'name': '3-4 return system pulley  moved.jpg', 'url': 'https://circaweb.bobrick.com/PME/Forms/DownloadAttachment/577?guid=6fcfd4d6-26aa-4e5a-9345-192d65818bc2'}]"
2109,EQ ID 2109,3/4 Thomas return system,Toilet Partitions,14011,12/09/2024,1. Prod Stopped,Operator advised the return system is not working properly .,Closed and Completed,15,1,Mike d,0,12/09/2024 12:00 AM,"Miguel Diaz - 12/09/24  9:54:01 AM: Found bracket that holds the capacitive prox sensor broken arm cannot stay up as the weld broke .
Fabricate L shape bracket to hold the arm in place Like it was .Open attachment to view pictures if needed .","[{'name': 'br1.jpg', 'url': 'https://circaweb.bobrick.com/PME/Forms/DownloadAttachment/696?guid=148e9c1b-f41d-4133-922b-7d65bbf3a6bf'}, {'name': 'br2.jpg', 'url': 'https://circaweb.bobrick.com/PME/Forms/DownloadAttachment/697?guid=148e9c1b-f41d-4133-922b-7d65bbf3a6bf'}]"
2109,EQ ID 2109,3/4 Thomas return system,Toilet Partitions,17519,10/30/2025,1. Prod Stopped,"The return system on the 3/4"" cell stopped working, when time permits could we have you guys come take a look at it please.",Closed and Completed,0,0.5,Shinobi,0,11/04/2025 01:00 PM,Gabriel Shinobi - 11/04/25  2:44:13 PM: return working normally,[]
2109,EQ ID 2109,3/4 Thomas return system,Toilet Partitions,17745,11/19/2025,1. Prod Stopped,The belt on the return system snapped off.,Closed and Completed,50,1.5,PU   Max,0,11/19/2025 05:00 PM,Maksim Bushka - 11/19/25  5:36:39 PM: The belt broke again. This kind of belt can't be repaired. We did not have any in stuck. I replaced the belt with an different kind and size just to keep running. Gabriel and Diego will order new belts tomorrow. | Primo Uy - 11/19/25  1:13:21 PM: Done. Repaired. Double request.,"[{'name': '1d9bfd46-c7af-4087-acc5-610849c187b8.jpg', 'url': 'https://circaweb.bobrick.com/PME/Forms/DownloadAttachment/872?guid=00bb3831-e7c3-4084-b1dc-18418d09a081'}, {'name': '878868a6-c3eb-4143-b2fb-c16a62628560.jpg', 'url': 'https://circaweb.bobrick.com/PME/Forms/DownloadAttachment/873?guid=00bb3831-e7c3-4084-b1dc-18418d09a081'}]"
1461,EQ ID 1461,"Return system,Thomas,Evolve cell",Toilet Partitions,1207,04/25/2022,1. Prod Stopped,We have a belt that snapped and is not allowing the return system to kick out the pieces .,Closed and Completed,50,1,Mike diaz,1,04/25/2022 12:00 AM,Miguel Diaz - 04/25/22 11:26:33 AM: Replaced forward drive belt part # A144 Grainger # 6L203G.Line is back up,[]
1461,EQ ID 1461,"Return system,Thomas,Evolve cell",Toilet Partitions,1266,04/25/2022,4. Prod Continuing but Affected Equipment stopped,Return system has been making noises off and on for sometime bearings were lubed and noise would go away .,Closed and Completed,0,4.5,Mike Diaz Bart Lea,0,04/30/2022 12:00 AM,"Miguel Diaz - 05/02/22  8:06:57 AM: Found right side bearing was not sitting evenly and was wearing down the shaft therefore making noise.
Replaced full hex shaft and  added a shaft stabilizer also  aligned all arms  for the product to come out straight .We noticed that the 
arm set up did not come with hex shaft stabilizers that is why we were having issues .Please open the attachment to view the work it took to get it fixed.","[{'name': '3-4 return system 5-2-22.jpg', 'url': 'https://circaweb.bobrick.com/PME/Forms/DownloadAttachment/22?guid=20fb1351-f008-44d3-be44-62734d49770f'}]"
1461,EQ ID 1461,"Return system,Thomas,Evolve cell",Toilet Partitions,1577,06/04/2022,4. Prod Continuing but Affected Equipment stopped,End bearing is making the shaft wobbly needs to be replaced,Closed and Completed,75,1,Mike Diaz,0,06/04/2022 12:00 AM,Miguel Diaz - 06/06/22  6:51:44 AM: also replaced an out feed belt that was barely holding on | Miguel Diaz - 06/06/22  6:49:55 AM: Ordered and replaced end bearing,[]
1461,EQ ID 1461,"Return system,Thomas,Evolve cell",Toilet Partitions,4613,02/28/2023,"3. Prod Affected, Not Stopped",Orange band on the thomas return system come off.,Closed and Completed,0,0.25,PU,0,02/28/2023 12:00 AM,Primo Uy - 02/28/23  2:58:45 PM: I Check the orange band of any raptures. None. i put it back and test run. OK.,[]
1461,EQ ID 1461,"Return system,Thomas,Evolve cell",Toilet Partitions,6916,08/21/2023,"5. Prod Ongoing, Maint Required",Operators reported two belts are almost about to rip on Friday,Closed and Completed,50,0.6,Mike d,0,08/19/2023 12:00 AM,Miguel Diaz - 08/21/23  9:59:28 AM: Replaced two outfeed orange round belts .,[]
1461,EQ ID 1461,"Return system,Thomas,Evolve cell",Toilet Partitions,6523,07/19/2023,"5. Prod Ongoing, Maint Required",X 23 of the return rollers are cracked or damaged are in need of replacing ASAP .,Closed and Completed,4208.52,2,Mike diaz,0,10/14/2023 12:00 AM,"Miguel Diaz - 10/14/23  7:59:37 AM: Replaced 23 rollers mew color is black that's what they had .Open attachment to view a picture of the rollers on the machine if needed labeled 3-4 return rollers 1 & 2 . | Miguel Diaz - 08/24/23  6:31:21 AM: The sleeve arrived yesterday its impossible to put the sleeve in the roller with out  using a hydraulic press i tried different ways and the rollers plastic sleeve  gets damaged .We have moved forward with the order for the 23 rollers .Parts have been ordered .LA# 00052063 | Miguel Diaz - 08/17/23  7:36:21 AM: UPDATE 
I have advised Vincent to hold off on approving the po rec .
Thomas manufacturing is sending me one sleeve to try and put it on myself if i can  make it work they will sell us the x 23 sleeves if i cannot make it work then we will proceed with the po rec and buy the x23 rollers  with sleeves that we need . | Miguel Diaz - 08/16/23  1:49:25 PM: Po rec has been submitted for approval  . | Miguel Diaz - 08/15/23  9:58:01 AM: Still waiting for response from  management on how they want to proceed .
Open attachment to view quote . | Miguel Diaz - 08/09/23  9:44:18 AM: Received quote from Thomas this has been passed to Sam from ME waiting for response . | Miguel Diaz - 07/19/23  9:42:19 AM: Reached out to Thomas returns for replacement waiting for reply and quote if any  here is there response below  .Open attachment to view pictures if needed ..  At 12,480 hours of run time on the current setup, the rollers have outperformed any expected life cycle with the size panels you are running. The scoring marks on the UHMW is representative of the wear created by your product weight and size.","[{'name': 'tr1.jpg', 'url': 'https://circaweb.bobrick.com/PME/Forms/DownloadAttachment/361?guid=7eb41290-834a-4865-b9ee-d437d7cfc973'}, {'name': 'tr3.jpg', 'url': 'https://circaweb.bobrick.com/PME/Forms/DownloadAttachment/362?guid=7eb41290-834a-4865-b9ee-d437d7cfc973'}, {'name': 'tr2.jpg', 'url': 'https://circaweb.bobrick.com/PME/Forms/DownloadAttachment/363?guid=7eb41290-834a-4865-b9ee-d437d7cfc973'}, {'name': 'tr3.jpg', 'url': 'https://circaweb.bobrick.com/PME/Forms/DownloadAttachment/364?guid=7eb41290-834a-4865-b9ee-d437d7cfc973'}, {'name': 'tr5.jpg', 'url': 'https://circaweb.bobrick.com/PME/Forms/DownloadAttachment/365?guid=7eb41290-834a-4865-b9ee-d437d7cfc973'}, {'name': 'tr4.jpg', 'url': 'https://circaweb.bobrick.com/PME/Forms/DownloadAttachment/366?guid=7eb41290-834a-4865-b9ee-d437d7cfc973'}, {'name': '1080  x 23 rollers need to be replaced quote 7-19-23.pdf', 'url': 'https://circaweb.bobrick.com/PME/Forms/DownloadAttachment/392?guid=7eb41290-834a-4865-b9ee-d437d7cfc973'}, {'name': '3-4 return rollers 2.jpg', 'url': 'https://circaweb.bobrick.com/PME/Forms/DownloadAttachment/434?guid=7eb41290-834a-4865-b9ee-d437d7cfc973'}, {'name': '3-4 return rollers 1.jpg', 'url': 'https://circaweb.bobrick.com/PME/Forms/DownloadAttachment/435?guid=7eb41290-834a-4865-b9ee-d437d7cfc973'}]"
1461,EQ ID 1461,"Return system,Thomas,Evolve cell",Toilet Partitions,7932,11/04/2023,6. General Maint,4 of the return system rollers from Thomas returns has no spring on them letting the rod move spring  is only used to put in the roller .,Closed and Completed,0,0.5,Mike d,0,11/04/2023 12:00 AM,Miguel Diaz - 11/06/23  1:23:15 PM: I had reached out to them advising them i that the rods move and received locks to keep them in place .Rollers have the locks in place over the weekend .,[]
1461,EQ ID 1461,"Return system,Thomas,Evolve cell",Toilet Partitions,7911,11/06/2023,2. General Maint - High Priority,I heard the 3-4 return system making weird sounds waves no-one  else could hear but me after asking every one around the area after further investigating the noise is coming from the gear box from the return system,Closed and Completed,0,0.8,Mike Max,0.8,12/16/2023 12:00 AM,Miguel Diaz - 12/16/23 12:25:33 PM: Closing this work order machine is working . | Miguel Diaz - 11/21/23 11:07:45 AM: Crawled underneath again to add fluid since the floor was wet i can hear the gear box low not like before .Max advised after removing the port hole he can see the fluid so no fluid is needed at this time .Received shipping confirmation that the parts are shipping this week . | Miguel Diaz - 11/06/23 10:39:58 AM: I crawled underneath to check the gear box and found it leaking from the oil seal .As an Emergency fix  we refilled the gear box with gear oil and reached out to Thomas manufacturing for a quote for an oil seal and a new gear box .Open attachment to view pictures if needed of the part and picture of the leak if needed .Machine and cell is back up and running .,"[{'name': '3-4 2.jpg', 'url': 'https://circaweb.bobrick.com/PME/Forms/DownloadAttachment/452?guid=56211c3b-c425-4163-b68a-68dcdf08b25b'}, {'name': '3-4 1.jpg', 'url': 'https://circaweb.bobrick.com/PME/Forms/DownloadAttachment/453?guid=56211c3b-c425-4163-b68a-68dcdf08b25b'}]"
1461,EQ ID 1461,"Return system,Thomas,Evolve cell",Toilet Partitions,9458,12/27/2023,1. Prod Stopped,Operators advised return system does not turn back on,Closed and Completed,0,0.5,Max Mike,0.5,12/27/2023 12:00 AM,"Miguel Diaz - 12/27/23  9:32:27 AM: Troubleshoot did the checks on the machine checked fuses checked contactors couldn't find the root cause .
Looked at the controller box decided to tighten the cable hardware machine is back up and running .",[]
1461,EQ ID 1461,"Return system,Thomas,Evolve cell",Toilet Partitions,10047,01/20/2024,"5. Prod Ongoing, Maint Required",Return system gear box is leaking and making noise while in use,Closed and Completed,2057,7,Max  Mike,0,01/27/2024 12:00 AM,"Miguel Diaz - 01/29/24  7:03:30 AM: Replaced gear reducer  and motor over the weekend  return system is back up and running back to normal speed .
Attached are the quotes for the parts if needed for future use . | Miguel Diaz - 01/22/24 12:45:15 PM: Vendor does not have the motor in stock and has to get it delivered to them first then they can NDA to us .QTY of 2 have been ordered po rec has been filled out no ETA was given but they are aware we need it  ASAP . | Miguel Diaz - 01/20/24 11:06:08 AM: A replacement gear box was ordered to be replaced over this weekend1-20-24  when we took everything apart and put everything back together a different noise appeared this noise now came from the motor side .It appears that the motor is also bad and it did not like the new gear box .From what i could see a bearing needed to be replaced after  replacing the motor bearing nothing changed the noise was still there and the motor was running ruff with the new gear  after looking into further we found the bearing housing was bigger than the bearing and was letting the bearing have plenty of play .We had to place the old set up back in. In order for the shop to run Monday since the old gearbox and motor and in sync are worn out together but we did not know that till we got into it this morning   .I will be ordering a replacement motor Monday morning .We will replace this during the week if possible if not during the weekend that's coming if the part is available .Open attachment to view some of the work that was being done .","[{'name': 'rr3.jpg', 'url': 'https://circaweb.bobrick.com/PME/Forms/DownloadAttachment/509?guid=d98b9bb9-e89d-4d68-bf7b-39f1f954e892'}, {'name': 'rr2.jpg', 'url': 'https://circaweb.bobrick.com/PME/Forms/DownloadAttachment/510?guid=d98b9bb9-e89d-4d68-bf7b-39f1f954e892'}, {'name': 'rr1.jpg', 'url': 'https://circaweb.bobrick.com/PME/Forms/DownloadAttachment/511?guid=d98b9bb9-e89d-4d68-bf7b-39f1f954e892'}, {'name': '3-4 return system motor replacement 1-20-24.pdf', 'url': 'https://circaweb.bobrick.com/PME/Forms/DownloadAttachment/514?guid=d98b9bb9-e89d-4d68-bf7b-39f1f954e892'}, {'name': '3-4 gear reducer for return system quote 11-8-23.pdf', 'url': 'https://circaweb.bobrick.com/PME/Forms/DownloadAttachment/515?guid=d98b9bb9-e89d-4d68-bf7b-39f1f954e892'}]"
1461,EQ ID 1461,"Return system,Thomas,Evolve cell",Toilet Partitions,10838,03/27/2024,1. Prod Stopped,Operators notify that the Out-feed orange band broke-,Closed and Completed,0,0.2,PU,0,03/27/2024 12:00 AM,Primo Uy - 03/27/24 10:01:14 AM: Replaced the orange band. line is now working.,[]
1461,EQ ID 1461,"Return system,Thomas,Evolve cell",Toilet Partitions,11447,04/25/2024,2. General Maint - High Priority,Band on the return system is splitting.,Closed and Completed,0,0.3,Mike d,0,04/26/2024 12:00 AM,Miguel Diaz - 04/26/24  9:44:42 AM: Repaired orange belt,[]
1461,EQ ID 1461,"Return system,Thomas,Evolve cell",Toilet Partitions,11458,04/26/2024,1. Prod Stopped,Operators reported some orange bands are not spinning and doors are getting stuck,Closed and Completed,350,2,Max Primo Mike,2,04/26/2024 12:00 AM,Miguel Diaz - 04/26/24 12:22:15 PM: Troubleshoot found that a section of the rod that turns the three arms broke therefore not all three are spinning .Replaced rod machine is back up and running .I have not had to replace any rod because it broke  usually it wears out and needs to be replaced .Bigger parts and weight are a contributing factor why it broke .,[]
5273,EQ ID 5273,Edgebander Homag 2520 Servo 6 Coil,Toilet Partitions,10865,03/29/2024,2. General Maint - High Priority,ME requested that we replace the glue from the glue pot to another glue that BED is using .,Closed and Completed,0,1.2,Mike D Juan L,0,03/29/2024 12:00 AM,"Miguel Diaz - 03/29/24  8:00:45 AM: Replaced glue as requested from the holding container and purged the system cleaned metering rod .
Did the glue pot maintenance also .",[]
5273,EQ ID 5273,Edgebander Homag 2520 Servo 6 Coil,Toilet Partitions,10866,03/29/2024,2. General Maint - High Priority,Machines ruff cut cutters for top and bottom and leaving ruff edges top and bottom blades are already dull from a couple of days of production .,Closed and Completed,0,1.3,Mike D Juan L,0,03/29/2024 12:00 AM,Miguel Diaz - 03/29/24  8:06:29 AM: I had reached out to BED for spare parts list and Jake D provided the list and noted for us to purchase the top and bottom cutters asap replacing it from carbide to diamond .Replaced cutters just now  and made adjustments  since the blades are not the same width old cutters width is at 24mm new diamond cutters width is 8 mm so we have no adjustment once they are dull they need to be replaced .,[]
5273,EQ ID 5273,Edgebander Homag 2520 Servo 6 Coil,Toilet Partitions,10952,04/05/2024,2. General Maint - High Priority,Operators advised yesterday that the machine is taking 4 edgings at a time .They also reported finding a broken piece of metal .,Closed and Completed,0,0.4,Mike diaz,7,04/05/2024 12:00 AM,Miguel Diaz - 04/05/24  8:20:17 AM: Shop had to stop production yesterday because of this .Made a new one this morning using spring steel no one knows how it happened. Edging does have a tool that goes in and out putting pressure against the stack of edgings this tool does go over the spring steel could have gotten caught .The spring steel metal was not that strong the one i made is stronger and should not break but i will be ordering spares .Open attachment to view picture of the broken and missing part and another showing  how it should look .,"[{'name': 'spring steel 1.jpg', 'url': 'https://circaweb.bobrick.com/PME/Forms/DownloadAttachment/559?guid=cfd3dc93-dfb0-4318-9ad0-9ae27a68ecb9'}, {'name': 'spring steel.jpg', 'url': 'https://circaweb.bobrick.com/PME/Forms/DownloadAttachment/560?guid=cfd3dc93-dfb0-4318-9ad0-9ae27a68ecb9'}]"
5273,EQ ID 5273,Edgebander Homag 2520 Servo 6 Coil,Toilet Partitions,10979,04/08/2024,2. General Maint - High Priority,Replacement part came in to replace the part that was broken during installation by installer .,Closed and Completed,0,0.4,Mike d,0,04/08/2024 12:00 AM,Miguel Diaz - 04/08/24 11:42:29 AM: Replaced Guide and sent back the bad one .No cost,[]
5273,EQ ID 5273,Edgebander Homag 2520 Servo 6 Coil,Toilet Partitions,11540,05/06/2024,2. General Maint - High Priority,While doing maintenance on the machine one of the grease fittings broke half is still inside the threads .Seemed like it was already broken just sitting on top .,Closed and Completed,5,0.4,Mike d,0,05/06/2024 12:00 AM,Miguel Diaz - 05/06/24  9:02:38 AM: Used extraction tool removed broken piece inside and replaced grease fitting .,[]
5273,EQ ID 5273,Edgebander Homag 2520 Servo 6 Coil,Toilet Partitions,11652,05/14/2024,1. Prod Stopped,"Machine will not run after turning it on this morning Error message says Edge 1/ Control computer /Profile trimming 1 left .
Unit front edge at the top not in parking position",Closed and Completed,0,2,Juan Mike,2,05/14/2024 12:00 AM,Miguel Diaz - 05/14/24  8:12:13 AM: Troubleshoot found station 171 from trimming unit could not locate the issue .Called tech support they advised to find sensor S17 and check it its turning ON .Found sensor not coming on at all even after moving the cylinder up and down . Found that the cylinder was loose and had moved all the way down 2'' forward .Moved cylinder back 2 '' to match the rear cylinder and sensor turned on tighten all hardware machine is back up and running .Checked the surrounding hardware for loose .Open the attachment to view picture the red line moved forward to the green line it shouldnt have moved .,"[{'name': 'e01.jpg', 'url': 'https://circaweb.bobrick.com/PME/Forms/DownloadAttachment/569?guid=7e3cbaa1-dfaf-4db1-97ec-4fab68aac2ef'}, {'name': 'e02.jpg', 'url': 'https://circaweb.bobrick.com/PME/Forms/DownloadAttachment/570?guid=7e3cbaa1-dfaf-4db1-97ec-4fab68aac2ef'}]"
5273,EQ ID 5273,Edgebander Homag 2520 Servo 6 Coil,Toilet Partitions,13266,10/02/2024,"5. Prod Ongoing, Maint Required",Found the top and bottom edges ruff advised operator that the blades need to be replaced or adjusted .,Closed and Completed,0,0.5,Mike d,0,10/02/2024 12:00 AM,Miguel Diaz - 10/02/24 11:06:28 AM: Found that the cutters still had room for adjustment .Also found the dust hose clogged for the bottom cutter showed operators and lead my findings and advised they should be removing the hose to look for blockages. Open the attachment to view blocked dust hose .,"[{'name': 'block1.jpg', 'url': 'https://circaweb.bobrick.com/PME/Forms/DownloadAttachment/628?guid=3d28b83b-5c8b-4a24-8a85-c79e48c38b93'}, {'name': 'block 2.jpg', 'url': 'https://circaweb.bobrick.com/PME/Forms/DownloadAttachment/629?guid=3d28b83b-5c8b-4a24-8a85-c79e48c38b93'}]"
5273,EQ ID 5273,Edgebander Homag 2520 Servo 6 Coil,Toilet Partitions,13428,10/17/2024,1. Prod Stopped,Operator advised edging is not being fed he did point out its new material and thicker and others .,Closed and Completed,0,0.3,Mike d,0.3,10/17/2024 12:00 AM,Miguel Diaz - 10/17/24  8:48:48 AM: Raised air regulator slightly to help pull the edging and had to lower the  front of the spring metal so it can go over it .,[]
5273,EQ ID 5273,Edgebander Homag 2520 Servo 6 Coil,Toilet Partitions,13803,11/13/2024,1. Prod Stopped,Operator advised machine is taking forever for glue to heat up,Closed and Completed,0,0.3,Mike d,0.4,11/13/2024 12:00 AM,Miguel Diaz - 11/13/24 10:26:42 AM: Troubleshoot and found that the glue reservoir was turned off with the glue level low so when turning on the machine the next day which was this morning it would not let you start till i refilled the glue pot manually till the green light lite up .Showed three employees how to troubleshot this in the future .Machine errors are gone after doing so .,[]
5273,EQ ID 5273,Edgebander Homag 2520 Servo 6 Coil,Toilet Partitions,13958,12/03/2024,2. General Maint - High Priority,Need to perform general maintenance on the glue pot and machine pm site not generating work orders for this equipment .IT is looking into it .,Closed and Completed,0,0.6,Mike d,0,12/03/2024 12:00 AM,Miguel Diaz - 12/03/24 11:03:04 AM: did pm for the machine removed old stuck glue from pot cleaned glue level probe .Lubricate moving parts in the mechanism .Remove stuck glue from side rollers blow down entire inside of the machine .Cleaned all cabinet filters .,[]
5273,EQ ID 5273,Edgebander Homag 2520 Servo 6 Coil,Toilet Partitions,14249,01/04/2025,2. General Maint - High Priority,TPF  requested another rail be added to the machine to help with bigger parts .,Closed and Completed,4482.3,8,Max Mike,0,01/04/2025 12:00 AM,Miguel Diaz - 01/06/25  7:35:04 AM: Ordered parts needed for the full rail install .Installed the last of the parts this past Saturday .Checked for level .,[]
5273,EQ ID 5273,Edgebander Homag 2520 Servo 6 Coil,Toilet Partitions,14362,01/14/2025,1. Prod Stopped,Operator advised he has been having issues all day with the edging .,Closed and Completed,504,0.5,Mike D,4,01/15/2025 12:00 AM,Miguel Diaz - 01/15/25  9:08:45 AM: Part came in this morning replaced holder for vacuum suction cup and suction cup .Machine is working properly will order spares .Work order will stay open till final cost is in . | Miguel Diaz - 01/15/25  5:29:15 AM: I placed the new 3D suction cup holder on the machine looks like its working if it breaks the original part is scheduled to arrive today by 8:30 am . | Miguel Diaz - 01/14/25  2:20:18 PM: Found suction cup ripped when removing the Suction cup holder  .Stiles is having trouble finding it for now ME is making us 3 D printed part to get us going .,[]
5273,EQ ID 5273,Edgebander Homag 2520 Servo 6 Coil,Toilet Partitions,14448,01/22/2025,"5. Prod Ongoing, Maint Required",Side rail on machine has several rollers damaged,Closed and Completed,360,0.5,Mike d,0,01/22/2025 12:00 AM,Miguel Diaz - 01/22/25 11:30:53 AM: Replaced 30 rollers part # 12-051-13820.,[]
5273,EQ ID 5273,Edgebander Homag 2520 Servo 6 Coil,Toilet Partitions,14701,02/17/2025,2. General Maint - High Priority,Machine is not working @ start up its showing local emergency stop chain interrupted .,Closed and Completed,0,4,Mike Gabriel,4,02/17/2025 12:00 AM,Miguel Diaz - 02/17/25  8:59:02 AM: Troubleshoot checked  all e-stops checked all overloads in the cabinet all checked out .Placed a call for tech support they advised the emergency module (001 -A006 k1)is no good light was on for fault and start light was blinking after more troubleshooting they asked we unplug the power connector then the yellow plug from the top re-insert the power plug and emergency module was back online machine worked after that .,[]
5273,EQ ID 5273,Edgebander Homag 2520 Servo 6 Coil,Toilet Partitions,14882,02/28/2025,"3. Prod Affected, Not Stopped",Lead and operator advised the edging is getting stuck on the edge clamp pop up,Closed and Completed,0,0.4,MD,0,02/28/2025 12:00 AM,Miguel Diaz - 02/28/25  7:38:35 AM: Found edging to be curved and not straight placed a piece of wood to help straighten it out .Machine is working properly its the edging that was the issue .,[]
5273,EQ ID 5273,Edgebander Homag 2520 Servo 6 Coil,Toilet Partitions,14943,03/04/2025,"5. Prod Ongoing, Maint Required",Lead advised when running TLF material the infeed table does not stay in place its suppose to lock and have a drop pin lock in place .,Closed and Completed,0,0.5,MD,0,03/04/2025 12:00 AM,Miguel Diaz - 03/05/25  8:26:22 AM: Found drop pin and bushing not lining up had to make repairs to get in to align table is now locking in place .,[]
5273,EQ ID 5273,Edgebander Homag 2520 Servo 6 Coil,Toilet Partitions,15162,03/25/2025,1. Prod Stopped,per Operators reported edge bander shut down unable to clear track,Closed and Completed,0,0.5,G Shinobi,0.5,03/25/2025 02:00 PM,"Gabriel Shinobi - 03/25/25  2:06:05 PM: codes did not want to clear to rest track. Manually moved up hold down, cleared steel core stiles, cleared edging from machine. machine recalibrated. Edge bander working normally. ok to continue working",[]
5273,EQ ID 5273,Edgebander Homag 2520 Servo 6 Coil,Toilet Partitions,15217,03/31/2025,1. Prod Stopped,Lead advised edgebander showing e-stop chain error,Closed and Completed,0,0.2,G Shinobi,0,03/26/2025 07:30 AM,"Gabriel Shinobi - 03/31/25 10:19:26 AM: opened up main cabinet, estop module working, manually raised hold down found return system rubber cable popped off track, cleared track, reset rubber cable, restarted system. working normally ok to continue using.",[]
5273,EQ ID 5273,Edgebander Homag 2520 Servo 6 Coil,Toilet Partitions,15459,04/22/2025,1. Prod Stopped,operator advised machine error code,Closed and Completed,0,0.3,G Shinobi,1,04/22/2025 06:30 AM,Gabriel Shinobi - 04/22/25  8:56:40 AM: found e-stop module a bit loose. reseated module. error code cleared. machine working normally ok to continue using,[]
5273,EQ ID 5273,Edgebander Homag 2520 Servo 6 Coil,Toilet Partitions,15857,05/22/2025,1. Prod Stopped,Edgebander is randomly shutting off while running production. Today alone it has shut down twice. Could we please get a tech in and or look into this.,Closed and Completed,0,0.5,Shinobi,0,10/13/2025 07:30 AM,"Gabriel Shinobi - 10/14/25  7:40:52 AM: monitored edgebander, replaced extension cord connected to it. no issues at this time",[]
5273,EQ ID 5273,Edgebander Homag 2520 Servo 6 Coil,Toilet Partitions,19136,04/16/2026,4. Prod Continuing but Affected Equipment stopped,When applying edging on the edge bender is edging is coming out short,Closed and Completed,0,0.5,"Stiles tech, TPF Lead",0,10/20/2025 12:00 AM,"Gabriel Shinobi - 04/30/26  9:04:20 AM: banding grip slipping not seated correct, replaced. working normally",[]
5273,EQ ID 5273,Edgebander Homag 2520 Servo 6 Coil,Toilet Partitions,17500,10/28/2025,"3. Prod Affected, Not Stopped",Operator notify 2 of orange belts are loose and coming out of track.,Closed and Completed,50,0.3,Max,0,10/28/2025 06:30 PM,Maksim Bushka - 10/28/25  6:49:05 PM: Replaced two long orange belts.,[]
5273,EQ ID 5273,Edgebander Homag 2520 Servo 6 Coil,Toilet Partitions,18400,02/09/2026,1. Prod Stopped,"We lost power to the Edgebander, Tried to reset but wont turn on. When time permits could we have you guys take a look at this issue.",Closed and Completed,1200,4,"Shinobi, Sean, Stiles Tech",40,02/13/2026 12:00 AM,"Gabriel Shinobi - 02/16/26  7:52:39 AM: all parts arrived, replaced breaker, with low voltage breaker, tested EDGEBANNDER working normally. | Gabriel Shinobi - 02/12/26 11:32:03 AM: found breaker shorted, new breaker and low voltage breaker ordered. waiting on parts to arrive. Stiles tech checked down stream components all good. will replace breaker once it arrives.",[]
5273,EQ ID 5273,Edgebander Homag 2520 Servo 6 Coil,Toilet Partitions,18741,03/12/2026,"3. Prod Affected, Not Stopped","Hello, can we diagnose the glue pot and roller? When we are running the machine, the only sections of the edging that is getting glue applied when running steel core stiles is the top and bottom, not the middle section. Please see attached photo of sample piece ran with insufficient glue applied to edging.",Closed and Completed,0,0.5,"Shinobi, Lead",0,03/17/2026 06:30 AM,"Gabriel Shinobi - 03/17/26 10:24:16 AM: cleaned glue pot, working normally","[{'name': 'Image.jpg', 'url': 'https://circaweb.bobrick.com/PME/Forms/DownloadAttachment/931?guid=dcbfed3c-cf7f-4c76-9f0f-0579cd5b2151'}]"
5273,EQ ID 5273,Edgebander Homag 2520 Servo 6 Coil,Toilet Partitions,19023,04/08/2026,1. Prod Stopped,The switch to activate the strips holder fell off. Please see pictures .,Closed and Completed,0,0.1,Shinobi,0,04/08/2026 07:00 AM,Gabriel Shinobi - 04/08/26  6:27:12 AM: switch reattached,"[{'name': '942d8ad2-4132-49c5-a013-a932904b046e.jpg', 'url': 'https://circaweb.bobrick.com/PME/Forms/DownloadAttachment/946?guid=33ef0b46-3e09-4402-8a11-e05d414bf050'}]"
5273,EQ ID 5273,Edgebander Homag 2520 Servo 6 Coil,Toilet Partitions,19242,04/28/2026,4. Prod Continuing but Affected Equipment stopped,"Can I request help on the edgebander please? per the operator, the banding at the edgebander on the return system came off.",Closed and Completed,0,1,Max,1,04/30/2026 12:00 AM,"Gabriel Shinobi - 04/30/26  8:13:01 AM: the orange rubber cord on return system was loose and large pieces popped it of the track, cut and shorten, found one wheel cracked , will reach out to vendor for replacement, will close w/o in the mean time",[]
5273,EQ ID 5273,Edgebander Homag 2520 Servo 6 Coil,Toilet Partitions,19277,05/01/2026,1. Prod Stopped,broken bracket on front cutter,Closed and Completed,0,0.5,Shinobi,0,05/01/2026 02:00 AM,"Gabriel Shinobi - 05/01/26  1:56:16 PM: replaced broken bracket, Ramon DLM and Jiego to run test pieces and adjust",[]
5273,EQ ID 5273,Edgebander Homag 2520 Servo 6 Coil,Toilet Partitions,19695,06/04/2026,1. Prod Stopped,"Edgebander has stopped. It shows an error message that states, ""Local emergency stop chain interrupted.""",Closed and Completed,0,0.35,"PU, Sean & Gabi",0.5,06/04/2026 12:00 AM,"Primo Uy - 06/04/26 11:28:10 AM: Open the controller door and reset the emergency stop chain which is a safety feature of the machine when a door is open. We reset the button switches and check the contact relay (color Yellow - 2 relays).
Close the door and restart the machine. The machine start and all the errors disappear 1 by 1. Machine is now back on line.
Note: Sean, ask Gabi to re-order the relays since we dont have any spare anymore.","[{'name': 'b5900944-6f8b-4221-9d56-931de560c3f5.jpg', 'url': 'https://circaweb.bobrick.com/PME/Forms/DownloadAttachment/970?guid=760d0b70-b181-4dd0-b366-f7e3e86b3974'}]"
5273,EQ ID 5273,Edgebander Homag 2520 Servo 6 Coil,Toilet Partitions,20060,07/09/2026,"3. Prod Affected, Not Stopped",A wheel got loose and came out of the feed track on the edge bander some pcs are coming out chipped when running them,Closed and Completed,0,1,Max,0,06/09/2026 12:00 AM,Gabriel Shinobi - 07/23/26  9:14:26 AM: wheel replaced,[]
2063,EQ ID 2063,Tenoner A 517 Single End,Toilet Partitions,1144,04/18/2022,"5. Prod Ongoing, Maint Required",Station one needs cutter replaced,Closed and Completed,700,0.4,Mike Nelson,0,04/18/2022 12:00 AM,Miguel Diaz - 04/18/22  1:40:12 PM: Replaced top cutter of tool 1,[]
2063,EQ ID 2063,Tenoner A 517 Single End,Toilet Partitions,1188,04/21/2022,"3. Prod Affected, Not Stopped",Nelson advised station 2 cutter needs to be replaced bottom bevel is not nice looking it does not match the top bevel,Closed and Completed,0,0.5,Nelson,0,04/21/2022 12:00 AM,Miguel Diaz - 04/21/22 12:42:42 PM: Replaced station 2 cutter found cutter that was removed with a chip or two that is  why it was leaving an ugly bevel .,[]
2063,EQ ID 2063,Tenoner A 517 Single End,Toilet Partitions,1625,06/09/2022,"3. Prod Affected, Not Stopped",Operator and lead advised parts are not gapped evenly,Closed and Completed,0,0.5,Mike Juan  Nelson Ramon delamora,0,06/09/2022 12:00 AM,"Miguel Diaz - 06/09/22  9:27:25 AM: by the part being pushed out that means the cutter is dull and needs to be replaced ASAP. | Miguel Diaz - 06/09/22  8:11:07 AM: Adding this for future use if needed .Found 3/4 phenolic gapped properly at the front and the back was not touched .This made us think maybe the operator did not place the part in correctly then we thought  the infeed guide was crooked when this happens again first thing we should do is a test using particle if the particle board comes out evenly gapped that means the cutter for #1 is pushing the part out .Ramon delamora helped us troubleshoot this along with Nelson , Juan and myself Mike .",[]
2063,EQ ID 2063,Tenoner A 517 Single End,Toilet Partitions,1729,06/20/2022,4. Prod Continuing but Affected Equipment stopped,Cutter 1 needs to be replaced,Closed and Completed,1600,0.5,Juan,0,06/20/2022 12:00 AM,Miguel Diaz - 06/20/22 12:43:47 PM: Operator replaced top cutter,[]
2063,EQ ID 2063,Tenoner A 517 Single End,Toilet Partitions,1730,06/20/2022,4. Prod Continuing but Affected Equipment stopped,Cutter 2 needs to be replaced,Closed and Completed,2000,0.5,Juan,0,06/20/2022 12:00 AM,Miguel Diaz - 06/20/22 12:46:34 PM: Replaced dull cutter for station 2,[]
2063,EQ ID 2063,Tenoner A 517 Single End,Toilet Partitions,3069,10/27/2022,"5. Prod Ongoing, Maint Required",Found one side of the feed track with grease marks on top of the track,Closed and Completed,0,1.4,Mike d,0,10/27/2022 12:00 AM,Miguel Diaz - 10/27/22  1:32:17 PM: We have seen this before same area .I had  added an adjustable air connector seems like it leaked from all over .Dis-assemble feed track removed two feed track plates removed the one side that's leaking and dis-assemble added pipe sealant to all threads  replaced adjustable fitting and and re-assemble .Cleaned the full track free of grease you can still see it but its not greasy .Open the attachments to view pictures if needed .,"[{'name': 'vo2.jpg', 'url': 'https://circaweb.bobrick.com/PME/Forms/DownloadAttachment/150?guid=b4c23bb6-2774-4393-baa2-acbff9488644'}, {'name': 'vo3.jpg', 'url': 'https://circaweb.bobrick.com/PME/Forms/DownloadAttachment/151?guid=b4c23bb6-2774-4393-baa2-acbff9488644'}, {'name': 'v01.jpg', 'url': 'https://circaweb.bobrick.com/PME/Forms/DownloadAttachment/152?guid=b4c23bb6-2774-4393-baa2-acbff9488644'}]"
2063,EQ ID 2063,Tenoner A 517 Single End,Toilet Partitions,3121,11/04/2022,4. Prod Continuing but Affected Equipment stopped,Tenenor crashed. Holddown needs to be re-aligned,Closed and Completed,1500,6,Mike D Nelson Gabriel Sam,0,11/07/2022 12:00 AM,"Miguel Diaz - 11/08/22  5:27:04 AM: Added cost for the damaged cutters that have to be sent out for repairs first cutter  broke and the rest re-shaperned .
tech support advised to change the toque limit from 20% to 50 % he advised he does not remember having that low . | Miguel Diaz - 11/07/22  3:29:10 PM: Removed all three bolts that hold the beam down after removing them i disconnected the Allen bolts on the coupling between the servo and rods after that i manually moved the whole beam up and beam and aligned each section back down so its even after that we connected the servo back to the coupling and had to dial in the bars in-between the coupling it was binding in-between them this is why it would spin for us manually machine is back up and running .Thanks  to Nelson Sam, and Gabriel for the help i couldn't fix it with out them .attached error if needed in the future | Miguel Diaz - 11/05/22  6:50:05 AM: More information is needed besides tenoner crashed how exactly did this happen would help 
. Will follow up with Sam and Voorwood Monday 11-7-22","[{'name': 'crash voorwood 11-4-22.jpg', 'url': 'https://circaweb.bobrick.com/PME/Forms/DownloadAttachment/165?guid=46be363f-bbb4-41a5-adea-4ad15b5917c2'}]"
2063,EQ ID 2063,Tenoner A 517 Single End,Toilet Partitions,3194,11/09/2022,2. General Maint - High Priority,Operator advised machine is no longer moving using the hold down button .,Closed and Completed,0,1.5,MD,0,11/10/2022 12:00 AM,Miguel Diaz - 11/10/22  1:41:31 PM: Machine has been calibrated again please note home off set is already taking into account the hold down so .500 on the offset is at 0.540  with .040 extra for the hold down .Which means  that all the programs has the hold down setting below the actual thickness .Advised Gabriel to put the numbers back to how they were .Example 0.500 has setting to 0.480 needs to be 0.500 etc | Miguel Diaz - 11/09/22  1:57:39 PM: After troubleshooting i found that the servo is moving when choosing a program or manually pressing the up or down button but the rest of the hold down is not .looks like the connection between the hold down rod and servo got loose i will work on it in the morning .,[]
2063,EQ ID 2063,Tenoner A 517 Single End,Toilet Partitions,3556,12/09/2022,"3. Prod Affected, Not Stopped",The main power switch on the tenoner came off completely.,Closed and Completed,0,0.2,Miguel & Max,0,12/09/2022 01:00 PM,Maksim Bushka - 12/09/22  1:03:33 PM: Put back the main power switch on the tenoner.,[]
2063,EQ ID 2063,Tenoner A 517 Single End,Toilet Partitions,4174,12/06/2022,2. General Maint - High Priority,i keep finding black grease on the top of the feed track closest to the return system side,Closed and Completed,65,1,Mike,0,01/30/2023 12:00 AM,Miguel Diaz - 01/30/23  9:26:07 AM: Ordered replacement oil brush from Voorwood .it arrived replaced it this morning this should take care of our problem .,[]
2063,EQ ID 2063,Tenoner A 517 Single End,Toilet Partitions,5437,04/24/2023,"5. Prod Ongoing, Maint Required",Operator advised to lead machine has black grease on top of feed belt pads.,Closed and Completed,20,1,Max Mike,0,04/24/2023 12:00 AM,Miguel Diaz - 04/24/23  2:01:55 PM: Found right side of the feed track grease system leaking again this is the fifth  time it has happen parts were replaced the last time it happened Voorwood tech checked the settings and advised nothing was wrong for the lubing interval. Replaced tube fitting that was damaged inside  and added a regulator to the hose  that is always having issues this should help with the issue .Open attachment to view pictures if needed .,"[{'name': 'vr1.jpg', 'url': 'https://circaweb.bobrick.com/PME/Forms/DownloadAttachment/262?guid=6fb1dfa9-e0cc-4e09-bf73-c1f60a0aad68'}, {'name': 'vr2.jpg', 'url': 'https://circaweb.bobrick.com/PME/Forms/DownloadAttachment/263?guid=6fb1dfa9-e0cc-4e09-bf73-c1f60a0aad68'}, {'name': 'vr3.jpg', 'url': 'https://circaweb.bobrick.com/PME/Forms/DownloadAttachment/264?guid=6fb1dfa9-e0cc-4e09-bf73-c1f60a0aad68'}]"
2063,EQ ID 2063,Tenoner A 517 Single End,Toilet Partitions,6689,08/02/2023,"5. Prod Ongoing, Maint Required",Weeks ago i had reached out to Voorwood for support with the feed track oiler still causing a mess on the feed track they advised for us to do a test,Closed and Completed,0,2,Max Mike,0,08/02/2023 12:00 AM,Miguel Diaz - 08/02/23 12:55:28 PM: Today we had the chance to do the test they requested we do but we did not find anything wrong .Both oil lines dripped oil  at the same time  no more than the other they wanted to see if one was getting hung up .i will advise this to them i did change the oiler belt frequency from 2500 to 4000 .,[]
2063,EQ ID 2063,Tenoner A 517 Single End,Toilet Partitions,7098,09/01/2023,2. General Maint - High Priority,Was advised main gapless cutter is leaving a faint burned mark on the step of the product .,Closed and Completed,300,0.5,Mike D Juan L,0,09/01/2023 12:00 AM,Miguel Diaz - 09/01/23  1:51:03 PM: Recommended to replaced the tool holder .Tool holder was replaced burned mark is gone .,[]
2063,EQ ID 2063,Tenoner A 517 Single End,Toilet Partitions,9526,01/04/2024,"5. Prod Ongoing, Maint Required",Lead /Operators pointed out the left side of the feed belt has black marks of grease same as before .,Closed and Completed,0,1,Mike Diaz,0,01/04/2024 12:00 AM,"Miguel Diaz - 01/04/24 12:00:36 PM: Did the pm on the machine this morning i opened the feed belt and  looked inside this time i found no leaks but i cleaned up the excess oil on the left side sprocket seems like the left side gets more oil than the right meaning accumulation only but after doing test both  oil lines drip the same amount of oil .Wiped up all grease in-between the feed track plates and on top and adjusted the oiling interval from 4,000 to 6,000  .",[]
2063,EQ ID 2063,Tenoner A 517 Single End,Toilet Partitions,9541,01/05/2024,1. Prod Stopped,The 5 inch vacuum black hose broken.,Closed and Completed,0,0.3,Miguel & Max,0,01/05/2024 02:00 PM,Maksim Bushka - 01/05/24  2:11:01 PM: Extended the hose to pas the cut,[]
2063,EQ ID 2063,Tenoner A 517 Single End,Toilet Partitions,11389,04/20/2024,1. Prod Stopped,Operators placed two doors close together making the machine stop and not reset .,Closed and Completed,0,0.4,Gabriel Ramon del mora,0,04/22/2024 12:00 AM,Miguel Diaz - 04/22/24 10:35:43 AM: Gabriel was asked for support this morning we found the setting for the 3/4 was at .705  on the recipes when it  should be at .750 this could contribute to the error but the doors was also to close together .Machine would not reset the normal way to raise the top up would not work .,[]
2063,EQ ID 2063,Tenoner A 517 Single End,Toilet Partitions,12137,06/18/2024,1. Prod Stopped,Operator asked for help with the feed track running really slow,Closed and Completed,500,0.6,Mike d,0.6,06/18/2024 12:00 AM,Miguel Diaz - 06/18/24  7:32:01 AM: Attached pictures for viewing | Miguel Diaz - 06/18/24  7:30:23 AM: Found feed track setting at 3 fpm when it should be at 30 fpm .Made the adjustment .Operator runs a piece and i could hear the blade really loud cutting this is not normal i ask the operator to stop and i check the blade for station 2 and find the cutter with no blade on all three cutters all are chipped really bad .This is an on going issue i brought up in the past with this machine its going to get costly when the blade are not being sent out for sharpening but instead for repairs .Replaced blade and checked that its cutting 1/32 per pass .Operators also needed help with adjusting the buffer .Machine is up and running,"[{'name': 'te1.jpg', 'url': 'https://circaweb.bobrick.com/PME/Forms/DownloadAttachment/579?guid=c92d75ec-cebc-4d38-be8f-3f26305ead2a'}, {'name': 'te4.jpg', 'url': 'https://circaweb.bobrick.com/PME/Forms/DownloadAttachment/580?guid=c92d75ec-cebc-4d38-be8f-3f26305ead2a'}, {'name': 'te2.jpg', 'url': 'https://circaweb.bobrick.com/PME/Forms/DownloadAttachment/581?guid=c92d75ec-cebc-4d38-be8f-3f26305ead2a'}, {'name': 'te3.jpg', 'url': 'https://circaweb.bobrick.com/PME/Forms/DownloadAttachment/582?guid=c92d75ec-cebc-4d38-be8f-3f26305ead2a'}, {'name': 'te5.jpg', 'url': 'https://circaweb.bobrick.com/PME/Forms/DownloadAttachment/583?guid=c92d75ec-cebc-4d38-be8f-3f26305ead2a'}]"
2063,EQ ID 2063,Tenoner A 517 Single End,Toilet Partitions,12151,06/19/2024,"5. Prod Ongoing, Maint Required",Found lead /operators having trouble removing the tool holder from the station .,Closed and Completed,0,0.2,Mike d,0,06/19/2024 12:00 AM,Miguel Diaz - 06/19/24  7:07:05 AM: In a emergency the tool can be slightly tapped with a brass hammer to get it to release after doing so for #1 station  i cleaned the bottom of the tool and collet with acetone / ear swab .I have also added a pm to be done on the tools X6  twice a year  .,[]
2063,EQ ID 2063,Tenoner A 517 Single End,Toilet Partitions,12494,07/23/2024,1. Prod Stopped,Found the side table leaning more on one side and not level .Also found that the infeed table top had a piece of phenolic clamped to the other table to keep them even ?,Closed and Completed,0,0.4,Mike d,0.4,07/23/2024 12:00 AM,"Miguel Diaz - 07/23/24  9:24:04 AM: Removed all four side table leveling mounts  and replaced it with new ones  added nuts to them so when they move it .It does not change in height .
Removed phenolic piece with clamp and leveled both table tops re-adjusted the height on the legs and added self tap screws to hold that adjustment .Parts are too heavy and if slammed or any other movement it would make not level too each other anymore .This has been fixed .",[]
2063,EQ ID 2063,Tenoner A 517 Single End,Toilet Partitions,12524,07/25/2024,4. Prod Continuing but Affected Equipment stopped,Lead advised feed track has grease on the pads marking all the components passing thought the machine,Closed and Completed,0,1,Mike d,1,07/25/2024 12:00 AM,Miguel Diaz - 07/25/24  8:19:23 AM: This is a reoccurring problem since we purchased the machine this time the feed track oil  did not leak like  it has in the past. Usually it was a mess inside the sprocket today it was clean .The last time we had purchased new parts and replaced it all .The accumulation of the oil was in between the track pads  had to remove all it and clean the top of the pads with simple green and scotchbrite .The interval for feed track grease has been moved from 500 to 750 making it oil less often .,[]
2063,EQ ID 2063,Tenoner A 517 Single End,Toilet Partitions,12560,07/29/2024,2. General Maint - High Priority,Lead reported feed track full of oil again,Closed and Completed,0,0.9,mIKE D,0.9,07/29/2024 12:00 AM,Miguel Diaz - 07/29/24  8:27:13 AM: Verified its not leaking like it was in the past found accumulation all over the feed track underneath cleaned it all as best as i could reached out to Voorwood for a solution  oilers have not worked properly since the machine was purchased .,[]
2063,EQ ID 2063,Tenoner A 517 Single End,Toilet Partitions,12586,07/31/2024,2. General Maint - High Priority,"Voorwood tech Mark advised to Lower the hose so that the oil has to go up to the fitting on the top of the brush.\
This way the oil will not just pour out .",Closed and Completed,0,0.4,Mike d,0,07/31/2024 12:00 AM,Miguel Diaz - 07/31/24  8:19:59 AM: Made the adjustment this morning i also swapped oil lines on the pump to see if anything changes .,[]
2063,EQ ID 2063,Tenoner A 517 Single End,Toilet Partitions,12884,08/23/2024,"5. Prod Ongoing, Maint Required",Machines wheels are locking up and causing drag removing stickers from the parts passing through .,Closed and Completed,150,1.2,Mike d,0,09/27/2024 12:00 AM,Miguel Diaz - 10/18/24 12:56:41 PM: Replaced 13 bad wheels that had excessive play in them .Suggest we get Voorwood to find a replacement or we will be having this issue for the life of the machine and other branches also if they get the same machine . | Miguel Diaz - 08/27/24 12:31:26 PM: Finding that the wheels have no bearing and are riding on the wheel bushing and bolt body .Bolt body is wearing out causing the bushing to have play therefor the wheel gets wobbly and locks up .Removed locked up wheels used wire brush clean both body bodies and reinstall .Reached out to Voorwood tech they advised Voorwood has used this wheel for all machines and that the bolt body is hardened .I advised to them that we have other machines that have wheels with bearings and have been  in use for 8 + years with out pms they will reach out to the engineering team to see what can be done for now I ordered spares and when they are in I  will replace the worse ones with excessive play .,[]
2063,EQ ID 2063,Tenoner A 517 Single End,Toilet Partitions,13594,10/28/2024,2. General Maint - High Priority,ME is requesting we adjust the infeed guide for this machine its flexing pretty bad .,Closed Without Action,0,0,md,0,10/28/2024 12:00 AM,Miguel Diaz - 10/28/24 11:39:42 AM: Closing this work order since Jiego entered another one for same issue | Miguel Diaz - 10/28/24 10:56:17 AM: Shop will provide the machine tomorrow @ 10 am for the necessary adjustments .,[]
2063,EQ ID 2063,Tenoner A 517 Single End,Toilet Partitions,13616,10/25/2024,"3. Prod Affected, Not Stopped","Edge Device/infeed guide is not properly aligned as it is flexing back once part is fed into machine. ME and Maintenance will be looking at this on Tuesday per agreement between Manufacturing, ME and Maintenance.",Closed and Completed,0,1.5,Jiego Mike,1.5,10/29/2024 12:00 AM,Miguel Diaz - 10/29/24 11:59:33 AM: Aligned infeed guide it is now straight we also created a pm to check the infeed guide every two months .We have the measurement to use as reference 19+1/32 edge to edge above the rod .See attachment if needed .,"[{'name': 'voo1.jpg', 'url': 'https://circaweb.bobrick.com/PME/Forms/DownloadAttachment/652?guid=d26e5b89-25cd-47ff-bbfe-b9b96240466c'}]"
2063,EQ ID 2063,Tenoner A 517 Single End,Toilet Partitions,13636,10/29/2024,"3. Prod Affected, Not Stopped","Wheels on the track feed are stuck, causing the wheels to damage the label's",Closed and Completed,0,1,Max   Miguel,0,10/29/2024 12:30 PM,Maksim Bushka - 10/29/24 12:36:34 PM: Cleaned up the whiles.,[]
2063,EQ ID 2063,Tenoner A 517 Single End,Toilet Partitions,13649,10/31/2024,1. Prod Stopped,Operators pointed out that the parts are coming back chipped from one side,Closed and Completed,0,0.6,Ramon DeLaMora Mike D,0.6,10/31/2024 12:00 AM,"Miguel Diaz - 10/31/24  7:31:20 AM: Lead and I  Troubleshoot and found station 2 cutters  chipped and one is  missing the full cutter completely Open attachment to view pictures if needed .Replaced cutters and adjusted .
This is an on going issue with this machine cutters are not working like they should  instead of sending out blades for only sharpening we are sending them out for repairs every time .","[{'name': 'ten1.jpg', 'url': 'https://circaweb.bobrick.com/PME/Forms/DownloadAttachment/654?guid=89688434-03bd-4f07-9dbc-26cab14b5bbc'}, {'name': 'ten2.jpg', 'url': 'https://circaweb.bobrick.com/PME/Forms/DownloadAttachment/655?guid=89688434-03bd-4f07-9dbc-26cab14b5bbc'}]"
2063,EQ ID 2063,Tenoner A 517 Single End,Toilet Partitions,13790,11/12/2024,2. General Maint - High Priority,Tenoner has been down 3 hours operator reported changing buffer but finish is not good .,Closed and Completed,0,0.6,Mike d,3,11/12/2024 12:00 AM,Miguel Diaz - 11/12/24  9:19:25 AM: Machine is not the easy to work with operators replaced buffer and re-zero all limits  but finish was not good here is were operator training is needed I get Juan is out but the machine is not that user friendly like the other technolegno machines are .We had to move the buffer out then in  then up or down when they then the front  corners was being rounded over .Finally found that station 6 had moved in causing this issue .I remember being told station 6 moves in from time to time .Moved station 6 back from 2.000 to 3.000 edge finish is not acceptable .,[]
2063,EQ ID 2063,Tenoner A 517 Single End,Toilet Partitions,13804,11/13/2024,1. Prod Stopped,Operators advised the machine is stopping with the stiles inside the machine twice,Closed and Completed,0,0.5,Mike d,0.5,11/13/2024 12:00 AM,Miguel Diaz - 11/13/24 10:31:02 AM: Troubleshoot and found that station 6 buffer was crashing into the part making the machine stop.i manually moved it back then machine worked but i reached out to ME for support .Gabriel found that the shop was using the wrong recipe after using the correct recipe station 6 is not in the way .,[]
2063,EQ ID 2063,Tenoner A 517 Single End,Toilet Partitions,14204,01/02/2025,1. Prod Stopped,Supervisor advised machine is not working and has several alarms one is open file for station 4 tool data 20708 .,Closed and Completed,0,0.4,Mike d,0.4,01/02/2025 12:00 AM,Miguel Diaz - 01/02/25  7:52:04 AM: Troubleshoot and found that station 4 tool has temp at the end of the tool name remove the temp from the name and  error is gone this is happening by itself  system glitch Voorwood was advised received no response from them will reach out again .When trying to turn on to run another alarm popped up advising error during backslash edge guide .Found edge guide over traveled used tech mode and moved the edge closest to the set # .Machine worked properly after that .,[]
2063,EQ ID 2063,Tenoner A 517 Single End,Toilet Partitions,14706,02/17/2025,2. General Maint - High Priority,ME asked for assistance with fence edge guide. Guide not moving.,Closed and Completed,0,0.5,GS and MD,0.5,02/17/2025 11:00 AM,Gabriel Shinobi - 02/17/25 11:05:03 AM: Loosened center block a 1/4 turn. cleared out debris sprayed WD-40 now working.,[]
2063,EQ ID 2063,Tenoner A 517 Single End,Toilet Partitions,15071,03/14/2025,2. General Maint - High Priority,New hold down wheels arrived for Tenoner for install,Closed and Completed,1010.6,3,G Shinobi,3,03/14/2025 10:00 AM,"Gabriel Shinobi - 03/14/25 10:32:50 AM: replaced all the hold down wheels and bolts from the back of the hold down. 

p/n A1064-21 wheel assembly x54
p/n B1064-21 Axle bolt (shoulder bolt)x54",[]
2063,EQ ID 2063,Tenoner A 517 Single End,Toilet Partitions,15444,04/21/2025,1. Prod Stopped,operator advised machine off not finishing product correctly,Closed and Completed,0,1,"G Shinobi, JJ",3,04/21/2025 09:00 AM,"Gabriel Shinobi - 04/21/25 11:58:41 AM: found back stop/edge guide skewed, realigned and reset, JJ reset and adjusted buffers, machine working normally ok to continue using",[]
2063,EQ ID 2063,Tenoner A 517 Single End,Toilet Partitions,15825,05/19/2025,2. General Maint - High Priority,Operator reported some wheels are not rotating freely .,Closed and Completed,40,0.5,Mike,0,05/19/2025 12:00 AM,Miguel Diaz - 05/19/25  9:06:59 AM: Found 3 stuck wheels with flat spots replaced with new ones .,[]
2063,EQ ID 2063,Tenoner A 517 Single End,Toilet Partitions,15996,06/06/2025,1. Prod Stopped,While taking the screws of the buffer holder one of the screws broke. We are unable to get it off.,Closed and Completed,0,0.5,JL,0.5,06/06/2025 07:00 AM,"Gabriel Shinobi - 06/06/25  7:37:03 AM: lead replaced spindle, will take older one to extract broken screw. machine working normally, ok to continue to use",[]
2063,EQ ID 2063,Tenoner A 517 Single End,Toilet Partitions,16533,07/30/2025,2. General Maint - High Priority,"We are having issues with the track wheels on the tenoner not turning, Could we have you guys take a look at them please.",Closed and Completed,0,0.2,Shinobi,0,07/30/2025 09:00 AM,Gabriel Shinobi - 07/30/25  9:12:46 AM: found a few wheels on hold down not spinning and damaged from too much pressure. replaced wheels on hold down,[]
2063,EQ ID 2063,Tenoner A 517 Single End,Toilet Partitions,17746,11/19/2025,1. Prod Stopped,One of the belts on the Tenoner return system broke apart,Closed and Completed,0,0.5,PU,0,11/19/2025 12:00 AM,"Primo Uy - 11/19/25  1:12:02 PM: Repair the Orange V-Belt. Need to remove cover and loosen the pulley to get the broken belt out.
Thomas return system is now working.",[]
2063,EQ ID 2063,Tenoner A 517 Single End,Toilet Partitions,17770,11/24/2025,1. Prod Stopped,Tenoner edge finisher has loose wheels in the infeed track,Closed and Completed,0,4,"Max, Shinobi",0,01/19/2026 11:30 PM,"Gabriel Shinobi - 01/20/26 11:43:40 AM: all wheels for hold down have been replaced. | Gabriel Shinobi - 01/20/26  7:14:06 AM: back wheels replaced. will replace front wheels as well | Gabriel Shinobi - 12/01/25 10:15:20 AM: Max replaced a few wheels, two new sets of wheels have been ordered. will replace all once in.",[]
2063,EQ ID 2063,Tenoner A 517 Single End,Toilet Partitions,18662,,,,Closed and Completed,0,4,"Max, Shinobi",0,3/5/2026,"Gabriel Shinobi - 01/20/26 11:43:40 AM: all wheels for hold down have been replaced. | Gabriel Shinobi - 01/20/26  7:14:06 AM: back wheels replaced. will replace front wheels as well | Gabriel Shinobi - 12/01/25 10:15:20 AM: Max replaced a few wheels, two new sets of wheels have been ordered. will replace all once in.",[]
2063,EQ ID 2063,Tenoner A 517 Single End,Toilet Partitions,18670,03/06/2026,4. Prod Continuing but Affected Equipment stopped,"Hello, Tenoner one of the track pads came off again. Can we have this repaired because it has stopped the Tenoner due to safety reasons. Thank you.",Closed and Completed,0,0.2,Max,0,03/06/2026 04:00 PM,Maksim Bushka - 03/06/26  6:35:03 PM: Replaced two bolts.,[]
2063,EQ ID 2063,Tenoner A 517 Single End,Toilet Partitions,18998,04/06/2026,"3. Prod Affected, Not Stopped",The vacuum bag that absorbs dust has torn. Need Maintenance to replace the bag please.,Closed and Completed,25,0.3,Max,0,04/06/2026 07:00 PM,Maksim Bushka - 04/06/26  7:25:48 PM: Replaced the plastic bag. (we need to order bags only one left),[]
2063,EQ ID 2063,Tenoner A 517 Single End,Toilet Partitions,19488,05/18/2026,1. Prod Stopped,one of the guiding wheels on station 3 broke. Shinobe please order new wheels station 3 cannot work properly with only one wheel,Closed and Completed,0,0.2,Shinobi,0,05/20/2026 11:30 AM,"Gabriel Shinobi - 05/20/26 11:49:29 AM: replaced with temp 3D printed wheels I designed. will close w/o while we wait for replacement wheel assembly to arrive | Gabriel Shinobi - 05/19/26 11:34:57 AM: wheel assembly submitted for purchase, 10 day lead time, will install once in.",[]
2063,EQ ID 2063,Tenoner A 517 Single End,Toilet Partitions,19950,06/25/2026,1. Prod Stopped,"There is a screw that is stripped, we are unable to change the buffer. When time permits could we please get your help.",Closed and Completed,0,0.3,Shinobi,0,06/25/2026 06:30 AM,"Gabriel Shinobi - 06/25/26  7:38:08 AM: removed all 3 screws, replaced","[{'name': 'af0f5d66-169c-4111-83c5-c5d3cc651b36.jpg', 'url': 'https://circaweb.bobrick.com/PME/Forms/DownloadAttachment/993?guid=8c8b3cce-0a8f-49a5-82be-50955d6de5e8'}]"
63,EQ ID 63,"Return System, Thomas, 1040 Edgebander",Toilet Partitions,1531,05/31/2022,"3. Prod Affected, Not Stopped",Return system belts on the far end are too loose causing the operator to repeatedly stop and start the machine.,Closed and Completed,40,0.5,Mike Bart,0,05/31/2022 12:00 AM,Miguel Diaz - 05/31/22 12:01:33 PM: Replaced first band and shorted the last one .,[]
63,EQ ID 63,"Return System, Thomas, 1040 Edgebander",Toilet Partitions,1555,06/06/2022,"3. Prod Affected, Not Stopped",We are having an issue with the return system the pieces keep getting stuck at the end .,Closed Without Action,0,0,md,0,06/02/2022 12:00 AM,Miguel Diaz - 06/02/22  8:31:32 AM: double entry,[]
63,EQ ID 63,"Return System, Thomas, 1040 Edgebander",Toilet Partitions,1556,06/02/2022,"3. Prod Affected, Not Stopped",Operator advised to the lead that the parts are not returning and getting stuck at the end of the machine which will also make it and the entrance of the return .,Closed and Completed,0,0.5,Mike Bart,0,06/02/2022 12:00 AM,Miguel Diaz - 06/02/22  8:30:09 AM: Return system is out of adjustment made adjustments .I did notice that the line was passing huge panels yesterday that could have moved it .,[]
63,EQ ID 63,"Return System, Thomas, 1040 Edgebander",Toilet Partitions,1696,06/15/2022,4. Prod Continuing but Affected Equipment stopped,Found last belt for the return system on the edge bander making noise which means its loose,Closed and Completed,0,0.4,Mike diaz,0,06/15/2022 12:00 AM,Miguel Diaz - 06/15/22  2:12:31 PM: Removed 1 '' from the orange belt and re-melt it together .Belt is no longer giving issues Stiles are now returning properly .,[]
63,EQ ID 63,"Return System, Thomas, 1040 Edgebander",Toilet Partitions,2087,08/02/2022,4. Prod Continuing but Affected Equipment stopped,"We had an issue with the orange belt on the return system came off, we managed to put it back on and it seems like its not set up yet. if we could have you guys please take a look at it .",Closed and Completed,0,0.4,Mike diaz,0,08/04/2022 12:00 AM,Miguel Diaz - 08/04/22  7:12:54 AM: Re -routed orange feed belt it was going over the bars instead of under . | Primo Uy - 08/03/22  3:32:42 PM: Belt was not cut but the loop of the belt was different from the rest. Need MD to verify in the morning.,[]
63,EQ ID 63,"Return System, Thomas, 1040 Edgebander",Toilet Partitions,3498,12/07/2022,"3. Prod Affected, Not Stopped",one of the small bands is about to snap/brake off when time permits could we get it fixed please and thank you in advance e,Closed and Completed,0,0.2,PU,0,12/08/2022 12:00 AM,Primo Uy - 12/08/22  1:26:14 PM: Replaced new orange band. Max help me/ show him how to. | Primo Uy - 12/07/22  9:03:06 AM: Noted. We will replace the orange bond ASAP.,[]
63,EQ ID 63,"Return System, Thomas, 1040 Edgebander",Toilet Partitions,3774,12/29/2022,"3. Prod Affected, Not Stopped",Return system at the very end is not working. My team has break from 3:15 to 3:30pm,Closed and Completed,50,0.3,Miguel & Max,0,01/04/2023 11:00 AM,Maksim Bushka - 01/04/23 11:03:03 AM: Replaced the return system pulley booth wheels part # 13-728 | Primo Uy - 01/04/23  8:09:13 AM: Replacement parts are in order. We will replace ASAP when the parts arrive. | Primo Uy - 12/30/22  7:13:47 AM: The return system is working ok right now but we will check on it again when the system is not in use (breaktime). Max applied a WD40 and it free up the wheels.,[]
63,EQ ID 63,"Return System, Thomas, 1040 Edgebander",Toilet Partitions,4779,03/11/2023,"5. Prod Ongoing, Maint Required",Operator pointed out  that a belt looks ripped and barely holding on .,Closed and Completed,65,2,Mike d,0,03/11/2023 12:00 AM,Miguel Diaz - 03/11/23 11:31:08 AM: Found middle section of the return system with the belt holding on replaced belt part Gates B210PC .,[]
63,EQ ID 63,"Return System, Thomas, 1040 Edgebander",Toilet Partitions,4794,03/13/2023,6. General Maint,Found outfeed round orange belt flattened and almost ripped in half .,Closed and Completed,40,0.3,Mike D,0,03/13/2023 12:00 AM,Miguel Diaz - 03/13/23 12:42:21 PM: Replaced outfeed belt,[]
63,EQ ID 63,"Return System, Thomas, 1040 Edgebander",Toilet Partitions,4811,03/14/2023,2. General Maint - High Priority,"One of the bands from the return system broke off, we are still able to run but needs to be fixed",Closed and Completed,0,0.42,PU & Max,0,03/14/2023 12:00 AM,Primo Uy - 03/14/23  2:48:28 PM: Done. | Primo Uy - 03/14/23 11:59:28 AM: Replacing Orange belt @ 1 pm as the Leadman request when the operator goes to break. Sure.,[]
63,EQ ID 63,"Return System, Thomas, 1040 Edgebander",Toilet Partitions,4820,03/15/2023,"3. Prod Affected, Not Stopped",Panels returning with chip on its edge .,Closed and Completed,0,1,Mike Juan Margarito,0,03/15/2023 12:00 AM,Miguel Diaz - 03/15/23  9:45:51 AM: Shorten 4 belts adjusted belt tension for side movement of the orange belts .Found plate that holds the plates not at the same height as the other side adjusted that .Operator sprayed the bottom of the belts with silicone spray  that also helped stop the chipping .No downtime but production was affected for 1 hour .,[]
63,EQ ID 63,"Return System, Thomas, 1040 Edgebander",Toilet Partitions,5197,04/07/2023,"3. Prod Affected, Not Stopped",The edgebander return system has 3 bar rollers (smaller rollers) missing before the component returns to the operator.,Closed and Completed,0,0.2,Mike D PU,0,04/07/2023 12:00 AM,"Miguel Diaz - 04/10/23  6:23:04 AM: Note the missing rollers was removed by an operator that said it slowed down the parts when returning he removed them and had them on the floor I placed them in Maintenance for safe keeping. Rollers have been returned to the machine as requested . | Primo Uy - 04/07/23  3:14:53 PM: NO missing roller, Check and need to verify with Mike, line is making the small pieces for the Samples Stand and this a special job and not for regular production. If we need to add the roller, then we will add it.",[]
63,EQ ID 63,"Return System, Thomas, 1040 Edgebander",Toilet Partitions,5483,04/29/2023,"5. Prod Ongoing, Maint Required",Return system rollers need to be replaced rollers were purchased not long ago needed a window to replace them,Closed and Completed,7827.7,2,Mike Max,0,04/29/2023 12:00 AM,Miguel Diaz - 04/29/23  2:56:16 PM: Replaced all return system rollers from plastic  to metal .,"[{'name': 'Edgebander return system roller  replacement quote 3-28-22.pdf', 'url': 'https://circaweb.bobrick.com/PME/Forms/DownloadAttachment/267?guid=d8765019-b465-420d-becf-bf7880e9128e'}]"
63,EQ ID 63,"Return System, Thomas, 1040 Edgebander",Toilet Partitions,5728,05/18/2023,1. Prod Stopped,"The back end of the return system is not moving, looking like one of the bands got lose or broke off.",Closed and Completed,0,0.15,Max & Primo,0,05/19/2023 07:00 AM,Maksim Bushka - 05/19/23  7:08:15 AM: The belt was out of the track. Installed the belt on the track.,[]
63,EQ ID 63,"Return System, Thomas, 1040 Edgebander",Toilet Partitions,6712,08/03/2023,4. Prod Continuing but Affected Equipment stopped,Lead advised mid section of the return system is not spinning its barely spinning .,Closed and Completed,144.39,1.2,Mike Max,0,08/04/2023 12:00 AM,"Miguel Diaz - 08/04/23 10:45:09 AM: V pulley just arrived Part has been replaced return system is back up and running . | Miguel Diaz - 08/03/23  1:52:34 PM: Found V Pulley size 4.5 broken and touching the machine frame slowing down the belt and tried adding washers but that did not hellp the v pulley fell apart .Called Thomas manufacturing for availability we do not have this part in house waiting for the call back .Machine and return system can still be used just need someone to help it along the midsection if needed .
Open attachments to view pictures if needed","[{'name': 'q1.jpg', 'url': 'https://circaweb.bobrick.com/PME/Forms/DownloadAttachment/377?guid=50f2def2-43bb-4484-8805-2ba7be5efea8'}, {'name': 'q3.jpg', 'url': 'https://circaweb.bobrick.com/PME/Forms/DownloadAttachment/378?guid=50f2def2-43bb-4484-8805-2ba7be5efea8'}, {'name': 'q2.jpg', 'url': 'https://circaweb.bobrick.com/PME/Forms/DownloadAttachment/379?guid=50f2def2-43bb-4484-8805-2ba7be5efea8'}, {'name': 'q4.jpg', 'url': 'https://circaweb.bobrick.com/PME/Forms/DownloadAttachment/380?guid=50f2def2-43bb-4484-8805-2ba7be5efea8'}, {'name': 'Return system V pulley invoice 8-4-23.pdf', 'url': 'https://circaweb.bobrick.com/PME/Forms/DownloadAttachment/381?guid=50f2def2-43bb-4484-8805-2ba7be5efea8'}]"
63,EQ ID 63,"Return System, Thomas, 1040 Edgebander",Toilet Partitions,10465,02/20/2024,1. Prod Stopped,One of orange belt broke.,Closed and Completed,50,0.3,Max,0,02/20/2024 07:30 PM,Maksim Bushka - 02/20/24  7:52:18 PM: Replaced one of orange belt.,[]
63,EQ ID 63,"Return System, Thomas, 1040 Edgebander",Toilet Partitions,10619,03/04/2024,1. Prod Stopped,Orange belt is sliced in half and hanging on by the thread needs to be replaced .,Closed and Completed,50,0.3,Mike d,0.3,03/04/2024 12:00 AM,Miguel Diaz - 03/04/24  7:29:35 AM: Replaced orange belt,[]
63,EQ ID 63,"Return System, Thomas, 1040 Edgebander",Toilet Partitions,12079,06/12/2024,1. Prod Stopped,Operator advised a belt popped off,Closed and Completed,40,0.4,Mike d,0.4,06/12/2024 12:00 AM,Miguel Diaz - 06/12/24 10:04:41 AM: Found belt stretched out and had visible wear and tear replaced belt part# B56 (6X876G) and adjusted tension .,[]
63,EQ ID 63,"Return System, Thomas, 1040 Edgebander",Toilet Partitions,12988,09/07/2024,"3. Prod Affected, Not Stopped",Return system is not working properly,Closed and Completed,311.52,1,Mike D Primo,0,09/10/2024 12:00 AM,"Miguel Diaz - 09/10/24  1:23:29 PM: Ordered part overnight and replaced it machine is working properly again .
Part put in is from automation direct Part # AVS-5212-120A with fittings 90* T OD X 1/4 NPT 
Production affected two days | Miguel Diaz - 09/09/24  7:52:37 AM: Troubleshoot found the solenoid valve to be faulty called Thomas returns for part availability this solenoid is not like normal current solenoids its using 110 v when todays solenoid uses 24 v .Manufacturer is trying to find the replacement .Shop is currently having to move the parts over by hand .",[]
63,EQ ID 63,"Return System, Thomas, 1040 Edgebander",Toilet Partitions,13950,12/03/2024,2. General Maint - High Priority,Operator advised the return system stops intermittently since last week ?,Closed and Completed,0,0.3,Mike d,0,12/03/2024 12:00 AM,Miguel Diaz - 12/03/24  7:53:44 AM: Found loose potentiometer knob and center white  wire came loose .Soldered the wire back on and tighten the potentiometer .,[]
63,EQ ID 63,"Return System, Thomas, 1040 Edgebander",Toilet Partitions,14265,01/06/2025,2. General Maint - High Priority,Lead /Operator advised the  panels are getting stuck / turning sideways at the end when passing panels not all but some noticed warped panels are the issue .,Closed and Completed,0,0.3,Mike d,0.3,01/06/2025 12:00 AM,Miguel Diaz - 01/06/25  9:28:41 AM: Found that the return system was higher on one corner to take up the panel drop now that we added a second rail it sits too high causing it to turn side ways .Lowered the return system on that end panels are now coming out straight without issues .,[]
63,EQ ID 63,"Return System, Thomas, 1040 Edgebander",Toilet Partitions,18482,02/16/2026,1. Prod Stopped,When time permits could we get the band on the edgebander causing components to fall off the return system. Please see attached. The team goes to lunch at 10 could we have some come then please.,Closed and Completed,0,0.5,Max,0,02/17/2026 02:30 PM,"Gabriel Shinobi - 02/17/26  2:59:33 PM: rewelded rubber line, working normally","[{'name': 'f50c53aa-dc36-4946-8b1f-f5e2ce3dafee.jpg', 'url': 'https://circaweb.bobrick.com/PME/Forms/DownloadAttachment/905?guid=1e94764b-fe86-459c-a7da-e951e56e93ea'}, {'name': '6224576d-bc9c-49b2-86ee-4e937cd8ac0e.jpg', 'url': 'https://circaweb.bobrick.com/PME/Forms/DownloadAttachment/906?guid=1e94764b-fe86-459c-a7da-e951e56e93ea'}]"
63,EQ ID 63,"Return System, Thomas, 1040 Edgebander",Toilet Partitions,19472,05/18/2026,1. Prod Stopped,"The bands on the return system snapped off at the end of the bander, this is causing issues with the stile not returning on the return system . When time permits could we get this fixed.",Closed and Completed,0,0.3,Shinobi,0,05/18/2026 08:00 AM,Gabriel Shinobi - 05/18/26  9:53:08 AM: replaced orange band,[]
63,EQ ID 63,"Return System, Thomas, 1040 Edgebander",Toilet Partitions,19474,05/18/2026,"3. Prod Affected, Not Stopped","The return system is missing rubber bands to facilitate the movements of components. Components are getting stuck at the back, resulting in the operator having to walk back there and loosen them up. As a result of this action, a near miss incident just occured, where the employee was attempting to loosen a stile, lost his footing, and the stile fell over the edge of the return system, and onto his left foot, striking his steel toe but also part of his ankle.",Closed and Completed,0,0.5,Shinobi,0,05/19/2026 12:00 AM,Gabriel Shinobi - 05/20/26 11:51:40 AM: installed new rubber line,[]
63,EQ ID 63,"Return System, Thomas, 1040 Edgebander",Toilet Partitions,19872,06/16/2026,1. Prod Stopped,"The adjustment made on the return system is sitting to high causing the boards to hit and get stuck, when time permits please come take a look a this.",Closed and Completed,0,0.5,Shinobi,0,06/16/2026 11:30 AM,"Gabriel Shinobi - 06/16/26 11:57:29 AM: added spacers, cut bracket for fitment, swapped to longer screws, working normally",[]
63,EQ ID 63,"Return System, Thomas, 1040 Edgebander",Toilet Partitions,19837,06/12/2026,1. Prod Stopped,"Return system issues, the components are getting stuck at the back end.",Closed and Completed,0,2,Shinobi,0,07/11/2026 12:00 AM,"Gabriel Shinobi - 07/23/26  9:12:18 AM: all trays replaced | Gabriel Shinobi - 06/15/26  9:23:29 AM: Saturday, replaced orange belt pully, Re aligned V belt, cleaned drive belt for front two orange belt, covered in WD-40, will return to tighten additional belts | Gabriel Shinobi - 06/12/26 11:05:46 AM: replaced, missing  orange belt, found components twisting as they come out triggering the sensor early, as well orange belts struggling to move panels, will need to return to tighten up belts, noticed driving V belt  twisted the wrong way, will return to adjust it",[]
158,EQ ID 158,"Return System, Thomas, Laminate Trimmer",Toilet Partitions,1487,05/26/2022,"3. Prod Affected, Not Stopped","We are having chipping problem on the HPL Trimmer, could i have you guys make the necessary adjustments to the blade .",Closed Without Action,0,0,MIKE,0,05/25/2022 12:00 AM,Miguel Diaz - 05/25/22  8:33:40 AM: WRONG MACHINE,[]
158,EQ ID 158,"Return System, Thomas, Laminate Trimmer",Toilet Partitions,2276,08/29/2022,4. Prod Continuing but Affected Equipment stopped,Operators advised part got stuck on the first band and ripped .,Closed and Completed,0,0.3,Mike Diaz,0,08/29/2022 12:00 AM,Miguel Diaz - 08/29/22 12:12:58 PM: Re-attach orange belt during shops lunch break .,[]
158,EQ ID 158,"Return System, Thomas, Laminate Trimmer",Toilet Partitions,2411,09/20/2022,4. Prod Continuing but Affected Equipment stopped,Operators advised yesterday a orange band from the return system ripped .,Closed and Completed,100,0.5,Mike D,0,09/20/2022 12:00 AM,Miguel Diaz - 09/20/22  9:00:31 AM: Replaced orange band with a new one this morning .,[]
158,EQ ID 158,"Return System, Thomas, Laminate Trimmer",Toilet Partitions,3993,01/16/2023,2. General Maint - High Priority,The belt in the front broken.,Closed and Completed,0,0.2,Max,0,01/16/2023 07:30 AM,Maksim Bushka - 01/16/23  7:43:31 AM: fixed the belt by gluing with heat gun.,[]
158,EQ ID 158,"Return System, Thomas, Laminate Trimmer",Toilet Partitions,4903,03/18/2023,2. General Maint - High Priority,While doing laminate cell maintenance i found the outfeed shaft walked over and is not sitting correctly in the bearing,Closed and Completed,0,1.2,Mike D,0,03/18/2023 12:00 AM,Miguel Diaz - 03/20/23  6:37:57 AM: Loosen shaft and moved it over to the correct position and locked it in place .,[]
158,EQ ID 158,"Return System, Thomas, Laminate Trimmer",Toilet Partitions,6193,06/24/2023,"3. Prod Affected, Not Stopped",Operator reported first belt is loose and caused one of the panels top break the plastic overhang,Closed and Completed,0,0.3,Mike D,0,06/26/2023 12:00 AM,Miguel Diaz - 06/26/23  8:01:45 AM: Cut and shorten orange belt as requested Please note warped panel would cause this also also too much plastic over hang would cause this also .,[]
158,EQ ID 158,"Return System, Thomas, Laminate Trimmer",Toilet Partitions,6929,08/21/2023,2. General Maint - High Priority,The speed control on the Return system is not working could we have you guys take a look at this please.,Closed and Completed,40,0.5,MiKE MAX,0,08/21/2023 12:00 AM,Miguel Diaz - 08/21/23  2:00:22 PM: Found speed potentiometer pulled out of its socket making it not work .Had to soder a new  in place .Return system is working properly again,[]
158,EQ ID 158,"Return System, Thomas, Laminate Trimmer",Toilet Partitions,7012,08/26/2023,4. Prod Continuing but Affected Equipment stopped,Operators advised they are running a delicate plastic and noticed it scratched from the bottom and pointed out that the return system has a transition metal plate sticking up they advised something must had gotten stuck underneath it lifting it up .,Closed and Completed,0,0.4,Mike d,0,08/26/2023 12:00 AM,Miguel Diaz - 08/26/23  9:06:25 AM: Fixed the metal plate that supports the  round belt  that was slightly higher than the others .,[]
158,EQ ID 158,"Return System, Thomas, Laminate Trimmer",Toilet Partitions,7190,09/12/2023,2. General Maint - High Priority,On the return system for the HPL side one of there is one or two rolls not rolling causing some scratching to components,Closed and Completed,0,0.2,Mike d,0,09/12/2023 12:00 AM,"Miguel Diaz - 09/12/23  8:21:29 AM: This was fixed as soon as the operator told me .
Replaced worn out roller that was not spinning causing drag marking the underside of the panels with another one from the front that is stationary .",[]
158,EQ ID 158,"Return System, Thomas, Laminate Trimmer",Toilet Partitions,7323,09/23/2023,"5. Prod Ongoing, Maint Required",ON light for the controller is not ON .,Closed and Completed,5,0.4,Mike d,0,09/23/2023 12:00 AM,"Miguel Diaz - 09/23/23  2:25:00 PM: Could not remove bulb have to break bulb to remove it .
Replaced bulb light is back on",[]
158,EQ ID 158,"Return System, Thomas, Laminate Trimmer",Toilet Partitions,10344,02/13/2024,2. General Maint - High Priority,E - stop came off operator handed over to me,Closed and Completed,40,0.4,Mike d,0,02/13/2024 12:00 AM,Miguel Diaz - 02/13/24 12:31:05 PM: Placed e-stop back on but it was getting getting stuck replaced stop .,[]
158,EQ ID 158,"Return System, Thomas, Laminate Trimmer",Toilet Partitions,10549,02/27/2024,6. General Maint,Operator advised two orange belts ripped when a piece got stuck .He advised both belts were holding ON together by a thread .,Closed and Completed,0,0.4,Mike d,0,02/27/2024 12:00 AM,Miguel Diaz - 02/28/24  5:38:09 AM: Re glued belts back together and adjusted tension .,[]
158,EQ ID 158,"Return System, Thomas, Laminate Trimmer",Toilet Partitions,16537,07/30/2025,2. General Maint - High Priority,"The return system on the HPL is being faulty, when time permits could you guys take a look at it please. See Jonathan.",Closed and Completed,0,0.3,Max,0,07/30/2025 04:00 PM,Maksim Bushka - 07/30/25  5:55:23 PM: Glued back the orange belt.,[]
158,EQ ID 158,"Return System, Thomas, Laminate Trimmer",Toilet Partitions,16775,08/21/2025,1. Prod Stopped,One of the orange belt broken.,Closed and Completed,30,0.3,Max,0,08/21/2025 05:30 PM,Maksim Bushka - 08/21/25  7:06:44 PM: Replaced the orange belt.,[]
158,EQ ID 158,"Return System, Thomas, Laminate Trimmer",Toilet Partitions,16903,09/03/2025,1. Prod Stopped,"Good morning, the return system on the Trimer stopped working. the front and back still move but the middle section stopped moving. When time permits could you guys take a look at it.",Closed and Completed,0,2,Shinobi,2,09/03/2025 09:30 AM,"Gabriel Shinobi - 09/03/25  9:49:30 AM: found belt torn, replaced belt","[{'name': '80717f2e-2ab1-4b3c-bbd7-912ef7a3d361.jpg', 'url': 'https://circaweb.bobrick.com/PME/Forms/DownloadAttachment/817?guid=8a9a370f-799c-4ec0-a442-e8a505505349'}]"
158,EQ ID 158,"Return System, Thomas, Laminate Trimmer",Toilet Partitions,18682,03/09/2026,1. Prod Stopped,One of the bands snapped off on the return system on the HPL Trimmer. We have paused production to avoid any scratches happening on the components,Closed and Completed,0,0.3,Max,0,03/09/2026 01:00 PM,Maksim Bushka - 03/09/26  2:22:11 PM: Replaced the orange belt.,"[{'name': 'de4c6f33-dff3-4d13-baa3-317ecd5d24b0.jpg', 'url': 'https://circaweb.bobrick.com/PME/Forms/DownloadAttachment/924?guid=07c827c8-e04f-4224-ba8c-86aacc10c726'}, {'name': '7561c772-022d-4420-b75c-0acdcf5a7808.jpg', 'url': 'https://circaweb.bobrick.com/PME/Forms/DownloadAttachment/925?guid=07c827c8-e04f-4224-ba8c-86aacc10c726'}]"
158,EQ ID 158,"Return System, Thomas, Laminate Trimmer",Toilet Partitions,19061,04/10/2026,1. Prod Stopped,"We are getting scratches on hpl material, seems like one of the pully on the return system is missing a rubber band causing scratching on the material. Could we have one of you guys put a new band please.",Closed and Completed,0,0.5,Max,0,04/30/2026 12:00 AM,,[]
156,EQ ID 156,"Return System, Thomas, 1/2"" Solid Panels",Toilet Partitions,1578,06/04/2022,4. Prod Continuing but Affected Equipment stopped,Found long transfer belt ripped needs to be replaced,Closed and Completed,80,0.35,Mike diaz,0,06/04/2022 12:00 AM,Miguel Diaz - 06/06/22  6:52:37 AM: Replaced belt,[]
156,EQ ID 156,"Return System, Thomas, 1/2"" Solid Panels",Toilet Partitions,3219,11/10/2022,1. Prod Stopped,"Mike pointed out that the return system had shifted, causing wear on some parts.",Closed and Completed,0,1,Mike Diaz Max,1,11/11/2022 12:00 AM,Miguel Diaz - 11/11/22  7:55:13 AM: Had to stop production to fix this before it got worse loosen  the shaft set screws and roller assembly shifted all of it back to where it needs to be .Open the attachments to view before and after .,"[{'name': '1-2 after.jpg', 'url': 'https://circaweb.bobrick.com/PME/Forms/DownloadAttachment/166?guid=2ffaf9c6-378d-4ea6-8dbd-11e310d2c3df'}, {'name': '1-2 before.jpg', 'url': 'https://circaweb.bobrick.com/PME/Forms/DownloadAttachment/167?guid=2ffaf9c6-378d-4ea6-8dbd-11e310d2c3df'}]"
156,EQ ID 156,"Return System, Thomas, 1/2"" Solid Panels",Toilet Partitions,3608,11/14/2022,2. General Maint - High Priority,Found return system making a noise from one of the bearings .,Closed and Completed,40,2,Mike Diaz,0,12/10/2022 12:00 AM,"Miguel Diaz - 12/13/22  6:53:19 AM: Found bearing broken and missing a piece from it causing it to not rotate evenly and is grinding into  shaft .
Ordered replacement bearing from Thomas returns replaced it this past weekend rotated bearing the opposite way so it has a round place to lock the set screws .",[]
156,EQ ID 156,"Return System, Thomas, 1/2"" Solid Panels",Toilet Partitions,10482,02/21/2024,"5. Prod Ongoing, Maint Required",Operator advised orange belt broke,Closed and Completed,0,0.3,Mike d,0,02/21/2024 12:00 AM,Miguel Diaz - 02/22/24  8:12:08 AM: Remount orange belt and melted it together .,[]
156,EQ ID 156,"Return System, Thomas, 1/2"" Solid Panels",Toilet Partitions,10844,03/28/2024,1. Prod Stopped,Infeed belt broke,Closed and Completed,40,0.3,MIKE D,0.3,03/28/2024 12:00 AM,Miguel Diaz - 03/28/24  6:52:23 AM: Replaced belt,[]
156,EQ ID 156,"Return System, Thomas, 1/2"" Solid Panels",Toilet Partitions,12658,08/06/2024,"5. Prod Ongoing, Maint Required","Operator advised two orange belts seem to be stretched, parts are getting caught from time to time .",Closed and Completed,0,0.5,Mike d,0,08/06/2024 12:00 AM,Miguel Diaz - 08/06/24 11:13:57 AM: Replaced one belt since it cannot be shortened down since its an original belt with thread on the inside the other was cut and shortened .,[]
156,EQ ID 156,"Return System, Thomas, 1/2"" Solid Panels",Toilet Partitions,16688,08/14/2025,1. Prod Stopped,Evolve cell. one of the belts on the return system snapped off. Could we have you guys take a look at this .,Closed and Completed,0,0.3,Max,0,08/14/2025 12:30 PM,Maksim Bushka - 08/14/25 12:30:18 PM: Shorten the orange belt and glued back.,[]
156,EQ ID 156,"Return System, Thomas, 1/2"" Solid Panels",Toilet Partitions,18229,01/16/2026,1. Prod Stopped,"Team - We notice that on the return system of the 1/2"" one of the sections sits higher, this may cause damages to the panels. Please see picture for reference.",Closed and Completed,0,0,Shinobi,0,01/15/2026 12:00 AM,Gabriel Shinobi - 01/19/26  5:49:36 AM: table adjusted,"[{'name': '4c20f590-77c1-4d2a-828e-5a3b4d5ef849.jpg', 'url': 'https://circaweb.bobrick.com/PME/Forms/DownloadAttachment/886?guid=629e22ce-fea6-4bc4-996e-0eb94473c56a'}, {'name': '8377e0eb-ceef-4464-baa7-d7755c981221.jpg', 'url': 'https://circaweb.bobrick.com/PME/Forms/DownloadAttachment/887?guid=629e22ce-fea6-4bc4-996e-0eb94473c56a'}]"
5218,EQ ID 5218,2 gallon glue tank with hand held glue nozzle gun,Toilet Partitions,6255,06/29/2023,6. General Maint,Operator advised the Hand held glue gun is not retracting and keeps the glue flowing when used it takes them to manually pull the trigger back to stop the glue flow .,Closed and Completed,149.84,0.6,Mike diaz,0,06/29/2023 12:00 AM,Miguel Diaz - 06/29/23  7:33:02 AM: Ordered and replaced glue gun .,[]
5218,EQ ID 5218,2 gallon glue tank with hand held glue nozzle gun,Toilet Partitions,9711,01/15/2024,"5. Prod Ongoing, Maint Required",Operator advised the  glue nozzle is not working and glue chunks are coming out .,Closed and Completed,0,0.8,Mike diaz,0,01/15/2024 12:00 AM,Miguel Diaz - 01/15/24 12:04:33 PM: After digging in further operator advised they been using the last bit of the glue from the glue drum  which is glue chucks which clogged the 2 gallon tank and the air line along with the nozzle .Removed glue container filled the container with hot water and filled up it halfway turned up the psi and pushed out all the junk the air line and nozzle had in the system .I was advised the shop is out of glue and are using what they have in the glue container  to keep going to and making stiles .,[]
1503,EQ ID 1503,"Router, CNC, Anderson Stratos/Nest TC+D",Toilet Partitions,1031,04/05/2022,4. Prod Continuing but Affected Equipment stopped,Operator advised to us to replace the table gasket .Please note this table jig is not deep enough this is why we are having issues the slot needs to be deeper so the gasket is sticking up as much we will continue to have issues till this is fixed .,Closed and Completed,0,1,Mike diaz,0,04/05/2022 12:00 AM,Miguel Diaz - 04/06/22  7:14:24 AM: Replaced gasket,[]
1503,EQ ID 1503,"Router, CNC, Anderson Stratos/Nest TC+D",Toilet Partitions,1159,04/19/2022,1. Prod Stopped,Operator advised machine vacuum turned off by itself Display is showing overload alert.,Closed and Completed,0,1.1,Mike Diaz Bart Lea,1,04/19/2022 12:00 AM,Miguel Diaz - 04/19/22 11:26:26 AM: Turned machine off locked out machine checked for anything tripped found wire with corrosion and covering is gone .Checked length of 8 Awg wire we have enough to cut out the bad section of wire  and re-insert .Found several  loose connections tightened all hardware .Creating a pm to check for loose hardware once a month .See attachment to view picture of wire if needed .,"[{'name': 'router 4-19-22 1.jpg', 'url': 'https://circaweb.bobrick.com/PME/Forms/DownloadAttachment/14?guid=dc3127fb-f7c3-4193-9f74-4e7ea6b1c452'}, {'name': 'router 4-19-22 2.jpg', 'url': 'https://circaweb.bobrick.com/PME/Forms/DownloadAttachment/15?guid=dc3127fb-f7c3-4193-9f74-4e7ea6b1c452'}]"
1503,EQ ID 1503,"Router, CNC, Anderson Stratos/Nest TC+D",Toilet Partitions,1412,05/17/2022,4. Prod Continuing but Affected Equipment stopped,Operator advised the lead the machine will not start up because the keyence photo sensor alarm has an error .,Closed and Completed,0,0.3,Mike,0,05/17/2022 12:00 AM,Miguel Diaz - 05/17/22  1:08:54 PM: Found Alert on the machine says the window has contaminants .i observed a hit on the window nothing big but enough to trip it .Cleared the alarm for normal operation .,[]
1503,EQ ID 1503,"Router, CNC, Anderson Stratos/Nest TC+D",Toilet Partitions,1460,05/23/2022,1. Prod Stopped,Operator advised display says fan failure,Closed and Completed,0,0.5,Mike Bart,0.5,05/23/2022 12:00 AM,Miguel Diaz - 05/23/22  8:56:02 AM: Found computer fan on its side .secured fan machine is back up .,[]
1503,EQ ID 1503,"Router, CNC, Anderson Stratos/Nest TC+D",Toilet Partitions,1546,06/01/2022,4. Prod Continuing but Affected Equipment stopped,Operator advised the table jig gasket needs to be replaced  its ripped .,Closed and Completed,40,0.4,Mike d,0,06/01/2022 12:00 AM,Miguel Diaz - 06/01/22 12:53:34 PM: Replaced gasket,[]
1503,EQ ID 1503,"Router, CNC, Anderson Stratos/Nest TC+D",Toilet Partitions,2206,08/19/2022,4. Prod Continuing but Affected Equipment stopped,Operator requested we replace the table jig gasket last operator left it torn up .,Closed and Completed,40,0.5,Mike Diaz,0,08/19/2022 12:00 AM,Miguel Diaz - 08/19/22 10:54:19 AM: Replaced gasket as requested,[]
1503,EQ ID 1503,"Router, CNC, Anderson Stratos/Nest TC+D",Toilet Partitions,2442,09/22/2022,4. Prod Continuing but Affected Equipment stopped,While walking by the machine i found the main duct hose ripped in several sections .,Closed and Completed,0,0.6,Mike D,0,09/22/2022 12:00 AM,Miguel Diaz - 09/22/22  9:38:30 AM: Hose was long enough to remove the ripped part of it out and reconnect .Used scissor lift to close the vent while i trimmed the hose,[]
1503,EQ ID 1503,"Router, CNC, Anderson Stratos/Nest TC+D",Toilet Partitions,3262,11/15/2022,2. General Maint - High Priority,"rubbers on the suction table needs to be replaced
&
add 2 more additional suction holes",Closed and Completed,25,0.6,Mike Max,0.4,11/17/2022 12:00 AM,Miguel Diaz - 11/17/22  8:05:47 AM: Replaced jig gasket and drilled jig for two holes as requested .,[]
1503,EQ ID 1503,"Router, CNC, Anderson Stratos/Nest TC+D",Toilet Partitions,3344,11/28/2022,1. Prod Stopped,Vacuum not working.,Closed and Completed,0,0.4,Mike,0.4,11/28/2022 12:00 AM,Miguel Diaz - 11/28/22  9:22:04 AM: Found air filter full of dust usually this is done when i do maintenance but the operators should learn to clean the air filter as well .Pedro saw me clean it   he knows for next time . | Miguel Diaz - 11/28/22  8:39:40 AM: working on troubleshooting now .,[]
1503,EQ ID 1503,"Router, CNC, Anderson Stratos/Nest TC+D",Toilet Partitions,4562,02/23/2023,2. General Maint - High Priority,Need to change black seal for gapless board.,Closed and Completed,50,0,Max,0,02/23/2023 08:30 AM,Maksim Bushka - 02/23/23  9:45:02 AM: Removed the old seal and installed new seal.,[]
1503,EQ ID 1503,"Router, CNC, Anderson Stratos/Nest TC+D",Toilet Partitions,4728,03/06/2023,2. General Maint - High Priority,The cylinders that holding the caver need to be replaced.,Closed and Completed,150,0.3,Max,0,03/08/2023 11:00 AM,Maksim Bushka - 03/08/23 11:20:02 AM: Replaced bouth cilinders  B12/=500 PART # 41258019,[]
1503,EQ ID 1503,"Router, CNC, Anderson Stratos/Nest TC+D",Toilet Partitions,4842,03/15/2023,1. Prod Stopped,"Need ME support to make a new table for the Andy, yesterday one of our bits got loose and did some damage to the table causing it to lose suction along with the pins not holding in place.",Closed and Completed,0,2.5,Nelson Matt Sam,0,03/17/2023 12:00 AM,Miguel Diaz - 03/18/23 10:21:43 AM: This was done yesterday by Nelson and ME.,[]
1503,EQ ID 1503,"Router, CNC, Anderson Stratos/Nest TC+D",Toilet Partitions,5199,04/10/2023,2. General Maint - High Priority,The operator requested new gasket.,Closed and Completed,30,0.3,Max,0,04/10/2023 11:00 AM,Maksim Bushka - 04/10/23 11:05:23 AM: Replaced the robber gasket in Anderson router.,[]
1503,EQ ID 1503,"Router, CNC, Anderson Stratos/Nest TC+D",Toilet Partitions,6544,07/20/2023,4. Prod Continuing but Affected Equipment stopped,Operator advised table jig gasket needs to be replaced he advised its moving.,Closed and Completed,20,0.4,Mike Diaz,0,07/20/2023 12:00 AM,Miguel Diaz - 07/20/23  9:28:14 AM: Removed and replaced gasket material on jig .,[]
1503,EQ ID 1503,"Router, CNC, Anderson Stratos/Nest TC+D",Toilet Partitions,6626,07/27/2023,"5. Prod Ongoing, Maint Required",Operator advised gasket was damaged yesterday,Closed and Completed,20,0.3,Mike D,0,07/27/2023 12:00 AM,Miguel Diaz - 07/27/23 10:20:09 AM: Replaced damaged gasket,[]
1503,EQ ID 1503,"Router, CNC, Anderson Stratos/Nest TC+D",Toilet Partitions,6644,07/29/2023,1. Prod Stopped,Operator advised the gasket i just replaced last week came apart and needs to be replaced,Closed and Completed,20,0.3,Mike,0.3,07/29/2023 12:00 AM,"Miguel Diaz - 07/31/23  9:40:48 AM: Replaced gasket seems like gasket is still above the table new material needs to be found asap .
New jig that was made was not corrected to be routed deeper so that the gasket may sit deeper and not stick up so high .",[]
1503,EQ ID 1503,"Router, CNC, Anderson Stratos/Nest TC+D",Toilet Partitions,6981,08/24/2023,2. General Maint - High Priority,The robber in the table is worn out.,Closed and Completed,30,0.3,Max,0,08/24/2023 11:30 AM,Maksim Bushka - 08/24/23 12:30:56 PM: Replaced the robber on the table.,[]
1503,EQ ID 1503,"Router, CNC, Anderson Stratos/Nest TC+D",Toilet Partitions,7103,09/05/2023,"3. Prod Affected, Not Stopped",Operator advised after doing a tool touch off the router was not gapping properly and was gapping too deep,Closed and Completed,0,0.4,Ramon dela mora,0,09/01/2023 12:00 AM,Miguel Diaz - 09/05/23  7:54:36 AM: Senior grade 7 Ramon dela mora came over and found that a number for the tool off setting was moved and was at 10 when it should be at 11 .This fixed the issue .This was a work order from Friday 9-1-2023 adding to the machine pm for future use if needed .,[]
1503,EQ ID 1503,"Router, CNC, Anderson Stratos/Nest TC+D",Toilet Partitions,7513,10/09/2023,1. Prod Stopped,Operator advised monitor does not turn on,Closed and Completed,50,1.3,Mike diaz,1,10/09/2023 12:00 AM,"Miguel Diaz - 10/09/23 10:11:00 AM: IT advised to run the set up for the date and time for the error message after doing  so computer monitor did not turn back on again .
IT then advised to replaced the computer battery .After replacing the battery all turned back on . | Miguel Diaz - 10/09/23  7:33:37 AM: Troubleshoot found monitor unresponsive when i would power it off manually and turn it back on it would go to power saving mode .Replaced monitor   with used spare machine is back up and running .Old monitor was using  HDMI cable replacement had to use VGA  cable .Operators pointed out that a message started showing up a few weeks ago .Open attachment to view I will reach out to IT to fix  the error message i will also ask them if they want to leave the replacement monitor or buy a exact replacement .","[{'name': 'dell monitor info.jpg', 'url': 'https://circaweb.bobrick.com/PME/Forms/DownloadAttachment/428?guid=344b5476-4651-4634-957e-8be1956d0fc5'}, {'name': 'andi error.jpg', 'url': 'https://circaweb.bobrick.com/PME/Forms/DownloadAttachment/429?guid=344b5476-4651-4634-957e-8be1956d0fc5'}]"
1503,EQ ID 1503,"Router, CNC, Anderson Stratos/Nest TC+D",Toilet Partitions,7551,10/10/2023,1. Prod Stopped,"The screen on the Andy won't turn on, seems like the same issue we had yesterday.",Closed and Completed,0,0.3,Mike d Eddie B,0.3,10/10/2023 12:00 AM,Miguel Diaz - 10/11/23  1:20:21 PM: Eddie from IT came down and assist with the bios setting computer is now turning on when machine is being turned on . | Miguel Diaz - 10/10/23  8:06:34 AM: Anderson tech advised that when the battery was replaced yesterday on the computer the setting was lost IT is coming down today to change the bios setting back to how it was fixing the issue . | Miguel Diaz - 10/10/23  6:38:45 AM: I found the issue the button that turns on the computer  on the control panel is not turning it on the computer  .I manually turned the computer on and  its working .Machine is up and running for now we will turn on the computer manually  the front has a small door to do this exact thing .I will reach out to Anderson America for support on what part needs to be replaced to fix this issue .,[]
1503,EQ ID 1503,"Router, CNC, Anderson Stratos/Nest TC+D",Toilet Partitions,7702,10/17/2023,6. General Maint,The robber on the top is worn out.,Closed and Completed,50,1,Max,0,10/17/2023 09:00 AM,Maksim Bushka - 10/17/23  9:03:42 AM: Replaced the robber seal on the top of the table.,[]
1503,EQ ID 1503,"Router, CNC, Anderson Stratos/Nest TC+D",Toilet Partitions,8189,11/30/2023,1. Prod Stopped,Tool carousel button does not work operator cannot remove the tool holder to replace the router bit,Closed and Completed,200,1.5,Mike D Max B,1.5,11/30/2023 12:00 AM,"Miguel Diaz - 12/05/23  8:55:32 AM: Received the replacement push button switch axis direction Part# 60410185 replaced it just now .Machine is back up and running back to normal .
We have a spare button when needed in the future . | Miguel Diaz - 11/30/23  9:57:08 AM: Manually removed the tool by disengaging the doors to the tool  carousel operator replaced the router bit machine is back up .Looking up the part # now to order a replacement and a spare .",[]
1503,EQ ID 1503,"Router, CNC, Anderson Stratos/Nest TC+D",Toilet Partitions,11302,04/15/2024,1. Prod Stopped,"The Anderson is down, the bit got stuck and won't release tool even after we tried clearing the AIR LINE.",Closed Without Action,0,0,md,0,04/15/2024 12:00 AM,Miguel Diaz - 04/15/24 11:06:23 AM: Operator cleared the error,[]
1503,EQ ID 1503,"Router, CNC, Anderson Stratos/Nest TC+D",Toilet Partitions,12131,06/17/2024,6. General Maint,Something is bouncing around inside the main duct hose for the router,Closed and Completed,214,0.7,Mike d,0,06/17/2024 12:00 AM,"Miguel Diaz - 06/17/24  1:20:32 PM: Removed lower end and found a stopper from the jig table .
While there i found the hose with several rips and replaced it  8 x 13 part #5845K26 from Mc Master Carr .",[]
1503,EQ ID 1503,"Router, CNC, Anderson Stratos/Nest TC+D",Toilet Partitions,12617,08/02/2024,1. Prod Stopped,The robber on the table ripped off.,Closed and Completed,50,0.3,Max,0,08/02/2024 03:30 PM,Maksim Bushka - 08/02/24  4:39:46 PM: Replaced the holding rubber on the table.,[]
1503,EQ ID 1503,"Router, CNC, Anderson Stratos/Nest TC+D",Toilet Partitions,13715,11/07/2024,"3. Prod Affected, Not Stopped",Need a new filter for the Anderson.  Having trouble with the vacuum,Closed and Completed,0,0.42,PU & Pedro,0,11/07/2024 12:00 AM,Primo Uy - 11/07/24  1:32:32 PM: Main Filter replaced.,[]
1503,EQ ID 1503,"Router, CNC, Anderson Stratos/Nest TC+D",Toilet Partitions,14062,12/11/2024,1. Prod Stopped,Supervisor notify the robber seal on the table needs to be replaced.,Closed and Completed,30,0.3,Max,0,12/11/2024 07:30 PM,Maksim Bushka - 12/11/24  7:46:49 PM: Replaced the robber seal.,[]
1503,EQ ID 1503,"Router, CNC, Anderson Stratos/Nest TC+D",Toilet Partitions,14388,01/16/2025,1. Prod Stopped,When time permits could we get the seal on the table replaced please.,Closed and Completed,30,0.3,Max,0,01/16/2025 02:00 PM,Maksim Bushka - 01/16/25  1:48:40 PM: Replaced the seal.,[]
1503,EQ ID 1503,"Router, CNC, Anderson Stratos/Nest TC+D",Toilet Partitions,14477,01/27/2025,1. Prod Stopped,Anderson router is not picking up the dust from the parts,Closed and Completed,0,6,Md Gabriel Ramon,6,01/27/2025 12:00 AM,Miguel Diaz - 01/27/25 12:20:37 PM: Found stuck solenoid valve machine is working properly now | Miguel Diaz - 01/27/25 10:24:03 AM: Found one of the cylinders for the flap faulty replaced cylinder need to order replacement .Found machine out of sequence found tool carousel hitting each other  not letting the doors close properly and adjusting the doors i had Re entered the tool preset numbers .Machine works except when doing a tool touch off it stays 8 '' above the tool touch off tool .Waiting for tech support .,[]
1503,EQ ID 1503,"Router, CNC, Anderson Stratos/Nest TC+D",Toilet Partitions,14875,02/27/2025,1. Prod Stopped,Operator notify the vacuum seal on the table is broken.,Closed and Completed,50,0.3,Max,0,02/27/2025 05:00 PM,Maksim Bushka - 02/27/25  5:15:13 PM: Replaced the robber seal on the table.,[]
1503,EQ ID 1503,"Router, CNC, Anderson Stratos/Nest TC+D",Toilet Partitions,15126,03/20/2025,1. Prod Stopped,Operator reported no air pressure holding the components down,Closed and Completed,0,0.2,G Shinobi,0,03/20/2025 10:00 AM,"Gabriel Shinobi - 03/20/25 10:35:36 AM: checked compressor , cleared out air line. pressure back to normal. working normally",[]
1503,EQ ID 1503,"Router, CNC, Anderson Stratos/Nest TC+D",Toilet Partitions,15201,03/28/2025,"3. Prod Affected, Not Stopped",Anderzon gapless table seal for the vacuum system needs to be replace,Closed and Completed,0.5,0.5,Max,0,03/28/2025 04:00 PM,"Gabriel Shinobi - 04/01/25  8:47:32 AM: disconnected air pump cleared out air line, nothing stuck, checked cutout table found a few through holes. used rubber to fill in all holes. tested, cutout table now working normally ok to continue working",[]
1503,EQ ID 1503,"Router, CNC, Anderson Stratos/Nest TC+D",Toilet Partitions,15231,04/01/2025,1. Prod Stopped,"advised by operator, Anderson air suction pressure too low",Closed and Completed,0,1,G Shinobi,1,04/01/2025 08:30 AM,"Gabriel Shinobi - 04/01/25  8:44:40 AM: disconnected air pump cleared out air line, nothing stuck, checked cutout table found a few through holes. used rubber to fill in all holes. tested, cutout table now working normally ok to continue working",[]
1503,EQ ID 1503,"Router, CNC, Anderson Stratos/Nest TC+D",Toilet Partitions,15297,04/04/2025,1. Prod Stopped,The operator notify the robber gasket is worn out.,Closed and Completed,30,0.3,Max,0,04/04/2025 02:30 PM,Maksim Bushka - 04/04/25  2:29:17 PM: Replaced the robber gasket on the table.,[]
1503,EQ ID 1503,"Router, CNC, Anderson Stratos/Nest TC+D",Toilet Partitions,15497,04/24/2025,1. Prod Stopped,"operator advised, cutout table not holding pressure correctly",Closed and Completed,0,0.3,Shinobi,0,04/24/2025 01:30 AM,Gabriel Shinobi - 04/24/25  1:53:15 PM: found additional holes leaking air. plugged them with rubber. pressure back up and normal. working properly ok to continue to use,[]
1503,EQ ID 1503,"Router, CNC, Anderson Stratos/Nest TC+D",Toilet Partitions,15494,04/24/2025,"3. Prod Affected, Not Stopped",operator advised motor sounds like it is struggling,Closed and Completed,0,0.2,G Shinobi,0.2,04/24/2025 09:30 AM,"Gabriel Shinobi - 04/24/25  9:50:57 AM: cleaned out filters, added grease to motors. working normally. ok to continue using",[]
1503,EQ ID 1503,"Router, CNC, Anderson Stratos/Nest TC+D",Toilet Partitions,15631,05/05/2025,2. General Maint - High Priority,The operator notify the oil is low,Closed and Completed,0.2,0.2,Gabriel & Max,0,05/05/2025 03:00 PM,Maksim Bushka - 05/05/25  2:55:40 PM: Filled up with motor oil.,[]
1503,EQ ID 1503,"Router, CNC, Anderson Stratos/Nest TC+D",Toilet Partitions,15718,05/12/2025,1. Prod Stopped,Ramon notify the bottom seal of the table needs to be replaced.,Closed and Completed,20,0.2,Ramon & Max,0,05/12/2025 01:30 PM,Maksim Bushka - 05/12/25  1:27:18 PM: Replaced the bottom seal.,[]
1503,EQ ID 1503,"Router, CNC, Anderson Stratos/Nest TC+D",Toilet Partitions,15771,05/16/2025,"3. Prod Affected, Not Stopped",Rubber cushion on the middle of the table come off. Need to be replace.,Closed and Completed,0,0.35,PU,0,05/16/2025 12:00 AM,Primo Uy - 05/16/25 12:29:52 PM: Done. Already replace and the router is now running properly.,[]
1503,EQ ID 1503,"Router, CNC, Anderson Stratos/Nest TC+D",Toilet Partitions,15851,05/22/2025,1. Prod Stopped,"The Anderson is having issues Air pressure , routing is unable to start  .",Closed and Completed,0,1,"PU, Shinobi",1,05/23/2025 07:00 AM,"Gabriel Shinobi - 05/23/25  7:40:51 AM: Replaced bottom seal. Andy working normally ok to continue using | Gabriel Shinobi - 05/22/25 11:02:29 AM: removed bottom seal, ordered more to replace. will keep open until seal arrives, currently working normally.",[]
1503,EQ ID 1503,"Router, CNC, Anderson Stratos/Nest TC+D",Toilet Partitions,15961,06/04/2025,1. Prod Stopped,Operator notify the top robber gasket on the table warned out.,Closed and Completed,25,0.2,Max,0,06/04/2025 07:00 PM,Maksim Bushka - 06/04/25  7:09:53 PM: Replaced the vacuum gasket.,[]
1503,EQ ID 1503,"Router, CNC, Anderson Stratos/Nest TC+D",Toilet Partitions,17308,10/15/2025,"3. Prod Affected, Not Stopped","Hello Team, The gauge in the Andy is not working. When time permits could yo please take a look at this, not sure if its we may need to replace the gauge.",Closed and Completed,0,0.3,Max,0,10/15/2025 04:30 PM,Maksim Bushka - 10/15/25  5:10:26 PM: Cleaned up the vacuum filter. The gage seems to work fine,[]
1503,EQ ID 1503,"Router, CNC, Anderson Stratos/Nest TC+D",Toilet Partitions,17451,10/23/2025,1. Prod Stopped,"The hoes on the Andy ripped, when time permits could we have you guys repair it please.",Closed and Completed,0,0.2,Shinobi,0,10/23/2025 02:00 AM,Gabriel Shinobi - 10/23/25  2:24:30 PM: found slit on vacuum hose. patched.,"[{'name': 'e90d9082-8146-43a6-bac9-e07292707310.jpg', 'url': 'https://circaweb.bobrick.com/PME/Forms/DownloadAttachment/857?guid=b191f476-7421-4296-a8a7-f35f605463ba'}]"
1503,EQ ID 1503,"Router, CNC, Anderson Stratos/Nest TC+D",Toilet Partitions,17837,12/04/2025,"3. Prod Affected, Not Stopped",Gapless table gasket worn out needs to be replace,Closed and Completed,30,0.3,Max,0,12/04/2025 12:30 PM,Maksim Bushka - 12/04/25 12:24:13 PM: Replaced the robber gasket.,[]
1503,EQ ID 1503,"Router, CNC, Anderson Stratos/Nest TC+D",Toilet Partitions,17852,12/05/2025,1. Prod Stopped,Anderson vacuum system not working,Closed and Completed,0,1,Shinobi,0,12/08/2025 09:30 AM,Gabriel Shinobi - 12/08/25 10:09:17 AM: Found alignment polls leaking a lot of air. replaced both. cleared all filters. replaced base seal.  tested with Ramon DLM. Anderson working normally,[]
1503,EQ ID 1503,"Router, CNC, Anderson Stratos/Nest TC+D",Toilet Partitions,18522,02/19/2026,"3. Prod Affected, Not Stopped",Safety area sensor mounted on the vacuum lift crane is sometimes triggered and stays like that for an amount of time so gapless operators are unable to run the machine due to it being triggered. The root cause is unknown at this time. Can we please have this checked?,Closed and Completed,0,0.3,Shinobi,0,03/03/2026 11:30 AM,"Gabriel Shinobi - 04/01/26 11:16:48 AM: closing, no additional issues advised | Gabriel Shinobi - 03/03/26  2:38:55 PM: tighten up bracket holding stafety sensor. keeping an eye on  it.",[]
1503,EQ ID 1503,"Router, CNC, Anderson Stratos/Nest TC+D",Toilet Partitions,18681,03/09/2026,6. General Maint,Hello team. The Anderson has been throwing a code (2130) T.C Alarm the past couple of days. Please check in with one of the leads so they can explain further. Thank you!,Closed and Completed,0,0.5,Shinobi,4,03/12/2026 11:30 AM,"Gabriel Shinobi - 03/12/26 11:39:21 AM: called tech support, walked through troubleshooting, found code 2030, per tech found that internal battery for spindle and carrier needed to be replaced, replaced battery, used guide to reset PWC, working normally, Battery BR-AGCF2W | Gabriel Shinobi - 03/09/26 11:52:15 AM: called tech support waiting on call back to diagnose issue",[]
1503,EQ ID 1503,"Router, CNC, Anderson Stratos/Nest TC+D",Toilet Partitions,18952,04/01/2026,1. Prod Stopped,The operator notify that the robber seal in the table is broken.,Closed and Completed,50,0.3,Max,0,04/01/2026 06:00 PM,Maksim Bushka - 04/01/26  6:20:53 PM: Replaced the robber seal on the table.,[]
1503,EQ ID 1503,"Router, CNC, Anderson Stratos/Nest TC+D",Toilet Partitions,19467,05/15/2026,6. General Maint,error popping about oil mist and low oil. Can we have this checked out please ? thank you,Closed and Completed,20,0.2,Max,0,05/15/2026 05:30 PM,Maksim Bushka - 05/15/26  5:35:16 PM: Added oil ok.,[]
1503,EQ ID 1503,"Router, CNC, Anderson Stratos/Nest TC+D",Toilet Partitions,19832,06/11/2026,1. Prod Stopped,"new gapping table created, seal needed",Closed and Completed,0,0.3,Shinobi,0,06/11/2026 04:30 PM,Gabriel Shinobi - 06/11/26  5:13:03 PM: added seal for gapping table,[]
1503,EQ ID 1503,"Router, CNC, Anderson Stratos/Nest TC+D",Toilet Partitions,20040,07/07/2026,2. General Maint - High Priority,"The seal on the Andy need to be replaced, the guys got to break at 7:15 if possible could we have you replace it during that time .",Closed and Completed,0,0.5,Shinobi,0,07/07/2026 08:30 AM,Gabriel Shinobi - 07/07/26  8:43:55 AM: top seal replaced,[]
749,EQ ID 749,"Dust Collector, Donaldson Downflo Oval",Toilet Partitions,1576,06/04/2022,4. Prod Continuing but Affected Equipment stopped,Filter need to be replaced numbers on the controller are at the lowest we could have them.,Closed and Completed,5500,3.5,Mike diaz,0,06/04/2022 12:00 AM,Miguel Diaz - 06/06/22  6:48:34 AM: Replaced 36 filters,[]
749,EQ ID 749,"Dust Collector, Donaldson Downflo Oval",Toilet Partitions,1678,06/14/2022,4. Prod Continuing but Affected Equipment stopped,Found dust collector making a screeching noise from the motor / pulleys .,Closed and Completed,0,0.4,Mike Diaz,0,06/14/2022 12:00 AM,Miguel Diaz - 06/14/22 11:25:38 AM: Loosen main motor hardware/nuts and adjusted belt tension screech noise is gone .,[]
749,EQ ID 749,"Dust Collector, Donaldson Downflo Oval",Toilet Partitions,1941,07/15/2022,4. Prod Continuing but Affected Equipment stopped,One of the dust collectors vents is caved in .,Closed and Completed,450,2,mike,0,07/16/2022 12:00 AM,Miguel Diaz - 07/18/22 11:17:08 AM: Found one  of the dust collector vents caved in re -ordered a set and replaced the membrane and cover i did find the membrane with holes meaning debris had punctured it from the inside causing the vent cave in .Open the attachment to view pictures if needed .,"[{'name': 'du2.jpg', 'url': 'https://circaweb.bobrick.com/PME/Forms/DownloadAttachment/72?guid=7d219d50-bc08-4484-aac7-16bb4ad74c83'}, {'name': 'du3.jpg', 'url': 'https://circaweb.bobrick.com/PME/Forms/DownloadAttachment/73?guid=7d219d50-bc08-4484-aac7-16bb4ad74c83'}, {'name': 'du1.jpg', 'url': 'https://circaweb.bobrick.com/PME/Forms/DownloadAttachment/74?guid=7d219d50-bc08-4484-aac7-16bb4ad74c83'}, {'name': 'du4.jpg', 'url': 'https://circaweb.bobrick.com/PME/Forms/DownloadAttachment/75?guid=7d219d50-bc08-4484-aac7-16bb4ad74c83'}]"
749,EQ ID 749,"Dust Collector, Donaldson Downflo Oval",Toilet Partitions,3082,10/29/2022,"5. Prod Ongoing, Maint Required",Found numbers for the dust collector above normal which means they need to be cleaned at midway point which is 4 months .Also found exhaust blowing dust when in cleaning cycle .,Closed and Completed,0,3.6,Mike Diaz,0,10/29/2022 12:00 AM,"Miguel Diaz - 10/31/22  6:13:53 AM: Removed all filters and inspected them over the weekend .
Rotated all of them  lighted tapped them to cleaned them and found 6 ripped filters .
Replaced 6 filters with our used spare filters i keep for emergencies like this.
Open attachment to view pictures of ripped filters if needed .","[{'name': 'f2.jpg', 'url': 'https://circaweb.bobrick.com/PME/Forms/DownloadAttachment/159?guid=69261a1f-9514-43c1-b41e-42946f9c8a44'}, {'name': 'f1.jpg', 'url': 'https://circaweb.bobrick.com/PME/Forms/DownloadAttachment/160?guid=69261a1f-9514-43c1-b41e-42946f9c8a44'}, {'name': 'f3.jpg', 'url': 'https://circaweb.bobrick.com/PME/Forms/DownloadAttachment/161?guid=69261a1f-9514-43c1-b41e-42946f9c8a44'}]"
749,EQ ID 749,"Dust Collector, Donaldson Downflo Oval",Toilet Partitions,3893,01/11/2023,2. General Maint - High Priority,Found belts  hooked up to the dust collector motor screeching loud non stop .,Closed and Completed,0,0.5,Mike d,0,01/11/2023 12:00 AM,Miguel Diaz - 01/11/23  6:37:46 AM: Adjusted motor and moved it further by 1/4 tightening the pair of  belts .As the belts age they stretch overtime so adjustments are necessary as they wear and tear .,[]
749,EQ ID 749,"Dust Collector, Donaldson Downflo Oval",Toilet Partitions,3990,01/16/2023,2. General Maint - High Priority,Filter are at its end need to be replaced ASAP .,Closed and Completed,7200,3.5,Mike Max,0,01/14/2023 12:00 AM,Miguel Diaz - 01/16/23  6:45:02 AM: Replaced 36 filters over the weekend .,[]
749,EQ ID 749,"Dust Collector, Donaldson Downflo Oval",Toilet Partitions,4690,03/06/2023,2. General Maint - High Priority,Flame Ex Spark Detection Extinguishing System  alarm activated yesterday @ 2:16 pm causing it to spray water in the 24 duct to extinguish the heat source .,Closed and Completed,0,3,Max Mike,1.5,03/07/2023 12:00 AM,Miguel Diaz - 03/07/23  6:40:16 AM: Max was present and looked the  fire alarm panel and found no alarms that led him to the TPF flame ex panel that was ringing he used the guide that is located on top of the flame ex panel to silence the alarm using code is 3333 .I was called in when I arrived I looked for the heat source and found the 1080 drilling machine with a really bad dull drill bit this machine is what caused the alarm fire department captain agreed so did ME .Suggest operators get trained on what to look for  that tells you when to replace the drill smoke is one of them another is  if the hole has a flare up that means the drill is not drilling smoothly anymore lastly if the bottom of the hole is blown out that's another alarm yesterday they had all three signs .  .Fire department was onsite they helped by using their infrared device they found no heat source in our ducting they also verified that the sprinkler head was not used in the dust collector .We did have running water from the flame ex valve that was stuck open .Used scissor lift  to go up  ibn machine shop  and turn the handle to shut the water off .Removed four bolts on the flame ex solenoid valve and removed the diaphragm found it dirty  i cleaned it and open the small pin hole that was dirty after opening the hole i assembled it back and open the valve that stopped the water from coming out .Side note if this does not stop the Water from coming out try wiping the infrared sensors in the ducting free of water if they have water in front of the lens  this will also cause the system to keep the water going .Lastly we checked the filters and found them in good shape some were damped we removed all 12 doors left it open overnight so they can dry up and this morning i turned the system on and let it run in cleaning mode this pushed air out in each rack drying them up more .Dust collector numbers are normal and production is running .Flame ex tech support (336)299-2933 flame JM Carden fire tech support 9951)852-9972 .,[]
749,EQ ID 749,"Dust Collector, Donaldson Downflo Oval",Toilet Partitions,5480,04/29/2023,"5. Prod Ongoing, Maint Required",Team decide to add screen mesh to the dust collector membrane to curb the holes on the membrane breaking the vents .,Closed and Completed,50,2.5,Max,0,04/29/2023 12:00 AM,Miguel Diaz - 04/29/23  2:49:32 PM: Added mesh material to both vents .,[]
749,EQ ID 749,"Dust Collector, Donaldson Downflo Oval",Toilet Partitions,6155,06/22/2023,2. General Maint - High Priority,When passing by the dust collector you can hear a loud metal bagging noise that is not normal .,Closed and Completed,5,0.4,Mike Diaz,0,06/22/2023 12:00 AM,Miguel Diaz - 06/22/23  7:21:18 AM: Upon troubleshooting I found one of the dampener lever rods with one of the ends that holds it centered broken that is where the noise was coming from the rod was bouncing all over  .I Added a metal shim and black tape around the rod cuddling it and keeping it in place  . Noise is gone .Please note dampener is not used and stays in the open position at all times .Open attachment to view pictures  if needed .,"[{'name': 'dm2.jpg', 'url': 'https://circaweb.bobrick.com/PME/Forms/DownloadAttachment/300?guid=9380b2be-9d1f-40d2-85a4-f70f3e95e359'}, {'name': 'dm1.jpg', 'url': 'https://circaweb.bobrick.com/PME/Forms/DownloadAttachment/301?guid=9380b2be-9d1f-40d2-85a4-f70f3e95e359'}]"
749,EQ ID 749,"Dust Collector, Donaldson Downflo Oval",Toilet Partitions,6926,08/19/2023,2. General Maint - High Priority,The filters in the dust collector need to be replaced.,Closed and Completed,7200,4,Max,0,08/18/2023 10:00 AM,Maksim Bushka - 08/21/23 11:29:09 AM: Replaced all filters in the dust collector.,[]
749,EQ ID 749,"Dust Collector, Donaldson Downflo Oval",Toilet Partitions,7269,09/18/2023,4. Prod Continuing but Affected Equipment stopped,Primo found the Rotary valve for the dust collector is off and not turning .,Closed and Completed,0,1.5,Max Mike,0,09/18/2023 12:00 AM,Miguel Diaz - 09/18/23 12:46:30 PM: Troubleshoot checked for stuck debris in valve didn't find anything checked for power found power inside the disconnect .Checked for issue with motor no issue with motor found 3 blown fuses (KTK-R-50 inside the cabinet .Replaced all 3 fuses Rotary valve is working something must have gotten stuck   blowing out all fuses then when we removed the valve down it wedged itself free .,[]
749,EQ ID 749,"Dust Collector, Donaldson Downflo Oval",Toilet Partitions,9238,12/06/2023,"5. Prod Ongoing, Maint Required",Primo advised the dust collector is making a noise,Closed and Completed,0,0.4,Mike Max Primo,0,12/06/2023 12:00 AM,Miguel Diaz - 12/06/23  8:17:26 AM: Adjusted the belt tension Noise is gone,[]
749,EQ ID 749,"Dust Collector, Donaldson Downflo Oval",Toilet Partitions,9264,12/08/2023,1. Prod Stopped,I was outside and heard the dust collector stop running during production .,Closed and Completed,0,0.1,Mike d,0.1,12/08/2023 12:00 AM,Miguel Diaz - 12/08/23  6:39:53 AM: Checked fuses all are good thermal overload tripped this is the second time I've seen this pressed all resets machine is back on .,[]
749,EQ ID 749,"Dust Collector, Donaldson Downflo Oval",Toilet Partitions,9545,01/06/2024,2. General Maint - High Priority,Getting excessive blow by outside from the dust collector,Closed and Completed,0,5,Max,0,12/16/2023 12:00 AM,Miguel Diaz - 01/06/24 10:32:30 AM: Found 17 ripped dust collector filters or worn out some ripped some with material opened same as before .Replaced with good used ones .This will hold us off till our next filter replacement .,[]
749,EQ ID 749,"Dust Collector, Donaldson Downflo Oval",Toilet Partitions,12048,06/10/2024,2. General Maint - High Priority,Dust filters need to be replaced numbers are not great and its time for the replacement,Closed and Completed,8700,4.5,Max,0,06/08/2024 12:00 AM,Miguel Diaz - 06/10/24 10:44:22 AM: Replaced 36 filters with New ones .,[]
749,EQ ID 749,"Dust Collector, Donaldson Downflo Oval",Toilet Partitions,13842,11/16/2024,2. General Maint - High Priority,Max noticed the exhaust letting out dust when pulse cleaning.,Closed and Completed,0,5,Max,0,11/16/2024 12:00 AM,Miguel Diaz - 11/18/24  8:13:28 AM: When that happens that means some of the dust filters are ripped and are letting out dust through the exhaust .Went through all filters and replaced the bad ones with used spares for a total of 10 .Note we are out of spares Po rec was just approved for a new order of 36 filters for the next filter replacement .,[]
749,EQ ID 749,"Dust Collector, Donaldson Downflo Oval",Toilet Partitions,14547,02/01/2025,2. General Maint - High Priority,Dust filters have blow by letting dust out the exhaust .,Closed and Completed,10362,5,Max,0,02/01/2025 12:00 AM,Miguel Diaz - 02/01/25 10:51:44 AM: Replaced all 36 filters and save the good used filters for emergency spares new filters will be purchased .,[]
749,EQ ID 749,"Dust Collector, Donaldson Downflo Oval",Toilet Partitions,18145,01/09/2026,1. Prod Stopped,dust collector hopper was not working,Closed and Completed,0,3,"Sean, Primo, Shinobi",3,01/09/2026 02:30 PM,"Gabriel Shinobi - 01/09/26  2:39:01 PM: hopper backed up, disconnected chain manually turned hopper cleared out back up, motor not running, replaced hopper motor, fuses checked, two bad fuses replaced working normally",[]
1570,EQ ID 1570,"1/2 "" Edge Finisher, Solid, Technolegno/ Universal 280",Toilet Partitions,1493,05/25/2022,4. Prod Continuing but Affected Equipment stopped,Lead advised that the operator is having issues with a certain size panel when the panel is midway in the machine it stops,Closed and Completed,0,0.2,Mike d,0.2,05/25/2022 12:00 AM,Miguel Diaz - 05/25/22 10:33:11 AM: Observed issue  and hit E-STOP right away found panel getting wedged in between the machine and the second set of out riggers rollers moved the second set of rollers in so that the panels does not get wedged .This could have caused major issues since the feed track would have kept going moving the panel with it .,[]
1570,EQ ID 1570,"1/2 "" Edge Finisher, Solid, Technolegno/ Universal 280",Toilet Partitions,1527,05/31/2022,4. Prod Continuing but Affected Equipment stopped,While doing maintenance i found a tear on a hose machine would not start,Closed and Completed,5,0.4,mike,0,05/31/2022 12:00 AM,Miguel Diaz - 05/31/22  7:27:49 AM: Repaired hose removed bad section and used coupling,[]
1570,EQ ID 1570,"1/2 "" Edge Finisher, Solid, Technolegno/ Universal 280",Toilet Partitions,3098,11/01/2022,1. Prod Stopped,"The pin to change the buffer doesn't stay locked enabling us to change the buffer for the 1/2""",Closed and Completed,0,0.5,Mike / Margarito,0,11/01/2022 12:00 AM,"Miguel Diaz - 11/01/22 12:17:45 PM: Found buffer out of adjustment pin that goes on the knob broke letting it go wild .
Tighten up hardware and replaced pin .Buffer is working properly again",[]
1570,EQ ID 1570,"1/2 "" Edge Finisher, Solid, Technolegno/ Universal 280",Toilet Partitions,5012,03/27/2023,"3. Prod Affected, Not Stopped",the orange belt broken.,Closed and Completed,0,0.2,Miguel & Max,0,03/27/2023 10:00 AM,Maksim Bushka - 03/27/23 11:42:19 AM: Connected the orange belt using the heat gun.,[]
1570,EQ ID 1570,"1/2 "" Edge Finisher, Solid, Technolegno/ Universal 280",Toilet Partitions,6195,06/24/2023,6. General Maint,While doing my pm service i found the top cylinder leaking air out the 1/8 hose,Closed and Completed,10,0.6,Mike Diaz,0,06/24/2023 12:00 AM,Miguel Diaz - 06/26/23  8:12:01 AM: Found broken hose inside the air fitting had tuff time removing the broken hose replaced hose machine is back up and running properly,[]
1570,EQ ID 1570,"1/2 "" Edge Finisher, Solid, Technolegno/ Universal 280",Toilet Partitions,6304,07/05/2023,"3. Prod Affected, Not Stopped",Operator advised the buffer  mechanism is not lining up.,Closed and Completed,0,0.4,Mike D,0.2,07/05/2023 12:00 AM,Miguel Diaz - 07/05/23  9:49:32 AM: Found the gear out of position had to aligned back in place and tighten some hardware that got loose tighten all parts .All is working properly .,[]
1570,EQ ID 1570,"1/2 "" Edge Finisher, Solid, Technolegno/ Universal 280",Toilet Partitions,7903,11/03/2023,"3. Prod Affected, Not Stopped","Hello, 

The anchor brackets that I've discussed with Primo have arrived. These brackets would attach to the aluminum extrusion legs of the new vision system and would bolt to the ground to keep it from being bumped into and moved.",Closed and Completed,0,0.5,PU&Max,0,11/03/2023 12:00 AM,Primo Uy - 11/06/23 11:37:10 AM: Done. 4 anchors installed. Verified by Lius G. from ME. All Good.,[]
1570,EQ ID 1570,"1/2 "" Edge Finisher, Solid, Technolegno/ Universal 280",Toilet Partitions,9666,01/11/2024,4. Prod Continuing but Affected Equipment stopped,Operator advised machine will not turn back on after power outage,Closed and Completed,0,0.2,Mike d,0.2,01/11/2024 12:00 AM,Miguel Diaz - 01/11/24  8:07:30 AM: Found one of the controller had to be reset .Machine is back up and running .,[]
1570,EQ ID 1570,"1/2 "" Edge Finisher, Solid, Technolegno/ Universal 280",Toilet Partitions,10064,01/22/2024,"3. Prod Affected, Not Stopped",Cell is stopped but moved to the Voorwood machine 1/2 cell edge finisher does not turn ON .,Closed and Completed,0,2,Mike d,2,01/22/2024 12:00 AM,Miguel Diaz - 01/22/24  9:35:49 AM: Frequency drive has been replaced with a used Part # CIMR-V7AZ45P5 machine is up and working .When  running a test piece the main cutter sounds ruff .Its time to replace the cutter .Operators needs to be aware of this we have a temp running the cell but who  really is  paying attention to the machine adjustment's etc ........Open attachment to view pictures if needed | Miguel Diaz - 01/22/24  8:19:32 AM: Troubleshoot with tech support and found main motor frequency drive not working .Luckily we have parts we saved from the machine teardown from the old 1/2 cell from years ago and its that is the same part # .I'm working on replacing this drive now .,"[{'name': 'fq2.jpg', 'url': 'https://circaweb.bobrick.com/PME/Forms/DownloadAttachment/512?guid=89871685-62b3-4b90-af60-76967af94036'}, {'name': 'fq1.jpg', 'url': 'https://circaweb.bobrick.com/PME/Forms/DownloadAttachment/513?guid=89871685-62b3-4b90-af60-76967af94036'}]"
1570,EQ ID 1570,"1/2 "" Edge Finisher, Solid, Technolegno/ Universal 280",Toilet Partitions,10069,01/22/2024,2. General Maint - High Priority,After replacement of the drive i suggested the main cutter get replaced .,Closed and Completed,0,0.7,Mike d,0,01/22/2024 12:00 AM,Miguel Diaz - 01/22/24 12:40:57 PM: Replaced main cutter and adjusted to cut 1/32 only from each pass found bevel feeler not touching operators need to be aware what they are touching machine was out of adjustment .,[]
1570,EQ ID 1570,"1/2 "" Edge Finisher, Solid, Technolegno/ Universal 280",Toilet Partitions,10456,02/19/2024,1. Prod Stopped,Thomas Return System stop working.,Closed and Completed,0,0.2,PU & Max,0,02/19/2024 12:00 AM,"Primo Uy - 02/19/24  2:50:45 PM: Jose come over and reported the Thomas return system not working.
Upon inspection we found out that the power supply switch was turn off. Maybe by the first shift. Turn ON back the switch and the return system is now working.",[]
1570,EQ ID 1570,"1/2 "" Edge Finisher, Solid, Technolegno/ Universal 280",Toilet Partitions,11791,05/22/2024,"5. Prod Ongoing, Maint Required",Feed track guides are worn out and the belt is making noise,Closed and Completed,200,4.2,Mike diaz,0,06/04/2024 12:00 AM,"Miguel Diaz - 06/04/24 11:42:38 AM: Replaced both angular track guides both had visible wear  and tear  .Adjusted feed track tension . | Miguel Diaz - 06/03/24 11:03:15 AM: Need to replace the guides we have the parts in house just need a window  the machine will be down .It can take a few hrs to replace .TPF .
Please advise when ? | Miguel Diaz - 05/22/24  9:08:00 AM: Need to replace the guides we have the parts in house just need the machine .It can take a few hrs to replace .",[]
1570,EQ ID 1570,"1/2 "" Edge Finisher, Solid, Technolegno/ Universal 280",Toilet Partitions,12097,06/12/2024,1. Prod Stopped,Orange belt broke.,Closed and Completed,50,0.3,Mike Max,0,06/12/2024 04:30 AM,Miguel Diaz - 06/13/24  7:29:40 AM: Shorten belt that was replaced yesterday operator advised its getting caught on parts and is loose . | Maksim Bushka - 06/12/24  5:10:02 PM: Replaced the belt.,[]
1570,EQ ID 1570,"1/2 "" Edge Finisher, Solid, Technolegno/ Universal 280",Toilet Partitions,12401,07/15/2024,2. General Maint - High Priority,Lead advised machine stopped when placing in samples,Closed and Completed,0,0.3,mike d,0,07/15/2024 12:00 AM,Miguel Diaz - 07/15/24 11:24:56 AM: Found one sample at an angle and got stuck underneath the infeed guide.Reset tripped breaker,[]
1570,EQ ID 1570,"1/2 "" Edge Finisher, Solid, Technolegno/ Universal 280",Toilet Partitions,12402,07/15/2024,2. General Maint - High Priority,Operator lowered the beam height but it was too tight tripping the motor controller .Error showing motor fault,Closed and Completed,0,0.3,mike d,0,07/15/2024 12:00 AM,Miguel Diaz - 07/15/24 11:26:46 AM: Reset motor machine is back up .,[]
1570,EQ ID 1570,"1/2 "" Edge Finisher, Solid, Technolegno/ Universal 280",Toilet Partitions,12584,07/31/2024,"5. Prod Ongoing, Maint Required",Air hose to the pop up table burst looks like a part was dropped on it .,Closed and Completed,15,0.3,Mike d,0,07/31/2024 12:00 AM,Miguel Diaz - 07/31/24  8:12:57 AM: Repaired hose,[]
1570,EQ ID 1570,"1/2 "" Edge Finisher, Solid, Technolegno/ Universal 280",Toilet Partitions,12966,09/04/2024,1. Prod Stopped,The operator notifies the machine stop working.,Closed and Completed,0,0.3,Max,0,09/04/2024 06:30 PM,Maksim Bushka - 09/04/24  5:36:49 PM: Found an air hose Brocken. Cut a small piece and reconnected.,[]
1570,EQ ID 1570,"1/2 "" Edge Finisher, Solid, Technolegno/ Universal 280",Toilet Partitions,13341,10/09/2024,1. Prod Stopped,"1/2"" finisher is having issues with the bottom blade",Closed and Completed,0,0.3,Mike d,0,10/11/2024 12:00 AM,Miguel Diaz - 10/11/24  7:48:14 AM: Bottom blade was chipping. It needed a simple blade adjustment also adjusted the top cutter since who ever is moving it had the cutter way to close to the feeler wheel .,[]
1570,EQ ID 1570,"1/2 "" Edge Finisher, Solid, Technolegno/ Universal 280",Toilet Partitions,14014,12/09/2024,2. General Maint - High Priority,During performing a PM i found the inside of the machine full of dust everywhere .,Closed and Completed,40,0.3,Mike d,0,12/09/2024 12:00 AM,Miguel Diaz - 12/09/24 12:17:38 PM: Found main cutter hose with rips letting out the dust. Replaced main hose from duct to machine .Operators need to report this and not wait till i find it .,[]
1570,EQ ID 1570,"1/2 "" Edge Finisher, Solid, Technolegno/ Universal 280",Toilet Partitions,14506,01/28/2025,1. Prod Stopped,One of orange belts broken.,Closed and Completed,50,0.3,Max,0,01/28/2025 04:30 PM,Maksim Bushka - 01/28/25  7:41:25 PM: Replaced orange belt.,[]
1570,EQ ID 1570,"1/2 "" Edge Finisher, Solid, Technolegno/ Universal 280",Toilet Partitions,14602,02/06/2025,"3. Prod Affected, Not Stopped",Operator notify the pinch point emergency switch is not holding.,Closed and Completed,0,0.3,Mak,0,02/06/2025 07:30 PM,Maksim Bushka - 02/07/25 12:26:18 PM: The safety switch is working. Cleaned up and tighten the spring. The machine is up and running. | Maksim Bushka - 02/06/25  7:37:36 PM: The pinch point switch needs to be replaced. (Removed the plate),[]
1570,EQ ID 1570,"1/2 "" Edge Finisher, Solid, Technolegno/ Universal 280",Toilet Partitions,15019,03/11/2025,2. General Maint - High Priority,4-inch vacuum hose is cracked.,Closed and Completed,0,0.2,Max,0,03/11/2025 12:30 PM,Maksim Bushka - 03/11/25 12:29:12 PM: Fixed the hose using duct tape.,[]
1570,EQ ID 1570,"1/2 "" Edge Finisher, Solid, Technolegno/ Universal 280",Toilet Partitions,15311,04/07/2025,1. Prod Stopped,Orange belt broke.,Closed and Completed,0,0.3,Max,0,04/07/2025 07:30 PM,Maksim Bushka - 04/07/25  7:49:28 PM: Fixed the orange belt.,[]
1570,EQ ID 1570,"1/2 "" Edge Finisher, Solid, Technolegno/ Universal 280",Toilet Partitions,15412,04/16/2025,1. Prod Stopped,Ramon notify the cutting blade motor makes loud noice.,Closed and Completed,0,0.3,Max,0,04/16/2025 07:30 PM,Maksim Bushka - 04/16/25  7:49:08 PM: Oiled the rotary of motor.,[]
1570,EQ ID 1570,"1/2 "" Edge Finisher, Solid, Technolegno/ Universal 280",Toilet Partitions,15499,04/24/2025,1. Prod Stopped,Operator notify the orange belt on the return system broke.,Closed and Completed,0,0.3,Max,0,04/24/2025 05:30 PM,Maksim Bushka - 04/24/25  5:37:48 PM: Fixed the orange belt,[]
1570,EQ ID 1570,"1/2 "" Edge Finisher, Solid, Technolegno/ Universal 280",Toilet Partitions,15610,05/01/2025,1. Prod Stopped,The operator notify the machine stopped and the yellow light is on,Closed and Completed,0,0.2,Max,0,05/01/2025 02:30 PM,Maksim Bushka - 05/01/25  2:52:19 PM: Open the electric control panel and found the overload relay down. Flipped on and good to continue.,[]
1570,EQ ID 1570,"1/2 "" Edge Finisher, Solid, Technolegno/ Universal 280",Toilet Partitions,15665,05/01/2025,1. Prod Stopped,"was advised by TPF 1/2"" finisher motor error light on.",Closed and Completed,1634,5.5,G Shinobi,28,05/08/2025 02:30 AM,"Gabriel Shinobi - 05/08/25  2:40:15 PM: Received new motor, buffer motor now working normally. tested no more triggered overload. ok to continue using. 
x1 Motor 31NT0100 | Gabriel Shinobi - 05/07/25  9:59:28 AM: tested overloads, Buffer motor not spinning correctly. Removed spindle replaced bearings . tested motor, still spinning slowly. new motor ordered, scheduled to arrive 5/8/25. waiting for call back for quote for rebuild of old motor to be used as back up. 1/2'' production moved to EVOLVE cell temporarily.",[]
1570,EQ ID 1570,"1/2 "" Edge Finisher, Solid, Technolegno/ Universal 280",Toilet Partitions,15910,05/30/2025,1. Prod Stopped,one of the belts of return system on the evolve cell came apart it needs to be replaced,Closed and Completed,0,0.3,Max,0,05/31/2025 09:00 AM,Maksim Bushka - 05/31/25  8:07:15 AM: Replaced the orange belt.,[]
1570,EQ ID 1570,"1/2 "" Edge Finisher, Solid, Technolegno/ Universal 280",Toilet Partitions,15919,06/02/2025,1. Prod Stopped,vacuum/dust collector disconnected,Closed and Completed,0,0.5,Shinobi,0.5,06/02/2025 07:00 AM,"Gabriel Shinobi - 06/02/25  7:14:33 AM: found hose attached with only tape, found hose undersized. swapped hose with bigger size, used clamps to secure. ok to continue using.",[]
1570,EQ ID 1570,"1/2 "" Edge Finisher, Solid, Technolegno/ Universal 280",Toilet Partitions,15947,06/03/2025,1. Prod Stopped,"Hello the 1/2 finisher is down, the small blade cutter is not activating when you push the on button.",Closed and Completed,0,0.5,Shinobi,0.5,06/03/2025 09:30 AM,Gabriel Shinobi - 06/03/25  9:33:29 AM: Found number two reset button not resetting correectly. disconnected and reconnected terminal. working normally.,[]
1570,EQ ID 1570,"1/2 "" Edge Finisher, Solid, Technolegno/ Universal 280",Toilet Partitions,16006,06/06/2025,2. General Maint - High Priority,One of leveling leg on returning table broke.,Closed and Completed,30,0.3,Max,0,06/06/2025 06:00 PM,Maksim Bushka - 06/06/25  5:47:57 PM: Replaced leveling leg,[]
1570,EQ ID 1570,"1/2 "" Edge Finisher, Solid, Technolegno/ Universal 280",Toilet Partitions,16231,06/25/2025,1. Prod Stopped,One of orange belt broke.,Closed and Completed,0,0.2,Max,0,06/25/2025 07:30 PM,Maksim Bushka - 06/25/25  7:32:26 PM: Glued the orange belt.,[]
1570,EQ ID 1570,"1/2 "" Edge Finisher, Solid, Technolegno/ Universal 280",Toilet Partitions,16262,07/01/2025,1. Prod Stopped,"Hello Team, Seems like the camara in the back of the 1/2 cell is loose could we have you guys bolt it down again when time permits please.",Closed and Completed,0,0,ME,0,07/01/2025 11:00 AM,Gabriel Shinobi - 07/14/25  2:34:52 PM: ME to check camera,[]
1570,EQ ID 1570,"1/2 "" Edge Finisher, Solid, Technolegno/ Universal 280",Toilet Partitions,16712,08/18/2025,1. Prod Stopped,"On the 1/2"" cell we have a motor fault, checked all e stops and it wont go away. When time permits could we have you guys look into this .",Closed and Completed,0,4,Shinobi,12,08/18/2025 11:30 AM,"Gabriel Shinobi - 08/19/25 11:39:32 AM: with tech support found motor triggering power surge, replaced motor.",[]
1570,EQ ID 1570,"1/2 "" Edge Finisher, Solid, Technolegno/ Universal 280",Toilet Partitions,17829,12/03/2025,1. Prod Stopped,"1/2 "" Edge Finisher, Solid, Technolegno/ Universal 280 Not starting when pressing the on and off switch",Closed and Completed,0,0.5,PU,0,12/03/2025 12:00 AM,Primo Uy - 12/03/25  1:58:27 PM: 1/2 Edge finisher is now working. Reset Control Relays and button connection.,[]
1570,EQ ID 1570,"1/2 "" Edge Finisher, Solid, Technolegno/ Universal 280",Toilet Partitions,18013,12/22/2025,1. Prod Stopped,"The 1/2 finisher is not starting up, may be a faulty relay switch,. when time permits could we have you guys take a look into it please",Closed and Completed,1428,8,Maint and Stile Tech.,0,12/29/2025 12:00 AM,"Primo Uy - 01/28/26  7:48:14 AM: Eric from Stile Tech come and was able to power the machine back up. Also, we ask eric to sents us a quote for the rest of the parts that was needed to be replaced. A list was made.
Machine is now running . | Primo Uy - 12/29/25 12:44:38 PM: Stile Tech come on site- Eric. Tech was able to get the machine running again.
Details will be email to us with the Quote for the following parts.
- Contact Relay - latching
- Relay Connector
--Limit switch
- Controller box switch - 4 pcs.
Machine is now working but will leave the work order open until the service charge will be received.
Note: Important! Don't turn OFF the machine during Break time. | Primo Uy - 12/22/25  9:58:27 AM: Call up Stile Tech Support, Stile will send a tech on site. waiting for the call.",[]
1570,EQ ID 1570,"1/2 "" Edge Finisher, Solid, Technolegno/ Universal 280",Toilet Partitions,18230,01/16/2026,2. General Maint - High Priority,"The roller on the 1/2"" cell are bent and could cause scratches on parts, please see pictures for refrance.",Closed and Completed,0,1,PU,0,01/17/2026 12:00 AM,Primo Uy - 01/19/26  8:55:16 AM: Done. Fixed roller for the mean time. Ask Gabi to order a new set of tracks from the vendors - stiles.. | Primo Uy - 01/16/26 12:12:32 PM: The track must be removed to replace the roller. Schedule on Saturday. Estimated work hrs.  - 1-2 hrs for both track.,"[{'name': '8860b2e6-5c7c-415f-962c-e2feb7f032de.jpg', 'url': 'https://circaweb.bobrick.com/PME/Forms/DownloadAttachment/888?guid=bb120fbb-1f51-45ce-9f3b-ab5875a4a230'}, {'name': 'b7eb34a4-3021-4fa0-8ce1-a3885c34c84f.jpg', 'url': 'https://circaweb.bobrick.com/PME/Forms/DownloadAttachment/889?guid=bb120fbb-1f51-45ce-9f3b-ab5875a4a230'}]"
1570,EQ ID 1570,"1/2 "" Edge Finisher, Solid, Technolegno/ Universal 280",Toilet Partitions,19064,04/10/2026,4. Prod Continuing but Affected Equipment stopped,Panel edge finisher small cutter cannot be turned on. Tried pressing the button on the control panel but it is not responding. Can we get assistance on this please? thank you.,Closed and Completed,0,0,Carlos,0,04/10/2026 01:00 PM,Maksim Bushka - 04/10/26  1:12:24 PM: Carlos the operator fixed.,[]
1570,EQ ID 1570,"1/2 "" Edge Finisher, Solid, Technolegno/ Universal 280",Toilet Partitions,19706,06/04/2026,1. Prod Stopped,"Buffer on the 1/2"" is stuck, we are trying to pull it back but wont move. When time permits could we get your help",Closed and Completed,0,0.5,Shinobi,0,06/04/2026 01:30 PM,"Gabriel Shinobi - 06/04/26  1:46:35 PM: opened up gear housing. working normally, showed how to pull lock back to turn and back up. working normally",[]
151,EQ ID 151,"3/4 "" Edge Finisher, Solid, Technolegno/ Universal 280",Toilet Partitions,1301,05/05/2022,4. Prod Continuing but Affected Equipment stopped,Found several roller wheels damaged at the beginning of the support rails .,Closed and Completed,100,0.5,Mike diaz,0,05/05/2022 12:00 AM,Miguel Diaz - 05/05/22 12:45:35 PM: Replaced 20 rollers during the department lunch break,[]
151,EQ ID 151,"3/4 "" Edge Finisher, Solid, Technolegno/ Universal 280",Toilet Partitions,1763,06/23/2022,1. Prod Stopped,Operator advised parts are coming back with a deep line in the middle you can feel it with your finger .,Closed and Completed,350,0.5,Mike diaz,0.5,06/23/2022 12:00 AM,Miguel Diaz - 06/23/22  7:26:13 AM: Troubleshoot and found one of the main cutter blades has a chip .This  is what is causing the deep groove in the middle edge .Replaced main cutter and adjusted so it only takes away 1/32 per side .,[]
151,EQ ID 151,"3/4 "" Edge Finisher, Solid, Technolegno/ Universal 280",Toilet Partitions,1896,07/11/2022,4. Prod Continuing but Affected Equipment stopped,Matt G advised camera for the edge finishing is not showing both bevels .,Closed and Completed,0,0.4,Mike,0,07/11/2022 12:00 AM,Miguel Diaz - 07/11/22 10:00:59 AM: Adjusted camera also found box not  aligned everything is  back and edge is showing properly on the camera .,[]
151,EQ ID 151,"3/4 "" Edge Finisher, Solid, Technolegno/ Universal 280",Toilet Partitions,3112,11/03/2022,1. Prod Stopped,"the operator was running the 3/4"" cell till a stile got stuck, if you look right after where the buffer is there is a sensor that's popping up causing it to hit the stile.",Closed and Completed,0,0.25,"PU, Nelson",0,11/04/2022 12:00 AM,Primo Uy - 11/04/22  7:10:21 AM: Leadman and Nelson adjust the sensor bracket as i shown them.  A couple of set screw was loose. It's good now.,[]
151,EQ ID 151,"3/4 "" Edge Finisher, Solid, Technolegno/ Universal 280",Toilet Partitions,3127,11/07/2022,"5. Prod Ongoing, Maint Required",Edge finishing go and no go light is not working along with the monitor is not showing the product as its passing .,Closed and Completed,0,0.4,mike d,0,11/07/2022 12:00 AM,Miguel Diaz - 11/07/22  7:28:41 AM: Re-aligned camera since it was bumped and restart computer for the light to turn back on,[]
151,EQ ID 151,"3/4 "" Edge Finisher, Solid, Technolegno/ Universal 280",Toilet Partitions,3228,11/11/2022,4. Prod Continuing but Affected Equipment stopped,Grade 7 advised that the top cutter is making a sound,Closed and Completed,0,1.5,Mike Diaz,0.5,11/11/2022 12:00 AM,Miguel Diaz - 11/11/22 11:48:57 AM: Found top cutter was moved a bit far in and it was hitting the top feeler wheel after looking at the cutter the blade was chipped and needed to be replaced .When a blade is replaced they  get replaced in pairs .Replaced both bevel cutters top and bottom and made adjustments .Started  using the top portion of the blade so if a new adjustment is needed the blade must go up only this needs to be followed by all in the shop reason is if anyone needs to make an adjustment you need to know which direction the blade needs to go so i started telling everyone in the shop all adjustment for cutters  should be up only . .,[]
151,EQ ID 151,"3/4 "" Edge Finisher, Solid, Technolegno/ Universal 280",Toilet Partitions,3320,11/21/2022,"5. Prod Ongoing, Maint Required",Found buffer dust collection hose ripped,Closed and Completed,40,0.3,Mike Diaz,0,11/21/2022 12:00 AM,Miguel Diaz - 11/21/22 12:50:18 PM: Replaced 4 '' hose x 55 '',[]
151,EQ ID 151,"3/4 "" Edge Finisher, Solid, Technolegno/ Universal 280",Toilet Partitions,3427,12/02/2022,"5. Prod Ongoing, Maint Required",One of the Vacuum hoses have a hole and the dust particles are coming out and to the top of the machine.,Closed and Completed,0,0.5,Primo & Max,0,12/02/2022 08:00 AM,Maksim Bushka - 12/02/22  7:51:21 AM: Using black tape  around the hole and clean up the area,[]
151,EQ ID 151,"3/4 "" Edge Finisher, Solid, Technolegno/ Universal 280",Toilet Partitions,3626,12/13/2022,2. General Maint - High Priority,3/4 edge finisher pop up table screw missing,Closed and Completed,2,0.2,Max & Miguel,0,12/13/2022 01:30 AM,Maksim Bushka - 12/13/22  1:18:12 PM: replaced 1 screw on the 3/4 pop up table on the edge finisher and oil the moving parts,[]
151,EQ ID 151,"3/4 "" Edge Finisher, Solid, Technolegno/ Universal 280",Toilet Partitions,3790,01/03/2023,2. General Maint - High Priority,Top bevel is leaving a uneven finish. 2nd operation is being done by operators to level the bevel out.,Closed and Completed,0,0.5,MB&PU,0.5,01/03/2023 12:00 AM,"Primo Uy - 01/03/23 11:39:44 AM: Replaced motor and run sample to adjust the cutter accordingly for the bevel cut (correct cut).
Edge finisher Machine is now ready. Note. Pedro help us setting the cutter properly. | Primo Uy - 01/03/23 10:31:21 AM: Top motor overheated need to be replace, motor shaft is loose/bearing issues.",[]
151,EQ ID 151,"3/4 "" Edge Finisher, Solid, Technolegno/ Universal 280",Toilet Partitions,3880,01/10/2023,1. Prod Stopped,Edge finishing motor no working,Closed and Completed,0,0.5,Mike Max,0.5,01/10/2023 12:00 AM,Miguel Diaz - 01/10/23 10:11:19 AM: Operator pointed out the bevel looks choppy .After troubleshooting we found the top motor excessively hot replaced motor and adjusted cutter. Will rebuild motor that is getting hot .,[]
151,EQ ID 151,"3/4 "" Edge Finisher, Solid, Technolegno/ Universal 280",Toilet Partitions,3917,01/11/2023,2. General Maint - High Priority,Operator advised top bevel is not cutting even after adjustments,Closed and Completed,0,2.5,Mike Maksim,2.5,01/11/2023 12:00 AM,Miguel Diaz - 01/11/23  2:44:22 PM: Troubleshoot found top wheels out of adjustment keeping the top cutter from entering in all the way and touching the part .The Top cutter was too close to the top guide it had no adjustment left .Moved top hold down wheels back by 1/2 after doing so the cutter can now move in all the way and cut the bevel .,[]
151,EQ ID 151,"3/4 "" Edge Finisher, Solid, Technolegno/ Universal 280",Toilet Partitions,3991,01/13/2023,2. General Maint - High Priority,Infeed guide is worn out towards the inside of thee machine you can feel a lip on the edge .,Closed and Completed,0,2.5,Mike Max Victor,0,01/14/2023 12:00 AM,Miguel Diaz - 01/16/23  6:47:17 AM: Replaced infeed guide .Machine shop helps us drill the location holes .Run test pieces machine is taking off 1/32 per pass .,[]
151,EQ ID 151,"3/4 "" Edge Finisher, Solid, Technolegno/ Universal 280",Toilet Partitions,4082,01/23/2023,2. General Maint - High Priority,Found Top side feeler wheel not spinning which it should be .This is what governs the bevel cut if its in the air the bevel will not BE consistent.,Closed and Completed,0,1.5,mIKE,0,01/21/2023 12:00 AM,Miguel Diaz - 01/23/23  7:00:45 AM: Adjusted top cutter and side feeler wheel to touch the part as it passes while making adjustments i found the limit switch stuck in the down position see attachment fixed limit switch .,"[{'name': '3-4 edge.jpg', 'url': 'https://circaweb.bobrick.com/PME/Forms/DownloadAttachment/201?guid=d029d639-5b8d-4b03-ac20-2bc331e15e1a'}]"
151,EQ ID 151,"3/4 "" Edge Finisher, Solid, Technolegno/ Universal 280",Toilet Partitions,6196,06/24/2023,"5. Prod Ongoing, Maint Required",While doing my pm service i found several black plastic rollers leaning on its side from the side rails,Closed and Completed,140,1.6,Mike Diaz,0,06/24/2023 12:00 AM,Miguel Diaz - 06/26/23  8:17:04 AM: Found 30 broken rollers replaced all 30 also found limit switch stuck in the down position  when it should be returning up after each part passes  plastic broke .Repaired limit switch machine is working properly .,[]
151,EQ ID 151,"3/4 "" Edge Finisher, Solid, Technolegno/ Universal 280",Toilet Partitions,6634,07/27/2023,2. General Maint - High Priority,Door was accidently put in at an angle taking the machine out of adjustment .,Closed and Completed,0,0.4,Mike d,0.4,07/27/2023 12:00 AM,Miguel Diaz - 07/28/23  6:32:58 AM: At first operators noticed the parts were returning with a chip on the front top side of the door long sides only then stopped production and requested help. I  was passing when this happened and they flagged me down  we put in a test  piece and  i lowered the bottom feeler wheel it  was high enough that it was hitting the top corner of the door chipping the corner i lowered it and placed it in the middle fixing the issue also adjusted the top bevel cutter .Machine is working properly .,[]
151,EQ ID 151,"3/4 "" Edge Finisher, Solid, Technolegno/ Universal 280",Toilet Partitions,6711,08/03/2023,"5. Prod Ongoing, Maint Required",Noticed operators manually adding buffer to the machine several times yesterday and this morning when the machine should be automatically adjusting itself .,Closed and Completed,80,0.5,Mike D,0,08/03/2023 12:00 AM,"Miguel Diaz - 08/03/23 12:13:22 PM: I looked into the problem and found the position switch broken and leaning to its side this was a repaired switch from a previous job . ,I replaced it with a new one Part# Pizzato FR1-252186 FR 531 machine is now adjusting itself  again .",[]
151,EQ ID 151,"3/4 "" Edge Finisher, Solid, Technolegno/ Universal 280",Toilet Partitions,6947,08/22/2023,4. Prod Continuing but Affected Equipment stopped,Lead advised wood gran material is chipping on the top only,Closed and Completed,160,0.5,Mike D Ramon dela mora,0.5,08/22/2023 12:00 AM,Miguel Diaz - 08/22/23  9:52:29 AM: When one side is chipping that means the blade is chipping and not the material and needs adjustment or needs to be replaced .I decided to   replace both bevel blades and started the adjustment at the top so in the future when adjustments are needed all the operators need to do is move the blade up and in this is the same for all blades in the shop this way you are not guessing what way to go up or down  .,[]
151,EQ ID 151,"3/4 "" Edge Finisher, Solid, Technolegno/ Universal 280",Toilet Partitions,8171,11/28/2023,2. General Maint - High Priority,Lead advised the operators pointed out the machine is making a noise coming from the bevel cutters,Closed and Completed,40,0.4,Mike d,0.4,11/28/2023 12:00 AM,Miguel Diaz - 11/28/23  1:57:03 PM: Found top bevel motor making the noise replaced the motor with a spare and checked for phase /rotation .Old motor will get repaired with new bearings .,[]
151,EQ ID 151,"3/4 "" Edge Finisher, Solid, Technolegno/ Universal 280",Toilet Partitions,8188,11/30/2023,2. General Maint - High Priority,Operators are having to raise or lower the beam height almost 20 times a day or more depending on material thickness,Closed and Completed,0,0,MD,0,11/30/2023 12:00 AM,Miguel Diaz - 11/30/23  9:53:27 AM: I want this noted,[]
151,EQ ID 151,"3/4 "" Edge Finisher, Solid, Technolegno/ Universal 280",Toilet Partitions,8206,12/02/2023,1. Prod Stopped,"We were having issues with the 3/4"" finisher toward the end of the day yesterday. For the same material the operators had to move the pinch point up or down because the components kept getting stuck towards the end of the finishers. Just to add the components were 112"" long stiles, not sure if this had something to do with the issue.",Closed and Completed,0,0.4,Mike d,0.4,12/02/2023 12:00 AM,Miguel Diaz - 12/02/23  7:12:56 AM: Found two sets of top hold down rollers moved by 3/8 that means the stiles where being  pushed away from the cutters operators advised they had to hold the stiles in place with a phenolic stick .Only reason we know this is because i had the  top hold down rollers marked with lines on each gear tooth  marking each location. The difference in material thickness is making the hold downs move .Moved the rollers back to the original location stiles are coming out  beveled properly .Thanks Juan for pointing it out .I will be looking into this further .,[]
151,EQ ID 151,"3/4 "" Edge Finisher, Solid, Technolegno/ Universal 280",Toilet Partitions,9251,12/06/2023,"5. Prod Ongoing, Maint Required",While doing maintenance i found 8 broken guide rail wheels,Closed and Completed,80,0.4,Mike d,0,12/06/2023 12:00 AM,Miguel Diaz - 12/07/23  8:11:49 AM: Replaced the 8 guide rail wheels,[]
151,EQ ID 151,"3/4 "" Edge Finisher, Solid, Technolegno/ Universal 280",Toilet Partitions,9339,12/13/2023,1. Prod Stopped,Lead advised they are getting product with a line scratch on the top,Closed and Completed,0,0.6,Mike Diaz Juan Lopez,0.6,12/13/2023 12:00 AM,Miguel Diaz - 12/13/23  8:56:40 AM: This is from the adjustment that was made to cut 1/2 on the 3/4 cell  from this past Monday by the operators .I  found the top cutter cutting into the top guide wheel leaving it sharp it was also so out of adjustment that  the top and bottom guide wheels  did not move they should have some play with the product underneath .Guide wheels being too tight  causes drag and scratches the product i had to adjust the cutter and bring it all the way back and get the machine back to the way it was before this was moved .Machine is working properly again .,[]
151,EQ ID 151,"3/4 "" Edge Finisher, Solid, Technolegno/ Universal 280",Toilet Partitions,10329,02/12/2024,1. Prod Stopped,Orange belt is Brocken.,Closed and Completed,45,0.4,Max,0.2,02/12/2024 12:00 AM,Miguel Diaz - 02/13/24  7:01:25 AM: Replaced broken belt,[]
151,EQ ID 151,"3/4 "" Edge Finisher, Solid, Technolegno/ Universal 280",Toilet Partitions,10196,02/01/2024,"5. Prod Ongoing, Maint Required",Camera for the edge finisher system is not working,Closed and Completed,30,0,Max,0,02/12/2024 07:00 PM,Maksim Bushka - 02/12/24  8:04:33 PM: Replaced the orange belt. | Miguel Diaz - 02/01/24 11:07:29 AM: Original sensor was not responding on the PLC logic controller after replacing with a new one Part # CT2-CP-1H .Camera is still not working and plc is still not picking up signal .Advising ME department to look at the PLC controller .,[]
151,EQ ID 151,"3/4 "" Edge Finisher, Solid, Technolegno/ Universal 280",Toilet Partitions,10338,02/13/2024,2. General Maint - High Priority,Camera for the finish edge is not working,Closed and Completed,50,1.5,Mike D,0,02/13/2024 12:00 AM,Miguel Diaz - 02/13/24  8:44:13 AM: Troubleshoot found the cable to be the issue the cable had several broken wires something was dropped on it .Replaced Balluff cable Camera is back up and running re routed the cable so it does not get damaged again .Open attachments to view pictures if needed,"[{'name': 'ca1.jpg', 'url': 'https://circaweb.bobrick.com/PME/Forms/DownloadAttachment/529?guid=f1c5a1a0-0b50-4410-817a-e1c0dc5c9107'}, {'name': 'ca2.jpg', 'url': 'https://circaweb.bobrick.com/PME/Forms/DownloadAttachment/530?guid=f1c5a1a0-0b50-4410-817a-e1c0dc5c9107'}]"
151,EQ ID 151,"3/4 "" Edge Finisher, Solid, Technolegno/ Universal 280",Toilet Partitions,10341,02/13/2024,2. General Maint - High Priority,3/4 Main cutter needs to be replaced ASAP you could here it struggling to cut .,Closed Without Action,0,0,mm,0,02/13/2024 12:00 AM,Miguel Diaz - 02/13/24  9:54:55 AM: Advised the shop when they he,[]
151,EQ ID 151,"3/4 "" Edge Finisher, Solid, Technolegno/ Universal 280",Toilet Partitions,10342,02/13/2024,2. General Maint - High Priority,3/4 Main cutter needs to be replaced ASAP you could hear it struggling  to cut .,Closed and Completed,1000,1.3,Mike diaz,0,02/13/2024 12:00 AM,"Miguel Diaz - 02/13/24 10:04:23 AM: Advised the shop cutters should never be making loud cutting noises if they do they should be inspected and or replaced .
Main cutter has been replaced and adjusted to cut 1/32 at each pass.",[]
151,EQ ID 151,"3/4 "" Edge Finisher, Solid, Technolegno/ Universal 280",Toilet Partitions,10570,02/29/2024,"5. Prod Ongoing, Maint Required",Machine feed track hesitates when passing parts through out the day operator has to go and adjust the beam height in order for it to stop .,Closed and Completed,0,0.4,Mike Diaz,0,02/29/2024 12:00 AM,"Miguel Diaz - 02/29/24  6:56:53 AM: This is a good find along with the other machine laminate edge trimmer with the same issue .
Found one of the corners lower than the other three points of reference .Adjusted the corner to be the same height as the rest all drag / hesitating has stopped .",[]
151,EQ ID 151,"3/4 "" Edge Finisher, Solid, Technolegno/ Universal 280",Toilet Partitions,10839,03/27/2024,1. Prod Stopped,Orange belt broken.,Closed and Completed,0,0.3,Max,0,03/27/2024 02:00 PM,Maksim Bushka - 03/27/24  2:00:58 PM: Glued with heating gun,[]
151,EQ ID 151,"3/4 "" Edge Finisher, Solid, Technolegno/ Universal 280",Toilet Partitions,11495,05/01/2024,"3. Prod Affected, Not Stopped","Looks like the edge finisher has a crack disallowing the debris to go up the ducting, when time permits could take a look at this please .",Closed and Completed,0,0.2,Max,0,05/01/2024 02:00 PM,Maksim Bushka - 05/01/24  2:07:25 PM: Repaired the duck line.,[]
151,EQ ID 151,"3/4 "" Edge Finisher, Solid, Technolegno/ Universal 280",Toilet Partitions,11646,05/13/2024,1. Prod Stopped,The operator notify the materials get stock inside.,Closed and Completed,0,0.3,Max,0,05/13/2024 05:00 PM,Maksim Bushka - 05/13/24  5:17:15 PM: Clean up the guides found debris on the wheels.,[]
151,EQ ID 151,"3/4 "" Edge Finisher, Solid, Technolegno/ Universal 280",Toilet Partitions,11674,05/15/2024,"3. Prod Affected, Not Stopped",Employee advised they need help with the parts coming back chipped on the trailing edge,Closed and Completed,0,0.4,Mike d,0.1,05/15/2024 12:00 AM,Miguel Diaz - 05/15/24 10:02:58 AM: Found that the top roller pressure adjustment moved from the original setting this is happening if the thickness is not adjusted correctly .Also found the  Top feeler wheel was in too tight chipping the product when letting go made the adjustments and found a leak on one of the hoses made the repair machine is working properly .,[]
151,EQ ID 151,"3/4 "" Edge Finisher, Solid, Technolegno/ Universal 280",Toilet Partitions,12274,07/02/2024,1. Prod Stopped,Orange belt broken.,Closed and Completed,0,0.3,Max,0,07/02/2024 05:00 PM,Maksim Bushka - 07/02/24  5:05:53 PM: Repaired the orange belt.,[]
151,EQ ID 151,"3/4 "" Edge Finisher, Solid, Technolegno/ Universal 280",Toilet Partitions,12829,08/20/2024,"3. Prod Affected, Not Stopped",Jose from TPF ask for assistance regarding the buffer not getting forward when he tries to adjust manually.,Closed and Completed,0,0.25,PU,0,08/20/2024 12:00 AM,"Primo Uy - 08/20/24  2:55:16 PM: I check the counter knob on the buffer, and it look like it got hang up. I try to push it back and port then use the tools to adjust and notice the knob is making a click when making my adjustment. success. the buffer was moving forward, 1/8 at a time. Line was making a sample piece.",[]
151,EQ ID 151,"3/4 "" Edge Finisher, Solid, Technolegno/ Universal 280",Toilet Partitions,12993,09/09/2024,1. Prod Stopped,The orange belt broke.,Closed and Completed,30,0.3,Max,0,09/09/2024 02:30 PM,Maksim Bushka - 09/09/24  2:33:51 PM: Replaced the orange belt.,[]
151,EQ ID 151,"3/4 "" Edge Finisher, Solid, Technolegno/ Universal 280",Toilet Partitions,15632,05/05/2025,1. Prod Stopped,Operator notify the orange belt come out of track.,Closed and Completed,0,0.15,Max,0,05/05/2025 05:30 PM,Maksim Bushka - 05/05/25  5:22:21 PM: Installed the orange belt back on track.,[]
151,EQ ID 151,"3/4 "" Edge Finisher, Solid, Technolegno/ Universal 280",Toilet Partitions,16174,06/20/2025,2. General Maint - High Priority,The operator notify one of the guiding slat on the table come loose,Closed and Completed,0,0.2,Max,0,06/20/2025 12:30 PM,Maksim Bushka - 06/20/25 12:33:22 PM: Bolted the slat on the table,[]
151,EQ ID 151,"3/4 "" Edge Finisher, Solid, Technolegno/ Universal 280",Toilet Partitions,17603,11/06/2025,1. Prod Stopped,Operator notify one of orange belt broken.,Closed and Completed,60,0.3,Max,0,11/06/2025 06:30 PM,Maksim Bushka - 11/06/25  7:10:47 PM: Replaced the orange belt.,[]
151,EQ ID 151,"3/4 "" Edge Finisher, Solid, Technolegno/ Universal 280",Toilet Partitions,17882,12/09/2025,1. Prod Stopped,The dust collector bag ripe off.,Closed and Completed,20,0.2,Max,0,12/09/2025 03:30 PM,Maksim Bushka - 12/09/25  3:26:25 PM: Replaced the plastic dust collector bag.,[]
151,EQ ID 151,"3/4 "" Edge Finisher, Solid, Technolegno/ Universal 280",Toilet Partitions,18598,02/27/2026,1. Prod Stopped,The operator notifies one of orange belt broke.,Closed and Completed,0,0.3,Max,0,02/27/2026 05:30 PM,Maksim Bushka - 02/27/26  5:36:25 PM: Reglued the orange belt.,[]
