equipment_id,equipment_eq_id,equipment_name,department,wo_id,date_notified,urgency,problem,status,material_cost,labor_time,work_performed_by,owner,assigned_to,downtime_hours,completed_datetime,comments,attachments
5393,EQ ID 5393,Foam Soap Dispensers (at sinks),Maintenance,19958,06/25/2026,2. General Maint - High Priority,soap dispenser closest to women's restroom for the 1st floor restrooms has a broken hinge mechanism and needs to be replaced whenever possible. Engineering has given the okay.,Closed and Completed,0,0.38,PU,,,0,06/25/2026 12:00 AM,Primo Uy - 06/25/26 12:05:29 PM: Reset CB and we will leave the two MW run as is and see if it trip again.,[]
5390,EQ ID 5390,Office Chairs,Maintenance,19799,06/10/2026,2. General Maint - High Priority,"My chair, can't be raised; it is stuck at the lowest level and won't adjust.",Closed and Completed,0,0.3,"Shinobi,PU",,,0,06/10/2026 12:00 AM,,[]
5390,EQ ID 5390,Office Chairs,Maintenance,19894,06/18/2026,6. General Maint,Office chair arm needs replacement,Closed and Completed,0,0.25,PU,,,0,06/18/2026 12:00 AM,Primo Uy - 06/18/26 11:37:13 AM: Done. Replaced L hand arm padding.,[]
36,EQ ID 36,Air compressor 75 HP,Maintenance,1084,04/08/2022,4. Prod Continuing but Affected Equipment stopped,TPF employees advised machines stopped running advising low air pressure,Closed and Completed,0,0.2,Primo Uy,,,0.1,04/08/2022 12:00 AM,"Miguel Diaz - 04/08/22  2:15:16 PM: Shut off main air compressor and turned on the back up .
Suggest now that its hot we need to turn on the Fan so it can help cool off the air compressor on hot sunny days like today .",[]
36,EQ ID 36,Air compressor 75 HP,Maintenance,2329,09/06/2022,"3. Prod Affected, Not Stopped",Compressor shuts down advising to change separator,Closed and Completed,2307,4,Ingersol rand Tech,,,0,09/22/2022 12:00 AM,Miguel Diaz - 09/22/22 12:28:24 PM: Major service has been completed | Miguel Diaz - 09/20/22  8:08:44 AM: Tech is scheduled to come out  this Thursday 9-22-22 to do a major pm service on the 75 HP unit see attachment to view cost of parts and job if needed . | Miguel Diaz - 09/07/22  1:58:16 PM: Ingersoll-Rand is ordering the part (Separator ) When the part  comes in then the tech will be scheduled to come in . | Miguel Diaz - 09/06/22 10:19:31 AM: Reached out to Ingersoll rand for support with change separator shutdown .Waiting for quote so i can reply verbally approved to get them scheduled  .,"[{'name': 'Air compressor 75 hp PO REC LA00041681.pdf', 'url': 'https://circaweb.bobrick.com/PME/Forms/DownloadAttachment/110?guid=e17e3213-ad42-4155-8ea2-6909b46b7b36'}]"
36,EQ ID 36,Air compressor 75 HP,Maintenance,3969,01/13/2023,2. General Maint - High Priority,this morning when turning on the Main air compressor i found it leaking oil from the oil filter,Closed and Completed,0,0.5,Mike max,,,0,01/13/2023 12:00 AM,"Miguel Diaz - 01/13/23  9:31:36 AM: Found oil filter leaking immediately turned compressor off and checked why its leaking I found the filter loose tighten filter by hand then used a belt to turn it over tight .The oil leaked down to a pan that Bart had added years ago the pan is full of oil .Also the oil level is at the low mark but on the green .I will bring this up to the tech when he is here this Monday 1-23-23 @ 8am .
Max and I have  removed the oil from the pan . | Miguel Diaz - 01/13/23  9:18:44 AM: Found oil filter leaking immediately turned compressor off and checked why its leaking I found the filter loose tighten filter by hand then used a belt to turn it over tight  .The oil leaked down to a pan that Bart had added years ago the pan is full of oil .Also the oil level is at the  low mark but on the green .I will bring this up to the tech when he is here this Monday 1-23-23 @ 8am .We will remove the oil from the pan .",[]
36,EQ ID 36,Air compressor 75 HP,Maintenance,3754,12/28/2022,2. General Maint - High Priority,Main air compressor still showing advisory to change separator and CN8 shut down .,Closed and Completed,3742.59,8,Dave Bohannan IR Tech,,,0,02/15/2023 12:00 AM,"Miguel Diaz - 05/12/23 11:25:48 AM: Final cost is in . | Miguel Diaz - 02/23/23  6:32:34 AM: Tech was called back in to look at the issue I reported the check valve was making a loud  clicking noise that does not sound normal .He showed back up yesterday 2-22-23 and did hear the noise i described  but also found the air compressor ramping up past the set PSI of 120 it was going up to 140 PSI which it should not .After troubleshooting he found a diaphragm housing wit a  missing O-ring  .He replaced the O-ring and machine was back online .Air compressor is  back in service work order will stay open till final cost is in for yesterdays repairs . | Miguel Diaz - 02/16/23  8:00:58 AM: Tech replaced the Minimal pressure CV and 2 press transducers. Unit was left on last night it worked without   issues .Closing work order .
LA044576 | Miguel Diaz - 02/15/23 10:39:28 AM: Tech is on his way over now for the repairs instead of Monday 2-20-23 | Miguel Diaz - 02/14/23  8:10:16 AM: Ingersoll rand is coming out this Monday 2-20-23 for the repairs @ 8:30 am . | Miguel Diaz - 12/28/22  9:11:24 AM: Reached out to Ingersoll-Rand they provided a quote to change the press sensors ,calibrate ,rebuild the MPCV ,check out wiring for CN8 , and all control wire connections .Quote was approved by management . Parts are on order No ETA available currently .Attached is the quote for the service PO Rec is LA044576.","[{'name': 'Main air compressor change seperator repairs quote 12-28-22.pdf', 'url': 'https://circaweb.bobrick.com/PME/Forms/DownloadAttachment/187?guid=ff5fda27-26e5-4067-8219-caa36b825653'}]"
36,EQ ID 36,Air compressor 75 HP,Maintenance,13080,09/11/2024,2. General Maint - High Priority,Ingersol rand was brought in to troubleshoot why all three units have stopped working .,Closed and Completed,1100,3,Ingersol rand,,,0,09/11/2024 12:00 AM,Miguel Diaz - 09/17/24  8:33:12 AM: Maint fixed the issues in house but wanted a second opinion,[]
36,EQ ID 36,Air compressor 75 HP,Maintenance,15237,04/01/2025,2. General Maint - High Priority,The oil gage on 75 H/P Compressor shows low oil,Closed and Completed,50,1,Gabriel & Max,,,0,04/01/2025 01:30 PM,Maksim Bushka - 04/01/25  1:28:23 PM: Added 1.5-gallon oil,[]
36,EQ ID 36,Air compressor 75 HP,Maintenance,15326,04/07/2025,6. General Maint,major service,Closed and Completed,3805,2.5,Ingersoll Rand tech,,,0,04/07/2025 02:30 AM,Gabriel Shinobi - 04/08/25  1:16:10 PM: Ingersoll Rand tech performed major service. Completed.,[]
36,EQ ID 36,Air compressor 75 HP,Maintenance,16177,06/20/2025,2. General Maint - High Priority,The oil gage is not working,Closed and Completed,300,0.3,Max,,,0,06/21/2025 10:00 AM,Maksim Bushka - 06/21/25  9:17:41 AM: Replaced the oil gage,"[{'name': '23.jpg', 'url': 'https://circaweb.bobrick.com/PME/Forms/DownloadAttachment/784?guid=a5e73efa-bd68-4a38-b9ea-6b143e933d12'}, {'name': '27.jpg', 'url': 'https://circaweb.bobrick.com/PME/Forms/DownloadAttachment/785?guid=a5e73efa-bd68-4a38-b9ea-6b143e933d12'}, {'name': '26.jpg', 'url': 'https://circaweb.bobrick.com/PME/Forms/DownloadAttachment/786?guid=a5e73efa-bd68-4a38-b9ea-6b143e933d12'}, {'name': '24.jpg', 'url': 'https://circaweb.bobrick.com/PME/Forms/DownloadAttachment/787?guid=a5e73efa-bd68-4a38-b9ea-6b143e933d12'}, {'name': '25.jpg', 'url': 'https://circaweb.bobrick.com/PME/Forms/DownloadAttachment/788?guid=a5e73efa-bd68-4a38-b9ea-6b143e933d12'}]"
5377,EQ ID 5377,40HP Oil-injected Screw Air Compressor,Maintenance,19827,06/11/2026,6. General Maint,Hello team. Please replace the oil/ water separator filters. There should be the floating one inside the container and the larger one that attaches to the back on the container. Thank you,Closed and Completed,0,0.5,Max,,,0,06/18/2026 12:00 AM,,[]
5240,EQ ID 5240,2nd Floor Patio,Maintenance,8100,11/21/2023,2. General Maint - High Priority,Management advised the planters are leaking water onto the floor pavers,Closed and Completed,0,0.5,"Gardner M,ike Max",,,0,11/21/2023 12:00 AM,Miguel Diaz - 11/21/23 11:04:16 AM: Gardner helped us find the valve for the 2 nd floor patio which is the first box closest to the smoking benches he advised the solenoid was open he manually close the valve opened it then adjusted the solenoid and the water stopped leaking .Basically it was out of adjustment .,[]
5239,EQ ID 5239,AC VAV Valves,Maintenance,7304,09/20/2023,"5. Prod Ongoing, Maint Required",Max had to shut off ball valve to VAV in the lunch room because it was leaking a while back .,Closed and Completed,990,4,Acco tech Josh,,,0,09/19/2023 12:00 AM,Miguel Diaz - 10/20/23 11:53:54 AM: Cost is in to close out this work order | Miguel Diaz - 09/20/23  9:48:13 AM: Acco came by yesterday and replaced the ball valve and fittings .Valve is back open and water is flowing to the VAV work order will stay open till final cost is in .,[]
5239,EQ ID 5239,AC VAV Valves,Maintenance,11515,05/03/2024,2. General Maint - High Priority,One of the VAV's in the lunch room is leaking water onto the floor .,Closed and Completed,340,0,Acco tech Allan,,,0,09/02/2024 12:00 AM,"Miguel Diaz - 09/17/24  8:30:31 AM: New battery has been put in the lift comes with 5 year Warranty .
Model 24-85n-19 Make IBE S/N 5519 | Miguel Diaz - 05/08/24  6:05:43 AM: Acco tech was here yesterday and found that a union was loose .When he closed the valve manually it started leaking .After tightening the union the leak stopped .Next time if we have a leaking VAV we need to close the valve watch where the leak is coming from And tighten the hardware before calling ACCO .Work order will stay open till final cost is in . | Miguel Diaz - 05/04/24  7:20:38 AM: A bucket and signs have been placed under the drip Acco will be here Tuesday to look at it .",[]
5212,EQ ID 5212,Exhaust #6 First floor line 5 glue fumes exhaust,Maintenance,5169,04/06/2023,2. General Maint - High Priority,Exhaust is making the roof shake a little employees are complaining they hear vibrations from the roof .,Closed and Completed,4545,5,Acco tech,,,0,05/12/2023 12:00 AM,"Miguel Diaz - 05/12/23 11:25:21 AM: Final cost is in . | Miguel Diaz - 04/06/23  7:38:35 AM: Looked into this issue found exhaust fan #6 not working smoothly almost as if the bearings at worn out we add grease and its still the same .
Called in ACCO for service tech Chris advised he needs to replace several parts Motor was replaced along with the shaft , bearings and springs .Unit is running smoothly now work order will stay open till final cost is in .",[]
5185,EQ ID 5185,Rear yard lot,Maintenance,3126,11/05/2022,2. General Maint - High Priority,Need to clean behind all pallets maker sure drainage is clear for rain .,Closed and Completed,0,8,Mike D Primo U,,,0,11/05/2022 12:00 AM,"Miguel Diaz - 11/05/22  9:57:14 AM: Moved all pallets forward swept all debris behind the pallets and the floor  drain for the whole rear yard all along the perimeter .
Next weekend a company is coming out to wet scrub the floor .Open attachment to view pictures if needed .","[{'name': 'rear yard 2.jpg', 'url': 'https://circaweb.bobrick.com/PME/Forms/DownloadAttachment/162?guid=cb4f4627-da0a-4fd7-bcfb-1e82a330c514'}, {'name': 'rear yard 1.jpg', 'url': 'https://circaweb.bobrick.com/PME/Forms/DownloadAttachment/163?guid=cb4f4627-da0a-4fd7-bcfb-1e82a330c514'}]"
5185,EQ ID 5185,Rear yard lot,Maintenance,6366,07/08/2023,2. General Maint - High Priority,Semi annual pressure washing level 2 BMP,Closed and Completed,0,8,Swiss property maintenance/ Primo Max,,,0,07/08/2023 12:00 AM,"Miguel Diaz - 07/10/23 11:46:42 AM: Swiss property maintenance was contracted to do the pressure washing for our rear yard
 Open attachment to view pictures if needed .","[{'name': 're5.jpg', 'url': 'https://circaweb.bobrick.com/PME/Forms/DownloadAttachment/315?guid=837c44df-598d-4f18-9a15-c6936e613d42'}, {'name': 're3.jpg', 'url': 'https://circaweb.bobrick.com/PME/Forms/DownloadAttachment/316?guid=837c44df-598d-4f18-9a15-c6936e613d42'}, {'name': 're4.jpg', 'url': 'https://circaweb.bobrick.com/PME/Forms/DownloadAttachment/317?guid=837c44df-598d-4f18-9a15-c6936e613d42'}, {'name': 're6.jpg', 'url': 'https://circaweb.bobrick.com/PME/Forms/DownloadAttachment/318?guid=837c44df-598d-4f18-9a15-c6936e613d42'}, {'name': 're2.jpg', 'url': 'https://circaweb.bobrick.com/PME/Forms/DownloadAttachment/319?guid=837c44df-598d-4f18-9a15-c6936e613d42'}, {'name': 're7.jpg', 'url': 'https://circaweb.bobrick.com/PME/Forms/DownloadAttachment/320?guid=837c44df-598d-4f18-9a15-c6936e613d42'}, {'name': 're7.jpg', 'url': 'https://circaweb.bobrick.com/PME/Forms/DownloadAttachment/321?guid=837c44df-598d-4f18-9a15-c6936e613d42'}, {'name': 're9.jpg', 'url': 'https://circaweb.bobrick.com/PME/Forms/DownloadAttachment/322?guid=837c44df-598d-4f18-9a15-c6936e613d42'}, {'name': 're11.jpg', 'url': 'https://circaweb.bobrick.com/PME/Forms/DownloadAttachment/323?guid=837c44df-598d-4f18-9a15-c6936e613d42'}, {'name': 're12.jpg', 'url': 'https://circaweb.bobrick.com/PME/Forms/DownloadAttachment/324?guid=837c44df-598d-4f18-9a15-c6936e613d42'}, {'name': 're1.jpg', 'url': 'https://circaweb.bobrick.com/PME/Forms/DownloadAttachment/325?guid=837c44df-598d-4f18-9a15-c6936e613d42'}, {'name': 're8.jpg', 'url': 'https://circaweb.bobrick.com/PME/Forms/DownloadAttachment/326?guid=837c44df-598d-4f18-9a15-c6936e613d42'}, {'name': 're10.jpg', 'url': 'https://circaweb.bobrick.com/PME/Forms/DownloadAttachment/327?guid=837c44df-598d-4f18-9a15-c6936e613d42'}, {'name': 're16.jpg', 'url': 'https://circaweb.bobrick.com/PME/Forms/DownloadAttachment/328?guid=837c44df-598d-4f18-9a15-c6936e613d42'}, {'name': 're13.jpg', 'url': 'https://circaweb.bobrick.com/PME/Forms/DownloadAttachment/329?guid=837c44df-598d-4f18-9a15-c6936e613d42'}, {'name': 're19.jpg', 'url': 'https://circaweb.bobrick.com/PME/Forms/DownloadAttachment/330?guid=837c44df-598d-4f18-9a15-c6936e613d42'}, {'name': 're14.jpg', 'url': 'https://circaweb.bobrick.com/PME/Forms/DownloadAttachment/331?guid=837c44df-598d-4f18-9a15-c6936e613d42'}, {'name': 're15.jpg', 'url': 'https://circaweb.bobrick.com/PME/Forms/DownloadAttachment/332?guid=837c44df-598d-4f18-9a15-c6936e613d42'}, {'name': 're17.jpg', 'url': 'https://circaweb.bobrick.com/PME/Forms/DownloadAttachment/333?guid=837c44df-598d-4f18-9a15-c6936e613d42'}, {'name': 're18.jpg', 'url': 'https://circaweb.bobrick.com/PME/Forms/DownloadAttachment/334?guid=837c44df-598d-4f18-9a15-c6936e613d42'}, {'name': 're20.jpg', 'url': 'https://circaweb.bobrick.com/PME/Forms/DownloadAttachment/335?guid=837c44df-598d-4f18-9a15-c6936e613d42'}, {'name': 're21.jpg', 'url': 'https://circaweb.bobrick.com/PME/Forms/DownloadAttachment/336?guid=837c44df-598d-4f18-9a15-c6936e613d42'}, {'name': 're22.jpg', 'url': 'https://circaweb.bobrick.com/PME/Forms/DownloadAttachment/337?guid=837c44df-598d-4f18-9a15-c6936e613d42'}, {'name': 're23.jpg', 'url': 'https://circaweb.bobrick.com/PME/Forms/DownloadAttachment/338?guid=837c44df-598d-4f18-9a15-c6936e613d42'}]"
5185,EQ ID 5185,Rear yard lot,Maintenance,13896,11/22/2024,2. General Maint - High Priority,Before it rains we would like to power wash the rear exit concrete facing Tujunga,Closed and Completed,0,2,Max,,,0,11/22/2024 12:00 AM,Miguel Diaz - 11/22/24  1:44:19 PM: Used pressure washer to clean outside by the shipping exit  also the rain water sample location SP1,[]
5165,EQ ID 5165,ET water Controller Gen 4 and watering irrigation for outside plants,Maintenance,2197,08/18/2022,4. Prod Continuing but Affected Equipment stopped,Found station 2 on our landscape map  for watering dry,Closed and Completed,15,2,Mike Diaz,,,0,08/18/2022 12:00 AM,Miguel Diaz - 08/18/22 10:17:08 AM: Found  one controller box full with water removed water with cup and found it off turned controller  on for station 2 and found 5 leaks all over fixed all leaks by placing couplings .Watered station 2 for 30 minutes .,[]
5165,EQ ID 5165,ET water Controller Gen 4 and watering irrigation for outside plants,Maintenance,2222,08/23/2022,2. General Maint - High Priority,Found one of the green valve boxes  for the irrigation water full with water  last week,Closed and Completed,0,4,Mike Diaz,,,0,08/23/2022 12:00 AM,Miguel Diaz - 08/23/22  1:45:34 PM: Troubleshoot  for several days off and on and found the remote control valve was leaking water from the housing gasket .Tighten all hardware leak stopped .,[]
5165,EQ ID 5165,ET water Controller Gen 4 and watering irrigation for outside plants,Maintenance,2273,08/29/2022,4. Prod Continuing but Affected Equipment stopped,Primo Found one of the Railbird bubblers shooting water all over the place .,Closed and Completed,10,0.4,Mike Primo,,,0,08/29/2022 12:00 AM,Miguel Diaz - 08/29/22  8:29:19 AM: Found nozzle to this bubbler defective .Gardner's have closed this nozzle because too much water comes out this one nozzle replaced it and closed it off and directed any water to the palm tree .,[]
5165,EQ ID 5165,ET water Controller Gen 4 and watering irrigation for outside plants,Maintenance,2471,09/22/2022,4. Prod Continuing but Affected Equipment stopped,Found all outside planters  not getting watered open the controller door and error advised main valve has a short and will not work .,Closed and Completed,100,4,Mike Diaz,,,0,09/30/2022 12:00 AM,Miguel Diaz - 09/30/22 11:11:46 AM: Troubleshoot and tested all solenoids valves MV has a short and the rest 1-12 are all ok .Ordered replacement solenoids assembly from rainbird.com Part # SOLASSG4 (236239) and replace it full system is back ON.,[]
5165,EQ ID 5165,ET water Controller Gen 4 and watering irrigation for outside plants,Maintenance,3901,01/11/2023,2. General Maint - High Priority,Found solenoid station 5 not working during maintenance check of the controller .,Closed and Completed,40,0.7,Max Mike,,,0,01/11/2023 12:00 AM,Miguel Diaz - 01/11/23  9:17:11 AM: Found station 5 solenoid and replaced it with part # SOLASSG4 /Rain bird .,[]
5165,EQ ID 5165,ET water Controller Gen 4 and watering irrigation for outside plants,Maintenance,3902,01/11/2023,"5. Prod Ongoing, Maint Required",Received new updated 4G modem that needs to be replaced on our ET controller .This new modem is replacing the old 3G modem,Closed and Completed,0,1,Mike Max,,,0,01/11/2023 12:00 AM,Miguel Diaz - 01/11/23  9:20:50 AM: Replaced ET WATER Controller modem .,[]
5165,EQ ID 5165,ET water Controller Gen 4 and watering irrigation for outside plants,Maintenance,6605,07/25/2023,2. General Maint - High Priority,Found several locations leaking water overnight when the sprinkler system is watering .,Closed and Completed,20,2,Max Mike,,,0,07/25/2023 12:00 AM,Miguel Diaz - 07/25/23 12:56:16 PM: Purchased a few 6 '' fixed sprinkler heads @Homedepot  Maxed replaced one station/Bubbler on station 4  and repaired two leaks on station 15 close the hart truck entrance .,[]
5165,EQ ID 5165,ET water Controller Gen 4 and watering irrigation for outside plants,Maintenance,8103,11/21/2023,2. General Maint - High Priority,Pest control company advised we had running water coming out the sprinklers underneath the ramp from the parking structure on the first floor .,Closed and Completed,1508,16,H & C Landscaping,,,0,11/21/2023 12:00 AM,Miguel Diaz - 11/21/23 11:45:07 AM: Troubleshoot purchased new scrubber valve replaced valve and water still leaked called the gardener  he advised the full valve has to be replaced we agreed to replace two of them .Two valves have been replaced and 2 shut off valves also to each of the lines none of them had one. Water is not leaking anymore .Open attachment to view invoice if needed .,"[{'name': 'landscape valve replacement 11-21-23.pdf', 'url': 'https://circaweb.bobrick.com/PME/Forms/DownloadAttachment/468?guid=a4124e6b-dccd-422e-8292-f2bb2aa8985b'}]"
5165,EQ ID 5165,ET water Controller Gen 4 and watering irrigation for outside plants,Maintenance,12482,07/22/2024,2. General Maint - High Priority,Found water on for zone 11 this morning,Closed and Completed,0,0.5,Mike d,,,0,07/22/2024 12:00 AM,Miguel Diaz - 07/22/24  8:54:43 AM: Troubleshoot and found that the irrigation valve had a loose anti siphon screw after tightening it up the water stopped coming out the bubblers.,[]
5165,EQ ID 5165,ET water Controller Gen 4 and watering irrigation for outside plants,Maintenance,12736,08/13/2024,2. General Maint - High Priority,Ramon found one of the in ground boxes full of water,Closed and Completed,0,1,Max & PU & MD,,,0,08/13/2024 12:00 AM,"Primo Uy - 08/13/24  2:09:43 PM: We replaced the sprinkler head, No more leak.
Note: Need to dig out some earth to check the pipe. | Miguel Diaz - 08/13/24 11:49:59 AM: Tighten all hardware nuts on the bubblers and will check again tomorrow ,But the bubbler across has a broken pipe Max is working on it today . | Miguel Diaz - 08/13/24  9:55:03 AM: Location is on the same side the smoking area is. I found 3 boxes full of water removed water then turned on stations 5 then 6 and no water leaks will troubleshoot more when time permits .",[]
5165,EQ ID 5165,ET water Controller Gen 4 and watering irrigation for outside plants,Maintenance,14820,02/25/2025,2. General Maint - High Priority,Walked the perimeter and found plants to be dry checked the main valve and it was off .,Closed and Completed,20,0.7,MD Gabriel,,,0,02/25/2025 12:00 AM,Miguel Diaz - 02/25/25  1:18:24 PM: Turned on valve and did a 5 min cycle for all stations .Found two areas leaking out the sprinkler head replaced sprinkler heads .,[]
2133,EQ ID 2133,Fire Alarm Panel,Maintenance,5846,05/31/2023,2. General Maint - High Priority,Received two different fire alarm events today displaying low fuel alarm coming from our back up Generator .,Closed and Completed,5,0.6,Mike D Max,,,0,05/31/2023 12:00 AM,Miguel Diaz - 05/31/23  1:53:46 PM: Troubleshoot on back up generator/ Kohler and found that the analog for number 3 and 4 was under 40 if the # is under 40 then it triggers the alarm  also notice O/R which means out of range .I looked into it further and found that the sending unit that goes from the storage tank to the Kohler controller was not responding. I did find a bad connection  replaced connectors number is now above 40 and its at 55 .Open attachment to view picture if needed .,"[{'name': 'Fire alarm panel low fuel alarm  5-31-23.jpg', 'url': 'https://circaweb.bobrick.com/PME/Forms/DownloadAttachment/284?guid=34e573f3-d563-4373-9271-773633a2b3da'}]"
2133,EQ ID 2133,Fire Alarm Panel,Maintenance,6846,08/15/2023,2. General Maint - High Priority,"Received a call and message from the janitorial night crew advising the fire alarm panel was ringing with message :
Alarm Smoke Photo garage elevator 3rd floor Z030 Time 2:28am Fire department came out and reset the fire alarm panel .",Closed and Completed,0,0.5,Mike diaz,,,0,08/15/2023 12:00 AM,Miguel Diaz - 08/15/23 10:06:54 AM: When i came in i knew this alone does not fix the issue the smoke detector still has to get cleaned .I do know we just had the elevator in the parking garage worked on when they replaced the governor rope so that is what tripped the smoke alarm the dust from the workers got the smoke detector dirty therefore  tripping the alarm .I replaced the smoke detector this morning along with resetting the elevator from the first floor using the keys from the room next to the fire alarm panel .,[]
2133,EQ ID 2133,Fire Alarm Panel,Maintenance,6903,08/21/2023,2. General Maint - High Priority,Found fire alarm panel in trouble mode sounding off .,Closed and Completed,475,2,LADS,,,0,08/21/2023 12:00 AM,"Miguel Diaz - 11/01/23  1:45:50 PM: Cost is in to close out the work order .Open attachment if needed to view invoice . | Miguel Diaz - 08/22/23  6:37:45 AM: Los Angeles detection systems was able to come by yesterday and replace the pull station they found it not talking to the fire system panel  .All systems are back to normal we will add silicone to all openings to keep the water out of the electronics to keep this from happening again .Work order will stay open till final cost are  in . | Miguel Diaz - 08/21/23  7:40:55 AM: Alarm displayed two alarms Trouble pull station garage  2nd floor east INVREP(IM034)
Trouble pull station 1 strl  sw whse INVREP (IM056) Tigran has been called in  for service he will try and re route someone today or tomorrow for now if you hear the alarm going off please silence it only do not reset till it can be fixed .
Thanks","[{'name': 'Fire riser model replacement  2023 invoice _Los_Angeles_Detection_Systems_Inc.pdf', 'url': 'https://circaweb.bobrick.com/PME/Forms/DownloadAttachment/450?guid=cede0d4f-0bc0-4a22-8b92-d36cd8d8aa73'}]"
2133,EQ ID 2133,Fire Alarm Panel,Maintenance,6964,08/23/2023,2. General Maint - High Priority,Matt called and left a message advising the fire alarm tripped saying smoke alarm garage 3rd floor elevator Josh Warren reset alarm .,Closed and Completed,0,1.5,Mike,,,0,08/23/2023 12:00 AM,Miguel Diaz - 08/23/23  9:16:51 AM: When i saw the message i called the center station and placed zone 11 on test till i can troubleshoot the next day  .Today I was I able to locate the alarm in front of the elevator door  by removing the smoke alarm and having max at the fire alarm panel and having him watch what  alarm pops up  when i remove it if its the same message zone or not since it was what we been getting then that's the one that needs cleaning or replacement .Removed smoke alarm and cleaned it .,[]
2133,EQ ID 2133,Fire Alarm Panel,Maintenance,7398,09/28/2023,2. General Maint - High Priority,LA detection systems did our  Reg 4 testing and advised all 6 batteries get replaced  in the fire alarms boxes asap,Closed and Completed,227.46,1,Mike Max,,,0,09/28/2023 12:00 AM,"Miguel Diaz - 09/29/23  7:34:01 AM: Replaced QTY 2 MODEL PS-127F1 
Replaced QTY 4 MODEL PS-12180F2",[]
2133,EQ ID 2133,Fire Alarm Panel,Maintenance,7400,09/29/2023,2. General Maint - High Priority,When opening the building this morning I found the fire alarm panel ringing display said trouble smoke photo duct AC 1-4,Closed and Completed,150,1.7,Mike Max,,,0,09/29/2023 12:00 AM,Miguel Diaz - 09/29/23  8:48:33 AM: Troubleshoot found ac unit 1-4 on roof  with insulation coming off the door leaning in towards the exhaust  fan causing this issue .Insulation was re-glued back to the door .Cleaned smoke alarm from the duct  but fire panel would still not reset after replacing the smoke alarm model SD355 Fire alarm panel did reset .System is off Test .Open attachment to view pictures if needed .,"[{'name': 'sk1.jpg', 'url': 'https://circaweb.bobrick.com/PME/Forms/DownloadAttachment/424?guid=0393e1bd-d296-4f76-8f35-f0ba2cd0a5ff'}, {'name': 'sk2.jpg', 'url': 'https://circaweb.bobrick.com/PME/Forms/DownloadAttachment/425?guid=0393e1bd-d296-4f76-8f35-f0ba2cd0a5ff'}, {'name': 'sk3.jpg', 'url': 'https://circaweb.bobrick.com/PME/Forms/DownloadAttachment/426?guid=0393e1bd-d296-4f76-8f35-f0ba2cd0a5ff'}]"
2133,EQ ID 2133,Fire Alarm Panel,Maintenance,12684,08/07/2024,2. General Maint - High Priority,When arriving this morning i found the fire alarm fully activated .,Closed and Completed,0,1.5,Mike d,,,0,08/07/2024 12:00 AM,Miguel Diaz - 08/07/24  7:58:46 AM: This was one hour before my shift had to open the building and deactivate the security alarm on both floors before looking at the fire alarm .Fire alarm panel advised smoke (photo) duct 1-1 .I Silenced it and reset the alarm I then called the alarm company to advise that the alarm was a false alarm and to notify the fire department not to come out .Placed fire alarm on test then Located AC 1-1 smoke sensor removed  it and cleaned it internally .Cleared  test system back to normal .,[]
2136,EQ ID 2136,Service kart,Maintenance,2365,09/14/2022,4. Prod Continuing but Affected Equipment stopped,Gold Kart has not worked in a month it does not move forward or reverse .,Closed and Completed,0,1,Mike D,,,0,09/14/2022 12:00 AM,Miguel Diaz - 09/14/22  7:32:37 AM: After troubleshooting today i found 2 wires have been cut this could not have happened accidently it looks more like intentional .Either way i found the problem kart is working again .,[]
1926,EQ ID 1926,Exit Doors,Maintenance,3064,10/27/2022,6. General Maint,Exit double doors exiting TPF to the rear yard has weather strips that are ripped,Closed and Completed,118.33,0.5,Mike D,,,0,10/27/2022 12:00 AM,"Miguel Diaz - 10/27/22  8:21:05 AM: Replaced both door weatherstrip ,hollow bulb insert 8 ft l part 52WZ67",[]
1926,EQ ID 1926,Exit Doors,Maintenance,12574,07/30/2024,2. General Maint - High Priority,Front lobby door not closing properly and can be opened from the outside if you pull on the handle semi hard,Closed and Completed,3945.42,1,Mike d,,,0,07/30/2024 12:00 AM,Miguel Diaz - 07/30/24  8:58:17 AM: Ordered part from Access hardware the part is from CRL Laurence model ESK2SDBS .Its been replaced  .,[]
1943,EQ ID 1943,Door alarm trasmitter,Maintenance,9516,01/03/2024,1. Prod Stopped,Edge bander return system belt broken.,Closed and Completed,150,1,Max,,,0,01/03/2024 02:00 PM,Maksim Bushka - 01/03/24  3:10:38 PM: Replaced the orange belt and glued.,[]
1976,EQ ID 1976,Toilets all floors,Maintenance,1703,06/16/2022,"5. Prod Ongoing, Maint Required",Night crew discovered in the 1st floor womens restroom that the 2nd to last stall toilet seat came loose and needed repairs.,Closed and Completed,0,0.17,Nick M,,,0,06/16/2022 12:00 PM,Nicholas Martinez - 06/16/22 12:26:30 PM: Screws that held toilet seat in place corroded and broke apart. Replaced old parts with new parts.,[]
1976,EQ ID 1976,Toilets all floors,Maintenance,1745,06/21/2022,"5. Prod Ongoing, Maint Required",3rd bathroom stall in the men's 2nd floor restroom is leaking between the toilet sensor and the water valve pipe above toilet seat.,Closed and Completed,5,0.5,Mike diaz,,,0,06/22/2022 12:00 AM,Miguel Diaz - 06/22/22  9:33:03 AM: Replaced O-ring and aligned hardware unit stops leaking,[]
1976,EQ ID 1976,Toilets all floors,Maintenance,11784,05/22/2024,2. General Maint - High Priority,Received a text from Daisy the night  janitorial she advised the water is running and does not stop after pressing the button.Toilet is located on the first floor women's . This stayed running till i got in .I explained them how to turn it off but they were gone .,Closed and Completed,15,1,Mike d,,,0,05/22/2024 12:00 AM,Miguel Diaz - 05/22/24  7:53:50 AM: Turned the water off to the unit checked the push button for proper operation its working properly. I disassembled the unit found it a  little dirty on the washdown filter assembled it back toilet still leaks .Replaced the vacuum breaker toilet still leaks .Replaced the unit with a Used valve the water stopped after a few flushes the water kept running again .I shut the water off to the toilets from  the main valve  located in the men's handicap stall  and turned it back on that did nothing .I tapped on the unit drain and the water gurgled and stopped flushing i flushed it several times and it worked .Please use this work order to troubleshoot future issues if needed .Open the attachment to view the area where i tapped on it to stop the water from flushing circled in green .,"[{'name': 'toilet flush wave.jpg', 'url': 'https://circaweb.bobrick.com/PME/Forms/DownloadAttachment/572?guid=3766a821-4c82-4d21-9e48-e7ce36d38585'}]"
7,EQ ID 7,"Truck, Pick-Up",Maintenance,2169,08/15/2022,4. Prod Continuing but Affected Equipment stopped,Found Toyota truck rear driver side tire completely flat,Closed and Completed,0,0.5,Mike,,,0,08/15/2022 12:00 AM,Miguel Diaz - 08/15/22  9:09:23 AM: Swapped tire with spare old tire will need to be repaired or replaced at a tire shop .,"[{'name': 'toyota.jpg', 'url': 'https://circaweb.bobrick.com/PME/Forms/DownloadAttachment/97?guid=33b6a56c-3d2e-44c1-b6c0-fc3d65b7b001'}]"
11,EQ ID 11,Platform Lift (Hunterlift),Maintenance,1826,06/29/2022,1. Prod Stopped,While driving the  unit stopped moving forward or reverse,Closed and Completed,60,8,Mike Bart,,,0,06/29/2022 12:00 AM,Miguel Diaz - 06/29/22 11:48:30 AM: Troubleshoot unit found motor for the pump with the issue removed motor from the unit disassemble and found both bearings in bad shape with bearings gone .Replaced bearings and re-assemble .Units is back up and running .,[]
1452,EQ ID 1452,GMC Flat bed truck,Maintenance,2074,08/02/2022,"3. Prod Affected, Not Stopped","New tags on GMC flatbed, Toyota pickup, and manlift fire extinguishers need to be numbered.",Closed and Completed,0,0.08,Nick M,,,0,08/02/2022 11:00 AM,Nicholas Martinez - 08/02/22 11:59:43 AM: All fire extinguisher tags numbered and updated.,[]
1882,EQ ID 1882,Water faucets outside the restrooms 1 and 2nd floors,Maintenance,19031,04/08/2026,2. General Maint - High Priority,The Faucet in the upstairs Lobby restroom is not working.,Closed and Completed,0,0.15,Max,,,0,04/08/2026 12:00 PM,Maksim Bushka - 04/08/26 12:23:13 PM: Reseat the button on solenoid box under the sink.,[]
1515,EQ ID 1515,2016 Hyundai elantra,Maintenance,2223,08/22/2022,4. Prod Continuing but Affected Equipment stopped,Right rear passenger tire was reading low tire pressure.,Closed and Completed,0,0.05,Nick M,,,0,08/22/2022 11:30 AM,Nicholas Martinez - 08/23/22  4:43:09 PM: Taken cared of.,[]
1515,EQ ID 1515,2016 Hyundai elantra,Maintenance,2290,08/31/2022,1. Prod Stopped,The car is reading low tire pressure on the right rear passenger side again. We will be needing the car today so car needs to be ready by 10:30 am. Thank you in advance!,Closed and Completed,0,0.17,Nick M,,,0,08/31/2022 09:30 AM,"Nicholas Martinez - 09/01/22 11:22:08 AM: I put air in the tire and did an inspection, but found no nails or any signs of a puncture on the tire. we'll have to keep an eye on the back passenger tire to determine if there's a faulty sensor or unknown issue causing this as this is the 2nd time the same tire needed to be air filled in a short amount of time.",[]
1515,EQ ID 1515,2016 Hyundai elantra,Maintenance,2408,09/20/2022,"3. Prod Affected, Not Stopped",The 2016 Hyundai Elantra is reading low tire pressure on the right back passenger tire. It is currently parked in the first floor in the visitor parking lot. Please ask either me or Liz for the keys.,Closed and Completed,0,0.35,PU,,,0,09/20/2022 12:00 AM,Primo Uy - 09/20/22  8:34:59 AM: Use a portable compressor to increase the air tire pressure from 14 to 27 psi. Done.,[]
1515,EQ ID 1515,2016 Hyundai elantra,Maintenance,2432,09/21/2022,"3. Prod Affected, Not Stopped","Hello there, the car is still indicating that there is low tire pressure on the back right passenger side. Gail is currently using the car and states that the notification never came off the car. Can someone please check on the tire again and please turn the car on to ensure the sign goes away. The car is in the visitor parking.",Closed and Completed,0,0.5,PU,,,0,09/21/2022 12:00 AM,Primo Uy - 09/21/22  8:30:41 AM: Start the car. Set up air to 31 PSI and the warning come off.,[]
1515,EQ ID 1515,2016 Hyundai elantra,Maintenance,7086,08/31/2023,6. General Maint,"Hello, 
On the driver side of the black Hyundai, one of the tires needs air. If someone can please put air in the tire. Please and thank you!",Closed and Completed,0,0.25,PU & Max,,,0,08/31/2023 12:00 AM,Primo Uy - 08/31/23  9:51:12 AM: We add air and find out that the rim was badly bend where the tire stem located. This is where the leak coming from. Need to change replace the rim asap.,[]
1523,EQ ID 1523,South wall Fire riser system #1 controls warehouse & level 2 offices,Maintenance,7399,09/28/2023,2. General Maint - High Priority,LA detection systems did our Reg 4 testing they advised the flow switch did not work properly and needs to be replaced asap .,Closed and Completed,950,1.5,La detection systems,,,0,09/28/2023 12:00 AM,Miguel Diaz - 09/29/23  7:38:08 AM: Flow switch was replaced yesterday,[]
1594,EQ ID 1594,Lunchroom Filters across from Sandy's office under sink,Maintenance,11391,04/22/2024,2. General Maint - High Priority,It was reported that the filters are leaking water and on the floor,Closed and Completed,340,2,"Primo, Miguel, Max",,,0,04/23/2024 01:30 PM,"Maksim Bushka - 04/23/24  1:37:23 PM: Replaced all 3 filters under the sink. | Miguel Diaz - 04/22/24  1:47:14 PM: Found first filter leaking water a new set of filters(3) have been ordered from Grainger they are arriving tomorrow .
Ordered QTY 2 Part #31XC11 
Ordered QTY 1 Part# 5WFG2",[]
1607,EQ ID 1607,Scotsman ice maker Shipping lunchroom,Maintenance,1040,03/31/2022,4. Prod Continuing but Affected Equipment stopped,ICE machine keeps shutting down and no ice is coming out .,Closed and Completed,1746.89,16,Barton lea,,,18,04/08/2022 08:00 AM,Miguel Diaz - 04/06/22  7:25:48 AM: Ordered replacement gear for the machine Bart is working on it now .,[]
1607,EQ ID 1607,Scotsman ice maker Shipping lunchroom,Maintenance,1089,04/09/2022,4. Prod Continuing but Affected Equipment stopped,Found ice machine tripped again,Closed and Completed,0,1,mike diaz,,,0,04/09/2022 12:00 AM,Miguel Diaz - 04/09/22  1:37:49 PM: Blow out fan and cooling fins from the unit .Its getting more dust than usual due to the open door .,[]
1607,EQ ID 1607,Scotsman ice maker Shipping lunchroom,Maintenance,12601,08/01/2024,6. General Maint,Sink /drain and cover needs to be replaced its not looking good .,Closed and Completed,597,1,Mike d,,,0,08/01/2024 12:00 AM,Miguel Diaz - 08/01/24  9:16:33 AM: Ordered and Replaced both .,[]
1607,EQ ID 1607,Scotsman ice maker Shipping lunchroom,Maintenance,16348,07/10/2025,6. General Maint,ice maker is getting clogged,Closed and Completed,0,0.35,PU,,,0,07/10/2025 12:00 AM,Primo Uy - 07/11/25  2:17:42 PM: Done. Unclogged the Drainage on the tray. Water is now draining properly.,[]
1608,EQ ID 1608,Scotsman ice maker Executive lunchroom,Maintenance,1667,06/13/2022,4. Prod Continuing but Affected Equipment stopped,Found sitting water on the drain pan with floaters,Closed and Completed,0,0.4,Mike diaz,,,0,06/13/2022 12:00 AM,Miguel Diaz - 06/13/22 11:27:23 AM: Un-clogged drain and wiped pan free of floaters .,[]
1608,EQ ID 1608,Scotsman ice maker Executive lunchroom,Maintenance,2390,09/17/2022,4. Prod Continuing but Affected Equipment stopped,Found water dispenser 'on the ice machine  pouring water slow it takes 20 minutes to fill a cup of water .,Closed and Completed,0,1,Mike D,,,0,09/17/2022 12:00 AM,Miguel Diaz - 09/17/22 10:37:56 AM: Disassemble water dump solenoid and found hard water deposits also the pin hole was closed with it after cleaning it and re-assemble the dispenser is now back to normal .Open the attachment to view picture if needed .,"[{'name': 'ice machine dump solenoid 9-17-22.jpg', 'url': 'https://circaweb.bobrick.com/PME/Forms/DownloadAttachment/109?guid=fc936a23-4bba-4b32-a1ee-8a399e895c62'}]"
1608,EQ ID 1608,Scotsman ice maker Executive lunchroom,Maintenance,6224,06/26/2023,2. General Maint - High Priority,Employees reported ice machine leaking water down the ice Shute,Closed and Completed,0,0.4,Mike Max,,,0,06/26/2023 12:00 AM,"Miguel Diaz - 06/26/23 11:43:32 AM: Tilted the ice machine by 1/8  to get the water from the ice shute to drain out the back from inside ice bucket per tech support .
No dripping water .",[]
1608,EQ ID 1608,Scotsman ice maker Executive lunchroom,Maintenance,7251,09/14/2023,2. General Maint - High Priority,President reported the ice machine sounding louder than usual,Closed and Completed,3300.71,4,Max Mike,,,0,09/28/2023 12:00 AM,"Miguel Diaz - 09/28/23  8:31:28 AM: NEW gear box and motor has been replaced  ,Drip pan and water sensor .
Ice machine has been placed back in the lunch room and is working properly . | Miguel Diaz - 09/15/23 11:38:01 AM: Checked the ice machine found it  louder than usual found noise coming from the motor replaced the motor noise was still present .Ordered replacement gear reducer and motor part # A33220-021 115v from parts town part will arrive weds 9-20-23 .",[]
1609,EQ ID 1609,Scotsman ice maker Main lunchroom 2nd floor,Maintenance,4841,03/16/2023,2. General Maint - High Priority,The ice maker in main lunchroom is leaking water.,Closed and Completed,0,0.3,Miguel & Max,,,0,03/16/2023 08:00 AM,Maksim Bushka - 03/16/23  9:10:41 AM: Adjusted the water feeling valve.,[]
1609,EQ ID 1609,Scotsman ice maker Main lunchroom 2nd floor,Maintenance,12585,07/31/2024,2. General Maint - High Priority,Ice machine drain and grill needs to be replaced they are in bad shape,Closed and Completed,597.33,0.6,Mike d,,,0,07/31/2024 12:00 AM,Miguel Diaz - 07/31/24  8:15:34 AM: Ordered and replaced both drain and cover .,[]
1609,EQ ID 1609,Scotsman ice maker Main lunchroom 2nd floor,Maintenance,12718,08/12/2024,2. General Maint - High Priority,Ice machine is making noise when making ice .,Closed and Completed,100,2,Mike d,,,0,08/10/2024 12:00 AM,Miguel Diaz - 08/12/24  8:12:21 AM: Did an internal parts cleaning using Scotsman scale remover over the weekend this should help .,[]
1609,EQ ID 1609,Scotsman ice maker Main lunchroom 2nd floor,Maintenance,18991,04/06/2026,6. General Maint,The ice maker in the breakroom upstairs isn't working.,Closed and Completed,408.32,0,Outside vendor,,,0,04/09/2026 12:00 AM,"Gabriel Shinobi - 04/15/26  2:54:50 PM: icemaker working normally, tech cleaned condenser lines | Sean Jennings - 04/08/26  7:34:11 AM: This is still under warranty so we called an authorized technician to troubleshoot.",[]
1609,EQ ID 1609,Scotsman ice maker Main lunchroom 2nd floor,Maintenance,19278,05/04/2026,6. General Maint,Ice does not work on the machine only the water does,Closed and Completed,0,0.5,Outside tech,,,0,06/03/2026 09:00 AM,"Gabriel Shinobi - 06/04/26  7:10:12 AM: speed sensor swapped, currently working normally | Sean Jennings - 05/07/26  7:11:37 AM: Tech came out and needed to order parts. Pending parts arriving",[]
1609,EQ ID 1609,Scotsman ice maker Main lunchroom 2nd floor,Maintenance,19387,05/13/2026,6. General Maint,Has not been working been working for a few weeks,Pending,0,0.5,outside tech,Maintenance,,0,06/03/2026 09:30 AM,"Sean Jennings - 07/27/26 11:56:45 AM: Sent a video of the icing over to the tech on 7/24/2026. | Sean Jennings - 06/22/26  9:13:14 AM: Waiting for tech to receive a new run capacitor | Gabriel Shinobi - 06/04/26  7:10:54 AM: speed sensor swapped, currently working normally | Sean Jennings - 05/13/26  8:59:52 AM: Hello Colin. We are actively working on fixing this icemaker. It most recently went down on May 4th and we had a technician out of May 6th. This icemaker is still under warranty so the tech ordered new parts, which came in on May 8th. The tech replaced the parts but the issue remained. More parts were ordered and we are now waiting on those to arrive. Thank you",[]
1609,EQ ID 1609,Scotsman ice maker Main lunchroom 2nd floor,Maintenance,19479,05/18/2026,6. General Maint,Problem was not completely fixed last time the tech was here because it has now stopped making ice again,Closed and Completed,0,0.5,outside tech,,,0,06/03/2026 09:30 AM,"Gabriel Shinobi - 06/04/26  7:11:21 AM: speed sensor swapped, currently working normally | Sean Jennings - 05/18/26 10:32:10 AM: They will be here today (5/18) to take a look at it | Sean Jennings - 05/18/26 10:13:11 AM: Called Vantage Air to come back out. (818) 885-1800",[]
1615,EQ ID 1615,Urinals HYB-7000,Maintenance,12453,07/19/2024,2. General Maint - High Priority,Urinal on the second floor in the Men's restroom is clogged,Closed and Completed,325,2,Joseph Mike Anderson,,,0,07/19/2024 12:00 AM,"Miguel Diaz - 08/16/24  6:40:49 AM: Cost is in to close out work order | Miguel Diaz - 07/23/24  8:54:08 AM: Anderson Plumbing was brought in for service they were able to un-clogg the urinal .
Work order will stay open till final cost is in . | Miguel Diaz - 07/19/24 11:18:55 AM: Joseph removed the cartridge and the water was still high after using the plunger it does not go down i tried doing the same i also used a snake but it does not go in past the cartridge housing .Anderson plumbing has been called in for service they will be here today between 1-4 pm",[]
1618,EQ ID 1618,Storm drain location South west shipping Exit,Maintenance,1950,07/19/2022,4. Prod Continuing but Affected Equipment stopped,Drain booms need to be replaced,Closed and Completed,40,0.5,mike diaz,,,0,07/19/2022 12:00 AM,Miguel Diaz - 07/19/22  8:20:31 AM: Removed and replaced storm drain boom with outdoor sorbent for storm water management  3 x 96 long from Mc master part # 3358N13 Need qty  1,[]
1619,EQ ID 1619,Storm drain Location south east next to shipping elevator,Maintenance,1949,07/19/2022,4. Prod Continuing but Affected Equipment stopped,Drain booms need to be replaced,Closed and Completed,80,1,mike idaz,,,0,07/19/2022 12:00 AM,Miguel Diaz - 07/19/22  8:19:59 AM: Removed and replaced storm drain boom with outdoor sorbent for storm water management  3 x 96 long from Mc master part # 3358N13 Need qty  2,[]
1620,EQ ID 1620,Storm drain Location near Dust colletor,Maintenance,1948,07/19/2022,4. Prod Continuing but Affected Equipment stopped,Drain booms need to be replaced,Closed and Completed,80,1,MIKE DIAZ,,,0,07/19/2022 12:00 AM,Miguel Diaz - 07/19/22  8:19:25 AM: Removed and replaced storm drain boom with outdoor sorbent for storm water management  3 x 96 long from Mc master part # 3358N13 Need qty  2,[]
1698,EQ ID 1698,Exterior up lights and Ballard's,Maintenance,1288,05/04/2022,6. General Maint,Outside up lite out in front of Building Address,Closed and Completed,500,1,Barton Lea,,,0,05/04/2022 08:30 AM,Barton Lea - 05/04/22  9:13:01 AM: Replaced lite with LED kit.,[]
1699,EQ ID 1699,Exterior Man door lights,Maintenance,1838,07/01/2022,4. Prod Continuing but Affected Equipment stopped,Need to replace Driver on South/East corner of shipping,Closed and Completed,50,30,Bart,,,0,07/01/2022 07:00 AM,Barton Lea - 07/01/22  7:16:49 AM: Replaced Driver.,"[{'name': 'Driver man door lights.jpg', 'url': 'https://circaweb.bobrick.com/PME/Forms/DownloadAttachment/66?guid=05e25101-1b8f-4af9-91ff-14e14c2e5c82'}]"
1701,EQ ID 1701,Exterior parking structure lights,Maintenance,2935,10/14/2022,2. General Maint - High Priority,Found one of the main flood lights in the front of the parking structure not turning on overnight,Closed and Completed,250,1.5,Mike Diaz,,,0,10/14/2022 12:00 AM,"Miguel Diaz - 10/14/22  1:50:20 PM: Troubleshoot and found bad driver.
Replaced core and coil ballast kit part#71A5792-001D
1-250W M138/153 METAL HALIDE",[]
1701,EQ ID 1701,Exterior parking structure lights,Maintenance,10637,03/04/2024,6. General Maint,One of the Flood lights at the 4th floor  in the parking structure is out,Closed and Completed,80,0.8,Max,,,0,03/04/2024 12:00 AM,Miguel Diaz - 03/05/24 11:56:23 AM: Replaced bulb,[]
1802,EQ ID 1802,Solar panels,Maintenance,1043,11/30/2021,4. Prod Continuing but Affected Equipment stopped,Found 8 panels loose and flipped over,Closed and Completed,0,0,Solar Company,,,0,04/26/2022 12:00 AM,Miguel Diaz - 04/26/22  3:17:16 PM: No cost was provided from the vendor guess we did not get charged | Miguel Diaz - 04/06/22  7:35:56 AM: Tech came in and are now fixing the  8 panels they found 2 cracked and are replacing them they are using through bolts with nuts instead of screws .All have been repaired work order will stay open till final cost is in .,[]
1802,EQ ID 1802,Solar panels,Maintenance,16858,08/29/2025,2. General Maint - High Priority,"Solar panel indicate error, 0 KW Charge.",Closed and Completed,0,0.45,PU,,,0,08/29/2025 12:00 AM,"Primo Uy - 08/29/25  8:27:04 AM: Follow the standard reset, turn off AC/DC switch. Wait 5-10 min and turn the power back on. DC/AC. Wait for while the solar panel resetting. Error should clear up. Reset was successful. Solar panel system is back online.",[]
1802,EQ ID 1802,Solar panels,Maintenance,16913,09/04/2025,2. General Maint - High Priority,Solar panel red light display error. No power. & 0KW.,Closed and Completed,0,0.5,PU,,,0,09/04/2025 12:00 AM,"Primo Uy - 09/04/25  8:41:09 AM: I have to reset the solar power system. Turn Off the AC first then the DC second. Turn back the DC fist and then the AC after 20 mins. Let the system reload (green light should be flashing) and while system it does the recycling step. wait another 5 mins. the red light should disappear, and green light stay solid, display should have at least 29KW in display. Reset was successful.",[]
743,EQ ID 743,General Maintenance Request,Maintenance,1090,04/09/2022,4. Prod Continuing but Affected Equipment stopped,Super requested we assemble a stand up keyboard tray and place in AS office,Closed and Completed,0,1.4,Miike Diaz,,,0,04/09/2022 12:00 AM,Miguel Diaz - 04/09/22  1:40:02 PM: Assembled stand up tray and place in the office as requested .,[]
743,EQ ID 743,General Maintenance Request,Maintenance,1165,04/19/2022,4. Prod Continuing but Affected Equipment stopped,Water fountain by assembly lead is making noise when dispensing water,Closed and Completed,0,0.4,Mike  diaz,,,0,04/19/2022 12:00 AM,Miguel Diaz - 04/19/22  2:41:57 PM: Fountain was starving for water making a bang noise when it couldn't keep up valve was almost closed adjusted valve machine is working properly .,[]
743,EQ ID 743,General Maintenance Request,Maintenance,1246,04/28/2022,4. Prod Continuing but Affected Equipment stopped,Super advised three different light sections are off in the open office space .,Closed and Completed,120,1.8,Mike Bart,,,0,04/30/2022 12:00 AM,"Miguel Diaz - 05/02/22  8:23:35 AM: Each LED Light needed a driver replaced .
Replaced 3 drivers all lights are back up . | Miguel Diaz - 04/28/22 11:18:51 AM: Lights are LED's we have had this issue before drivers need to get replaced when no one is here Preferably on a Saturday .Working this Saturday to replace the 3 drivers .",[]
743,EQ ID 743,General Maintenance Request,Maintenance,1268,04/29/2022,4. Prod Continuing but Affected Equipment stopped,Found hanging light out,Closed and Completed,40,0.8,Mike Diaz,,,0,04/30/2022 12:00 AM,Miguel Diaz - 05/02/22  8:25:17 AM: Replaced bulb and nothing replaced driver this morning light is back ON,[]
743,EQ ID 743,General Maintenance Request,Maintenance,1566,06/03/2022,4. Prod Continuing but Affected Equipment stopped,Half dome exiting TPF  to the rear yard is not visible Looks faded .,Closed and Completed,120,0.6,Mike,,,0,06/03/2022 12:00 AM,"Miguel Diaz - 06/03/22  9:03:04 AM: Replaced dome 
Part # 60008489   
  36"" HALF DOME SAFETY/SECURITY MIRRORS",[]
743,EQ ID 743,General Maintenance Request,Maintenance,1793,06/27/2022,4. Prod Continuing but Affected Equipment stopped,Found graffiti on the front wall facing Tujunga,Closed and Completed,0,1.3,mIKE bART,,,20,06/27/2022 12:00 AM,Miguel Diaz - 06/27/22 12:33:26 PM: Removed graffiti using pressure washer and Bobrick graffiti remover with out the graffiti remover it wouldn't have came off .We are all out of graffiti remover .,[]
743,EQ ID 743,General Maintenance Request,Maintenance,1895,07/11/2022,4. Prod Continuing but Affected Equipment stopped,Outside irrigation is still not watering the plants all look dry .,Closed and Completed,12,1.5,Mike BART,,,0,07/11/2022 12:00 AM,Miguel Diaz - 07/11/22  9:37:19 AM: Controller display says Fault flow rate underflow walked the grounds and found 2 areas from the irrigation lined ripped for station 1 which was making the system go into fault repaired both by adding barbed couplings currently controller is going though all stations watering all green space .,[]
743,EQ ID 743,General Maintenance Request,Maintenance,1964,07/20/2022,4. Prod Continuing but Affected Equipment stopped,Microwave in the shipping lunchroom stopped working again .,Closed and Completed,0,0.35,PU,,,0,07/22/2022 12:00 AM,Primo Uy - 07/22/22  1:09:16 PM: Replace the switch for the second time. Its working now. | Miguel Diaz - 07/20/22 11:56:24 AM: Replacement switches has been ordered as of yesterday,[]
743,EQ ID 743,General Maintenance Request,Maintenance,2056,08/01/2022,4. Prod Continuing but Affected Equipment stopped,Found 2 leaks from  the green space,Closed and Completed,10,0.4,mike,,,0,08/01/2022 12:00 AM,Miguel Diaz - 08/01/22 10:30:38 AM: Replaced ripped hoses,[]
743,EQ ID 743,General Maintenance Request,Maintenance,2099,08/04/2022,4. Prod Continuing but Affected Equipment stopped,Employees reported the water fountain next to the restrooms on the first floor has the filter light on yellow .,Closed and Completed,50,0.4,Mike Diaz,,,0,08/04/2022 12:00 AM,Miguel Diaz - 08/04/22  9:57:47 AM: Replaced water filter,[]
743,EQ ID 743,General Maintenance Request,Maintenance,2117,08/05/2022,4. Prod Continuing but Affected Equipment stopped,Found 3 outside bollards in bad shape that need to be replaced ASAP.,Closed and Completed,158.03,0.6,Mike / Primo,,,0,08/05/2022 12:00 AM,"Miguel Diaz - 08/05/22  1:28:12 PM: Ordered 3 bollards from U line part # H-9231Y.
Bollards arrived today we cut them to size and replace them outside .",[]
743,EQ ID 743,General Maintenance Request,Maintenance,2443,09/22/2022,4. Prod Continuing but Affected Equipment stopped,1/2 copper  pipe outside has a crack on it line is for water and goes to the employees refill air and water station .,Closed and Completed,20,0.7,Mike D,,,0,09/22/2022 12:00 AM,Miguel Diaz - 09/22/22  9:41:20 AM: Repaired pipe removed bad section and  added a new piece of pipe and soldered it .,[]
743,EQ ID 743,General Maintenance Request,Maintenance,2937,10/14/2022,6. General Maint,2nd floor lobby window shades were raised and two of them went up slanted wrinkling the material .They are also not straight anymore,Closed and Completed,0,0.5,Mike Diaz,,,0,10/15/2022 12:00 AM,Miguel Diaz - 10/15/22 12:28:17 PM: Aligned both shades cannot fix the wrinkle in them,[]
743,EQ ID 743,General Maintenance Request,Maintenance,3214,11/10/2022,2. General Maint - High Priority,Glass whiteboard was purchased for Nilo's office that needs to be put up .,Closed and Completed,0,1.5,Mike Diaz,,,0,11/10/2022 12:00 AM,Miguel Diaz - 11/10/22  9:22:46 AM: Mounted whiteboard on the wall .Primo helped with putting it on the hangers .,[]
743,EQ ID 743,General Maintenance Request,Maintenance,3252,11/14/2022,6. General Maint,Found water inside the camera,Closed and Completed,0,1,MAX,,,0,11/14/2022 12:00 AM,Maksim Bushka - 11/14/22 12:47:16 PM: Clean up the camera and use silicone,[]
743,EQ ID 743,General Maintenance Request,Maintenance,3253,11/14/2022,6. General Maint,Found motion camera cover on the floor,Closed and Completed,0,0.5,MAX,,,0,11/14/2022 12:00 AM,Maksim Bushka - 11/14/22 12:53:42 PM: Put back the cover and use silicone,[]
743,EQ ID 743,General Maintenance Request,Maintenance,3254,11/14/2022,6. General Maint,Found water inside the flood lite,Closed and Completed,0,1,MAX,,,0,11/14/2022 12:00 AM,"Maksim Bushka - 11/14/22  1:01:10 PM: Removed the light cover ,clean the light fixture inside. Replaced 2 missing screws and tighten up the cover",[]
743,EQ ID 743,General Maintenance Request,Maintenance,3309,11/19/2022,6. General Maint,Need to remove left over electrical power cables from oven .,Closed and Completed,0,1,Max Mike,,,0,11/19/2022 12:00 AM,"Miguel Diaz - 11/19/22  2:41:02 PM: Removed electrical cables from old oven breakers for wires  2, 4, 6, 8  ,20 from panel L4B.",[]
743,EQ ID 743,General Maintenance Request,Maintenance,3310,11/19/2022,6. General Maint,Need to replace old yellow floor tape from TPF and add to shipping department .,Closed and Completed,1400,14,Primo Max,,,0,11/19/2022 12:00 AM,Miguel Diaz - 11/19/22  2:43:58 PM: Removed and Replaced all TPF floor tape and added tape to shipping department working area .,[]
743,EQ ID 743,General Maintenance Request,Maintenance,3678,12/19/2022,6. General Maint,Found  2 light bulbs out on the 2nd floor,Closed and Completed,10,0.5,mike Diaz,,,0,12/19/2022 12:00 AM,Miguel Diaz - 12/19/22  7:29:20 AM: Replaced bulbs,[]
743,EQ ID 743,General Maintenance Request,Maintenance,3812,01/04/2023,2. General Maint - High Priority,Restroom across from Sandys office does not close all the way occupied sign is getting stuck,Closed and Completed,0,0.5,Mike Diaz,,,0,01/04/2023 12:00 AM,Miguel Diaz - 01/04/23  9:57:52 AM: Disassemble and assemble handle fixed stuck latch,[]
743,EQ ID 743,General Maintenance Request,Maintenance,3832,01/05/2023,2. General Maint - High Priority,Management advised one stall has the latch that does not show its closed properly half white half red .,Closed and Completed,50,1,Max Mike,,,0,01/05/2023 12:00 AM,"Miguel Diaz - 01/05/23 11:48:36 AM: Found loose bolt sticking out someone force it shut twisting the pin making it not close properly .
Partitions is using an obsolete parts we don't have any in stock .Grab a spare from test lab they advised they don't have spares to give .Restroom does have at least 10 if needed in the future",[]
743,EQ ID 743,General Maintenance Request,Maintenance,3843,01/05/2023,2. General Maint - High Priority,Matt G reported having no power to his new table .,Closed and Completed,0,1,Mike Diaz,,,0,01/06/2023 12:00 AM,Miguel Diaz - 01/06/23  7:11:08 AM: Troubleshoot checked each connection one by one till i  found one side of the loop disconnected that one line feeds 6 tables .,[]
743,EQ ID 743,General Maintenance Request,Maintenance,3824,01/05/2023,2. General Maint - High Priority,Big leak coming from the inside of the Men's restroom 2nd floor handicap restroom .,Closed and Completed,0,0,md,,,0,01/12/2023 12:00 AM,"Miguel Diaz - 01/12/23 11:28:39 AM: Closing this work order since we have another open work order for all the leaks we had . | Miguel Diaz - 01/05/23  7:58:45 AM: Looks like a hole was poked to let the water out .Max and Primo picked up the water this morning and placed an out of order sign on the door .
Will follow up when the rain stops .",[]
743,EQ ID 743,General Maintenance Request,Maintenance,4043,01/18/2023,2. General Maint - High Priority,parking structure exit light fell off employee found the sign on the floor .,Closed and Completed,0,1,Max Mike,,,0,01/18/2023 12:00 AM,Miguel Diaz - 01/18/23  9:40:35 AM: Re-Mount Exit light back on 4 s box used washer to keep it in place .,[]
743,EQ ID 743,General Maintenance Request,Maintenance,4072,01/20/2023,2. General Maint - High Priority,Received request for maintenance to put up a glass white board on Matt Saiedfar office,Closed and Completed,0,1,Mike Maksim,,,0,01/20/2023 12:00 AM,Miguel Diaz - 01/20/23 11:29:16 AM: Drilled and mounted the brackets to put up the white board in the office as requested .,[]
743,EQ ID 743,General Maintenance Request,Maintenance,4119,01/24/2023,2. General Maint - High Priority,Found front green space facing Tujunga leaking water all over the side walk non stop,Closed and Completed,40,0.6,Maksim Mike,,,0,01/24/2023 12:00 AM,Miguel Diaz - 01/24/23  8:49:27 AM: Troubleshoot found irrigation box full of water which means the water is running non-stop  due to a solenoid stuck Open .Replaced solenoid assembly part # SOLASSG4 .Leak stopped,[]
743,EQ ID 743,General Maintenance Request,Maintenance,3846,01/06/2023,2. General Maint - High Priority,Yesterday when it was raining we had several leaks all over 2nd floor Men's single restroom and first floor shipping .,Closed and Completed,1932.16,8,AAA Roofing,,,0,02/02/2023 12:00 AM,"Miguel Diaz - 02/08/23  7:57:56 AM: AAA roofing cam back and found more punchures around the leaks closing this work order .Open attchments to find both invoices that also contain pictures of before after . | Miguel Diaz - 01/17/23  8:32:39 AM: Called  AAA roofing  to come back and continue to find the leaks we continue to have leaks when raining in 3 locations on the 2nd floor .
1)Men's single restroom 2nd floor 
2)Board room 2nd floor 
3)Sky light in front of board room . | Miguel Diaz - 01/12/23 11:25:24 AM: AAA roofers showed up and patched several punctures on the roof membrane a detailed report with pictures and final cost will be sent us to us .Work order will stay open till final cost is in . | Miguel Diaz - 01/06/23  8:41:17 AM: Reached out to AAA roofing contacted Gabby the service coordinator @ 1951 824-9012 she  advised for me to send a detailed email with pictures to Service@aaarfg.com for a service call .Waiting to hear back .
Attached the pictures to show the location of the leaks Open attachment if needed .","[{'name': 'LK 2ND FLOOR MENS RESTROOM.jpg', 'url': 'https://circaweb.bobrick.com/PME/Forms/DownloadAttachment/191?guid=81a626bc-ebec-437e-aa2a-f1a519227cbf'}, {'name': 'LK 2ND FLOOR BOARD ROOM.jpg', 'url': 'https://circaweb.bobrick.com/PME/Forms/DownloadAttachment/192?guid=81a626bc-ebec-437e-aa2a-f1a519227cbf'}, {'name': 'LK 2ND FLOOR LUCNROOM WINDOW LEAK.jpg', 'url': 'https://circaweb.bobrick.com/PME/Forms/DownloadAttachment/193?guid=81a626bc-ebec-437e-aa2a-f1a519227cbf'}, {'name': 'LK SHIPPING WALKWAY.jpg', 'url': 'https://circaweb.bobrick.com/PME/Forms/DownloadAttachment/194?guid=81a626bc-ebec-437e-aa2a-f1a519227cbf'}, {'name': 'AAA roof repairs on 1-12-23.pdf', 'url': 'https://circaweb.bobrick.com/PME/Forms/DownloadAttachment/220?guid=81a626bc-ebec-437e-aa2a-f1a519227cbf'}, {'name': 'AAA roof repairs on 1-31-23.pdf', 'url': 'https://circaweb.bobrick.com/PME/Forms/DownloadAttachment/221?guid=81a626bc-ebec-437e-aa2a-f1a519227cbf'}]"
743,EQ ID 743,General Maintenance Request,Maintenance,4274,02/08/2023,6. General Maint,Found one light bulb off outside of Nilos office,Closed and Completed,50,1,Mike Diaz,,,0,02/08/2023 12:00 AM,Miguel Diaz - 02/08/23  7:39:37 AM: Replaced bulb yesterday and nothing this morning i replaced the driver light is back on .,[]
743,EQ ID 743,General Maintenance Request,Maintenance,4249,02/03/2023,2. General Maint - High Priority,AAA roofing advised when closing the roof hatch the spring fell off the housing .,Closed and Completed,213.17,2.5,Mike Max,,,0,02/08/2023 12:00 AM,Miguel Diaz - 02/08/23  1:20:25 PM: Replaced the right side spring door is now closing properly with no visible gaps but it may need elbow grease to close it  till its find its way  . | Miguel Diaz - 02/03/23 12:29:20 PM: Found the roof hatch brackets that hold the door bent this has happened before several times .This door must be closed slowly if forced this happens .Made new brackets for the door other parts are on order .,[]
743,EQ ID 743,General Maintenance Request,Maintenance,4430,02/15/2023,2. General Maint - High Priority,Dan frame pointed out that one of the conduits is damaged behind a stack of cardboard staged outside,Closed and Completed,536.47,4,Sunwest Electric tech,,,0,02/21/2023 12:00 AM,Miguel Diaz - 03/02/23  8:21:38 AM: Closing work order cost is in .Open attachment to view invoice if needed . | Miguel Diaz - 02/21/23 11:38:34 AM: Tech from Sunwest was here this morning and repaired the damage that was done to the conduit by disconnecting the wires and replacing the pipe and bottom connector .Work order will stay open till final cost is in . | Miguel Diaz - 02/16/23  9:05:32 AM: FYI Panel L3  breaker 28-30-32 is currently off till fixed . | Miguel Diaz - 02/15/23  1:14:18 PM: Open attachment to view picture Found bent conduit Sunwest will try and come out this Friday Nadal will advise  .,"[{'name': 'Sump pump conduit hit 2-15-23.jpg', 'url': 'https://circaweb.bobrick.com/PME/Forms/DownloadAttachment/227?guid=aa1a1140-3afe-4f46-b373-995cdb7cb14d'}, {'name': ""Damaged 2'' conduit quote.pdf"", 'url': 'https://circaweb.bobrick.com/PME/Forms/DownloadAttachment/236?guid=aa1a1140-3afe-4f46-b373-995cdb7cb14d'}]"
743,EQ ID 743,General Maintenance Request,Maintenance,4641,03/03/2023,2. General Maint - High Priority,Owner want the single restrooms light to turn ON when walking in and for both lights to be ON instead pressing the button one at a time .,Closed and Completed,0,1,Mike Diaz,,,0,03/04/2023 12:00 AM,"Miguel Diaz - 03/04/23  8:38:30 AM: Settings 1 up 2-9 Down | Miguel Diaz - 03/04/23  8:37:24 AM: Read over the manual and found how to activate both lights also when walking in the lights turn on by itself .Please note if they are manually turned off the feature of automatic stops working until the lights are turned back on and you let it  time out  after 20 minutes .Adjusted both single restrooms and the executive kitchen .
Settings are 
1  2  3  4  5  6  7  8  9
??????????????????",[]
743,EQ ID 743,General Maintenance Request,Maintenance,4773,03/10/2023,2. General Maint - High Priority,Management advised they want two led light replaced in single restroom across from Sandy's office .,Closed and Completed,400,1.5,Max Mike Primo,,,0,03/10/2023 12:00 AM,"Miguel Diaz - 03/10/23 10:34:58 AM: Replaced two LED lights model Fortimo LED DLM 1100 10W/830 UL GEN 4 .
Also adjusted the dip switch so that only one light turns on and not two when you walk in .",[]
743,EQ ID 743,General Maintenance Request,Maintenance,4774,03/10/2023,6. General Maint,Found two LED lights off in the mezzanine conference room .,Closed and Completed,120,1.5,Max Mike Primo,,,0,03/10/2023 12:00 AM,Miguel Diaz - 03/10/23 10:37:55 AM: Replaced two drivers model X1025C100C036DNNM1 Phillips advanced,[]
743,EQ ID 743,General Maintenance Request,Maintenance,4265,02/06/2023,2. General Maint - High Priority,Management advised a window in engineering broke on it own .,Closed and Completed,1880,3,Mike Max Town and country glass,,,0,03/15/2023 12:00 AM,Miguel Diaz - 03/15/23  7:18:28 AM: Glass has been replaced Open attachment to view picture and quote if needed | Miguel Diaz - 03/15/23  5:50:21 AM: Town and country glass are here replacing the broken glass . | Miguel Diaz - 02/28/23 11:17:48 AM: Town and country installers stopped by and measured the broken glass. No date was given for replacement . | Miguel Diaz - 02/22/23  9:41:06 AM: Called Town and Country glass for a follow up they advised they will be here next week to measure the glass that is needed . | Miguel Diaz - 02/06/23  1:42:19 PM: Removed broken glass its a double pain so its still covered .Called town and country glass they advised it will take  4 to 5 wks. for them to come out and measure the glass .We are on the waiting list if anything changes they will reach out to me .See attachment to view picture,"[{'name': 'E112.jpg', 'url': 'https://circaweb.bobrick.com/PME/Forms/DownloadAttachment/219?guid=e41f114e-6e6a-4456-8c6f-31414d19cf45'}, {'name': 'Engineering broken glass  quote 2-9-23.pdf', 'url': 'https://circaweb.bobrick.com/PME/Forms/DownloadAttachment/241?guid=e41f114e-6e6a-4456-8c6f-31414d19cf45'}]"
743,EQ ID 743,General Maintenance Request,Maintenance,4890,03/18/2023,6. General Maint,"Request to clean the window ledges on on the shipping wall mezzanine ,Engineering ,above QA office and stairwell facing Tujunga street .",Closed and Completed,0,2,Max,,,0,03/18/2023 12:00 AM,Miguel Diaz - 03/18/23 10:33:48 AM: Cleaned window ledges and windows,[]
743,EQ ID 743,General Maintenance Request,Maintenance,4944,03/21/2023,2. General Maint - High Priority,employee reported banging up on the roof .,Closed and Completed,0,0.5,Max Mike,,,0,03/21/2023 12:00 AM,Miguel Diaz - 03/21/23 12:31:59 PM: Found AC door wide open and swinging left and right .Found handle disassembled .Assembled handle and closed door .,[]
743,EQ ID 743,General Maintenance Request,Maintenance,5086,03/30/2023,2. General Maint - High Priority,Employee reported microwave not heating up,Closed and Completed,5,1,Mike Max,,,0,03/30/2023 12:00 AM,"Miguel Diaz - 03/30/23  1:09:33 PM: Removed microwave removed cover troubleshoot found one of the door switches not working replaced NO switch .
Microwave is now working properly .",[]
743,EQ ID 743,General Maintenance Request,Maintenance,5529,05/02/2023,2. General Maint - High Priority,Need new stand up desk assembled and installed this Friday 5-5-23 on Bloor B desk in HR.,Closed and Completed,0,1,Max Mike,,,0,05/05/2023 12:00 AM,Miguel Diaz - 05/05/23 10:43:01 AM: installed as requested,[]
743,EQ ID 743,General Maintenance Request,Maintenance,5591,05/09/2023,2. General Maint - High Priority,Shipping warehouse exhaust fan has lost its lid .,Closed and Completed,334,1,Mike Max,,,0,05/09/2023 12:00 AM,"Miguel Diaz - 05/09/23 12:48:14 PM: Ordered replacement lid for exhaust fan model BCRD  from TCF 1763-551-7600 Email parts@tcf.com.
Lid size is 50 '' round .
Manual attached if needed .","[{'name': 'BCRD-BCRDE-DCRD - Centrifugal Downblast Roof Exhausters - Catalog 4050.pdf', 'url': 'https://circaweb.bobrick.com/PME/Forms/DownloadAttachment/277?guid=6e0ef33e-4ace-4ef4-9127-3b9942acc28b'}]"
743,EQ ID 743,General Maintenance Request,Maintenance,4588,02/27/2023,6. General Maint,Had a few areas leaking water This past week when  raining need to call AAA roofing to find the leaks and repair .,Closed and Completed,854.06,3,AAA roofing,,,0,05/12/2023 12:00 AM,"Miguel Diaz - 05/12/23 11:26:20 AM: Final cost is in . | Miguel Diaz - 03/09/23  1:29:58 PM: AAA Roofers are off the roof they advised they found punctures in the areas we have leaks .Work order will stay open till final cost is in . | Miguel Diaz - 03/09/23  8:38:53 AM: AAA will be here today to repair the leaks . | Miguel Diaz - 02/27/23  7:40:28 AM: Emailed AAA Roofing to stop by and find  and repair the 3 leaks we have in the following areas .
*Outside of board room leaking from same skylight area this is the same leak they tried patching twice already .
*Above Yadiras desk .
*Outside small conference room walkway .",[]
743,EQ ID 743,General Maintenance Request,Maintenance,6127,06/19/2023,"5. Prod Ongoing, Maint Required",Cut and install two shelves in the training room storage cabinet also need shelving holders x 8,Closed and Completed,5,1.3,Mike D,,,0,06/19/2023 12:00 AM,"Miguel Diaz - 06/19/23  1:30:37 PM: Found material cut down to size purchased  holder pins and installed shelves in the cabinets located in the training room storage room .
Wipe dirty finger marks on doors.",[]
743,EQ ID 743,General Maintenance Request,Maintenance,6166,06/22/2023,2. General Maint - High Priority,Assemble and install stand up keyboard tray ASAP,Closed and Completed,0,1,Maksim B Mike,,,0,06/22/2023 12:00 AM,Miguel Diaz - 06/22/23 12:54:33 PM: Assembled and installed keyboard tray as requested,[]
743,EQ ID 743,General Maintenance Request,Maintenance,6192,06/26/2023,6. General Maint,Request was put in to install a white board in the office on the 2 nd floor .,Closed and Completed,0,1,Max Mike,,,0,06/26/2023 12:00 AM,Miguel Diaz - 06/26/23  7:59:06 AM: Installed white board as requested,[]
743,EQ ID 743,General Maintenance Request,Maintenance,6627,07/27/2023,2. General Maint - High Priority,2nd floor conference room high five  camera is leaning down .,Closed and Completed,5,1,Mike D,,,0,07/27/2023 12:00 AM,Miguel Diaz - 07/27/23 10:21:50 AM: Secured camera with new hardware,[]
743,EQ ID 743,General Maintenance Request,Maintenance,6923,08/21/2023,6. General Maint,Found 3 separate light bulbs out,Closed and Completed,15,0.5,Mike d,,,0,08/21/2023 12:00 AM,Miguel Diaz - 08/21/23 10:18:15 AM: Replaced 3 light bulbs,[]
743,EQ ID 743,General Maintenance Request,Maintenance,7043,08/28/2023,2. General Maint - High Priority,"Hello,

My chair seat feels loose, like its missing a screw when I lean back.  Please help :)",Closed and Completed,0,0.17,PU,,,0,08/29/2023 12:00 AM,Primo Uy - 08/29/23  7:27:46 AM: Done. Re-insert the rocker/recliner bolt back into place. Chair is now working properly.,[]
743,EQ ID 743,General Maintenance Request,Maintenance,8094,08/10/2023,2. General Maint - High Priority,Vav 2-36 is stuck in heat called acco for repairs,Closed and Completed,3108.94,13.75,Acco tech,,,0,09/15/2023 12:00 AM,"Miguel Diaz - 11/21/23  8:50:36 AM: Aug 10, 2023 VAV #2-36B serving conference room reported being stuck in heating and at 90 degrees. Troubleshoot VAV zone, found the hot water valve
has failed and is stuck open. Got approved from Wayne to replace it. Will order parts and return onsite to perform repair.
Aug 23, 2023 Picked up parts for repairs.
Sep 15, 2023 Removed and replaced valve and actuator. Wired actuator and tested operation.
Sep 15, 2023 Second tech assisted Josh with hot water valve change out. Completed three-way valve change out on VAV #2-36. Tested and verified VAV
zone and hot water valve operations.
Cost is in to close out this work order",[]
743,EQ ID 743,General Maintenance Request,Maintenance,7303,09/20/2023,6. General Maint,Men's restroom handicap stall on the first floor does not flush when waving the hand several employees have reported this .,Closed and Completed,500,1.3,Max Mike,,,0,09/20/2023 12:00 AM,Miguel Diaz - 09/20/23  9:09:33 AM: Tried fixing the existing flush unit with no luck had to replace the full unit with a new one part # 10673-SV-CP .,[]
743,EQ ID 743,General Maintenance Request,Maintenance,7361,09/27/2023,6. General Maint,"we are out of soap in the restroom upstairs the ""girl"" side far left facing..",Closed and Completed,0,0.2,liz,,,0,09/27/2023 12:00 AM,Miguel Diaz - 10/02/23 10:23:46 AM: Assembled and mounted the station as requested .,[]
743,EQ ID 743,General Maintenance Request,Maintenance,7983,11/08/2023,2. General Maint - High Priority,Time clock by TPF office is not working,Closed and Completed,0,0.2,Mike d,,,0,11/08/2023 12:00 AM,Miguel Diaz - 11/09/23  6:34:04 AM: Disconnected cat 6 and reconnect resetting power to clock .Time clock is now working again properly,[]
743,EQ ID 743,General Maintenance Request,Maintenance,8002,11/10/2023,2. General Maint - High Priority,Received request to assemble and install stand up keyboard tray in Matt L office with a way to run cords through it under the table .,Closed and Completed,1000,2.5,Mike Max,,,0,11/10/2023 12:00 AM,Miguel Diaz - 11/10/23 11:07:54 AM: Assembled and installed keyboard tray as requested in the office .,[]
743,EQ ID 743,General Maintenance Request,Maintenance,8027,11/13/2023,6. General Maint,Two faucets have low running water when washing hands on the first floor restrooms'.,Closed and Completed,20,0.6,Mike d,,,0,11/13/2023 12:00 AM,Miguel Diaz - 11/13/23 12:32:42 PM: Cleaned one mixing valve and replaced one aerator on the other both are working properly.,[]
743,EQ ID 743,General Maintenance Request,Maintenance,8031,11/14/2023,6. General Maint,Stairwell 2 has a light bulb that is out,Closed and Completed,8,0.3,Mike d,,,0,11/14/2023 12:00 AM,Miguel Diaz - 11/14/23  7:17:14 AM: Replaced light bulb,[]
743,EQ ID 743,General Maintenance Request,Maintenance,8060,11/16/2023,6. General Maint,The big ladder in the back storage room of HR can now be removed. Thank you!,Closed and Completed,0,0,Maint,,,0,11/17/2023 12:00 AM,Miguel Diaz - 11/17/23  6:51:16 AM: Done,[]
743,EQ ID 743,General Maintenance Request,Maintenance,9371,12/15/2023,2. General Maint - High Priority,Request was put in to add 4 signs to the hart street gate 2 on each side .,Closed and Completed,0,0.5,Max Mike,,,0,12/15/2023 12:00 AM,Miguel Diaz - 12/15/23  8:18:43 AM: Added 4 signs  as requested,[]
743,EQ ID 743,General Maintenance Request,Maintenance,9665,01/11/2024,2. General Maint - High Priority,Facility had a power outage for a quick second,Closed and Completed,0,0.3,Mike Diaz,,,0,01/11/2024 12:00 AM,Miguel Diaz - 01/11/24  8:06:00 AM: Brown out was enough to shut machines off and and disrupt production for 15 minutes,[]
743,EQ ID 743,General Maintenance Request,Maintenance,9649,01/10/2024,6. General Maint,Found light bulb out in front of the offices for the level 1 .,Closed Without Action,0,0,max,,,0,01/17/2024 12:00 AM,Miguel Diaz - 01/17/24  9:49:47 AM: Max replaced the driver but open another did not see this one work order closing this work order | Miguel Diaz - 01/10/24  8:35:50 AM: Replaced bulb but it did not work Driver needs to be replaced .,[]
743,EQ ID 743,General Maintenance Request,Maintenance,10071,01/22/2024,2. General Maint - High Priority,The shredder in the printing room is jammed with paper and does not shred,Closed and Completed,0,0.2,max,,,0,01/22/2024 04:00 PM,Maksim Bushka - 01/22/24  4:12:41 PM: Cline up and removed the jammed paper. The shredder is working.,[]
743,EQ ID 743,General Maintenance Request,Maintenance,10194,02/01/2024,2. General Maint - High Priority,Exit sign on the 4th floor parking structure is hanging from its wires,Closed and Completed,0,0.7,Mike d,,,0,02/01/2024 12:00 AM,Miguel Diaz - 02/01/24 10:58:23 AM: Found loose hardware added lock washers to hardware,[]
743,EQ ID 743,General Maintenance Request,Maintenance,10253,02/07/2024,2. General Maint - High Priority,Request was put in to send out 8 chairs for  Upholstery.,Closed and Completed,0,1,Mike Diaz,,,0,02/07/2024 12:00 AM,Miguel Diaz - 02/07/24  8:04:10 AM: I placed 2 chairs per pallet added a divider in the middle and corner guards  .We have a total of 4 pallets and handed it over to shipping for shrink wrap .Open attachment to view pictures if needed .,"[{'name': 'chair2.jpg', 'url': 'https://circaweb.bobrick.com/PME/Forms/DownloadAttachment/518?guid=80e6b8c7-cc91-41d2-9695-850fd38e7690'}, {'name': 'chair1.jpg', 'url': 'https://circaweb.bobrick.com/PME/Forms/DownloadAttachment/519?guid=80e6b8c7-cc91-41d2-9695-850fd38e7690'}]"
743,EQ ID 743,General Maintenance Request,Maintenance,10442,02/19/2024,2. General Maint - High Priority,Test,Closed Without Action,0,0,md,,,0,02/20/2024 12:00 AM,,[]
743,EQ ID 743,General Maintenance Request,Maintenance,10478,02/22/2024,"5. Prod Ongoing, Maint Required",VNA #21 displaying error Code E1123.,Closed Without Action,0,0,,,,0,02/23/2024 12:00 AM,"Miguel Diaz - 02/27/24  8:02:43 AM: Closing this work order .Work order should have been opened under the units id and not general request | Primo Uy - 02/23/24  9:16:48 AM: The technician report was the wheel magnet and wheel cover must be replace. He already orders the parts, overnight. ETA will be next week, Tuesday. Technician said we can still use the VNA 21 AS IS for now but i suggest not to, just to prevent any unsafe situation and creating more damage to the VNA.
Note: Error Code: E0701 & E0126. | Primo Uy - 02/23/24  7:54:15 AM: Technician is here and its checking VNA#21 now. | Miguel Diaz - 02/22/24  1:35:37 PM: Called equipment depot for a service call they will be here tomorrow .E1123 should be a micro switch in the wheel or braking system .",[]
743,EQ ID 743,General Maintenance Request,Maintenance,10620,01/22/2024,2. General Maint - High Priority,When it rains we been having some leaks in shipping department warehouse  and 2 nd floor office area .,Closed and Completed,1199.38,5,AAA roofing,,,0,03/01/2024 12:00 AM,Miguel Diaz - 03/05/24 12:57:18 PM: Cost is in to close out this work order .Open attachment to view pictures if needed | Miguel Diaz - 03/04/24  7:34:22 AM: AAA roofers came by Friday 3-2-24 and  patched  several areas that they found by the leaks .Work order will stay open till final cost is in .,"[{'name': 'Roofing invoice with pictures 3-1-24.pdf', 'url': 'https://circaweb.bobrick.com/PME/Forms/DownloadAttachment/549?guid=790195e4-67b8-4b8c-9318-e9bec6667abf'}]"
743,EQ ID 743,General Maintenance Request,Maintenance,10636,03/04/2024,6. General Maint,Management advised they would like two doors one in assembly and the other in engineering to have 12 x 12 window in the middle .,Closed and Completed,813.64,4,Mike D Primo U,,,0,03/05/2024 12:00 AM,"Miguel Diaz - 03/05/24  9:36:51 AM: Removed and  cut 12 x 12 square in the middle and mounted glass door window with frame for both locations .
Windows were purchased from MC master-carr Part# 3903A14.",[]
743,EQ ID 743,General Maintenance Request,Maintenance,9363,12/14/2023,2. General Maint - High Priority,Lobby door leading to the assembly area is not opening with the badge,Closed and Completed,0,0,Western security tech,,,0,03/13/2024 12:00 AM,"Miguel Diaz - 04/10/24  9:50:36 AM: Wayne said to close with out cost | Miguel Diaz - 04/09/24  1:01:45 PM: Work order will stay open till final cost is in . | Maksim Bushka - 04/09/24 12:58:47 PM: Replaced the main electric motor | Miguel Diaz - 01/10/24  8:28:22 AM: Issue came back with this door so we had to call western again a tech came in yesterday and found that the power supply board needed to be replaced he replaced two boards more info to follow when they invoice us .Front lobby door is now working properly .Work order will stay open till final cost is in . | Miguel Diaz - 12/15/23 10:58:51 AM: Tech from western security all access was able to fix the door by changing the relay and re-programming the blade .The door is now working properly again .Work order will stay open till final cost is in . | Miguel Diaz - 12/15/23  6:48:05 AM: Troubleshoot with Jesse the tech this morning and disconnected the battery negative cable and unplugged all power supplies X3 that did not fix the problem that should have reset the system .Jesse advised the card reader could have been stuck in software mode .
Western security all access is sending a tech to look at this door an another this morning .",[]
743,EQ ID 743,General Maintenance Request,Maintenance,10964,04/05/2024,2. General Maint - High Priority,Ladies restroom on the second floor first stall has running running non stop,Closed and Completed,800,2,Mike Max,,,0,04/08/2024 12:00 AM,"Miguel Diaz - 04/08/24 11:33:04 AM: Unit has been replaced shut valve off when we turned  it back on the water stopped running .System had to have air in it . | Miguel Diaz - 04/05/24 12:20:44 PM: Replaced wave flush unit and spud gasket unit continues to have running water .
Placed a call to Anderson plumbing they will be here Monday morning between 9 am -11 am",[]
743,EQ ID 743,General Maintenance Request,Maintenance,10981,04/08/2024,6. General Maint,2 lights bulbs was reported to be out by the coffee station upstairs next to executive was dispenser,Closed and Completed,30,0.4,Mike d,,,0,04/08/2024 12:00 AM,Miguel Diaz - 04/08/24 11:46:07 AM: Replaced all three bulbs,[]
743,EQ ID 743,General Maintenance Request,Maintenance,11385,04/22/2024,2. General Maint - High Priority,Employee reported that one of the toilet seats broke in the Men's restroom 2 nd floor .,Closed and Completed,40,0.3,Mike d,,,0,04/22/2024 12:00 AM,Miguel Diaz - 04/22/24  9:02:11 AM: Replaced toilet seat hardware broke on one end .,[]
743,EQ ID 743,General Maintenance Request,Maintenance,11492,05/01/2024,2. General Maint - High Priority,Exit light sign  on the fourth floor of the parking structure  east side is not working and needs to be replaced .,Closed and Completed,1235,1,Miguel & Max,,,0,05/01/2024 10:30 AM,Maksim Bushka - 05/01/24 10:46:52 AM: Replaced the exit light.,[]
743,EQ ID 743,General Maintenance Request,Maintenance,12161,06/19/2024,2. General Maint - High Priority,Found a big stain outside of the maintenance room next to Josh office,Closed and Completed,15,1,MAX,,,0,06/19/2024 12:00 AM,"Miguel Diaz - 06/20/24  8:00:53 AM: Attached picture of the stain if needed for viewing . | Miguel Diaz - 06/20/24  7:42:00 AM: Asked Max to cleaned it with the scrubber he also found another stain by HR that was a coffee spill .
Max took care of both .","[{'name': 'carpet stained.jpg', 'url': 'https://circaweb.bobrick.com/PME/Forms/DownloadAttachment/591?guid=4badcd79-3430-4013-b748-933204deaf24'}]"
743,EQ ID 743,General Maintenance Request,Maintenance,12483,07/22/2024,2. General Maint - High Priority,Request was put in to remove a stand up keyboard tray from one desk and move to another and connect all monitors ETC,Closed and Completed,0,1,Mike d,,,0,07/22/2024 12:00 AM,Miguel Diaz - 07/22/24  8:57:28 AM: Moved tray as requested .,[]
743,EQ ID 743,General Maintenance Request,Maintenance,12559,07/29/2024,2. General Maint - High Priority,Night janitor reported two sinks leaking water from the top need to repair .Location one on 2nd floor the other is on the first floor,Closed and Completed,0,0.35,PU,,,0,07/29/2024 12:00 AM,"Primo Uy - 07/29/24  9:15:52 AM: MD and I verify each sink, i did the 1st floor while MD did the 2nd floor, on the 1st floor the sink closer to the woman bathroom was dripping water from the countertop. I check all the connector and all pipeline under and found no leak.  I notice that the water on the faucet was not open properly, low stream and when it stops, a stream of water will trickle to the base of the faucet and then creating a puddle of water and drip to the countertop down to the floor. I adjust the water flow to where it will not trickle down but stop/shut off properly when it turns off. No more water on the floor.",[]
743,EQ ID 743,General Maintenance Request,Maintenance,12590,07/31/2024,"5. Prod Ongoing, Maint Required","Please close the vent directly above my desk.  It is blowing in my face as it bounces off the glass wall , its causing a headache and discomfort. Thank you",Closed and Completed,0,0.4,Mike d,,,0,07/31/2024 12:00 AM,Miguel Diaz - 07/31/24  8:54:03 AM: Adjusted the vent as requested .,[]
743,EQ ID 743,General Maintenance Request,Maintenance,12932,08/01/2024,2. General Maint - High Priority,Found leaking water by the bamboo area from the sprinkler system,Closed and Completed,660,3,Gardner,,,0,08/01/2024 12:00 AM,Miguel Diaz - 08/30/24  6:29:47 AM: Gardner advised they  found a 2 '' valve broken .Valve was replaced  fixing the issue.,[]
743,EQ ID 743,General Maintenance Request,Maintenance,12613,08/02/2024,2. General Maint - High Priority,Right side faucet  on the first floor outside the restrooms is leaking water must be turning on its own overnight finding water on the floor  for several days .,Closed and Completed,0,0.7,Mike d,,,0,08/02/2024 12:00 AM,Miguel Diaz - 08/02/24 10:53:31 AM: Replaced faucet model 8878 chrome,[]
743,EQ ID 743,General Maintenance Request,Maintenance,12745,08/13/2024,2. General Maint - High Priority,Gardner advised that there is a huge pond on the back side of the parking structure next to the food warehouse wall north side .,Closed and Completed,0,300,Gardner,,,0,08/16/2024 12:00 AM,Miguel Diaz - 09/09/24 11:47:36 AM: Repair was done replaced connector | Miguel Diaz - 08/14/24  9:06:30 AM: Primo and I removed the accumulation of rocks and sand to be able to visually see the valves and pipe after turning on the Main you can see the valve leaking from the coupler to the valve .Carlos has been called in for repairs this should be covered under warranty .He advised he will come fix it sometime this week he is in Bakersfield doing landscaping but he will try and get the gardeners to fix it who are local . | Miguel Diaz - 08/14/24  8:01:31 AM: Max and Primo looked at it yesterday but needed a pump to get the water out .I advised we have one in the cabinet .They will investigate today .,[]
743,EQ ID 743,General Maintenance Request,Maintenance,12851,08/22/2024,"5. Prod Ongoing, Maint Required",Drinking fountain in Tpf has the filter light at yellow,Closed and Completed,80,0.5,Mike D,,,0,08/22/2024 12:00 AM,Miguel Diaz - 08/22/24 12:45:24 PM: Replaced filter,[]
743,EQ ID 743,General Maintenance Request,Maintenance,12933,08/19/2024,2. General Maint - High Priority,Found valve in ground box full of water,Closed and Completed,336,2,Gardner,,,0,08/23/2024 12:00 AM,Miguel Diaz - 08/30/24  6:34:54 AM: Shut off main line to the irrigation system and contacted the Gardner to come out and replace the 1 ''  valve .Gardner replaced the 1'' valve system is back on .,[]
743,EQ ID 743,General Maintenance Request,Maintenance,12962,09/04/2024,6. General Maint,Found seat covers all over the front of the property,Closed and Completed,0,2,Mike Primo,,,0,09/04/2024 12:00 AM,"Miguel Diaz - 09/04/24  9:42:11 AM: Picked up all seat covers that are on the property ,side walk and street .",[]
743,EQ ID 743,General Maintenance Request,Maintenance,12964,09/04/2024,2. General Maint - High Priority,2nd floor lobby door is rubbing on top hardware with glass .,Closed and Completed,895,1,Oakstone,,,0,09/11/2024 12:00 AM,Miguel Diaz - 09/11/24 11:38:41 AM: Tech came out and replaced the bottom pivot and door arm .Door is working properly .These usually need to be replaced every 10 years Open attachment to view Quote if needed . | Miguel Diaz - 09/09/24 11:44:03 AM: Chase with Oakstone came by and checked the door waiting for a quote and date for the repair | Miguel Diaz - 09/04/24  1:42:31 PM: Placed a call with Oakstone glass for them to come out and replace the bottom hardware asap .Waiting for the call back for availability.,"[{'name': '2nd floor lobby door repair 9-11-24.pdf', 'url': 'https://circaweb.bobrick.com/PME/Forms/DownloadAttachment/625?guid=7f1667a4-add3-4dc1-b737-38504636ad06'}]"
743,EQ ID 743,General Maintenance Request,Maintenance,13545,10/21/2024,6. General Maint,Received request to Add stand up keyboard tray to John S in HR .,Closed and Completed,0,1,Mike d,,,0,10/24/2024 12:00 AM,Miguel Diaz - 10/24/24 10:20:11 AM: Added stand up  keyboard tray as requested,[]
743,EQ ID 743,General Maintenance Request,Maintenance,13766,11/11/2024,6. General Maint,Easel is not holding paper in place .,Closed and Completed,0,0.4,Mike d,,,0,11/11/2024 12:00 AM,Miguel Diaz - 11/11/24  9:54:19 AM: Repaired easel,[]
743,EQ ID 743,General Maintenance Request,Maintenance,14066,12/12/2024,6. General Maint,TPF has a lot of scrap material outside that needs to be scrapped .,Closed and Completed,2000,1.3,Mike d,,,0,12/12/2024 12:00 AM,Miguel Diaz - 12/12/24 10:48:16 AM: Called waste management and requested a 40 yard bin it arrived yesterday .Grabbed all scrap material  from different locations outside and Loaded all scrap  material that could fit .,[]
743,EQ ID 743,General Maintenance Request,Maintenance,14321,01/10/2025,2. General Maint - High Priority,Restroom across from ML office has a loose handle and toilet is leaking water from the flush valve .,Closed and Completed,15,0.5,Mike d,,,0,01/10/2025 12:00 AM,Miguel Diaz - 01/10/25  1:28:49 PM: Tightened door cover and replaced vacuum breaker and gasket on the flush valve .,[]
743,EQ ID 743,General Maintenance Request,Maintenance,14391,01/16/2025,6. General Maint,"Lupe's chair is unstable, missing bolt.",Closed Without Action,0,0,maint,,,0,01/16/2025 12:00 AM,Miguel Diaz - 01/16/25  1:18:34 PM: Double entry for same issue closing work order,[]
743,EQ ID 743,General Maintenance Request,Maintenance,14518,01/29/2025,6. General Maint,Found several light bulbs out on the second floor all over .,Closed and Completed,120,2.5,Max,,,0,02/07/2025 12:00 AM,Miguel Diaz - 02/13/25  8:29:42 AM: replaced three drivers | Miguel Diaz - 01/29/25  7:09:40 AM: Replaced 3 bulbs found another three not working after replacing the bulb .Max will work on replacing the drivers .,[]
743,EQ ID 743,General Maintenance Request,Maintenance,14651,02/12/2025,2. General Maint - High Priority,Employee reported a leak in the Board room,Closed and Completed,990.63,4,AAA roofing,,,0,02/13/2025 12:00 AM,"Miguel Diaz - 02/17/25 12:43:15 PM: Cost is in to close out work order .Open attachment to view pictures if needed . | Miguel Diaz - 02/13/25 12:08:16 PM: AAA roofing stopped by and found the  potential leak and patched it for both areas board room and shipping area .They will send in the report when they turn it in .Work order will stay open till final cost is in . | Miguel Diaz - 02/12/25 10:48:18 AM: Tried to remove the ceiling tile but you cannot  remove it .Its being blocked in with the frame that holds the LED lights in place .
Placed a call with AAA roofing they will be here tomorrow for repairs .","[{'name': 'ROOF LEAK INVOICE WITH PICS 2-17-25.pdf', 'url': 'https://circaweb.bobrick.com/PME/Forms/DownloadAttachment/727?guid=7d856055-7271-4088-b58a-ae7d8800a1ba'}]"
743,EQ ID 743,General Maintenance Request,Maintenance,14665,02/13/2025,2. General Maint - High Priority,Found several lights not turning ON .Location  third floor parking structure .,Closed and Completed,0,1.5,Mike Max Gabriel,,,0,02/14/2025 12:00 AM,Miguel Diaz - 02/14/25  6:42:46 AM: Troubleshoot and found tripped breaker  in the Red back up lighting system for relays 1-2 .Lights are back ON . | Miguel Diaz - 02/13/25  8:32:15 AM: Troubleshooting with Watt stopper .,[]
743,EQ ID 743,General Maintenance Request,Maintenance,15077,03/14/2025,2. General Maint - High Priority,Found Bobrick Sign on the Tujunga facing wall with one light off .,Closed and Completed,60,1.6,Mike Gabriel,,,0,03/17/2025 12:00 AM,"Miguel Diaz - 03/17/25  9:09:47 AM: Troubleshoot replaced driver for LED light from the roof side .Boom is not long enough to reach it .
Part replaced Thomas research products  50W Constant -Current Dimmable LED Driver .",[]
743,EQ ID 743,General Maintenance Request,Maintenance,15644,05/06/2025,2. General Maint - High Priority,"I'm not sure if this should go to maintenance or engineering, but the faucet on the far left, towards the wellness room, on the top floor, keeps turning on by itself.",Closed and Completed,0,0.2,PU,,,0,05/06/2025 12:00 AM,"Primo Uy - 05/06/25 10:32:29 AM: Dirty sensor, wipe with wet paper towel to remove dirt. Its working properly now. Test all faucet and all are good.",[]
743,EQ ID 743,General Maintenance Request,Maintenance,16164,06/19/2025,2. General Maint - High Priority,The shredder in the copy room by the executive offices has been jammed. Can we get someone to fix it please. Thank you!,Closed and Completed,0,0.35,PU,,,0,06/19/2025 12:00 AM,Primo Uy - 06/19/25 10:22:42 AM: Done. Remove jammed paper inside the drum cutter. Shredder is now working.,[]
743,EQ ID 743,General Maintenance Request,Maintenance,16204,06/24/2025,2. General Maint - High Priority,"The cabinet in the Office services office has a broken lock, it may need to be replaced if cannot be fixed. This cabinet should always be locked which is why it is a high priority. Thank you!",Closed and Completed,0,0.35,PU,,,0,06/24/2025 12:00 AM,Primo Uy - 06/24/25 12:46:12 PM: It's a removable barrel key for extra security. I put it back in place. You need the key to put it back.,[]
743,EQ ID 743,General Maintenance Request,Maintenance,16321,07/09/2025,2. General Maint - High Priority,"Hello, My keyboard tray came completely out and cannot be reattached from what I can tell. There was a loose piece but seems to be completely broken now. If I can get a new one as soon as possible that would be great.",Closed and Completed,0,0.35,PU,,,0,07/09/2025 12:00 AM,Primo Uy - 07/09/25 12:09:50 PM: Done. installed Two Locking pin that was missing. Keyboard tray is now secured.,[]
743,EQ ID 743,General Maintenance Request,Maintenance,17750,11/20/2025,6. General Maint,"Hello,
I am moving desks and would like to know if I can get my keyboard tray moved to my new desk, or a new keyboard tray installed at my new desk. 
Can you also remove the keyboard tray next to Luis Ramon's desk? 
Thank you,
Celina",Closed and Completed,0,0.3,Max,,,0,11/20/2025 02:30 PM,Maksim Bushka - 11/20/25  2:57:04 PM: Switched the keyboard trays.,[]
743,EQ ID 743,General Maintenance Request,Maintenance,18685,03/09/2026,6. General Maint,Hi! May I also get a keyboard tray under my desk? Thank you!,Closed and Completed,0,1,Max,,,0,03/09/2026 07:00 PM,Maksim Bushka - 03/09/26  7:31:54 PM: Installed keyboard,[]
743,EQ ID 743,General Maintenance Request,Maintenance,20003,06/30/2026,6. General Maint,Alberto needs his standing desk and keyboard tray installed to his new desk area - the current desk where Stephanie Ruano sits. This will be need to be done before end of day tomorrow 7/1.,Closed and Completed,0,1,Max,,,0,07/01/2026 07:00 PM,Maksim Bushka - 07/01/26  7:55:00 PM: Switched the stand up desc,[]
1465,EQ ID 1465,Parking structure elevator,Maintenance,3968,01/13/2023,2. General Maint - High Priority,Employee reported elevator stops at mid floor and does not open .Employee then needs to re -touch the button/floor for it to continue to go up .,Closed and Completed,0,0,Kone Elevators,,,0,01/16/2023 12:00 AM,Miguel Diaz - 01/19/23 11:15:31 AM: Closing work order we are under contract no cost for fixing this button issues . | Miguel Diaz - 01/16/23  6:50:30 AM: Kone tech came out this past Friday and advised he made repairs all is in working order .Work order will stay open till final cost is in . | Miguel Diaz - 01/13/23  9:09:41 AM: I Placed a call to Kone elevators and added us on the service list they will send a tech out to look at our elevator in the parking structure .No date or time was given for them to show up .Elevator is still operational and has the issue intermittently.,[]
1465,EQ ID 1465,Parking structure elevator,Maintenance,6772,08/09/2023,2. General Maint - High Priority,City inspector requested our Parking elevator company(Kone) replace the governor rope get replaced asap for permit to be released .,Closed and Completed,0,16,Kone City Inspector,,,0,08/10/2023 12:00 AM,Miguel Diaz - 08/10/23 12:47:55 PM: Cable was replaced yesterday city inspector stopped by today and signed off on the work permit has been signed elevator has been returned for service | Miguel Diaz - 08/09/23  9:54:54 AM: Kone elevators was called and scheduled to be here today they are here now working and replacing the cable elevator will be down today and tomorrow till the inspector comes by in the morning and signs off on the permit .,[]
1465,EQ ID 1465,Parking structure elevator,Maintenance,14830,02/26/2025,6. General Maint,Found push  button loose,Closed and Completed,0,0.3,MD Gabriel,,,0,02/26/2025 12:00 AM,Miguel Diaz - 02/26/25  8:04:53 AM: Remove cover and tighten nut for push button .,[]
1466,EQ ID 1466,Employee elevator 1 Zone 42,Maintenance,10676,03/08/2024,2. General Maint - High Priority,Max advised we had  a power outage last night both Elevators say out of service,Closed Without Action,0,0,Mike Max,,,0,03/11/2024 12:00 AM,Miguel Diaz - 03/11/24 11:46:26 AM: After resetting it Saturday the unit started working Monday . | Miguel Diaz - 03/09/24  6:47:17 AM: Tried resetting both units and they would not reset we  found the seismic controller with the flashing light to replace the batteries .Replaced batteries and elevator 2 did reset but elevator 1 is not still says out of service .I have placed a call with Kone elevators they will be here Monday .Ref# 1610-4156,[]
1467,EQ ID 1467,Maintenance elevator 2 Zone 43,Maintenance,6881,08/17/2023,2. General Maint - High Priority,Elevator is stuck in the mezzanine floor,Closed and Completed,0,1,Kone Elevators,,,0,08/17/2023 12:00 AM,Miguel Diaz - 08/17/23 12:45:17 PM: Tech showed up and found the pulley with rope cable broke all parts have been replaced elevator is back in service . | Miguel Diaz - 08/17/23 10:08:32 AM: Elevator would not reset Kone elevators has been called in for service .,[]
1467,EQ ID 1467,Maintenance elevator 2 Zone 43,Maintenance,11516,05/03/2024,2. General Maint - High Priority,Elevator is out of service door is opened on the first floor and a cable can been seen hanging .,Closed Without Action,0,0,Kone elevators,,,0,07/10/2024 12:00 AM,Miguel Diaz - 07/10/24  1:46:12 PM: Closing work order No cost its under the service  contract | Miguel Diaz - 05/06/24  1:59:11 PM: Kone tech showed up and repaired the elevator cable .Work order will stay open till final cost is in . | Miguel Diaz - 05/06/24 12:22:59 PM: Placed a second call to Kone elevators .I was just advised they are reaching out to the tech who was given the work order for an update . | Miguel Diaz - 05/06/24  8:58:09 AM: Tech has not shown up i called Kone elevators for an ETA they advised they will call me back when they have that information . | Miguel Diaz - 05/04/24  7:22:12 AM: Kone elevator company  will be here Monday to look at the unit,[]
1475,EQ ID 1475,AC 2-1 Serving 2nd floor west,Maintenance,3274,11/16/2022,2. General Maint - High Priority,Wayne advised some areas on the second floor seem warm .,Closed and Completed,0,3,Max Mike,,,0,11/16/2022 12:00 AM,Miguel Diaz - 11/16/22  1:26:00 PM: After looking at the web controller i found  that AC 2-1 is not cooling properly .We found a blown  6 amp fuse  .Fuse has been replaced ac unit is working with no errors for alarms .,[]
1475,EQ ID 1475,AC 2-1 Serving 2nd floor west,Maintenance,3276,11/16/2022,2. General Maint - High Priority,after replacing a 6 amp fuse the AC worked for 5 minutes then shut down alarms are Compressor trip CKT1 and low refrigerant charge ckt2,Closed and Completed,2454.59,8,Acco tech,,,0,12/14/2022 12:00 AM,Miguel Diaz - 12/14/22 11:37:29 AM: Cost is in . | Miguel Diaz - 11/18/22  7:13:47 AM: Acco was here yesterday and replaced 2 contact relays .He also found a wire that was shorting out on the pipe that goes to the compressor .lastly he added Freon to one of the compressor ckt.Work order will stay open till final cost is in .Follow up quote will be provided for additional work that is needed . | Miguel Diaz - 11/16/22  1:36:20 PM: Placed a call to Acco Chris will stop by tomorrow morning to look at the unit .,[]
1475,EQ ID 1475,AC 2-1 Serving 2nd floor west,Maintenance,4729,01/12/2023,2. General Maint - High Priority,Circuit 2 low of refrigerant Acco tech followed up with a proposal to fix it .,Closed and Completed,4917,12,Acco Tech Chris,,,0,03/06/2023 12:00 AM,Miguel Diaz - 03/08/23 11:40:26 AM: Tech made the repairs open attachment to view tech notes if needed .,"[{'name': 'AC 2-1 Circuit 2 low of refrigerant repairs 1-7-2023.pdf', 'url': 'https://circaweb.bobrick.com/PME/Forms/DownloadAttachment/240?guid=aaaa5538-258c-4fff-b49d-b0d4c0f4f6e4'}]"
1475,EQ ID 1475,AC 2-1 Serving 2nd floor west,Maintenance,10112,01/25/2024,2. General Maint - High Priority,AC has a compressor circuit tripped,Closed and Completed,17585,8,Acco,,,0,04/02/2024 12:00 AM,Miguel Diaz - 04/02/24  6:52:06 AM: Acco replaced tandem compressors yesterday . | Miguel Diaz - 03/14/24  8:39:08 AM: Attached compressor contract with cost in attachments if needed | Miguel Diaz - 03/07/24  7:18:27 AM: Crank case heaters have been replaced on the unit work order will stay open till final cost is in . | Miguel Diaz - 01/25/24  1:59:53 PM: Acco is working on the unit half of the unit is running the other is off waiting for parts .Josh advised he is waiting for two crank case heaters .,"[{'name': 'AC 2-2 Ckt -2 Compressor Replacement Rev 031324.pdf', 'url': 'https://circaweb.bobrick.com/PME/Forms/DownloadAttachment/554?guid=e5745871-0144-4120-898d-aa9deb069bc5'}]"
1475,EQ ID 1475,AC 2-1 Serving 2nd floor west,Maintenance,12864,08/26/2024,2. General Maint - High Priority,Found AC unit with compressor trip ckt 2 alarm .,Closed and Completed,3645,4,Acco tech,,,0,09/03/2024 12:00 AM,Miguel Diaz - 09/03/24 11:55:22 AM: Fan motor has been replaced .Open attachment to view bid contract if needed | Miguel Diaz - 08/27/24  9:48:45 AM: Acco tech advised he found one condenser fan  faulty and tripped the circuit blowing 2 fuses .He has disconnected the fan and replaced both fuses circuit 2 is back up and running with 2 fans instead of the three it uses .Acco will provide a Quote and parts availability  . | Miguel Diaz - 08/26/24  8:49:44 AM: Acco is coming out tomorrow for troubleshooting .Unit is running on ckt 1.,"[{'name': 'AC #2-1 CFM Replacement 082824.pdf', 'url': 'https://circaweb.bobrick.com/PME/Forms/DownloadAttachment/623?guid=d15f9754-9c05-49e5-a42b-fe1987c61f90'}]"
1475,EQ ID 1475,AC 2-1 Serving 2nd floor west,Maintenance,13848,11/18/2024,2. General Maint - High Priority,Found equipment alert for AC 2-1 with a Compressor trip ckt 2 tripped .Reached out to Acco to come in and troubleshoot the unit .,Closed and Completed,3445,5,Acco techs,,,0,01/23/2025 12:00 AM,Miguel Diaz - 01/23/25 11:02:37 AM: Acco tech showed up and found a blown 6 amp fuse .He replaced the fuse alarm is now gone circuit 2 is back up  . | Miguel Diaz - 01/23/25  6:57:52 AM: Acco techs came in yesterday to repair the unit they advised the unit got two sensors replaced and was charged back up .Found unit with alarm still showing circuit 2 tripped advised them of my findings. They will be returning for more troubleshooting today . | Miguel Diaz - 11/20/24  1:22:09 PM: Acco tech Josh advised he found a high pressure switch bad .Part will be ordered .Unit is still working with ckt1 .,[]
1475,EQ ID 1475,AC 2-1 Serving 2nd floor west,Maintenance,14523,01/28/2025,2. General Maint - High Priority,Equipment is showing tripped compressor CKT 2 again,Closed and Completed,0,3,Acco tech,,,0,02/26/2025 12:00 AM,Miguel Diaz - 02/26/25  9:28:52 AM: Acco tech showed up this morning and replaced two contactors for stage 2 compressors they advised unit turned on for stage 2 .Equipment alert is gone on the web control .Closing work order . | Miguel Diaz - 01/31/25  6:11:09 AM: Allan stopped by yesterday and troubleshooted a bit he advised they need to come back out and look over the wires something is causing this tripp error fuse was not Popped .No date was given . | Miguel Diaz - 01/29/25  1:39:27 PM: Acco is aware and will be coming out to troubleshoot .,[]
1476,EQ ID 1476,AC 2-2 Serving 2nd floor east,Maintenance,5674,05/08/2023,2. General Maint - High Priority,Circuit 2 is showing low refrigerant .,Closed and Completed,5535,8,Acco tech Chris,,,0,05/11/2023 12:00 AM,"Miguel Diaz - 05/15/23  8:16:24 AM: Isolate circuit from operation.
? Perform a refrigerant leak check on the unit and identify source of leak(s).
? Remove and rebuild (1) TXV.
? Furnish (2) warehouse furnace thermostats per the request of the facilities team and leave on site.
? Furnish and install (1) refrigerant filter drier.
? Charge circuit with 41 LBS of new R-410 refrigerant.
? Start-up circuit and verify unit operation upon completion of the repair. | Miguel Diaz - 05/15/23  7:18:17 AM: Reached out to Acco Chris provided a quote and came out and did the repairs unit is back up and running work order will stay open till final cost is in .","[{'name': 'AC #2-2 Leak Check and Repair 1 Circuit 050923.pdf', 'url': 'https://circaweb.bobrick.com/PME/Forms/DownloadAttachment/278?guid=a45f73be-860e-47a0-9a3c-99ea085c0303'}]"
1476,EQ ID 1476,AC 2-2 Serving 2nd floor east,Maintenance,10220,02/05/2024,2. General Maint - High Priority,AC is not working reported by Wayne,Closed and Completed,0,0.5,Max Mike,,,0,02/05/2024 12:00 AM,Miguel Diaz - 02/05/24  1:51:58 PM: Max Found the unit with no power at the breaker on the roof reset breaker on the first floor .AC is back on .,[]
1476,EQ ID 1476,AC 2-2 Serving 2nd floor east,Maintenance,10591,03/01/2024,2. General Maint - High Priority,Found AC unit with alarm message Compressor trip --CKT2,Closed and Completed,525,0,Acco,,,0,03/07/2024 12:00 AM,Miguel Diaz - 03/25/24 12:55:12 PM: Tech troubleshoot the issue and found both compressor on 2B need to be replaced closing this work order another is open for the same thing | Miguel Diaz - 03/14/24  8:36:25 AM: Chris from acco advised he found one bad compressor and that both need to be replaced since they are in tandem .Po being approved and acco will order the parts . | Miguel Diaz - 03/01/24  6:37:33 AM: Advised Acco lead of the issue  they will send someone to look at it .,[]
1476,EQ ID 1476,AC 2-2 Serving 2nd floor east,Maintenance,10666,03/07/2024,2. General Maint - High Priority,Ac unit is tripping the  breaker at the DB  its done it 3 times,Closed and Completed,17585,16,Acco,,,0,04/03/2024 12:00 AM,Miguel Diaz - 04/08/24 11:37:47 AM: Cost is in to close out the work order .Open attachments to view tech notes if needed | Miguel Diaz - 03/25/24 12:56:44 PM: Tech found that compressor 2b has shorted to ground and needs to be replaced .Both tandem compressors need to be replaced .Quote has been approved Acco is waiting for the parts . | Miguel Diaz - 03/07/24 12:27:04 PM: Acco is on the way to troubleshoot the unit .,"[{'name': 'AC 2-2 Ckt -2 Compressor Replacement Rev 031324.pdf', 'url': 'https://circaweb.bobrick.com/PME/Forms/DownloadAttachment/561?guid=c416390c-926c-4423-869e-fdd4bcda2fac'}]"
1476,EQ ID 1476,AC 2-2 Serving 2nd floor east,Maintenance,11623,05/09/2024,2. General Maint - High Priority,AC Unit has an alarm message advising compressor tripped Ckt2,Closed and Completed,0,2,Acco,,,0,05/09/2024 12:00 AM,Miguel Diaz - 05/10/24  8:07:57 AM: Acco was onsite yesterday they advised Trane gave them the wrong Contactor when they were here a month ago replacing tandem compressors .This is why the fuse would  pop .After replacing the contactor with the correct one the alarm message is gone .,[]
1476,EQ ID 1476,AC 2-2 Serving 2nd floor east,Maintenance,11801,05/22/2024,2. General Maint - High Priority,Acco tech that was onsite found an electrical board that was shorted out .,Closed Without Action,0,0,md,,,0,05/22/2024 12:00 AM,Miguel Diaz - 05/22/24 12:43:43 PM: wrong machine | Miguel Diaz - 05/22/24 12:37:40 PM: Acco will open up a service call ticket to come out and check the damaged part and order a replacement .,[]
1478,EQ ID 1478,AC 2-4 Serving 2nd Floor back offices including HR,Maintenance,1042,03/21/2022,4. Prod Continuing but Affected Equipment stopped,Employee reported unit is blowing hot air,Closed and Completed,1789.5,6.5,Chris from ACCO,,,0,03/22/2022 12:00 AM,"Miguel Diaz - 06/24/22  8:10:57 AM: 3/14/22: Arrived on-site and began inspecting VAV box #2-37 AC 2-4which served the VP's office in the HR department on the 2nd floor. Found the VAV box had a short ALC controller which will need to be replaced. Temporarily left the damper cracked open manually until the replacement can be ordered.
3/21/22: Picked up new VAV controller from Commerce. Scheduled on-site installation for the next day. 3/22/22: Arrived on-site with new VAV controller
for Zone #2-37 serving the VP&rsquo;s office. | Miguel Diaz - 04/06/22  7:32:37 AM: Chris from acco came in and replaced the VAV Controller .All is back to normal .work order will stay open till final cost is in .","[{'name': 'VAV box # 2-37 Repair  in hr department.pdf', 'url': 'https://circaweb.bobrick.com/PME/Forms/DownloadAttachment/63?guid=c5e79303-cb96-4f43-ac18-921d8499524f'}]"
1478,EQ ID 1478,AC 2-4 Serving 2nd Floor back offices including HR,Maintenance,6779,08/09/2023,6. General Maint,Employee reported Car wash room with VAV 2-36 to be very hot with a temp of 89,Closed and Completed,440,4,Acco Tech Chris,,,0,08/10/2023 12:00 AM,Miguel Diaz - 10/20/23  1:01:15 PM: Cost is in | Miguel Diaz - 09/19/23  9:04:04 AM: Valve was replaced last week work order will stay open till final cost is in . | Miguel Diaz - 08/10/23  1:11:20 PM: Chris was here today and checked the VAV 2-36  and found the controller to be good he did find the valve and actuator needs to be replaced they both come as a kit he gave us an ETA of next Friday  8-18-23 or sooner . | Miguel Diaz - 08/09/23  1:30:59 PM: Troubleshoot found VAV 2-36 controller unresponsive and stuck at the minimum position called Chris from ACCO he advised to power down the controller and shut one side of the water OFF  until he can stop by tomorrow to check it out .Chris will stop by tomorrow to look at VAV 2-36 located in HR Office.,[]
1478,EQ ID 1478,AC 2-4 Serving 2nd Floor back offices including HR,Maintenance,6992,08/25/2023,2. General Maint - High Priority,Found AC 2-4 off with Equipment alert supply fan fail,Closed and Completed,0,0.5,"Max ,Mike",,,0,08/25/2023 12:00 AM,Miguel Diaz - 08/25/23  7:31:34 AM: Turned power off and and reset unit is back on .,[]
1478,EQ ID 1478,AC 2-4 Serving 2nd Floor back offices including HR,Maintenance,6997,08/25/2023,2. General Maint - High Priority,AC unit 2-4 is having issues supply fan was  turning off and on in the morning now the supply air temp is at 82.8 .I will be shutting the unit off at the roof .,Closed and Completed,440,3,Acco Max,,,0,09/14/2023 12:00 AM,Miguel Diaz - 09/18/23  1:36:43 PM: Cost is in to close out work order .Open attachment to view work order if needed | Miguel Diaz - 08/28/23 10:58:57 AM: Acco arrived on site and started troubleshooting  AC 2-4. Max was also up there he was moving wires back in when a red wire started the ac back on which means that wire was shorting out when touching the cover .This was the source of the issue .Wire was fixed AC is back on and working properly .Work order will stay open till final cost is in . | Miguel Diaz - 08/25/23 12:09:12 PM: Acco will be on site Monday (8-28)  morning for this repair and other planned repairs .,"[{'name': 'AC 2-4 REPAIR 9-14-23.pdf', 'url': 'https://circaweb.bobrick.com/PME/Forms/DownloadAttachment/409?guid=c2fdab0b-0752-4bc3-96e8-fdee3a78d44b'}]"
1480,EQ ID 1480,AC M-1 Serving mezzanine floor east,Maintenance,1261,04/29/2022,1. Prod Stopped,Employee reported room being warm @76 degrees,Closed and Completed,703.42,4.5,Chris from Acco,,,0,05/02/2022 12:00 AM,Miguel Diaz - 05/11/22 12:48:12 PM: Cost is in to close out work order open attachment to view tech notes if needed | Miguel Diaz - 05/02/22  1:53:41 PM: AC unit is back up running .Work order will stay open till final cost is in . | Miguel Diaz - 05/02/22 12:49:21 PM: Chris found the compressor contactor welded closed that is the reason why the unit was freezing over because it wouldn't shut off .He left outside to purchase two aux switches for the new  contactors .He is working on it now . | Miguel Diaz - 05/02/22  7:58:04 AM: Acco tech will stop by today between 10 am -11 am . | Miguel Diaz - 04/29/22  2:58:27 PM: AC monitor is displaying supply fan failure message for AC M-1.Went up on the roof and found unit frozen Shut off unit @ the disconnect on the roof .Called ACCO dispatch unit and placed us on the board for Monday 5-2-22.Open attachments to view pictures if needed .,"[{'name': 'ac m-11.jpg', 'url': 'https://circaweb.bobrick.com/PME/Forms/DownloadAttachment/20?guid=76bc6ec7-3842-4c03-862e-1ccd126cd247'}, {'name': 'ac m-1.jpg', 'url': 'https://circaweb.bobrick.com/PME/Forms/DownloadAttachment/21?guid=76bc6ec7-3842-4c03-862e-1ccd126cd247'}, {'name': 'M-1 repair 5-10-22.pdf', 'url': 'https://circaweb.bobrick.com/PME/Forms/DownloadAttachment/30?guid=76bc6ec7-3842-4c03-862e-1ccd126cd247'}]"
1480,EQ ID 1480,AC M-1 Serving mezzanine floor east,Maintenance,2311,09/02/2022,4. Prod Continuing but Affected Equipment stopped,Found AC M-1off with Equipment alert supply fan fail .,Closed and Completed,0,1,Mike Diaz,,,0,09/02/2022 12:00 AM,"Miguel Diaz - 09/02/22  8:59:20 AM: Troubleshoot found overload for evaporator fan tripped found setting to be @ 10 when name plate says FLA 12.6 Max which should be set at 13 if it trips again the setting will be moved .
AC is back ON.",[]
1480,EQ ID 1480,AC M-1 Serving mezzanine floor east,Maintenance,4988,03/23/2023,2. General Maint - High Priority,Unit making like vibration noise above Matt L office .,Closed and Completed,4545,16,Acco tech Chris,,,0,03/27/2023 12:00 AM,"Miguel Diaz - 04/17/23  9:01:11 AM: Cost is in to close out this work order open attachment to view tech notes if needed . | Miguel Diaz - 03/29/23  8:10:51 AM: Acco replaced the motor ,pulleys with belt this past Monday  3-27-23 .Unit is working properly .
Work order will stay open till final cost is in . | Miguel Diaz - 03/23/23  9:38:45 AM: Unit services mezzanine floor we shut unit off till Chris from Acco comes in later today for repairs .
Power is off at the roof disconnect if needed to be turned back on .","[{'name': 'AC M-1 loud noises invoice 4-1-2023.pdf', 'url': 'https://circaweb.bobrick.com/PME/Forms/DownloadAttachment/261?guid=59b54179-10ac-421d-99b7-ee1ed76f08fc'}]"
1480,EQ ID 1480,AC M-1 Serving mezzanine floor east,Maintenance,6880,08/17/2023,6. General Maint,Found M-1 AC OFF with alarm showing supply fan failure,Closed and Completed,10,1,Mike Diaz,,,0,08/17/2023 12:00 AM,Miguel Diaz - 08/17/23  8:52:07 AM: Troubleshoot replaced a few hoses 1/4 that controls the supply fan they were loose with condensation this will give this error .AC unit is back on and running with out issues.,[]
1480,EQ ID 1480,AC M-1 Serving mezzanine floor east,Maintenance,6942,08/22/2023,2. General Maint - High Priority,While checking the AC units i found mezzanine floor AC off with again with supply fan failure,Closed and Completed,0,0.3,Mike D,,,0,08/28/2023 12:00 AM,Miguel Diaz - 08/28/23  7:49:35 AM: Closing work order for now they have other open work orders to look at this unit is working at the moment | Miguel Diaz - 08/22/23  8:32:56 AM: AC is back on leaving work order open for AC tech to look into  this is a re-occurring issue | Miguel Diaz - 08/22/23  7:42:04 AM: Chris will be here tomorrow morning | Miguel Diaz - 08/22/23  7:32:34 AM: Called Acco dispatch to put us in for service no ETA was given,[]
1480,EQ ID 1480,AC M-1 Serving mezzanine floor east,Maintenance,7285,09/19/2023,2. General Maint - High Priority,Found AC unit off error message displayed supply fan fail,Closed and Completed,0,0.4,Max Mike,,,0,09/19/2023 12:00 AM,"Miguel Diaz - 09/19/23  1:11:08 PM: Troubleshoot shut power off at disconnect disconnect hoses at pressure switch and reconnect AC unit is back on .
Alarm is gone  ACCO is aware of the re-occuring issue and will schedule a part replacement .",[]
1480,EQ ID 1480,AC M-1 Serving mezzanine floor east,Maintenance,10111,01/25/2024,2. General Maint - High Priority,Found unit off this morning displaying  communications error.,Closed and Completed,2000,3.5,Acco tech,,,0,01/29/2024 12:00 AM,Miguel Diaz - 02/13/24 10:15:20 AM: Cost is in to close out work order .Open attachment to view tech notes if needed . | Miguel Diaz - 01/30/24  8:05:04 AM: Acco techs have replaced the condenser fan motor Ac is back up and running normally .Work order will stay open till final cost is in . | Miguel Diaz - 01/29/24  7:24:03 AM: AC is back up and running on remaining fan motors tech is out purchasing the fan motor . | Miguel Diaz - 01/25/24  1:18:31 PM: Tech found fan motor shorted he is checking availability and pricing.,"[{'name': 'M-1 & 1-2 issues invoice for 1-30-24.pdf', 'url': 'https://circaweb.bobrick.com/PME/Forms/DownloadAttachment/533?guid=f7425da9-5e13-4aeb-ae9e-725c0f01ab10'}]"
1481,EQ ID 1481,AC 1-1 Serving TPF 1st floor south west,Maintenance,8070,11/17/2023,2. General Maint - High Priority,AC 1-1 has stopped working and has an error of supply fan failure . Micro output alarm input micro alarm .,Closed and Completed,1955,4,Acco tech Chris Mike d,,,0,11/27/2023 12:00 AM,Miguel Diaz - 04/08/24 11:34:30 AM: Cost is in | Miguel Diaz - 01/29/24  7:23:53 AM: AC is back up and running on remaining fan motors tech is out purchasing the fan motor . | Miguel Diaz - 12/18/23 10:56:25 AM: Acco Tech will be here tomorrow morning to replace the fan current switch . | Miguel Diaz - 11/27/23 12:04:27 PM: Acco tech came in today and replaced the condenser fan motor AC unit is back up and running with all 4 fan motors .Work order will stay open till final cost is in . | Miguel Diaz - 11/21/23 10:58:04 AM: Acco tech returned today and replaced the blown fuse and removed the  wiring for the one bad motor AC is back up and running .Tech will return sometime next week when they receive the new motor . | Miguel Diaz - 11/20/23  2:01:03 PM: Acco tech Chris showed up this afternoon after troubleshooting he advised he found a 30 amp fuse blown and a bad condenser fan motor.He will get the parts needed to get the AC back up and running .No ETA was given . | Miguel Diaz - 11/17/23 11:35:58 AM: Troubleshoot found all fuses  good checked fan proving switch found water in the lines after cleaning them the ac would still not come back on line .Acco has been called in for service  waiting for the call back to see when they will be making  it out .Provided  tpf office with a floor fan for now .,[]
1481,EQ ID 1481,AC 1-1 Serving TPF 1st floor south west,Maintenance,13016,08/30/2024,2. General Maint - High Priority,Found a  burnt board while up on the roof with a tech taking air velocity measurements,Closed and Completed,1662,4,Acco,,,0,09/16/2024 12:00 AM,"Miguel Diaz - 09/10/24 10:04:24 AM: Reached out to Acco for a quote for the repairs it was approved and fixed .
Board was replaced 
Open attachment to view tech notes if needed","[{'name': 'AC 1-1 economizer board replacement  8-16-24.pdf', 'url': 'https://circaweb.bobrick.com/PME/Forms/DownloadAttachment/624?guid=62ca879c-923a-4ee2-be32-3829587a3a06'}]"
1482,EQ ID 1482,AC 1-2 Serving TPF 1st floor north west,Maintenance,7446,10/03/2023,2. General Maint - High Priority,In the morning i go through the web control summary to find any issues with the AC unit found an issue with 1-2 Supply fan fail Unit relay output alarm and fan failure .,Closed Without Action,0,0,Acco tech Chris,,,0,08/10/2023 12:00 AM,"Miguel Diaz - 10/03/23 10:58:09 AM: Chris came in and checked the unit he advised the proving switch was the issue he called trane they advised for him to adjust the sensitivity and lower it so it closes after 40 seconds and  stops giving us this error he advised for us to let him know if it happens he has a work around he came up with that trane approved if this adjustment does not fix the issue .AC is back up and working properly .
Work order will stay open till final cost is in . | Miguel Diaz - 10/03/23  5:38:46 AM: Reached out to Chris from ACCO waiting for his response .",[]
1482,EQ ID 1482,AC 1-2 Serving TPF 1st floor north west,Maintenance,7029,08/28/2023,2. General Maint - High Priority,Found AC unit 1-2 Off alarm displaying supply fan failure -Unit relay output alarm -fan failure .,Closed and Completed,0,0.5,Max,,,0,08/28/2023 12:00 AM,"Miguel Diaz - 08/28/23 11:11:07 AM: Closing work order if it happens again we will call Acco to troubleshoot and see the issue he advised for us not to fix the issue . | Miguel Diaz - 08/28/23  8:19:41 AM: Max was able to get the ac unit back on we will leave it open for the AC tech to look at since the alarm is still showing =
Unit relay Output relay alarm . | Miguel Diaz - 08/28/23  7:47:17 AM: Max is going up on the roof now to check it out ACCO is aware called Chris but he is not responding i reached out to his other co worker Josh waiting for his response .They are swamped is  what i was told last week .",[]
1482,EQ ID 1482,AC 1-2 Serving TPF 1st floor north west,Maintenance,8034,11/14/2023,6. General Maint,Found AC unit 1-2 Off alarm displaying supply fan failure -Unit relay output alarm -fan failure .,Closed and Completed,0,0.3,Mike d,,,0,11/14/2023 12:00 AM,Miguel Diaz - 11/14/23 11:01:34 AM: Shut power off then back on unit is running .,[]
1482,EQ ID 1482,AC 1-2 Serving TPF 1st floor north west,Maintenance,9239,12/04/2023,6. General Maint,AC is not working and showing supply fan fail unit output alarm and fan failure,Closed Without Action,0,0,ACCO tech Chris,,,0,01/25/2024 12:00 AM,Miguel Diaz - 01/25/24  1:57:14 PM: Tech found fan motor shorted he is checking availability and pricing. | Miguel Diaz - 12/29/23  9:57:51 AM: ACCO Tech return yesterday and installed a switch for the fan motor Unit is back on line .Work order will stay open till final cost is in . | Miguel Diaz - 12/06/23  8:20:59 AM: Acco tech advised that Trane confirmed he can use a current transformer to prove the fan motor instead of the pressure switch .He will make this change when he is back from vacation on 12-18-23.,[]
1482,EQ ID 1482,AC 1-2 Serving TPF 1st floor north west,Maintenance,10110,01/25/2024,2. General Maint - High Priority,Found Ac Unit off and displaying alarms supply fan fail input and output micro block errors .,Closed and Completed,4755,6,Acco,,,0,01/30/2024 12:00 AM,Miguel Diaz - 02/13/24 10:14:23 AM: Cost is in to close out work order .Open attachment to view tech notes if needed . | Miguel Diaz - 01/30/24  9:45:01 AM: Both condenser fan motors have been replaced AC is up and running with no issues .Work order will stay open till final cost is in . | Miguel Diaz - 01/25/24  1:15:50 PM: Opened a service call with Acco tech showed up and found two fan motors not working one is open and the other is shorting to ground both need to be replaced .Tech is checking availability and pricing.,"[{'name': 'M-1 & 1-2 issues invoice for 1-30-24.pdf', 'url': 'https://circaweb.bobrick.com/PME/Forms/DownloadAttachment/532?guid=07b3c803-27e1-468c-9a7e-f167fc91a905'}]"
1482,EQ ID 1482,AC 1-2 Serving TPF 1st floor north west,Maintenance,11802,05/22/2024,2. General Maint - High Priority,Acco tech found ac 1-2 with a board that is shorted out .,Closed and Completed,0,0,md,,,0,09/11/2024 12:00 AM,Miguel Diaz - 09/12/24  7:02:16 AM: wrong machine no work done on this work order | Miguel Diaz - 05/22/24 12:45:25 PM: Acco will open up a service call ticket to come out and troubleshoot the economizer .,[]
1482,EQ ID 1482,AC 1-2 Serving TPF 1st floor north west,Maintenance,14534,01/27/2025,2. General Maint - High Priority,Unit is showing no heat alarm,Closed and Completed,1172.17,4,Acco,,,0,03/12/2025 12:00 AM,Miguel Diaz - 03/12/25 10:18:45 AM: Cost is in to close out work order .Open attachment to view tech notes if needed . | Miguel Diaz - 02/10/25 11:48:28 AM: Allan stopped by and replaced the igniter he advised he saw the heater turn on twice while there .Work order will stay open till final cost is in . | Miguel Diaz - 01/31/25  6:12:44 AM: Allan stopped by yesterday to troubleshoot he advised one igniter needs to be replaced .Parts have been ordered .,"[{'name': 'AC 1-2 Heat Alarm 1-29-25.pdf', 'url': 'https://circaweb.bobrick.com/PME/Forms/DownloadAttachment/740?guid=b18af288-f973-4fa0-8448-eeb49b0a4dea'}]"
1483,EQ ID 1483,AC 1-3 Serving Assembly 1st floor,Maintenance,6927,08/21/2023,2. General Maint - High Priority,Assembly reported department feels warm .,Closed and Completed,30,1,Max Mike,,,0,08/21/2023 12:00 AM,"Miguel Diaz - 08/21/23  1:15:14 PM: Max found a bad fuse replaced 30 amp fuse ac is back up and running . | Miguel Diaz - 08/21/23 12:30:17 PM: The AC unit is off checking on it now
Alrms are  supply fan fail input micro block error output  micro block error",[]
1483,EQ ID 1483,AC 1-3 Serving Assembly 1st floor,Maintenance,6937,08/21/2023,2. General Maint - High Priority,AC stopped working again had to blown another fuse called AC TECH Chris but no answer he should be coming in tomorrow .,Closed and Completed,3286.2,4,Acco Josh / Chris,,,0,08/24/2023 12:00 AM,"Miguel Diaz - 09/18/23  1:40:41 PM: Cost is in to close out work order .Open attachment to view work order if needed . | Miguel Diaz - 08/25/23  6:53:30 AM: Acco returned yesterday mid-day to replace the condenser fan motor for AC 1-3 .Unit is  back up and running with out issues .
Work order will stay open till final cost is in . | Miguel Diaz - 08/23/23 11:33:27 AM: Acco tech just advised he found the issue with the fuse popping the condenser fan is shorted out  and going to ground which means it needs to get replaced he advised he placed a call to trane for an expedited order and it should be here tomorrow. | Miguel Diaz - 08/22/23  7:41:26 AM: Chris will be here tomorrow morning | Miguel Diaz - 08/22/23  7:32:22 AM: Called Acco dispatch to put us in for service no ETA was given","[{'name': 'AC 1-3 REPAIR 8-24-23.pdf', 'url': 'https://circaweb.bobrick.com/PME/Forms/DownloadAttachment/410?guid=3cdbcda6-59d9-4772-b2b4-fc785cb40e97'}]"
1483,EQ ID 1483,AC 1-3 Serving Assembly 1st floor,Maintenance,12261,07/01/2024,2. General Maint - High Priority,Lead reported  AC not working,Closed and Completed,440,3,Acco,,,0,07/01/2024 12:00 AM,Miguel Diaz - 08/01/24 11:53:59 AM: Cost is in | Miguel Diaz - 07/01/24 12:58:31 PM: Acco tech came out and found the fan proving switch was clogged with green gunk keeping the blower from turning on .The unit is back on Acco will Replace  the switch to electrical in the near future .Work order will stay open till final cost is in . | Miguel Diaz - 07/01/24  8:59:42 AM: Checked AC 1-3 on the roof and found no issues with any fuses I did find a tripped overload after resetting the AC turned on and ramped up to 50 hertz then came back down to 0 .Acco has been called in for service they are trying to get someone to come out today .Provided assembly with a huge floor fan to keep air circulating also opened the roll up doors .,[]
1483,EQ ID 1483,AC 1-3 Serving Assembly 1st floor,Maintenance,12127,06/14/2024,2. General Maint - High Priority,Ac stopped working friday 6-14-24,Closed and Completed,440,2,Max Acco,,,0,07/02/2024 12:00 AM,Miguel Diaz - 07/02/24 12:50:43 PM: Cost is in .Open attachment to view tech notes if needed | Miguel Diaz - 06/17/24  8:55:49 AM: Max found that the belt had came off the circulating fan .He found a used spare that we keep in house for emergencies and replaced it .Unit still had an error  saying unit relay output alarm .Acco was called in for service and fixed the unit .AC is back up and running .Work order will stay open till final cost is in .,"[{'name': 'AC 1-3 FAN REPAIR 6-14-24.pdf', 'url': 'https://circaweb.bobrick.com/PME/Forms/DownloadAttachment/592?guid=b293a846-e9db-4b57-bfb6-3e078bda6e30'}]"
1483,EQ ID 1483,AC 1-3 Serving Assembly 1st floor,Maintenance,12991,09/09/2024,2. General Maint - High Priority,A/C is not working in the Soap Assembly Shop.,Closed and Completed,0,1,Mike d,,,0,09/09/2024 12:00 AM,Miguel Diaz - 09/09/24  8:35:14 AM: Found fan belt off and ripped .Replaced belt .Ac is back up,[]
1484,EQ ID 1484,AC 1-4 Serving TPF 1st floor east,Maintenance,2312,09/02/2022,4. Prod Continuing but Affected Equipment stopped,Found AC 1-4 off with Equipment alert saying supply fan fail and fan failure .,Closed and Completed,0,1,Mike Diaz,,,0,09/02/2022 12:00 AM,"Miguel Diaz - 09/02/22  9:03:23 AM: Troubleshoot and found overload setting at 10 when nameplate says max is FLA 12.6 Acco tech advised to change setting to 13 .
Unit is back up and running .",[]
1484,EQ ID 1484,AC 1-4 Serving TPF 1st floor east,Maintenance,2259,08/26/2022,4. Prod Continuing but Affected Equipment stopped,Found AC unit status OFF  alarm message advised supply Fan fail and Fan failure,Closed and Completed,1220.64,4,Acco tech Chris,,,0,12/14/2022 12:00 AM,"Miguel Diaz - 12/14/22 11:37:56 AM: Cost is in | Miguel Diaz - 09/01/22  1:30:30 PM: Checked house power we have 480 across 3 phases checked all fuses all are good reset a blower by pass unit is back on .Chris advised he will stop by to adjust the setting since that is what he replaced a few days ago .Work order still open till final cost is in . | Miguel Diaz - 09/01/22 11:59:45 AM: Found AC 1-4 OFF again same message supply fan fail going up to see what alarm its giving and relate that to the AC tech Chris from Acco . | Miguel Diaz - 08/29/22  1:06:36 PM: AC is back on starter/contactor has been replaced .Work order will stay open till final cost is in . | Miguel Diaz - 08/26/22  9:56:54 AM: Troubleshoot on roof checked all fuses all checked out good found message on Trane controller advising Alarm W phase loss {A32}.
Also checked fan for movement so motor is not stuck and belt is on .Chris from Acco will stop by Monday morning .",[]
1360,EQ ID 1360,Hot loop building central plant,Maintenance,2490,03/22/2022,4. Prod Continuing but Affected Equipment stopped,Tech found one of the pump seal leaking water,Closed and Completed,3990,6,Acco tech Chris,,,0,03/28/2022 12:00 AM,Miguel Diaz - 10/04/22  6:46:12 AM: Work for the repairs was approved seal has been replaced open attachment to view invoice if needed,"[{'name': 'Water pump seal leaking invoice 3-28-22.pdf', 'url': 'https://circaweb.bobrick.com/PME/Forms/DownloadAttachment/119?guid=b2cc782a-b90c-4504-aedd-de48ff6e0450'}]"
1360,EQ ID 1360,Hot loop building central plant,Maintenance,5944,06/08/2023,6. General Maint,Unit currently has 16 heat request but has no major rams except for lo temp alarm Acco will stop by tomorrow .,Closed and Completed,0,0.6,Mike Max,,,0,06/08/2023 12:00 AM,"Miguel Diaz - 06/09/23 12:32:32 PM: Removed and cleaned air filter and reset the unit found 
Boiler  working this morning closing work order.
 Chris from Acco will keep the work order open on his side if needed next week if not it will be deleted .",[]
1360,EQ ID 1360,Hot loop building central plant,Maintenance,6126,06/16/2023,"5. Prod Ongoing, Maint Required",Boiler stopped working maintenance reset several times they advised  they could hear it wanting to turn ON but would ignite.,Closed and Completed,589,3,Acco tech,,,0,06/16/2023 12:00 AM,"Miguel Diaz - 07/07/23  8:43:51 AM: Open attachments to view tech notes if needed. | Miguel Diaz - 07/07/23  8:42:28 AM: Cost is in to close out this work order | Miguel Diaz - 06/28/23 11:53:31 AM: Quote for repairs has been approved .Open attachment to view quote if needed | Miguel Diaz - 06/19/23 12:31:10 PM: Maintenance called ACCO for service when tech showed up this morning  the unit turned on but only with stage 1 he noticed he could hear air escaping .He advised the air should not be escaping where its coming out from because that is where it build up pressure after he replaced the worn screws the rest of the stages 2 ,3,4 tuned on. No other  issues occurred while he was here .Work order will stay open till final cost is in he did advise he found other issues with the boiler with a pipe being corroded and leaking  and a seal needing to be replaced along  with the main lunch room valve replacement quotes  to follow .","[{'name': 'Boiler Leak Repairs 62723.pdf', 'url': 'https://circaweb.bobrick.com/PME/Forms/DownloadAttachment/309?guid=e128e16a-1428-480a-8181-a86aee40e96e'}, {'name': 'Boiler repair 6-16-23.pdf', 'url': 'https://circaweb.bobrick.com/PME/Forms/DownloadAttachment/313?guid=e128e16a-1428-480a-8181-a86aee40e96e'}]"
1360,EQ ID 1360,Hot loop building central plant,Maintenance,10160,01/30/2024,2. General Maint - High Priority,Building is cold with no heat being reported,Closed and Completed,1202.93,5,Acco,,,3,01/30/2024 12:00 AM,Miguel Diaz - 02/13/24 10:06:38 AM: Cost is in to close out work order .Open attachment to view tech notes if needed . | Miguel Diaz - 01/31/24  9:16:01 AM: Boiler did not turn on this morning tech was called in . Boiler is currently back online but tech advised he noticed the boiler is having issues turning on and off and thinks the ignition module is what took out the ignitor yesterday .He is going to the parts store now to pick one up he will be back to replace it . | Miguel Diaz - 01/30/24  9:43:11 AM: Acco tech is onsite working on another work order .We asked him to look into this he found a bad igniter and replaced it .Boiler is up and running with no issues .Tech advised if we have the boiler on an yearly service .Which includes an  annual breakdown which means they replace parts on it yearly and Its suggested .Work order will stay open till final cost is in .,"[{'name': 'Boiler issue 1-30-24.pdf', 'url': 'https://circaweb.bobrick.com/PME/Forms/DownloadAttachment/531?guid=743f5d40-28f3-45a3-a108-feb785c68ef2'}]"
1360,EQ ID 1360,Hot loop building central plant,Maintenance,13223,01/05/2024,2. General Maint - High Priority,Panel for the hot loop panel is broken and needs to be replaced,Closed and Completed,985,0.5,ACCO,,,0,09/27/2024 12:00 AM,Miguel Diaz - 09/30/24 12:24:10 PM: Acco ordered and replaced panel,[]
1376,EQ ID 1376,AC units on the roof,Maintenance,14888,02/28/2025,2. General Maint - High Priority,Several AC units have worn out Filter mist eliminator filters that need to be replaced .,Closed and Completed,1200,2,Max,,,0,03/17/2025 01:00 PM,Maksim Bushka - 03/17/25  1:36:52 PM: Replaced 15 filters on 5 A/C units | Miguel Diaz - 02/28/25 11:03:26 AM: Max found the local Trane parts supplier from Glendale they advised they are not open to the public but for filters they will sell it to us .I ordered 15  filters part # FLR09410 they can be picked up on Tuesday but i would call before going .,[]
1384,EQ ID 1384,"A/C Unit for Electrical room, parking structure",Maintenance,2007,07/26/2022,4. Prod Continuing but Affected Equipment stopped,Went in the room and it smelled  wet .,Closed and Completed,0,0.5,Primo Uy,,,0,07/26/2022 12:00 AM,"Miguel Diaz - 07/26/22  8:56:34 AM: Primo cleaned the unit with Clorox and water all wet smell is gone .
Adding a pm for this unit to be checked .",[]
1384,EQ ID 1384,"A/C Unit for Electrical room, parking structure",Maintenance,6943,08/18/2023,2. General Maint - High Priority,Found parking structure electrical room  AC unit is not working .,Closed and Completed,0,2,Acco Tech,,,0,08/24/2023 12:00 AM,"Miguel Diaz - 09/18/23  1:42:35 PM: Closing work order cost included in another work order all together . | Miguel Diaz - 08/24/23  6:48:00 AM: Acco tech Chris found the condenser unit full of years  dust but inside it only he used a water hose to wash it out ,We do have a pm to vacuum it but seems like that was not enough .I will add to wash the condenser once a year with water by us .Unit is working properly work order will stay open till final cost is in . | Miguel Diaz - 08/22/23  7:41:48 AM: Chris will be here tomorrow morning | Miguel Diaz - 08/22/23  7:35:24 AM: Called Acco dispatch to put us in for service no ETA was given",[]
1388,EQ ID 1388,Lift Master Rolling Gate,Maintenance,5748,05/22/2023,2. General Maint - High Priority,Found gate this morning stopped at midway when I walked up to it I found that the chain had ripped from one end .,Closed and Completed,15,1,Mike Max,,,0,05/22/2023 12:00 AM,Miguel Diaz - 05/22/23 12:17:31 PM: Removed the cover and un raveled the chain from the motor waited till later till we had time to get back to it we replace the chain link and adjusted the chain and adjusted the stop points .,[]
1389,EQ ID 1389,Tujunga Rolling Doors,Maintenance,1640,06/10/2022,4. Prod Continuing but Affected Equipment stopped,One of the rolling gates got stuck yesterday when closing yesterday .,Closed and Completed,3787.28,10,Casco tech Wayne Bart Mike,,,0,07/12/2022 12:00 AM,"Miguel Diaz - 07/13/22  7:37:56 AM: Gate has been repaired also both cords one for each roll up has been replaced . | Miguel Diaz - 07/11/22  9:29:21 AM: Casco tech arrived and are working on the roll up gate . | Miguel Diaz - 06/13/22 10:37:10 AM: Casco dock and door service is sending out a tech tomorrow morning to look at the roll up gate . | Miguel Diaz - 06/10/22  7:20:43 AM: Found right side bent with a bracket wedged keeping it from moving down or up .
Cut the wedged piece of metal so it can move freely and  closed the rolling door .We also  shut the power off to the door till its fixed .
See attachments if needed .WE will be reaching out to a vendor for a quote on repairs .","[{'name': 'R2.jpg', 'url': 'https://circaweb.bobrick.com/PME/Forms/DownloadAttachment/50?guid=ce62c425-772d-49a3-b489-2d84f9c2818b'}, {'name': 'R1.jpg', 'url': 'https://circaweb.bobrick.com/PME/Forms/DownloadAttachment/51?guid=ce62c425-772d-49a3-b489-2d84f9c2818b'}, {'name': 'R3.jpg', 'url': 'https://circaweb.bobrick.com/PME/Forms/DownloadAttachment/52?guid=ce62c425-772d-49a3-b489-2d84f9c2818b'}]"
1393,EQ ID 1393,Backup Genset Generator,Maintenance,2009,07/26/2022,4. Prod Continuing but Affected Equipment stopped,Wall Display had a red light for over crank in the morning when opening up .,Closed and Completed,4968.44,6,Collicutt tech,,,0,08/17/2022 12:00 AM,"Miguel Diaz - 08/17/22 11:29:32 AM: New controller display for ATS 2 has been replaced along with the block heater .
All system is back to normal panel showing all normal .
Po rec LA 00040343 has been received in the system by receiving. | Miguel Diaz - 08/05/22 11:10:21 AM: Added cost for tech to come in and troubleshoot  tech notes has been attached in attachments .
Tech is scheduled to come in Wednesday August 17 @ 9 am . | Miguel Diaz - 08/01/22 10:33:51 AM: Called Collicutt this morning to schedule a date for the repairs they advised they must receive the parts first before scheduling an appointment .They will reach out when the  parts are in to schedule a repair date . | Miguel Diaz - 07/26/22  1:07:38 PM: Sunwest tech showed up and checked for power he found power going from the ats breaker from Main source to the ats box and out he advised the generator company would know a lot more about this than them .I called Kohler tech support and they sent me a file how to troubleshoot a dark display  See attachments .Board looks toasty Collicutt is scheduled to come out today by  3 pm to troubleshoot and order board if needed .Heater block cord and plug also needs to be replaced its burnt see picture. | Miguel Diaz - 07/26/22 10:58:54 AM: Added pictures on attachments to view if needed | Miguel Diaz - 07/26/22  9:36:40 AM: Walked over to the Back up Generator and found it beeping moved the key to reset and back to AUTO then Generator turned on and it has not shut off since then .After troubleshooting i found the transfer switch in the Electrical room (ATS-2) completely off with no lights reached out to Sunwest for support Tech is on his way he will be here less than 2 hours for troubleshooting per Nadal .","[{'name': 'ats1.jpg', 'url': 'https://circaweb.bobrick.com/PME/Forms/DownloadAttachment/78?guid=43ef37e2-f85a-4ab0-895b-15c87bbf1695'}, {'name': 'ats 2.jpg', 'url': 'https://circaweb.bobrick.com/PME/Forms/DownloadAttachment/79?guid=43ef37e2-f85a-4ab0-895b-15c87bbf1695'}, {'name': 'ats 3.jpg', 'url': 'https://circaweb.bobrick.com/PME/Forms/DownloadAttachment/80?guid=43ef37e2-f85a-4ab0-895b-15c87bbf1695'}, {'name': 'ats 5.jpg', 'url': 'https://circaweb.bobrick.com/PME/Forms/DownloadAttachment/81?guid=43ef37e2-f85a-4ab0-895b-15c87bbf1695'}, {'name': 'ATS TROUBLESHOOTING GUIDE  7-26-22 sb697 1500 Trouble.pdf', 'url': 'https://circaweb.bobrick.com/PME/Forms/DownloadAttachment/82?guid=43ef37e2-f85a-4ab0-895b-15c87bbf1695'}, {'name': 'ats 4.jpg', 'url': 'https://circaweb.bobrick.com/PME/Forms/DownloadAttachment/83?guid=43ef37e2-f85a-4ab0-895b-15c87bbf1695'}, {'name': 'Collicutt call in service 8-3-22.pdf', 'url': 'https://circaweb.bobrick.com/PME/Forms/DownloadAttachment/90?guid=43ef37e2-f85a-4ab0-895b-15c87bbf1695'}]"
1393,EQ ID 1393,Backup Genset Generator,Maintenance,2198,08/18/2022,4. Prod Continuing but Affected Equipment stopped,Yesterday the block heater was replaced by collicutt  we need to replace the 125V receptacle,Closed and Completed,45,1,Mike,,,0,08/18/2022 12:00 AM,"Miguel Diaz - 08/19/22 10:19:40 AM: Purchased another receptacle from all phase electric  and replaced it .This one is Extra heavy duty straight blade receptacle .
Model HBL53611 
NEMA 5-20R 
2- POLE  
3-WIRE GROUNDING 
20A 125 V | Miguel Diaz - 08/18/22 10:23:29 AM: Replaced badly burnt receptacle with commercial 125 volt receptacle.",[]
1393,EQ ID 1393,Backup Genset Generator,Maintenance,3517,12/07/2022,2. General Maint - High Priority,Pm work order  is does not generating entering this service call manually generator is due for its yearly service,Closed and Completed,0,4,Collicutt,,,0,12/07/2022 12:00 AM,Miguel Diaz - 12/07/22 11:27:24 AM: Scheduled pm service tech showed up toady and did the yearly service,[]
1393,EQ ID 1393,Backup Genset Generator,Maintenance,6165,06/22/2023,6. General Maint,Unit is due for semi annual inspection,Closed and Completed,539.72,1,Collicutt,,,0,06/20/2023 12:00 AM,"Miguel Diaz - 06/22/23 10:28:57 AM: Collicutt performed inspection 
Open attachment to view invoice","[{'name': 'Collicutt 6 months check up CES_Invoice Invoice 78306 6-20-23.pdf', 'url': 'https://circaweb.bobrick.com/PME/Forms/DownloadAttachment/302?guid=f14b9ca2-522c-4942-8f1b-b45eafef4a65'}]"
1393,EQ ID 1393,Backup Genset Generator,Maintenance,10042,01/18/2024,2. General Maint - High Priority,Annual maintenance is due,Closed and Completed,0,4,Collicutt,,,0,01/19/2024 12:00 AM,Miguel Diaz - 01/19/24 10:06:13 AM: Collicutt tech arrived this morning to perform the scheduled maintenance on our Generator .,[]
1393,EQ ID 1393,Backup Genset Generator,Maintenance,14326,01/13/2025,2. General Maint - High Priority,Generator and fire alarm panel are  showing low fuel advisory .,Closed and Completed,567.26,0.5,Amber Resources,,,0,01/22/2025 12:00 AM,"Miguel Diaz - 01/22/25  9:24:29 AM: Cost is in to close out work order | Miguel Diaz - 01/13/25  7:14:02 AM: Called the company Amber resources @   (818) 786-8180 Ext. 7105 |   (562) 896-3489 ASolis@dionandsons.com www.dionandsons.com 
and spoke to the dispatcher Alondra Solis and scheduled  fuel top off .They came by and filled up 87 gallons of red dye fuel .Work order will stay open till final cost is in .",[]
1393,EQ ID 1393,Backup Genset Generator,Maintenance,19716,05/25/2026,2. General Maint - High Priority,ATS not switching back over to commercial power.,Closed and Completed,4500,20,"Sean, Collicutt",,,3,05/29/2026 12:00 AM,"Sean Jennings - 06/05/26  7:39:50 AM: ATS1 would not recognize commercial power so it would not transfer off of generator power. Upon investigation, it was found that the ATS J1 connector and board were burnt. The board and connector needed to be swapped. It is now working as it should.","[{'name': 'ATS1_J1 Connector.jpg', 'url': 'https://circaweb.bobrick.com/PME/Forms/DownloadAttachment/971?guid=589b8b8c-4ddc-4932-b72f-ea2491d74ce8'}, {'name': 'ATS1.jpg', 'url': 'https://circaweb.bobrick.com/PME/Forms/DownloadAttachment/972?guid=589b8b8c-4ddc-4932-b72f-ea2491d74ce8'}]"
1393,EQ ID 1393,Backup Genset Generator,Maintenance,19718,05/28/2026,1. Prod Stopped,Generator stopped running while supplying power to ATS1. The error it was showing was AC sensing loss.,Closed and Completed,18000,0,"Sean, Collicutt, Mx",,,4,07/06/2026 12:00 AM,"Sean Jennings - 07/27/26 11:56:03 AM: Completed and tested on 7/6/2026 | Sean Jennings - 06/30/26 12:34:30 PM: Alternator end will be ready for install on 7/1/2026. It is a short week so the install and testing is scheduled for 7/6/2026, which will take two days. | Sean Jennings - 06/05/26  7:48:06 AM: A tech from Collicutt was already scheduled to come out and repair the ATS1 so the timing to get someone out was minimal. Upon arrival, the tech opened up the alternator end and noticed the damage that was causing the error. The obvious issues were the excitor rotor, photo board and plastic cover. To be able to access whether there were issues to the main stator and rotor, the alternator end needed to be removed and transported to a third part company. We had to call in for a backup generator to maintain our emergency power capability. Back up was installed and the alternator end was removed. We received a proposal for a new and re-conditioned alternator end. I am waiting on a quote for a whole new generator.",[]
1400,EQ ID 1400,Exhaust Fan # 5 1st floor Restrooms,Maintenance,10993,04/08/2024,2. General Maint - High Priority,Restroom exhaust is not working,Closed and Completed,1464,3,Acco,,,0,04/15/2024 12:00 AM,Miguel Diaz - 08/21/24  1:21:39 PM: Found it broken its been dropped .I repaired it using spare parts from an  old magnet  . | Miguel Diaz - 08/01/24 11:53:31 AM: Cost is in | Miguel Diaz - 04/15/24  1:42:39 PM: Exhaust fan was replaced this past Friday note fan is both restrooms on the first floor .Work order will stay open till final cost is in . | Miguel Diaz - 04/09/24 12:58:20 PM: Acco tech was onsite this morning and found the motor not working .He has ordered the motor when it comes in sometime tomorrow they will come in to replace it tomorrow or at the latest Thursday . | Miguel Diaz - 04/08/24  1:00:27 PM: Logic shows the EF Failed nothing is obvious on the roof when looking at  the unit Acco will be here tomorrow morning.,[]
1402,EQ ID 1402,Exhaust Fan # 11,Maintenance,5885,06/05/2023,2. General Maint - High Priority,Several tabs broke off the side letting the cover fly off and away,Closed and Completed,350,1,Max Mike,,,0,06/05/2023 12:00 AM,Miguel Diaz - 06/05/23  8:46:38 AM: Ordered replacement cover and placed it on this morning used self tap screws,[]
1405,EQ ID 1405,Gas Unit Heater # 3 UH3,Maintenance,5675,05/01/2023,"5. Prod Ongoing, Maint Required",Employee from shipping came over and advised he hit the thermostat off the wall he handed it over in pieces.,Closed and Completed,250,0,Chris Acco,,,0,05/12/2023 12:00 AM,"Miguel Diaz - 05/15/23  7:22:48 AM: Had Chris from Acco order us a replacement and a spare its cheaper if they order it .
Stat has since been replaced work order will stay open till final cost  in .",[]
1406,EQ ID 1406,Gas Unit Heater # 4 UH4,Maintenance,3679,12/19/2022,6. General Maint,Employee reported the rear heater by QA is not working,Closed and Completed,6,0.3,mIKE,,,0,12/19/2022 12:00 AM,Miguel Diaz - 12/19/22  7:33:34 AM: Found batteries low on heater stat Replaced AA batteries X 2,[]
1437,EQ ID 1437,"High Speed Door, TPF/Shipping (south)",Maintenance,1760,06/22/2022,4. Prod Continuing but Affected Equipment stopped,Door was bumped and pushed out from the left side corner door will not reset .,Closed and Completed,0,3,Mike Bart,,,0,06/22/2022 12:00 AM,Miguel Diaz - 06/22/22  1:06:09 PM: Pushed corner back in but display would not reset display gave us code F852 FSX 485 ERR .Which means the encoder needs to be reset did procedure and reset door .Door is working properly .,[]
1437,EQ ID 1437,"High Speed Door, TPF/Shipping (south)",Maintenance,2475,10/03/2022,4. Prod Continuing but Affected Equipment stopped,Found roll up door unresponsive and will not reset .,Closed and Completed,0,0.5,Mike Diaz,,,0,10/03/2022 12:00 AM,Miguel Diaz - 10/03/22  7:00:46 AM: Troubleshoot and found that the open and close setting limits need to be reset teached the limits door is working again,[]
1437,EQ ID 1437,"High Speed Door, TPF/Shipping (south)",Maintenance,3020,10/24/2022,2. General Maint - High Priority,Roll up door does not open,Closed and Completed,0,0.6,Mike D,,,0,10/24/2022 12:00 AM,"Miguel Diaz - 10/24/22  6:41:44 AM: Found that we had a power outage last night that tripped the breaker on panel  H2 28-40-42 .
Reset breaker and  door would still not work found error message 852 which means encoder issue .
Reset encoder settings door is working properly again .",[]
1437,EQ ID 1437,"High Speed Door, TPF/Shipping (south)",Maintenance,3043,10/25/2022,2. General Maint - High Priority,We had another power outage last night it tripped the breaker  H2 38-40-42 for this door again door does not operate .,Closed and Completed,300,1,Mike Diaz,,,0,10/25/2022 12:00 AM,Miguel Diaz - 10/25/22  7:24:30 AM: Reason for door not operating is because the encoder battery is low and does not keep the set limits in its memory when the power outage happens .Replaced encoder battery and programmed  new limits .,[]
1437,EQ ID 1437,"High Speed Door, TPF/Shipping (south)",Maintenance,3884,01/10/2023,2. General Maint - High Priority,Door does not open or close,Closed and Completed,50,1,Mike,,,0,01/10/2023 12:00 AM,Miguel Diaz - 01/10/23 12:12:16 PM: Found error 856 communication error checked battery voltage its at 3.1 it should be at 3.6 replaced battery door is working properly again .,[]
1437,EQ ID 1437,"High Speed Door, TPF/Shipping (south)",Maintenance,10233,02/06/2024,6. General Maint,Door is not closing,Closed and Completed,0,0.3,Mike Primo,,,0,02/06/2024 12:00 AM,Miguel Diaz - 02/06/24 10:50:06 AM: Found resistor broken repaired resistor door is now working properly . | Miguel Diaz - 02/06/24 10:49:21 AM: Displays says open at mobil,[]
1438,EQ ID 1438,"High Speed Door, Shipping/Assembly dep.",Maintenance,7577,10/06/2023,6. General Maint,Door does not open,Closed and Completed,90,1,PU MB,,,0,10/06/2023 12:00 AM,"Miguel Diaz - 10/10/23 12:32:39 PM: Error Code: F856. Replace battery and door is now working.
Need to order more Battery ASAP. 
Re open work order on correct equipment ID.",[]
1438,EQ ID 1438,"High Speed Door, Shipping/Assembly dep.",Maintenance,11069,04/10/2024,6. General Maint,Lead reported door not closing properly,Closed and Completed,0,0.3,Mike d,,,0,04/10/2024 12:00 AM,Miguel Diaz - 04/10/24 11:17:15 AM: Found door with alarm open at mobile .Drained resistor and reset board .Door is working properly again .,[]
1438,EQ ID 1438,"High Speed Door, Shipping/Assembly dep.",Maintenance,12961,09/04/2024,2. General Maint - High Priority,Door does not close all the way,Closed and Completed,0,1,Mike d,,,0,09/04/2024 12:00 AM,Miguel Diaz - 09/04/24  9:29:54 AM: Door lost its stop and open limits yesterday when the power outage happened .Removed encoder and reset both limits door is working properly .,[]
1439,EQ ID 1439,"High Speed Door, TPF/Assembly dep. (east)",Maintenance,1859,07/06/2022,4. Prod Continuing but Affected Equipment stopped,Fault code 856,Closed and Completed,50,1,Barton Lea,,,0,07/06/2022 08:30 AM,Barton Lea - 07/06/22  9:18:49 AM: Replaced battery,[]
1439,EQ ID 1439,"High Speed Door, TPF/Assembly dep. (east)",Maintenance,4448,02/16/2023,6. General Maint,Employee handed me the pull string that fell off when he pulled it down .,Closed and Completed,0,0.4,Mike Diaz,,,0,02/16/2023 12:00 AM,"Miguel Diaz - 02/16/23  1:02:44 PM: Re attach pull string
Used scissor lift",[]
1439,EQ ID 1439,"High Speed Door, TPF/Assembly dep. (east)",Maintenance,10044,01/19/2024,"5. Prod Ongoing, Maint Required",Door is not working properly and displaying 831 open at Mobil,Closed and Completed,0,0.4,Mike d,,,0,01/19/2024 12:00 AM,Miguel Diaz - 01/19/24 11:44:54 AM: Discharged resistor by disconnecting it  Door is working properly now .,[]
1439,EQ ID 1439,"High Speed Door, TPF/Assembly dep. (east)",Maintenance,12108,06/13/2024,6. General Maint,Door is not opening or closing,Closed and Completed,0,0.5,Mike d,,,0,06/13/2024 12:00 AM,"Miguel Diaz - 06/13/24 11:34:08 AM: Found error  code 861 which said internal fault .
Checked mobile unit and disconnected it and connect back in. Unit is now working properly could be loose connection .",[]
1439,EQ ID 1439,"High Speed Door, TPF/Assembly dep. (east)",Maintenance,14047,12/11/2024,6. General Maint,Door is not working properly and is displaying 831 open at mobile .,Closed and Completed,0,0.4,Mike d,,,0,12/11/2024 12:00 AM,Miguel Diaz - 12/11/24  6:55:58 AM: When this error pops up the resistor needs to be drained  .Error is gone and reset .,[]
1439,EQ ID 1439,"High Speed Door, TPF/Assembly dep. (east)",Maintenance,15827,05/19/2025,2. General Maint - High Priority,Door is not opening,Closed and Completed,0,0.3,Mike d,,,0,05/19/2025 12:00 AM,Miguel Diaz - 05/19/25  9:33:12 AM: Controller is showing open at mobile .Drained resistor in the air valve .,[]
1440,EQ ID 1440,"High Speed Door, TPF/Yard (west wall)",Maintenance,3805,01/04/2023,2. General Maint - High Priority,Found door not closing properly from the inside pull string,Closed and Completed,20,0.4,Mike Diaz,,,0,01/04/2023 12:00 AM,Miguel Diaz - 01/04/23  6:39:29 AM: Replaced activation switch for the inside pull string,[]
1440,EQ ID 1440,"High Speed Door, TPF/Yard (west wall)",Maintenance,3892,01/11/2023,2. General Maint - High Priority,Door does not open or close,Closed and Completed,20,0.5,Mike d,,,0,01/11/2023 12:00 AM,Miguel Diaz - 01/11/23  6:34:23 AM: Found outside pull string box with faulty switch replaced switch door is working properly now .,[]
1440,EQ ID 1440,"High Speed Door, TPF/Yard (west wall)",Maintenance,3963,01/13/2023,2. General Maint - High Priority,Neither pull string is opening the roll up door .,Closed and Completed,0,0.6,Mike D iaz,,,0,01/13/2023 12:00 AM,Miguel Diaz - 01/13/23  7:33:04 AM: Troubleshoot found outside pull string stuck in the up position keeping the switch closed meaning we have an open signal not letting the roll up door close or open .Removed cover with string lubed internal parts since its exposed to the outside water making  it rust .Also replaced the lock washer and nut with a nylon nut by doing this i can leave the bolt loose making it easier for it to go up and down .,[]
1440,EQ ID 1440,"High Speed Door, TPF/Yard (west wall)",Maintenance,7132,09/07/2023,2. General Maint - High Priority,Door does not open or close,Closed and Completed,60,0.6,Max Mike,,,0,09/07/2023 12:00 AM,"Miguel Diaz - 09/07/23  7:36:42 AM: Error on controller is displaying F856 FSX Wireless communication error .
Troubleshoot found Battery on mobile unit at 3.58 volts when it should be at 3.6 volts anything below will cause an error .
Door is working properly again after replacing battery .",[]
1440,EQ ID 1440,"High Speed Door, TPF/Yard (west wall)",Maintenance,10951,04/05/2024,2. General Maint - High Priority,Door is not working .,Closed and Completed,0,0.4,Mike d,,,0,04/05/2024 12:00 AM,Miguel Diaz - 04/05/24  8:01:34 AM: Found door with error code open at mobile .Checked resistor and drained it .Door is now working properly,[]
1440,EQ ID 1440,"High Speed Door, TPF/Yard (west wall)",Maintenance,12607,08/01/2024,2. General Maint - High Priority,Lead advised the roll up door is not opening and someone is stuck outside,Closed and Completed,0,0.7,Max Mike,,,0,08/01/2024 12:00 AM,"Miguel Diaz - 08/01/24  1:53:52 PM: Found roll up door was struck hard popping it off the track from both sides.
Managed to pop back in both sides and run the door .3 wires severed those have been patched up also no one has reported it .",[]
1441,EQ ID 1441,Semaphore unit #1,Maintenance,3659,12/14/2022,2. General Maint - High Priority,Management advised semaphore arm is stuck in half way position and will not move .,Closed and Completed,869.05,3,Mike Max,,,0,12/20/2022 12:00 AM,"Miguel Diaz - 12/20/22 12:36:34 PM: After troubleshooting we found a bad board purchased replacement board from Engineered parking systems @1661 294-0778 part # 9700-1000 Control board for 301 parking gate operator. Replaced board ,gate arm is working properly again . | Miguel Diaz - 12/15/22  7:54:21 AM: Found motor over load tripped this morning .After reset the arm is having issues going up and stops .Removed belt and run in the up direction motor stops which means motor needs to be replaced ..Trying to find replacement also waiting for call back from the company that builds this they are located in Valencia CA .",[]
1444,EQ ID 1444,Semaphore unit #4,Maintenance,7955,11/08/2023,2. General Maint - High Priority,Semaphore arm  was broken by a person who don't work here and needs to be replaced asap.,Closed and Completed,40,1.5,Max Mike,,,0,11/08/2023 12:00 AM,"Miguel Diaz - 11/08/23 12:33:36 PM: We had a spare semaphore arm from the last incident Max painted and we replaced it .
Semaphore arm is back in service",[]
754,EQ ID 754,Gardner Denver 54hp Compressor,Maintenance,2285,08/30/2022,4. Prod Continuing but Affected Equipment stopped,Found BACK UP air compressor off,Closed and Completed,1671,6,Mike Diaz Ingersoll tech Primo Uy,,,0,09/01/2022 12:00 AM,"Miguel Diaz - 09/06/22  7:21:11 AM: Closing work order cost from Ingersoll is in .
Open attachment to view tech notes of needed. | Miguel Diaz - 09/01/22 11:23:10 AM: Power supply came in after replacing it  and the fuses back up is working properly again .Work order will stay open till final cost from Ingersoll rand is in . | Miguel Diaz - 08/31/22  1:33:52 PM: Tech showed up this morning to troubleshoot with Gardner Denver instructions and found the power supply part # ML100.200 PULS was shorting out and  popping the two fuses part # LL-CC-1/2 .They will follow up with a quote for parts and labor .We ordered the power supply ourselves ETA Friday 9-2-22 by 10:30 am .I will replace the power supply and fuses when it arrives and will power on the unit . We will still have Ingersoll rand on stand by if needed . | Miguel Diaz - 08/30/22  1:50:27 PM: Received a call back Tech will be here tomorrow morning between 8:30 and 9:30 am to troubleshoot the unit . | Miguel Diaz - 08/30/22  1:28:06 PM: Checked fuses and found 2 popped part # LP-CC-1/2 drove to fuses unlimited in Canoga and purchased 4 replacements .Replaced both fuses turned breaker back on fuses popped again .Contacting Ingersoll rand for service request called twice waiting for call back .","[{'name': 'Air compressor 54 hp troubleshoot cost 8-31-22.pdf', 'url': 'https://circaweb.bobrick.com/PME/Forms/DownloadAttachment/105?guid=ce986c72-788a-4ac0-a4a6-228733f64938'}]"
1197,EQ ID 1197,Genie Boom Truck,Maintenance,7469,10/04/2023,6. General Maint,When using the lift battery level goes from being full to needing to charge in less than an hour,Closed and Completed,320,1.5,Mike Max,,,0,10/04/2023 12:00 AM,"Miguel Diaz - 10/11/23  7:54:58 AM: Door has been repaired western Tech came out yesterday and found that the problem was the Blade he moved the wiring to another blade and re-programmed it .Door is now working properly work order will stay open till final cost is in . | Miguel Diaz - 10/04/23 10:29:47 AM: Checked batteries for corrosion all connections are good made sure to get a good charge after a good charge unit keeps doing the same thing .
I did notice  the  lights on the charger light up battery levels and also under battery fault see attachment to view picture .That means we have an issue .Checked battery voltage individually found 3 batteries  at 6.1volts and 1 battery  at 5.4 volts  Max is purchasing the battery now at battery power .We will install it and and test .Battery comes with 2 year warranty.","[{'name': 'genie.jpg', 'url': 'https://circaweb.bobrick.com/PME/Forms/DownloadAttachment/427?guid=1a0c9a95-fac6-426c-b97b-4d76bb817775'}]"
1197,EQ ID 1197,Genie Boom Truck,Maintenance,10837,03/26/2024,2. General Maint - High Priority,Losing Power.,Closed and Completed,3004.81,4,Equipment depot,,,0,03/27/2024 12:00 AM,"Miguel Diaz - 04/22/24  9:34:01 AM: Cost is in . | Miguel Diaz - 04/09/24  1:02:08 PM: Work order will stay open till final cost is in . | Maksim Bushka - 04/09/24 12:57:48 PM: Replaced the main electric motor | Miguel Diaz - 04/03/24 11:59:16 AM: Tech returned today with Hydraulic motor and filter .Both have been replaced. Unit is running properly .Open attachment to view tech notes if needed .Work order will stay open till final cost is in . | Primo Uy - 03/27/24  2:18:54 PM: Technician come and assist the issues; initial finding needs a new motor pump. Technician will order the parts and give us the ETA. | Primo Uy - 03/27/24 10:17:47 AM: Contact 866 7204228 Genie Boom Truck Hot line for Service, operator (Angela) will dispatch a Tech ASAP.","[{'name': 'Boom repair recipt 4-3-24.pdf', 'url': 'https://circaweb.bobrick.com/PME/Forms/DownloadAttachment/558?guid=6869466d-0d6f-49dd-8b61-f4e092bd5dc4'}, {'name': 'Boom cost 4-3-24.pdf', 'url': 'https://circaweb.bobrick.com/PME/Forms/DownloadAttachment/564?guid=6869466d-0d6f-49dd-8b61-f4e092bd5dc4'}]"
1197,EQ ID 1197,Genie Boom Truck,Maintenance,14945,03/05/2025,2. General Maint - High Priority,Boom truck is not holding charge after using it to bring it inside it went from 100 % to 25 % is less than 5 minutes of use,Closed and Completed,0,0,Maintenance,,,0,08/05/2025 12:00 AM,Primo Uy - 08/05/25  2:36:56 PM: Use as is until the battery dies. | Miguel Diaz - 03/05/25  8:35:05 AM: Troubleshoot with Raymond tech he advised the  left side if facing  the boom from the rear  .Batteries need to be replaced they are not holding charge .,[]
,,,Maintenance,20390,08/17/2026,6. General Maint,Hello team. Please take a look at the drib lines in front of the parking structure roll up gate (the one that remains closed). It looks like the lines popped off again. We have the new landscaper starting in two weeks so just connect it back and they will assess further. Please see attached image for location. Thank you!,Pending,0,0,,,,0,,,"[{'name': 'Image - 2026-08-17T094701.129.jpg', 'url': 'https://circaweb.bobrick.com/PME/Forms/DownloadAttachment/1045?guid=da3ac2d9-c5b1-4d4b-a791-2bbfab9fb615'}]"
