equipment_id,equipment_eq_id,equipment_name,department,wo_id,date_notified,urgency,problem,status,material_cost,labor_time,work_performed_by,downtime_hours,completed_datetime,comments,attachments
1211,EQ ID 1211,Shrink Wrap Machine with Integrated Scale,Shipping,1302,05/05/2022,4. Prod Continuing but Affected Equipment stopped,Employee reported film assist is not working and rips,Closed and Completed,0,0.4,Mike Bart,0,05/05/2022 12:00 AM,Miguel Diaz - 05/05/22  1:43:23 PM: Found film assist sensor moved and not reading the metal roller in place adjusted sensor height and replaced missing nut .,[]
1211,EQ ID 1211,Shrink Wrap Machine with Integrated Scale,Shipping,1924,07/14/2022,4. Prod Continuing but Affected Equipment stopped,Employee advised the shrink wrap machine does not run on .,Closed and Completed,0,0.5,MIKE Primo,0,07/14/2022 12:00 AM,"Miguel Diaz - 07/14/22  1:41:21 PM: Found emergency switch disconnected from the inside  along with a hot wire .
Please advise all new operators not to rotate the emergency switch to stop press in and to release 1/4 turn releases it this was turned over several times",[]
1211,EQ ID 1211,Shrink Wrap Machine with Integrated Scale,Shipping,1932,07/14/2022,1. Prod Stopped,The Shrink wrap machine was not operating.  It has since been fixed.  This work order can be closed.,Closed Without Action,0,0,MD & PU,0,07/14/2022 12:00 AM,Primo Uy - 07/15/22 12:34:24 PM: Have UWO made yesterday and was already fixed or closed. Shrink Wrap is working fine.,[]
1211,EQ ID 1211,Shrink Wrap Machine with Integrated Scale,Shipping,2513,10/05/2022,"3. Prod Affected, Not Stopped",the turntable will not spin.,Closed and Completed,120,1.2,Mike Diaz,0,10/05/2022 12:00 AM,Miguel Diaz - 10/05/22  1:05:55 PM: Replaced belt,[]
1211,EQ ID 1211,Shrink Wrap Machine with Integrated Scale,Shipping,4155,01/27/2023,2. General Maint - High Priority,The turntable stopped spinning. Please check.,Closed and Completed,0,0.5,PU,0.5,01/27/2023 12:00 AM,"Primo Uy - 01/27/23  7:41:21 AM: Error: Film Break.
After basic trouble shooting, found out sensor on the film loader was loose and out of range/no signal when the film is feed to the carouse the machine will not run. Clean sensor and adjust to align the range of the senso and the door closer. reinstall the lock nut. Its working now.",[]
1211,EQ ID 1211,Shrink Wrap Machine with Integrated Scale,Shipping,5447,04/25/2023,"5. Prod Ongoing, Maint Required",The ramp leading into the weighing scale appears to have slightly disconnected. Please refer to the pictures for more reference.,Closed and Completed,0,1.3,Max Primo Mike,0,04/25/2023 12:00 AM,Miguel Diaz - 04/25/23  1:09:12 PM: This had to happened with the VNA going in reverse and going up the ramp flaring up the sides breaking both 1/2 anchor bolts .The welds on the  bracket holding the scale was  also broken .Re-anchored the ramp back down to the concrete.,"[{""name"": ""MicrosoftTeams-image (7).png"", ""url"": ""https://circaweb.bobrick.com/PME/Forms/DownloadAttachment/265?guid=664cbfda-b600-4f1f-92e2-849ecd1f8981""}, {""name"": ""MicrosoftTeams-image (8).png"", ""url"": ""https://circaweb.bobrick.com/PME/Forms/DownloadAttachment/266?guid=664cbfda-b600-4f1f-92e2-849ecd1f8981""}]"
1211,EQ ID 1211,Shrink Wrap Machine with Integrated Scale,Shipping,5640,05/11/2023,"5. Prod Ongoing, Maint Required",Employee advised shrink wrap machine was bumped and found two broken floor anchors .,Closed and Completed,10,0.8,Max Mike,0,05/11/2023 12:00 AM,Miguel Diaz - 05/11/23 12:49:43 PM: Re aligned machine is was off by 1'' re-anchored machine to floor .Added extra anchors so it don't move easily .,[]
1211,EQ ID 1211,Shrink Wrap Machine with Integrated Scale,Shipping,7057,08/29/2023,6. General Maint,Can we have the gripping tape replaced on the shrink wrap machines.,Closed and Completed,200,1.5,Primo & Max,0,08/29/2023 01:30 PM,Maksim Bushka - 08/29/23  1:35:49 PM: Replaced the gripping tape in the shrink wrap machine.,[]
1211,EQ ID 1211,Shrink Wrap Machine with Integrated Scale,Shipping,7069,08/30/2023,1. Prod Stopped,It seems like there is a problem with the sensor. It stops wrapping the pallet halfway up.,Closed and Completed,0,0.4,Mike d,0,08/30/2023 12:00 AM,Miguel Diaz - 08/30/23  7:36:21 AM: Found loose hardware holding the sensor for height control .Tighten hardware .,[]
1211,EQ ID 1211,Shrink Wrap Machine with Integrated Scale,Shipping,7307,09/20/2023,2. General Maint - High Priority,I was informed that the shrink wrap machine is not working properly and is making strange noises and it is not allowing operators to pull the shrink wrap film we need this fixed.,Closed and Completed,0,0.4,Mike d,0,09/20/2023 12:00 AM,"Miguel Diaz - 09/20/23  1:58:32 PM: Found bottom sprocket loose guy key had fallen out .Found guide key re-insert and tighten sprocket .
Machine is working properly .",[]
1211,EQ ID 1211,Shrink Wrap Machine with Integrated Scale,Shipping,11020,04/09/2024,"5. Prod Ongoing, Maint Required",Found shrink wrap machine table not aligned to the ramp on one side it was struck hard  shearing a bolt and creating a gap .,Closed and Completed,0,0.8,Mike d,0,04/09/2024 12:00 AM,Miguel Diaz - 04/09/24  7:52:28 AM: Moved shrink wrap table back over towards the ramp closing the gap .Extracted the broken bolt drilled and tap to a bigger size bolt .Table is secured again .,[]
1211,EQ ID 1211,Shrink Wrap Machine with Integrated Scale,Shipping,15079,03/17/2025,6. General Maint,Shrink machine machine -- the spinning base is getting stuck and it is also moving at different speeds.,Closed and Completed,226.6,1,Mike Gabriel,0,03/18/2025 12:00 AM,"Miguel Diaz - 03/18/25 11:41:55 AM: Replaced motor brushes machine is working with out issues . | Miguel Diaz - 03/17/25  1:25:13 PM: Troubleshoot checked belt tension removed turn table plate  .Vacuumed underneath found excessive plastic film wrapped around the middle turn table bearing, lubed all parts .Turn table still struggling to turn on its own when hitting jog  looked at the turn table motor  brushes Found them less than 1/2 Manual says it should be at least 1 '' .
Ordered replacement brushes part # 31007441 payed for next day air .Delivery tomorrow or weds at the latest .",[]
1211,EQ ID 1211,Shrink Wrap Machine with Integrated Scale,Shipping,19565,05/22/2026,2. General Maint - High Priority,Shrink wrap is not working. We need to push it to start with our feet in order to get it going. May need to replace belt?,Closed and Completed,0,0,Shinobi,0,06/15/2026 12:00 AM,Gabriel Shinobi - 06/15/26  9:24:30 AM: closing work order as another is currently open,[]
1211,EQ ID 1211,Shrink Wrap Machine with Integrated Scale,Shipping,19481,05/18/2026,2. General Maint - High Priority,Hi Team - the shrinkwrap machine is not working properly. Team needs to get involved with machine to make it work. Please see Sabino or Chris H for further details.,Closed and Completed,0,1,"Max, Shinobi",0,06/25/2026 12:00 AM,"Gabriel Shinobi - 07/01/26  7:13:28 AM: vendor inspected, found one brush upside down, connectors on the drive loose, machine working properly | Gabriel Shinobi - 06/24/26  7:01:46 AM: Tech called, waiting on schedule for tech visit. will advice | Maksim Bushka - 05/18/26 12:52:15 PM: Checked out sometimes get stuck probably we need to replace the belt i will check it after 6 pm",[]
5338,EQ ID 5338,Stacker #24,Shipping,16343,07/10/2025,"5. Prod Ongoing, Maint Required","Not sure if this is the correct team, but I am going to start here :) the R24 stacker is missing it's fire extinguisher. Can we please get one for this machine?",Closed and Completed,76.57,0.1,Shinobi,0,07/09/2025 02:00 PM,Gabriel Shinobi - 07/11/25  2:16:19 PM: fire extinguisher replaced and mounted to stacker. | Primo Uy - 07/10/25  9:08:20 AM: Noted: The new fire extinguisher will be ordered by Gabriel S..,"[{""name"": ""r24 stacker.jpg"", ""url"": ""https://circaweb.bobrick.com/PME/Forms/DownloadAttachment/798?guid=558ef67c-495e-4a72-8e9a-946b08b645db""}]"
5076,EQ ID 5076,International shrink wrap machine,Shipping,1267,04/20/2022,4. Prod Continuing but Affected Equipment stopped,Employee reported the machine is making a loud screeching noise when running .,Closed and Completed,1537.72,2,Mike Diaz Bart Lea,0,04/30/2022 12:00 AM,Miguel Diaz - 05/02/22  8:21:17 AM: Found the turn table ring from underneath  worn out and almost all bearings were seized .Purchased  and replaced the urethane race kit .Unit is running smoothly .Attached quote if needed in the future .,"[{""name"": ""Lantech race kit for international quote.pdf"", ""url"": ""https://circaweb.bobrick.com/PME/Forms/DownloadAttachment/23?guid=ed641647-c3f5-4ba0-98fe-4065eb98f826""}]"
5076,EQ ID 5076,International shrink wrap machine,Shipping,2476,10/03/2022,"3. Prod Affected, Not Stopped",Employee reported the film roll is not turning with the rest of the machine,Closed and Completed,0,0.5,Mike Diaz,0,10/03/2022 12:00 AM,Miguel Diaz - 10/03/22  7:04:10 AM: Troubleshoot and found the film roll sensor was stuck made adjustments machine is working again sensor should be activated when the film is tugged from  the pallet that's when it activates the sensor to rotate,[]
5076,EQ ID 5076,International shrink wrap machine,Shipping,13295,10/07/2024,2. General Maint - High Priority,"Wrapping machine in International area. Wrap drum does not go up, it gets stuck half way.",Closed and Completed,0,0.5,Mike d,0,10/07/2024 12:00 AM,Miguel Diaz - 10/07/24  8:55:07 AM: Main board has 8 led bulbs the first two should be on top is for the machine to go up and second is for the machine to go down the second was off .Found top limit switch on the inside of the belt when it should be on the outside .Machine is working properly again .,[]
5076,EQ ID 5076,International shrink wrap machine,Shipping,13340,10/11/2024,1. Prod Stopped,Jimmy Lee said Mike would know what the problems is.,Closed and Completed,0,0.2,Mike d,0,10/11/2024 12:00 AM,Miguel Diaz - 10/11/24  7:48:43 AM: Adjusted the top limit switch,[]
5076,EQ ID 5076,International shrink wrap machine,Shipping,13348,10/11/2024,2. General Maint - High Priority,Roll carriage belt ripped machine stopped working,Closed and Completed,250,1,Mike d,0,10/17/2024 12:00 AM,"Miguel Diaz - 10/17/24  7:29:50 AM: Ordered and replaced belt Part # 30171323 Belt flat Mil Nylon -6/6 3 x 318 for FDS section Q mast .
Machine is up and running . | Miguel Diaz - 10/11/24  1:13:55 PM: Roll carriage lift belt ripped its not a regular belt its cloth material  .Called Lantech and ordered part # 30000947 .Will arrive next week .",[]
1925,EQ ID 1925,Stacker 23,Shipping,6832,08/14/2023,6. General Maint,Found a strobe light on my desk over the weekend i was advised it was struck somewhere no one knows ?,Closed and Completed,100,0.6,Mike D,0,09/12/2023 12:00 AM,"Miguel Diaz - 09/12/23  1:29:28 PM: Light i ordered did not show up i had to re-order another one after market .
Strobe light has been replaced Part # 00591-08355-81 | Miguel Diaz - 08/14/23  8:29:58 AM: Ordered a replaced light with cage from Raymond Model 6465-RAY .Replacement cost $311 plus shipping .",[]
1925,EQ ID 1925,Stacker 23,Shipping,17541,11/03/2025,"3. Prod Affected, Not Stopped",The lift losses power and stops.,Closed and Completed,0,0.3,Shinobi,0,11/03/2025 10:30 AM,Gabriel Shinobi - 11/03/25 10:42:03 AM: tested stacker no issues at this time.,[]
1925,EQ ID 1925,Stacker 23,Shipping,17554,11/04/2025,"3. Prod Affected, Not Stopped",The stacker is jerking and there are some wires hanging. See Francisco.,Closed and Completed,0,1,Shinobi,0,11/04/2025 02:00 PM,"Gabriel Shinobi - 11/04/25  2:40:05 PM: hanging wire is the static ground discharge, meant to be hanging and contacting the ground. water is ok currently working ok",[]
1925,EQ ID 1925,Stacker 23,Shipping,17558,11/04/2025,2. General Maint - High Priority,"STACKER WIRES CUT FROM UNDERNEATH, WHEN ON TOP OF METAL SPARKS WERE COMING OUT OF THE BOTTOM. CAN WE PLEASE PUT A LOCK OUT TAG ON THIS MACHINE UNTIL IT IS FIXED??? THANK YOU",Closed and Completed,0,1,Shinobi,0,11/04/2025 02:00 PM,"Gabriel Shinobi - 11/04/25  2:43:32 PM: stacker working normally, hanging wire is a static ground meant to make contact with ground.",[]
1925,EQ ID 1925,Stacker 23,Shipping,17795,11/26/2025,2. General Maint - High Priority,Stacker 23 is jerking when employees drive it. Brandon C said he almost fell off.,Closed and Completed,0,0.5,PU,0,11/26/2025 12:00 AM,Primo Uy - 12/01/25  1:21:48 PM: Reymond on site to check the Stacker and found nothing wrong.  Drive himself around the Factory floor. | Primo Uy - 11/26/25 10:07:37 AM: Leave a voice mail message to Hovic - Raymond Tech. to come today.,[]
2025,EQ ID 2025,Dock ramps,Shipping,1229,04/27/2022,4. Prod Continuing but Affected Equipment stopped,"Dock Ramps need to be lubricated, oiled need Maintenance.",Closed and Completed,12,0.7,Mike Bart,0,06/01/2022 12:00 AM,Miguel Diaz - 06/01/22  1:44:41 PM: Greased dock 4 and 5 with grease and wd-40 . | Miguel Diaz - 04/27/22  9:41:14 AM: Joe advised dock #4 needs service .Truck  trailer is always parked there so i cannot service it until no trailer is blocking the dock ramp .Please advise when ramp is open to service .Thanks | Miguel Diaz - 04/27/22  8:34:08 AM: I have greased the dock ramps that are not covered by a trailer please advise what ramp are you having issues with .,[]
2025,EQ ID 2025,Dock ramps,Shipping,3193,11/09/2022,6. General Maint,Employee reported dock ramp on door 6 is not catching  the lip when going down and going pass level .,Closed and Completed,0,0.7,Mike diaz,0,11/09/2022 12:00 AM,Miguel Diaz - 11/09/22  1:18:44 PM: Took advantage that the door on bay 6 was open and greased the ramp fittings  but i found a handle/bolt stuck  not letting it catch the lip when going down  .,[]
2025,EQ ID 2025,Dock ramps,Shipping,3584,12/12/2022,2. General Maint - High Priority,Dock ramp #2 is hard to close,Closed and Completed,25,1,Miguel & Max,0,12/12/2022 01:30 AM,Maksim Bushka - 12/12/22 11:39:23 AM: Clean up under ramp lubricate all moving parts,[]
2025,EQ ID 2025,Dock ramps,Shipping,3845,01/06/2023,"5. Prod Ongoing, Maint Required",Will Call dock has the side brush bent up and sticking up .,Closed and Completed,0,0.8,Mike Diaz,0,01/06/2023 12:00 AM,"Miguel Diaz - 01/06/23  7:52:02 AM: This was reported to Maintenance yesterday after i left .
Straighten brush flap  and screwed back on ramp",[]
2025,EQ ID 2025,Dock ramps,Shipping,5446,04/25/2023,4. Prod Continuing but Affected Equipment stopped,"The ramp at Bay 6 in Shipping goes lower than it should, causing an uneven surface.",Closed and Completed,0,0.3,Miguel & Max,0,04/25/2023 11:30 AM,Maksim Bushka - 04/25/23 11:43:23 AM: One of operating chains got stuck.,[]
2025,EQ ID 2025,Dock ramps,Shipping,12937,08/30/2024,2. General Maint - High Priority,Dock 9 spring broke therefore the dock is in the air,Closed and Completed,14732.85,4,Casco,0,09/30/2024 12:00 AM,"Miguel Diaz - 09/30/24 12:26:08 PM: Cost is in .Open attachment to view invoice if needed | Miguel Diaz - 09/10/24  9:52:40 AM: Casco showed up and found that the hold down was not holding he tried making a adjustment but it did not hold .
He replaced the full hold down assembly called Kit,Rack bar with tag Part AP5971 .
Work order will stay open till final cost is in . | Miguel Diaz - 09/09/24 11:48:14 AM: Casco advised they will be here tomorrow for the repairs | Miguel Diaz - 09/04/24 12:05:57 PM: Spring came in after replacing it the rack brake does not hold while in the down position Casco is aware and is calling me back in a few for a fix or date for them to come by . | Miguel Diaz - 09/03/24 10:01:44 AM: Found the Part # 333-029 Extension Spring and will repair the dock ourselves  .We paid for next day shipping but no ETA  is given when i search the tracking # yet  . | Miguel Diaz - 08/30/24  1:01:18 PM: Placed 3 cones 2 outside and one inside i will be also placing dock out of service signs along with strapping the dock down .Reached out to Casco for support they will come out late next week but il try and find the part myself if i could .","[{""name"": ""Dock  9 lift repair 9-30-24 I-R106487.pdf"", ""url"": ""https://circaweb.bobrick.com/PME/Forms/DownloadAttachment/627?guid=4217c295-2c90-4acc-8187-4f8dfdd3699b""}]"
180,EQ ID 180,"Stacker, Electric R-9",Shipping,1140,04/18/2022,4. Prod Continuing but Affected Equipment stopped,While servicing the battery this morning i noticed a flat spot on the right side front wheel making the lift not drive properly .,Closed and Completed,100,1,Mike diaz,0,04/18/2022 12:00 AM,Miguel Diaz - 04/18/22 12:12:40 PM: Replaced front wheel Please advise operators not to drive over any piece of wood or trash that can cause flat spots .Suggest sweeping often .,[]
180,EQ ID 180,"Stacker, Electric R-9",Shipping,1048,04/06/2022,4. Prod Continuing but Affected Equipment stopped,Stacker 9 has 4 battery cells lifted higher than the rest of the cells .Called Industrial battery engineering they will stop by tomorrow and pick up the battery for review and they will drop off a loaner while they fix the battery .,Closed and Completed,1163.56,0,Industrial battery,0,04/22/2022 12:00 AM,Miguel Diaz - 04/25/22  5:22:31 AM: Vendor found corrosion build up underneath battery pushing up half. the cells up .Replaced one dead cell equalaize entire battery | Miguel Diaz - 04/07/22  2:43:13 PM: Industrial battery stopped by to pick up our battery they also dropped off a loaner till they fix ours .,[]
180,EQ ID 180,"Stacker, Electric R-9",Shipping,2325,09/06/2022,4. Prod Continuing but Affected Equipment stopped,Found battery connector color red broken .,Closed and Completed,40,3,Mike Diaz,0,09/06/2022 12:00 AM,Miguel Diaz - 09/06/22  9:51:43 AM: Replaced red connector,[]
180,EQ ID 180,"Stacker, Electric R-9",Shipping,3083,10/31/2022,"5. Prod Ongoing, Maint Required",Employee reported the stacker is leaking oil on the floor .,Closed and Completed,3091.48,16,Raymond,15,01/05/2023 12:00 AM,"Miguel Diaz - 01/05/23  1:57:08 PM: Lift has been returned the main lift seals were replaced and main the hydraulic hose was replaced .Unit was given back to International .
Attached the quote if needed | Miguel Diaz - 12/06/22 12:20:35 PM: Raymond picked up R9 and took it to the shop for them to identify the necessary repairs that are  needed .
Attached quote for the evaluation cost . | Miguel Diaz - 11/21/22 12:52:20 PM: Raymond Tech looked at the lift last week waiting for quote for repairs he did mentioned the main cylinder seals need to be replaced .Repair is in the thousands . | Miguel Diaz - 10/31/22  6:44:13 AM: Looked for the leak and found power steering pump leaking fluid cleaned up all the accumulated oil stacker is okay to drive since it leaks overnight only .Raymond tech Hovic will be here tomorrow morning to look at the lift .","[{""name"": ""R9 highreach seals evaluation quote 12-1-22.pdf"", ""url"": ""https://circaweb.bobrick.com/PME/Forms/DownloadAttachment/181?guid=05219910-2ff1-40a3-adf4-e4e7b3213a8d""}, {""name"": ""R9 final cost for seals and main hose replace 1-5-23.pdf"", ""url"": ""https://circaweb.bobrick.com/PME/Forms/DownloadAttachment/188?guid=05219910-2ff1-40a3-adf4-e4e7b3213a8d""}]"
180,EQ ID 180,"Stacker, Electric R-9",Shipping,7923,11/02/2023,6. General Maint,Stacker foot pedal lifts slowly when releasing the foot pedal to E-stop,Closed and Completed,772.44,4,Raymond tech,0,11/10/2023 12:00 AM,Miguel Diaz - 12/15/23 10:55:45 AM: Cost is in to close out this work order .open attachment to view tech notes if needed | Miguel Diaz - 11/13/23  5:48:29 AM: Raymond tech replaced brake master cylinder it was leaking oil before and foot pedal was not responsive as it should be .Work order will stay open till final cost is in .Open attachment to view tech notes if needed . | Miguel Diaz - 11/06/23 11:36:19 AM: Raymond tech was on site this morning and did the maintenance for the unit .He advised the brake pump assembly needs to be replaced .Parts are on order .,"[{""name"": ""r911-10-23.pdf"", ""url"": ""https://circaweb.bobrick.com/PME/Forms/DownloadAttachment/456?guid=461e970e-ee2e-4896-ad4b-aa3d5748d1d9""}, {""name"": ""R9 BRAKE MASTER LEAKING OIL 11-13-23 REPAIRS.pdf"", ""url"": ""https://circaweb.bobrick.com/PME/Forms/DownloadAttachment/482?guid=461e970e-ee2e-4896-ad4b-aa3d5748d1d9""}]"
180,EQ ID 180,"Stacker, Electric R-9",Shipping,11613,05/09/2024,2. General Maint - High Priority,Hovic tech from Raymond  is here i had him check the brakes he advised the unit is braking but could be be better at breaking sooner .Unit is okay to use a brake assembly will be order so we can get it to brake sooner please advise operators the brake is at the handle you must slow it down using the handle .,Closed and Completed,1509.94,4,Raymond tech,0,05/14/2024 12:00 AM,Miguel Diaz - 05/30/24  9:43:20 AM: Cost is in | Miguel Diaz - 05/15/24  9:07:39 AM: Tech stopped by this morning and replaced the brake assembly unit is now stopping properly for the emergencies ..Work order will stay open till final cost is in .Open attachment to view tech notes if needed | Miguel Diaz - 05/09/24  7:58:28 AM: Jumping off the stacker while the unit is moving and taking your foot off the pedal will cause the forklift to keep going till it stops on the brake  .An emergency brake is when you take you foot off the pedal abruptly same as jumping off it .Brake assembly will be ordered .,"[{""name"": ""R9 brake assermbly replacement 5-15-24.pdf"", ""url"": ""https://circaweb.bobrick.com/PME/Forms/DownloadAttachment/571?guid=f8b42205-6840-4e52-9cf4-13363bd483cd""}]"
180,EQ ID 180,"Stacker, Electric R-9",Shipping,12931,08/07/2024,"5. Prod Ongoing, Maint Required",Raymond tech advised drive tire has gauges and needs to be replaced,Closed and Completed,591.85,3,Raymond tech,0,08/07/2024 12:00 AM,Miguel Diaz - 08/30/24  6:23:11 AM: Tech replaced drive tire and adjusted caster assembly,[]
180,EQ ID 180,"Stacker, Electric R-9",Shipping,12858,08/12/2024,"5. Prod Ongoing, Maint Required",Raymond tech advised drive tire needs to be replaced,Closed and Completed,591.85,3,Raymond etch,0,08/23/2024 12:00 AM,Miguel Diaz - 08/23/24 10:09:30 AM: Drive tire was replaced cost is in to replace it .Open attachment to view tech notes .,"[{""name"": ""R9 drive tire replacement 8-12-24.pdf"", ""url"": ""https://circaweb.bobrick.com/PME/Forms/DownloadAttachment/616?guid=f57c5bba-b9ae-4e17-adf7-801b0d0a7d2a""}]"
180,EQ ID 180,"Stacker, Electric R-9",Shipping,13819,11/14/2024,"3. Prod Affected, Not Stopped",Dead battery.,Closed Without Action,0,0,md,0,11/14/2024 12:00 AM,Miguel Diaz - 11/14/24  8:50:59 AM: Please add additional comments if needed to the open pending work order for the same issue .,[]
180,EQ ID 180,"Stacker, Electric R-9",Shipping,13757,11/08/2024,6. General Maint,R9 is experiencing a variety of issues. Battery wont/cant stay charge. A bit of shaking as well. You can see Jimmy lee and he can walk you through all of the issues he is experiencing with this particular stacker.,Closed and Completed,6112.73,0.7,Mike d industrial battery engineering,0,11/19/2024 12:00 AM,"Miguel Diaz - 11/19/24  1:41:05 PM: New battery came in unit is back in service Please note unit is leaking from lift seals again . | Miguel Diaz - 11/18/24 10:41:44 AM: Vendor advised new battery will be here Wednesday . | Miguel Diaz - 11/18/24  8:14:58 AM: Working on getting another loaner battery in old will need to be replaced . | Miguel Diaz - 11/14/24  8:53:30 AM: Shipping advised the loaner battery is also not working this morning after checking for voltage after a full charge battery has 23 volts which it should have 24 v Confirmed with Raymond tech he advised loaner is no good .Called vendor they are checking for another loaner but  they advised that our original battery is 8 to 9 years old and will need to be replaced waiting for quote . | Primo Uy - 11/13/24  2:19:12 PM: 11.13.24 Update: Battery was pick up and install a battery loaner from battery engineering. | Miguel Diaz - 11/12/24 11:19:19 AM: Battery failed this morning ,Industrial battery engineering is looking to see if they have a loaner  they will be picking up the battery for inspection .If battery cannot be repaired a new one will need to be purchased .PM  site is fairly new and i do not have any past information on when the battery was last replaced .All that info stayed with the old pm site . | Miguel Diaz - 11/11/24  9:53:16 AM: Battery tested good it has 24 volts each cell tested good for 2 volts except for one at 1.8 Raymond tech advised that should not cause issues .
Suggest unit get used again from a full charge the operator advised it went down from 40 % one day .As for the front load wheels its riding wobbly because it has several flat spots that happens when operators are not paying attention to the floor you cannot drive over wood chips or anything that would cause  the wheel to  stop rotating and drag causing a flat spot .We will replace the wheels and give unit back .",[]
180,EQ ID 180,"Stacker, Electric R-9",Shipping,14013,12/09/2024,6. General Maint,R9 is leaking oil from the lift seal it was repaired two years ago .,Closed and Completed,5954,8,Raymond,0,01/24/2025 12:00 AM,Miguel Diaz - 01/28/25  8:56:44 AM: Received lift on Friday .Closing work order | Miguel Diaz - 12/16/24 10:42:22 AM: Received repair quote from Raymond we are fixing the issues they found .Need to create a po rec for approval . | Miguel Diaz - 12/09/24 11:44:30 AM: Unit dripped very little but got worse recently Raymond just picked it up for an evaluation .,"[{""name"": ""R9 Repair quote  123-165-24.pdf"", ""url"": ""https://circaweb.bobrick.com/PME/Forms/DownloadAttachment/701?guid=e0e9be82-95b0-4138-a35b-79c7f35e951f""}]"
180,EQ ID 180,"Stacker, Electric R-9",Shipping,14762,02/19/2025,4. Prod Continuing but Affected Equipment stopped,Joystick broke off.,Closed and Completed,1366.79,1,Raymond Tech,8,03/03/2025 12:00 AM,"Gabriel Shinobi - 04/03/25  1:04:56 PM: tech came to check leak on stacker, found fitting leaking, fitting replaced, will stay open for final cost. | Miguel Diaz - 03/06/25  8:18:20 AM: Joy stick has been replaced unit has been given back to the floor .Work order will stay open till final cost is in . | Miguel Diaz - 02/20/25  6:45:42 AM: Tech is coming in today and see what parts are needed .Open attachment to view picture if needed .","[{""name"": ""R9 broken handle 2-19-25.jpg"", ""url"": ""https://circaweb.bobrick.com/PME/Forms/DownloadAttachment/728?guid=31cd74a7-fb0c-4c1b-be1b-95cf4fc04b60""}]"
180,EQ ID 180,"Stacker, Electric R-9",Shipping,17148,10/06/2025,1. Prod Stopped,Stacker R9 is leaking oil. Some has dripped onto the floor in INTL area of shipping.,Closed and Completed,0,0.05,ubaldo,0,10/06/2025 09:05 AM,Ubaldo De La Rosa - 10/06/25  9:42:22 AM: mopped and dried area,[]
180,EQ ID 180,"Stacker, Electric R-9",Shipping,17144,10/06/2025,"5. Prod Ongoing, Maint Required",Leaking oil.,Closed and Completed,1098.06,0,Raymond Tech,0,10/07/2025 11:30 AM,"Gabriel Shinobi - 10/08/25  8:35:58 AM: Raymond tech replaced leaking hose, will close once we have final part price | Gabriel Shinobi - 10/06/25 10:38:58 AM: cleaned up leak, temp patch added to the leak area, Raymond tech contacted",[]
180,EQ ID 180,"Stacker, Electric R-9",Shipping,17865,12/08/2025,2. General Maint - High Priority,R9 stacker is leaking oil. it is back by INTL area of shipping,Closed and Completed,0,1,PU,0,12/09/2025 12:00 AM,Primo Uy - 12/12/25  9:51:36 AM: Done Found a Hydraulic cylinder was leaking. Raymond tech replaced a new hydraulic cylinder. No more leak.,[]
180,EQ ID 180,"Stacker, Electric R-9",Shipping,18037,12/30/2025,6. General Maint,Stacker #9 is still dripping oil.,Closed and Completed,0,0.5,PU,0,01/12/2026 12:00 AM,"Primo Uy - 01/26/26  1:13:57 PM: Leak is gone. The Raymond Tech come last 1.12.26 to check again. | Primo Uy - 12/30/25  9:28:33 AM: Check all line myself, notice one hydraulic line is wet.  Wipe it out and put a marking to verify late.
So far its a slow leak and still need to resolve. Keeping an eye and check back later.",[]
180,EQ ID 180,"Stacker, Electric R-9",Shipping,19674,06/02/2026,2. General Maint - High Priority,"Leaking hydrolic fluid on the floor, safety hazard for people walking by",Closed and Completed,0,0.35,PU,0,06/02/2026 12:00 AM,Primo Uy - 06/17/26 12:41:30 PM: Cleaned the area.,[]
182,EQ ID 182,Stacker # 10,Shipping,1190,04/21/2022,4. Prod Continuing but Affected Equipment stopped,"Stacker broke down on warehouse floor, unable to move.",Closed Without Action,0,0,Barton Lea,0,04/22/2022 12:00 AM,Barton Lea - 04/22/22  8:30:54 AM: unit running,[]
182,EQ ID 182,Stacker # 10,Shipping,1206,04/25/2022,4. Prod Continuing but Affected Equipment stopped,Stacker # 10 shut down on receiving floor.,Closed and Completed,0,5,Mike,0,05/02/2022 12:00 AM,"Miguel Diaz - 05/02/22  8:14:04 AM: Unit is on the floor with out issues currently tpf is using it because they use it less than shipping would use therefore less issues with it . | Miguel Diaz - 04/26/22  7:07:24 AM: Raymond tech showed up for maintenance on another unit this morning he advised he cannot attempt to fix anything on R10 with out the unit being faulty currently its working with out issues he advised when its acts up to remove the side cover under the potentiometer and get the fault code that will help them out on how to attempt to fix this re-occurring issue .Unit is old and cannot take the beating it gets on a 8 hour shift suggest it get swapped with another unit from TPF R19 . | Miguel Diaz - 04/25/22 11:25:04 AM: Found stacker unresponsive till it moved .Drove it  to maintenance rear area checked  pedal reservoir for fluid 
found it at half way added fluid unit still unresponsive when the foot pedal is pressed unit turns ON but  does not move forward or reverse .Raymond tech is scheduled to come out Tuesday morning at 5 :30 am .",[]
182,EQ ID 182,Stacker # 10,Shipping,1295,05/04/2022,4. Prod Continuing but Affected Equipment stopped,Stacker does not raise or lower forks,Closed Without Action,0,0.5,Mike Bart,0,05/05/2022 12:00 AM,"Miguel Diaz - 05/05/22  7:07:40 AM: Lift did not go up or down yesterday because it had a dead battery. After charging lift up and down works ..Everyone who drives a lift must be aware of the battery levels and are charge when needed . | Miguel Diaz - 05/04/22  3:26:13 PM: Found battery completely dead .
Up and down will not work on a dead battery i placed the battery to charge and doing  an Equalize .Will check in the morning .",[]
182,EQ ID 182,Stacker # 10,Shipping,3823,01/05/2023,1. Prod Stopped,Stacker# 10just stopped working on floor no power on control.,Closed and Completed,469.61,4,Raymond tech Hovic,0,01/05/2023 12:00 AM,"Miguel Diaz - 01/26/23  7:59:08 AM: another work order is already open | Miguel Diaz - 01/06/23 12:04:45 PM: Raymond tech returned with the welded foot pedal that was broken from yesterday .Lift is back in service .
Work order will stay open till final cost is in . | Miguel Diaz - 01/05/23 11:23:03 AM: Raymond tech  confirmed my findings with  floor pedal it is broken we don't have the means to fix anything here with welding .He will return tomorrow with the foot pedal straight and welded . | Miguel Diaz - 01/05/23  7:52:17 AM: Foot pedal is flat lined looks like the welds are broken on the pedal tried to take the air out of the pedal with no luck .",[]
182,EQ ID 182,Stacker # 10,Shipping,3778,12/30/2022,2. General Maint - High Priority,The issue is R10 is not holding charge for some reason have to stop depending on usage through out day normally has to be stopped to charge.,Closed and Completed,0,0.5,mike,0,01/26/2023 12:00 AM,Miguel Diaz - 01/26/23  7:57:47 AM: another work order is already open | Miguel Diaz - 01/06/23  1:55:41 PM: Will reach out to battery engineering to evaluate the battery operators advising its still not holding charge but half a day only and needs to be plugged in . | Miguel Diaz - 01/05/23  9:34:53 AM: Did equalize to even out the cells battery bars are up will monitor for further evaluation if needed . | Primo Uy - 12/30/22 11:01:49 AM: Stacker #10 is now Plug In. We hit equalize button on the charger. Will check again if it the battery will take a Charge in about an Hour.,[]
182,EQ ID 182,Stacker # 10,Shipping,4056,01/19/2023,1. Prod Stopped,battery is not holding charge dies out less than 2 hours.,Closed and Completed,5921.11,2,Mike Max,0,03/30/2023 12:00 AM,"Miguel Diaz - 03/30/23  2:05:40 PM: Battery has been replaced unit is back in shipping | Miguel Diaz - 03/28/23 11:28:06 AM: Vendor called advising battery is ready and will be brought over today or tomorrow . | Miguel Diaz - 03/08/23 11:44:15 AM: Battery should  be here by end of March . | Miguel Diaz - 02/01/23  1:26:06 PM: Received a call from IBE they advised the battery is 9 years old and is no-good .
Waiting for the quote in order to fill out a PO Rec to order a new one .
Lead time for a new battery from when the receive the PO Rec # is  4 weeks | Miguel Diaz - 01/26/23  7:55:15 AM: IBE picked up the battery this morning for an evaluation Driver mentioned the battery serial numbers shows its 8 years old .Will wait for confirmation before filling out a po rec . | Miguel Diaz - 01/24/23  1:50:18 PM: Joe advised the battery is still having giving  issues .Called IBE they advised they will be here tomorrow morning to pick up the battery for an evaluation .Side note they  don't have a loaner to bring us currently . | Miguel Diaz - 01/19/23  9:42:40 AM: IBE will pick up the battery tomorrow for an evaluation if its not fixable we will need to buy a new battery the last one cost us $5,919.11.",[]
182,EQ ID 182,Stacker # 10,Shipping,5554,05/04/2023,"5. Prod Ongoing, Maint Required","Employee observed another employee driving the Stacker #10 and noticed that the lever does not work properly. He claimed that the driver was trying press the break on the equipment, however, it struggled to stop.",Closed and Completed,864.31,2,Raymond tech,0,05/04/2023 12:00 AM,"Miguel Diaz - 07/07/23  9:59:03 AM: Cost is in to close out work order .Open attachment to view tech notes if needed | Miguel Diaz - 05/09/23 11:48:16 AM: Raymond tech returned today and replaced the forward and reverse tip kit .Stacker has been given back to Shipping for use .Work order will stay open till final cos is in . | Miguel Diaz - 05/05/23  7:52:12 AM: Disregard unit will stay in the back of maintenance till the part arrives next week .It h=just failed right now (Spring assembly for contactor failed  ) . | Miguel Diaz - 05/05/23  7:46:29 AM: Raymond tech arrived this morning and found the unit with the issues we described .
He advised the unit is fixed and no longer stalls  and can go back to the floor additional parts are on order he will replace that next week when they arrive . | Miguel Diaz - 05/04/23  9:05:34 AM: Removing the lift from the floor it’s not moving  forward and it did fail on stopping on me just now when 
Going in reverse it kept going .Calling tech for repair.","[{""name"": ""r10 repairs tip kit 5-4-23.pdf"", ""url"": ""https://circaweb.bobrick.com/PME/Forms/DownloadAttachment/314?guid=899d08c3-8780-41fa-8f9e-8c01020dbaf3""}]"
182,EQ ID 182,Stacker # 10,Shipping,5882,06/05/2023,4. Prod Continuing but Affected Equipment stopped,R10 control lever is broke needs to be replaced.,Closed and Completed,497,2,Raymond tech Hovic,0,06/12/2023 12:00 AM,Miguel Diaz - 06/12/23  8:22:12 AM: Cost is in open attachment  to view invoice if needed | Miguel Diaz - 06/09/23 12:34:28 PM: Raymond tech Hovic replaced the handle .Stacker has been given back to shipping department .Work order will stay open till final cost is in . | Miguel Diaz - 06/05/23  8:41:20 AM: Placed the lift in the back of Maintenance and opened up a ticket with Raymond i had them order a replacement handle no ETA was given.,"[{""name"": ""r10 handle replacement 6-9-23.pdf"", ""url"": ""https://circaweb.bobrick.com/PME/Forms/DownloadAttachment/292?guid=5d2cd3f0-0680-4879-be83-3daede248a1a""}]"
182,EQ ID 182,Stacker # 10,Shipping,9494,12/29/2023,"3. Prod Affected, Not Stopped",when steering on the stacker the wheels crack and the steering wheel does too also it seems to be slipping wheels may not be gripping good.,Closed and Completed,0,0.5,Mike d,0,01/03/2024 12:00 AM,"Miguel Diaz - 01/03/24  7:23:39 AM: This seems to be tied together with yesterdays lift steering stopped working .
Found steering chain popped off adjusted chain steering is working again .
Hovic will be replacing the handle knob when he returns for others works orders.",[]
182,EQ ID 182,Stacker # 10,Shipping,9513,01/03/2024,4. Prod Continuing but Affected Equipment stopped,Steering Chain once again came off and the stacker is making cracking noises again the stacker has been stopped from being used.,Closed and Completed,20,1.5,Mike diaz,0,01/03/2024 12:00 AM,Miguel Diaz - 01/03/24 12:43:59 PM: Found broken chain link replaced 10'' of # 40 chain .Unit is up and running open attachment to view broken link if needed .,"[{""name"": ""r10 broken chain link steering.jpg"", ""url"": ""https://circaweb.bobrick.com/PME/Forms/DownloadAttachment/489?guid=92333681-cd19-436d-9440-b0eef8d762c0""}]"
182,EQ ID 182,Stacker # 10,Shipping,10106,01/25/2024,6. General Maint,Stacker 10 is leaking a pretty good amount of fluid.,Closed and Completed,656.79,4,Raymond tech,0,01/30/2024 12:00 AM,"Miguel Diaz - 02/01/24  8:19:19 AM: Cost is in to close out the work order | Miguel Diaz - 01/30/24  8:03:08 AM: Raymond tech returned today to repair the unit .Unit i9s no longer leaking like it was .Work order will stay open till final cost is in . | Miguel Diaz - 01/25/24  8:43:58 AM: Raymond tech was called in  yesterday he found that the gear box has two bolts that are sheered off he advised he ordered the parts needed to fix the issue for now unit can be used as long as it does not leak while driving we can see it only leaks overnight .
please place card board under the lift nightly till the tech comes back and fixes the lift .
Thanks","[{""name"": ""r10 cover repair 1-30-24.pdf"", ""url"": ""https://circaweb.bobrick.com/PME/Forms/DownloadAttachment/516?guid=7466e44d-dc06-40e4-833f-6396c10f35a1""}]"
182,EQ ID 182,Stacker # 10,Shipping,11538,05/06/2024,"5. Prod Ongoing, Maint Required",STACKER# 10 Gear for up/down is not working at all.,Closed and Completed,0,0.3,Mike d,0,05/06/2024 12:00 AM,Miguel Diaz - 05/06/24  8:59:43 AM: Unit has intermittent issue its working now,[]
182,EQ ID 182,Stacker # 10,Shipping,18473,02/13/2026,2. General Maint - High Priority,Hi Team - I was notified that R10 Stacker is still not operating as it should. Brakes are not working properly and the throttle for the forks on the stacker are way too sensitive. Chris Hernandez can walk you through the issues if you need clarification.,Closed and Completed,0,0,Shinobi,0,02/28/2026 08:00 AM,"Gabriel Shinobi - 02/28/26  7:02:58 AM: closing, other work order already open",[]
182,EQ ID 182,Stacker # 10,Shipping,18558,02/13/2026,1. Prod Stopped,Stacker still not working properly. Applied lockout tag to the stacker and have the key in my office. Currently stationed between bay 4/5,Closed and Completed,0,1,Raymond Tech,0,03/09/2026 01:00 PM,"Gabriel Shinobi - 03/09/26  1:31:46 PM: Raymond West tech replaced switch and oil change, Stacker working normally | Primo Uy - 03/04/26  9:34:26 AM: Update: I ask Raymond Tech and mentioned about the parts he order have not arrive yet. | Gabriel Shinobi - 02/25/26  8:06:42 AM: Raymond Tech to finish repaid 2/25/26",[]
182,EQ ID 182,Stacker # 10,Shipping,19997,06/30/2026,6. General Maint,"R10 rubber matt is torn, see attached for pictures.",Closed and Completed,0,0.5,Raymond Tech,0,07/15/2026 12:00 AM,"Gabriel Shinobi - 07/06/26 11:06:00 AM: per Raymond tech, will order new mat for replacement","[{""name"": ""R10 rubber mat2.png"", ""url"": ""https://circaweb.bobrick.com/PME/Forms/DownloadAttachment/996?guid=edcb8946-12bf-4cc7-9687-f0516e603da0""}, {""name"": ""R10 rubber mat1.png"", ""url"": ""https://circaweb.bobrick.com/PME/Forms/DownloadAttachment/997?guid=edcb8946-12bf-4cc7-9687-f0516e603da0""}]"
1490,EQ ID 1490,General request,Shipping,1543,06/01/2022,4. Prod Continuing but Affected Equipment stopped,Door latch -handle across from receiving leading to the outside is not opening or closing properly .,Closed and Completed,0,0.3,mike,0,06/01/2022 12:00 AM,Miguel Diaz - 06/01/22 10:42:56 AM: Found loose hardware,[]
1490,EQ ID 1490,General request,Shipping,1681,06/14/2022,6. General Maint,Supervisor request to adjust the shelve height on the  table(working station) between 11 and 10 aisle. so that the PC Monitor can be swing inside.,Closed and Completed,0,0.35,PU,0,06/14/2022 12:00 AM,Primo Uy - 06/14/22  2:39:55 PM: Done. Clear the shelve and adjust height to allow the PC Monitor to swing inside.,[]
1490,EQ ID 1490,General request,Shipping,1714,06/18/2022,4. Prod Continuing but Affected Equipment stopped,Found excessive spider webs by the windows and skylights,Closed and Completed,0,6,Mike idaz,0,06/18/2022 12:00 AM,Miguel Diaz - 06/20/22  7:27:17 AM: Removed all spiders and webs from the high bay windows along with the from skylights over the tables by the doc doors .,[]
1490,EQ ID 1490,General request,Shipping,1972,07/20/2022,"3. Prod Affected, Not Stopped","Nelson from shipping brought a broken push cart, one wheel missing.",Closed and Completed,0,0.35,PU,0,07/21/2022 12:00 AM,Primo Uy - 07/21/22 10:23:11 AM: Replace a shoulder bolt for the wheels. Push cart is now working.,[]
1490,EQ ID 1490,General request,Shipping,1973,07/21/2022,"3. Prod Affected, Not Stopped",Automatic Staple gun does not work. Brought out by Jesus.,Closed and Completed,0,0.25,PU,0.25,07/21/2022 12:00 AM,Primo Uy - 07/21/22 10:30:12 AM: Clear out jam staple wire. Staple gun is now working.,[]
1490,EQ ID 1490,General request,Shipping,1982,07/21/2022,"3. Prod Affected, Not Stopped",Receiving Pallet Jack not working.,Closed and Completed,0,0.35,PU & MD,0,07/22/2022 12:00 AM,"Primo Uy - 07/22/22  7:27:06 AM: Missing lock ring on the piston. Replace a new lock ring, align spring and piston head to be able to insert the lock ring. Pallet jack is now working.",[]
1490,EQ ID 1490,General request,Shipping,2002,07/25/2022,4. Prod Continuing but Affected Equipment stopped,Shipping has pull out trays with long handles most of them are bent and stick out to far .,Closed and Completed,2600,8,Primo Uy Mike Diaz,0,07/25/2022 12:00 AM,"Miguel Diaz - 07/25/22 11:09:42 AM: Jose from ME had a machine shop make us a new ones with a shorter handles they arrived late  Friday .
Primo and I replaced all of them.",[]
1490,EQ ID 1490,General request,Shipping,2023,07/26/2022,"3. Prod Affected, Not Stopped",ME ask some help to put a QR Sticker on all the new installed Shelve Handle in Shipping. that was just recently replaced.,Closed and Completed,0,0.45,PU,0,07/27/2022 12:00 AM,Primo Uy - 07/27/22  8:42:28 AM: QR Sticker was already attached. A total of 40 pcs. (each Handle).,[]
1490,EQ ID 1490,General request,Shipping,2038,07/28/2022,4. Prod Continuing but Affected Equipment stopped,Employee reported a yellow rack guard is bent  and advised it was hit at one point location in between 9-15  - 9-16 .,Closed and Completed,60,0.4,mIKE,0,07/28/2022 12:00 AM,"Miguel Diaz - 07/28/22  7:28:05 AM: Open attachment to view picture if needed .
Replaced damaged cover .","[{""name"": ""Shipping yellow rack cover.jpg"", ""url"": ""https://circaweb.bobrick.com/PME/Forms/DownloadAttachment/84?guid=7c4a3cf2-1e8a-433b-8789-e34ceb95e6cb""}]"
1490,EQ ID 1490,General request,Shipping,2151,08/10/2022,"3. Prod Affected, Not Stopped",The Toggle string for the roll up door in shipping and TPF broke. Door will not open in the shipping side.,Closed and Completed,0,0.3,PU,0,08/10/2022 12:00 AM,Primo Uy - 08/10/22  1:19:28 PM: Use the scissor lift to reach the toggle switch and re-attach the toggle string. Its working now.,[]
1490,EQ ID 1490,General request,Shipping,2170,08/15/2022,4. Prod Continuing but Affected Equipment stopped,Lift located outside of shipping by the fed ex trailer has one side of the rail out of the pocket .,Closed and Completed,0,0.4,Mike,0,08/15/2022 12:00 AM,Miguel Diaz - 08/15/22 10:45:02 AM: Used lift with chain to pull rail foot back in the pocket .,[]
1490,EQ ID 1490,General request,Shipping,2205,08/19/2022,4. Prod Continuing but Affected Equipment stopped,Hi.  One of the nail guns is not functioning.  We tried changing the battery and still nothing.  It is located in the shipping supervisors office.,Closed and Completed,0,0.2,PU,0,08/19/2022 12:00 AM,"Primo Uy - 08/19/22  9:10:12 AM: Safety Lever got jam, released safety lever and clean with air hose. Stapler is now working.",[]
1490,EQ ID 1490,General request,Shipping,2452,09/23/2022,1. Prod Stopped,"The T4 fork lift was damaged today.  While in a trailer, it was being backed out but the forks were unintentionally raised.  This caused them to be bent forward and they broke.  See attached image.  The lift has been placed outside so no one uses it.",Closed Without Action,0,0,md,0,09/23/2022 12:00 AM,"Miguel Diaz - 09/23/22 11:05:12 AM: The T4 fork lift was damaged today.  While in a trailer, it was being backed out but the forks were unintentionally raised.  This caused them to be bent forward and they broke.  See attached image.  The lift has been placed outside so no one uses it. | Primo Uy - 09/23/22 10:13:53 AM: Bring the T4 out and attach the yellow tag. The mesh was broke in two, both side have a big crack. 
Need a new set.","[{""name"": ""MicrosoftTeams-image.png"", ""url"": ""https://circaweb.bobrick.com/PME/Forms/DownloadAttachment/113?guid=20cbf7e3-7b34-47ce-bf13-f0140bfdaa4f""}]"
1490,EQ ID 1490,General request,Shipping,2573,10/12/2022,4. Prod Continuing but Affected Equipment stopped,Shipping will call alarm is not working .,Closed and Completed,25,1,Primo Uy Mike D,0,10/13/2022 12:00 AM,"Miguel Diaz - 10/13/22  6:38:16 AM: Primo replaced the alarm batteries and it still did not work .
I found the controller with a stuck button replaced controller and coded it alarm is working again .",[]
1490,EQ ID 1490,General request,Shipping,3039,10/24/2022,4. Prod Continuing but Affected Equipment stopped,The Packaging Tape Dispenser in the FedEx cell is not functioning and needs to be cleaned and repaired.,Closed and Completed,0,0.25,PU,0,10/24/2022 12:00 AM,Primo Uy - 10/24/22 12:45:19 PM: Done. Tape dispenser is now working properly,[]
1490,EQ ID 1490,General request,Shipping,3307,11/17/2022,6. General Maint,Shipping office needs attention walls are covered in dust along with everything else .,Closed and Completed,0,3,Mike Diaz,0,11/19/2022 12:00 AM,"Miguel Diaz - 11/19/22 10:36:13 AM: Used Swiffer duster to wipe walls free of dust .Used vacuum to pick up all accumulated dust from the partions, walls, baseboards, copiers, chairs keyboard trays, cabinets ,table tops .
Wiped all desk ,cabinets ,walls copiers ,drawers  with magic eraser free of smudges and ink .Lastly vacuum room .",[]
1490,EQ ID 1490,General request,Shipping,3632,12/14/2022,6. General Maint,Our  pallet jack controls are not working does not lift. Pallet jack was left in Maintenance area.,Closed and Completed,0,0.5,PU & MB,0,12/14/2022 12:00 AM,Primo Uy - 12/14/22  8:02:25 AM: Done. Replaced new retaining ring.,[]
1490,EQ ID 1490,General request,Shipping,4166,01/28/2023,6. General Maint,The emergency door in the shipping department between OHD 3 and OHD 4 is missing a screw in the bolt shield. This has created some difficulties with closing the door properly.,Closed and Completed,0,0.3,Mike,0,01/30/2023 12:00 AM,Miguel Diaz - 01/30/23  6:37:43 AM: Found and placed same screw back in with thread sealant hopefully it will dry,"[{""name"": ""20230127_130356.jpg"", ""url"": ""https://circaweb.bobrick.com/PME/Forms/DownloadAttachment/204?guid=e8e8cd8a-969f-4653-b068-e4bccc1f048d""}]"
1490,EQ ID 1490,General request,Shipping,4262,02/06/2023,6. General Maint,"Nelson and Rigo from Shipping notified me that one of the moving carts has a damaged wheel bracket, which make it unstable to use. Please see the attached photo for a more detailed picture of the damage.",Closed and Completed,0,0.3,Max,0,02/06/2023 01:30 PM,Maksim Bushka - 02/06/23  1:49:16 PM: Fixed the wheel,"[{""name"": ""20230206_110649.jpg"", ""url"": ""https://circaweb.bobrick.com/PME/Forms/DownloadAttachment/218?guid=95146f9d-48eb-435a-a9b1-0e66732e503c""}]"
1490,EQ ID 1490,General request,Shipping,4470,02/20/2023,6. General Maint,We have two utility carts that require assembly before it can be used in the shipping department. May we have some assistance in assembling the utility carts so that they can be used? Utility carts are located in the Shipping office.,Closed and Completed,0,0.35,PU&Max,0,02/20/2023 12:00 AM,Primo Uy - 02/20/23  9:24:11 AM: Dome Assemble two carts. Delivered to Shipping.,[]
1490,EQ ID 1490,General request,Shipping,4655,03/06/2023,2. General Maint - High Priority,Found forklift charger for R19 with exposed wires showing,Closed and Completed,5,0.4,Mike Max,0,03/06/2023 12:00 AM,Miguel Diaz - 03/06/23 10:22:23 AM: Covered exposed wires and placed heat shrink tubing over the taped section .,[]
1490,EQ ID 1490,General request,Shipping,4772,03/10/2023,"5. Prod Ongoing, Maint Required",One of the carts in Shipping has a bent wheel hinge.,Closed and Completed,0,0.5,PU,0,03/10/2023 12:00 AM,"Primo Uy - 03/10/23 10:40:23 AM: Done. Remove Wheel and straighten the two Wheel Bracket, Reinstalled wheel.  Its working now.",[]
1490,EQ ID 1490,General request,Shipping,4821,03/15/2023,6. General Maint,The pull-out tray in bin 10-03-14 shows that it has been bent on the right side.,Closed and Completed,0,0.25,PU,0,03/15/2023 12:00 AM,Primo Uy - 03/15/23 10:42:26 AM: Checking. Nelson shows the location and i work on it. The tray was just move sideways (off the bracket) but not bend. Remove all the items and put the tray properly to set on the bracket perfectly. Done.,"[{""name"": ""MicrosoftTeams-image (1).png"", ""url"": ""https://circaweb.bobrick.com/PME/Forms/DownloadAttachment/243?guid=f7411e39-103b-43a7-9598-d1d429c9be5a""}]"
1490,EQ ID 1490,General request,Shipping,5151,04/04/2023,2. General Maint - High Priority,Employees reported sun light beaming at them at a certain time in shipping they pointed to the window facing Tujunga street with no blind,Closed and Completed,0,0.6,Mike Max,0,04/04/2023 12:00 AM,Miguel Diaz - 04/04/23  1:29:51 PM: Covered window with paper to stop the beaming Sun  light .Open attachment to view picture if needed .,"[{""name"": ""shipping window covered.jpg"", ""url"": ""https://circaweb.bobrick.com/PME/Forms/DownloadAttachment/250?guid=b1516a9e-b6bd-4ba2-bc4d-f6249af60af5""}]"
1490,EQ ID 1490,General request,Shipping,5186,04/06/2023,6. General Maint,"One of the mobile stair equipment has a bent wheel located in the back-right. The bent wheel has made it difficult to maneuver it, causing it to jerk and stop suddenly.",Closed and Completed,0,0.5,PU,0,04/07/2023 12:00 AM,"Primo Uy - 04/07/23  8:14:59 AM: The rolling ladder has a bend horizontal support and the one of the wheels was broken(welded), it has a crack. Fix the bens support by hammering and straighten it back. I installed two U-Bolt on the wheels and modify a backplate to fully support the wheel assembly (stayed Solid). Rolling ladder is now fixed. | Primo Uy - 04/06/23  3:23:33 PM: Checking on it now.","[{""name"": ""MicrosoftTeams-image (5).png"", ""url"": ""https://circaweb.bobrick.com/PME/Forms/DownloadAttachment/251?guid=efa8e468-4634-4b60-840d-9c4099f7faf3""}]"
1490,EQ ID 1490,General request,Shipping,5224,04/11/2023,2. General Maint - High Priority,FedEx and UPS Docking Station post was bend and the bottom side rails was loose.,Closed and Completed,20,1,Primo & Max,0,04/11/2023 10:00 AM,Maksim Bushka - 04/11/23  1:29:13 PM: Fixed the post replaced angle connection.,[]
1490,EQ ID 1490,General request,Shipping,5671,05/13/2023,"5. Prod Ongoing, Maint Required",Tujunga facing window shades do not respond to the controller to move them up or down .,Closed and Completed,50,5,Max mike,0,05/13/2023 12:00 AM,Miguel Diaz - 05/15/23  7:09:37 AM: Found batteries need to be replaced x 6 each unit  looked for the model number on the shade found the manual online and found how to replace the batteries .Had Max replaced the batteries over the weekend .,[]
1490,EQ ID 1490,General request,Shipping,5969,06/09/2023,6. General Maint,Receiving employee advised his monitor is loose and falls down,Closed and Completed,0,0.3,Mike D,0,06/09/2023 12:00 AM,Miguel Diaz - 06/09/23  1:56:32 PM: Tighten loose hardware,[]
1490,EQ ID 1490,General request,Shipping,6399,07/11/2023,6. General Maint,Received request to order and  install two fire extinguisher on Jungheinrichs #21 and #22,Closed and Completed,170,0.5,Mike D,0,07/11/2023 12:00 AM,Miguel Diaz - 07/12/23 10:58:34 AM: Ordered and installed both units .also both have been numbered as requested,[]
1490,EQ ID 1490,General request,Shipping,6980,08/24/2023,6. General Maint,Need to Re-assemble rack in-front of the window that was broken .,Closed and Completed,0,2,Max Mike,0,08/24/2023 12:00 AM,Miguel Diaz - 08/24/23 12:09:12 PM: Done,[]
1490,EQ ID 1490,General request,Shipping,7040,08/28/2023,2. General Maint - High Priority,Shipping employee advised an upright looks damaged for me to have a look ASAP .,Closed and Completed,150,1.6,Max Mike,0,08/28/2023 12:00 AM,Miguel Diaz - 08/28/23  1:57:22 PM: Found upright damaged  from the bottom. Lead was also present when i was there .We added a support bracket to the upright to stabilize the damaged foot .Open attachment to view  pictures if needed .,"[{""name"": ""ship4.jpg"", ""url"": ""https://circaweb.bobrick.com/PME/Forms/DownloadAttachment/395?guid=95ddcd0a-bcbb-4e26-815c-22b42a3b5fac""}, {""name"": ""SHIP2.jpg"", ""url"": ""https://circaweb.bobrick.com/PME/Forms/DownloadAttachment/396?guid=95ddcd0a-bcbb-4e26-815c-22b42a3b5fac""}, {""name"": ""SHIP1.jpg"", ""url"": ""https://circaweb.bobrick.com/PME/Forms/DownloadAttachment/397?guid=95ddcd0a-bcbb-4e26-815c-22b42a3b5fac""}, {""name"": ""ship3.jpg"", ""url"": ""https://circaweb.bobrick.com/PME/Forms/DownloadAttachment/398?guid=95ddcd0a-bcbb-4e26-815c-22b42a3b5fac""}]"
1490,EQ ID 1490,General request,Shipping,8003,11/10/2023,2. General Maint - High Priority,Shipping lost power in two work stations isles .,Closed and Completed,0,0.3,Primo Mike,0,11/10/2023 12:00 AM,Miguel Diaz - 11/10/23 11:09:45 AM: Found tripped breaker on panel LE breaker 11 rest breaker power is back on .,[]
1490,EQ ID 1490,General request,Shipping,9816,01/15/2024,2. General Maint - High Priority,It was reported that the door to BAY 2 last night could not close,Closed and Completed,0,0.8,Mike Max,0,01/16/2024 12:00 AM,"Miguel Diaz - 01/16/24  7:08:31 AM: Maintenance on shift advised the door  looked to be  hit  preventing the night shift supervisor from arming the building for Bay 2 .
This morning i found the door closed bottom angle bracket is bent outwards from the inside of the building look's like it was struck with forklift forks had to get it back straight so the door could work without issues .
Angle bracket is as it straight as i could get it door is now opening and closing without issues magnet for the alarm is also on top on the alarm which should allow us to arm the building fully .Open attachments to see before and after pictures if needed .
Door magnet will get replaced it has a broken cover I placed tape over it for now to hold the magnet in place.","[{""name"": ""bay2.jpg"", ""url"": ""https://circaweb.bobrick.com/PME/Forms/DownloadAttachment/499?guid=22daad0a-21b8-4941-9efe-4cad8b486bb6""}, {""name"": ""bay2..jpg"", ""url"": ""https://circaweb.bobrick.com/PME/Forms/DownloadAttachment/500?guid=22daad0a-21b8-4941-9efe-4cad8b486bb6""}]"
1490,EQ ID 1490,General request,Shipping,11634,05/11/2024,2. General Maint - High Priority,South wall windows need vacuuming,Closed and Completed,0,0.8,Mike d,0,05/11/2024 12:00 AM,Miguel Diaz - 05/11/24 10:22:12 AM: Vacuumed south wall windows,[]
1490,EQ ID 1490,General request,Shipping,11769,05/21/2024,6. General Maint,Found the ring bell not working after testing it this morning,Closed and Completed,10,0.3,Mike d,0,05/21/2024 12:00 AM,Miguel Diaz - 05/21/24  7:57:55 AM: Replaced 3 C batteries,[]
1490,EQ ID 1490,General request,Shipping,11854,05/28/2024,6. General Maint,The light on dock door # 8 has blown out. Needs to be replaced.,Closed and Completed,0,0.17,PU,0,05/28/2024 12:00 AM,Primo Uy - 05/28/24 10:04:03 AM: Done. Replaced new Bulb.,[]
1490,EQ ID 1490,General request,Shipping,12070,06/10/2024,2. General Maint - High Priority,FedEx packing station Bostitch Battery Operated Stapler not working. It shoots two staple wires at once.,Closed and Completed,0,0.5,PU,0,06/12/2024 12:00 AM,"Primo Uy - 06/12/24  1:42:38 PM: Have to open up the staple gun and found one wire for the PCB was broken (disconnected). Re solder the wire to the board and the stapler is now working. Return to Shipping.
It also happens that we have an old one that was not use anymore but save for parts. I have one working but as a spare but need a new body case.",[]
1490,EQ ID 1490,General request,Shipping,12141,06/18/2024,2. General Maint - High Priority,"Could you please investigate an automatic Tape Machine Dispenser?

Dispenser is stuck, does not supply any tape. Machine is in Verne’s working station. FedEx area.",Closed and Completed,0,0.25,PU,0,06/18/2024 12:00 AM,"Primo Uy - 06/18/24  9:44:08 AM: Feed roller got stuck. Run the dispenser without the tape to release the upper feed roller. Tape dispenser is now working. Notice that the heater was also turn off, it should be ON to make the adhesive more fluid.",[]
1490,EQ ID 1490,General request,Shipping,12834,08/21/2024,6. General Maint,Install Caddys on all of our pallet jacks.,Closed and Completed,0,2,PU,0,08/22/2024 12:00 AM,"Primo Uy - 08/28/24  1:05:52 PM: Pallet Jack Caddy was already installed on the 14-pallet jack. We have 4 pieces extra. of the Caddy and was save in the shipping storage room in Al office. | Primo Uy - 08/22/24  9:28:15 AM: Installed caddy to one of the pallet jacks for evaluation in the shipping department. 
Already Notify the supervisor. We will continue the installation when the evaluation is positive, or the department will say go ahead.",[]
1490,EQ ID 1490,General request,Shipping,13243,10/01/2024,6. General Maint,The plastic piece on one of the step ladders we use in shipping has come off. A step ladder may create a safety risk if it slides.,Closed and Completed,24,0.5,Mike diaz,0,10/02/2024 12:00 AM,Miguel Diaz - 10/02/24  1:18:42 PM: Replaced missing or damaged footings from two ladder stools . | Miguel Diaz - 10/01/24 10:56:48 AM: Ordering a set of 4 from Grainger.,[]
1490,EQ ID 1490,General request,Shipping,13292,10/07/2024,2. General Maint - High Priority,"Wrapping machine in International area. Wrap drum does not go up, it gets stuck half way.",Closed Without Action,0,0,md,0,10/07/2024 12:00 AM,Miguel Diaz - 10/07/24  8:52:35 AM: closing this to enter work on on equipment id,[]
1490,EQ ID 1490,General request,Shipping,13515,10/22/2024,6. General Maint,Fed Ex shipping team (Rigo & Verne) has requested they have the surface layer of their workstation desk be covered. Recommendation of having a protectant cover placed over the desktop.,Closed and Completed,0,1,PU,0,10/22/2024 12:00 AM,Primo Uy - 10/28/24 10:42:00 AM: Done. Made a new top. 2 pieces.,[]
1490,EQ ID 1490,General request,Shipping,13507,10/22/2024,6. General Maint,I need to have the right arm rest on my chair replaced -- the plastic covering is peeling away.,Closed and Completed,0,0.2,PU,0,10/28/2024 12:00 AM,Primo Uy - 10/28/24 10:12:24 AM: Done. R. arm padding replaced.,[]
1490,EQ ID 1490,General request,Shipping,14241,01/03/2025,2. General Maint - High Priority,Joseph found two lifts without fire extinguishers R24 and J20 both in shipping .,Closed and Completed,230,1.2,Mike d,0,01/03/2025 12:00 AM,"Miguel Diaz - 01/03/25  8:32:32 AM: Purchased and mounted two fire extinguishers one on R24 the other on J20 .Both need to be assigned #s in the fire extinguisher database .
Open attachment to view pictures if needed .","[{""name"": ""R24 fire extinguisher.jpg"", ""url"": ""https://circaweb.bobrick.com/PME/Forms/DownloadAttachment/707?guid=71fbb173-ff54-4d84-9a3c-1d97aec41961""}, {""name"": ""J20  Fire extinguisher.jpg"", ""url"": ""https://circaweb.bobrick.com/PME/Forms/DownloadAttachment/708?guid=71fbb173-ff54-4d84-9a3c-1d97aec41961""}]"
1490,EQ ID 1490,General request,Shipping,14501,01/28/2025,2. General Maint - High Priority,Door alarm is not working properly in the middle of the shipping exit door across from receiving  .,Closed and Completed,0,0.3,Mike Gabriel,0,01/28/2025 12:00 AM,Miguel Diaz - 01/28/25 10:29:08 AM: Repaired door adjusted the arm so it activates properly .,[]
1490,EQ ID 1490,General request,Shipping,14977,03/07/2025,6. General Maint,The tape machine against the wall by international shipping is leaking water.,Closed and Completed,0,0.35,PU,0,03/07/2025 12:00 AM,Primo Uy - 03/07/25 10:48:23 AM: Done..,[]
1490,EQ ID 1490,General request,Shipping,15229,04/01/2025,2. General Maint - High Priority,Jammed Stapler Gun.,Closed and Completed,0,0.35,PU,0,04/01/2025 12:00 AM,"Primo Uy - 04/01/25  8:46:32 AM: Removed half of the staple wire clip from the magazine, it overlaps each other and hard to extract them manually.
Have to use a hammer and a screwdriver to drive them out. Staple gun is now working.",[]
1490,EQ ID 1490,General request,Shipping,17307,10/15/2025,6. General Maint,"Hi Team 4-

One of our carts wheels broke (pic attached). Since we are unable to fix it, can we please buy a new one? I found one similar online at Uline: https://www.uline.com/BL_183/Stock-Picking-Carts",Closed and Completed,0,0,Shinobi,0,10/21/2025 08:00 AM,"Gabriel Shinobi - 10/21/25  8:35:27 AM: Tracy ordered replacement, will build once it arrives. will close work order","[{""name"": ""Image (44).jpg"", ""url"": ""https://circaweb.bobrick.com/PME/Forms/DownloadAttachment/853?guid=bf26a669-39fe-4124-b4ce-8d93b1e0ad5d""}]"
1490,EQ ID 1490,General request,Shipping,17498,10/28/2025,2. General Maint - High Priority,Verne's electric tape machine keeps getting jammed from the tape.,Closed and Completed,0,0.25,PU,0,10/28/2025 12:00 AM,Primo Uy - 10/28/25  1:18:30 PM: Done. Remove all dirt and grimes on the opening (out feed slider guide.). Add lubricant. Tape dispenser is now working.,[]
1490,EQ ID 1490,General request,Shipping,18178,01/13/2026,"5. Prod Ongoing, Maint Required",Rack has tracks that are loose require attention vendor picks up weekly.,Closed and Completed,0,0.5,PU,0,01/13/2026 12:00 AM,Primo Uy - 01/13/26  2:19:43 PM: Done. Repair the track.,[]
1490,EQ ID 1490,General request,Shipping,18306,01/27/2026,2. General Maint - High Priority,"Hello Team,

We have our vendor Wilsonart rack, rails have come loose requires Maintenance located in TPF.",Closed and Completed,0,0.5,PU,0,01/27/2026 12:00 AM,Primo Uy - 01/27/26 10:27:05 AM: Done. Straighten the Lock and tighten the rail.,[]
1490,EQ ID 1490,General request,Shipping,18949,04/01/2026,1. Prod Stopped,Hi Team - We have staple gun where the battery keeps falling out (image attached). It is currently in Tracy's office. Thanks!,Closed and Completed,0,0.2,Max,0,04/01/2026 05:00 PM,Maksim Bushka - 04/01/26  6:16:43 PM: The battery holding clips are broken need new battery,"[{""name"": ""Image (80).jpg"", ""url"": ""https://circaweb.bobrick.com/PME/Forms/DownloadAttachment/936?guid=36332197-36d8-497d-baec-2cf419f4cab6""}]"
1490,EQ ID 1490,General request,Shipping,19033,04/08/2026,6. General Maint,"Wanted to advise all Forklifts T1, T4, T5, T20  are in need of Lubricating tracks are dry of grease.",Closed and Completed,0,0,Raymond Tech,0,04/15/2026 12:00 AM,"Gabriel Shinobi - 04/16/26  7:02:46 AM: Tech advised will add additional grease during his PM's next week, will close","[{""name"": ""forklift grease1.png"", ""url"": ""https://circaweb.bobrick.com/PME/Forms/DownloadAttachment/948?guid=f8cd4e27-731e-4b56-a057-9ca631821f53""}, {""name"": ""forklift grease.png"", ""url"": ""https://circaweb.bobrick.com/PME/Forms/DownloadAttachment/949?guid=f8cd4e27-731e-4b56-a057-9ca631821f53""}]"
1490,EQ ID 1490,General request,Shipping,19797,06/10/2026,6. General Maint,Assemble a pallet jack for Jimmy Lee.,Closed and Completed,0,0.5,Shinobi,0,06/10/2026 09:00 AM,Gabriel Shinobi - 06/10/26  2:35:21 PM: assembled pallet jack with scale,[]
30,EQ ID 30,Forklift T 1,Shipping,3128,11/07/2022,"5. Prod Ongoing, Maint Required",T-1 sometimes does not turn on,Closed and Completed,181.61,0,Raymond tech,0,11/11/2022 12:00 AM,Miguel Diaz - 11/15/22  9:16:14 AM: Raymond tech was here for routine maintenance and he fixed the faulty power issues for T1 .He found bad wire connectors for both .Lift is good to go work order will stay open till final cost is in . | Miguel Diaz - 11/07/22  7:31:15 AM: Found that when moving the battery connector lift turns on .Need to call in Raymond tech to replace the battery wire connectors they are worn out .Aligned cord so that it stays on for now till its fixed .,[]
30,EQ ID 30,Forklift T 1,Shipping,4222,02/02/2023,6. General Maint,"Forklift T1 needs bracket, lens and housing  broken on right side.",Closed and Completed,230,8,Maksim,0,02/08/2023 12:00 AM,"Miguel Diaz - 02/08/23  8:11:00 AM: Maksim replaced the right side front light that was broken . | Miguel Diaz - 02/03/23 11:18:55 AM: Toyota only offers a replacement lamp P/N 56510-12241-71.
Part has been ordered . | Miguel Diaz - 02/02/23 10:08:01 AM: Called Equipment depot and  ordered the wheels once in they will provide a date to come by and replace them .",[]
30,EQ ID 30,Forklift T 1,Shipping,4631,03/02/2023,2. General Maint - High Priority,Operator advised rear steer tires are falling apart from the sides .,Closed and Completed,648.09,1,Equipment depot,0,03/02/2023 12:00 AM,Miguel Diaz - 03/02/23 12:14:17 PM: Found both tires with sides falling apart this happens when going into the trailers and when backing up the tires hit the ramp .Ordered replacement tires with Equipment depot today both tires were replaced .,[]
30,EQ ID 30,Forklift T 1,Shipping,8095,11/21/2023,2. General Maint - High Priority,Found hand held back up horn stuck on Monday morning .,Closed and Completed,50,0.5,Max Mike,0,09/15/2023 12:00 AM,Miguel Diaz - 11/21/23  8:54:37 AM: Replaced the horn with another one we had as a spare,[]
30,EQ ID 30,Forklift T 1,Shipping,10264,02/08/2024,"5. Prod Ongoing, Maint Required",I noticed T1 is not holding charge after being plugged in Over Nite needs to be checked for issue.,Closed and Completed,8356.54,1,Max Mike Battery industrial,0,03/26/2024 12:00 AM,"Miguel Diaz - 03/26/24  1:48:35 PM: New battery has been replaced | Miguel Diaz - 02/28/24 10:28:21 AM: The original battery was diagnosed as having 2 bad battery cells along with other issues .
We purchased a new battery but the company needs to make it so they loaned us a temporary battery till they make the new one for us . | Miguel Diaz - 02/15/24 12:33:13 PM: Battery has been been picked for the  evaluation . | Miguel Diaz - 02/15/24  6:16:17 AM: Vendor will be picking up the battery and doing a test after they advise its NO good then we will purchasing the replacement . | Miguel Diaz - 02/14/24 12:47:46 PM: Employee called me over the other day when the unit was having issues i found the battery low and flashing which means it had no bars left the unit was stalling .I reached out to the Industrial battery and gave them serial # of the battery he advised this battery is 10 years old and needs to be replaced there's no fixing it .I will be filling out a po rec for it to get replaced  .Open attachment to view Quote . | Miguel Diaz - 02/13/24  6:58:56 AM: We checked the battery cells they are all good none are dead we also checked the battery charger and its working properly .We Asked the the operator to get us when the issue happens so we can see the issue .","[{""name"": ""t1battery quote 2-14-24.PDF"", ""url"": ""https://circaweb.bobrick.com/PME/Forms/DownloadAttachment/535?guid=b4fa109b-35a8-4cfb-a598-cebe32ada6d6""}]"
30,EQ ID 30,Forklift T 1,Shipping,12317,07/09/2024,6. General Maint,On the following forklift -- the light has broken. Sabino will provide you with the light that will need to be fixed/replaced.,Closed and Completed,200,0.5,"PU, Max, & Mike",0,07/10/2024 12:00 AM,"Primo Uy - 07/11/24  9:21:54 AM: Update: Forgot adding that when we reinstalled the light and turn ON, it did not light up. Have to tell Mike this morning and he double check. He found out that the PCB has a burn circuit. Mike replaces the whole assembly. Now the light is working as it should be. | Primo Uy - 07/11/24  8:11:37 AM: Bring the TI inside and we repaired the light on T1 forklift. Return forklift to Shipping.",[]
30,EQ ID 30,Forklift T 1,Shipping,12621,08/05/2024,6. General Maint,"When the operators start the forklift, it is cutting off. Maybe a short in the wire.",Closed and Completed,0,0.5,Mike d,0,08/05/2024 12:00 AM,Miguel Diaz - 08/05/24 10:23:18 AM: Repaired seat belt with another one we had for parts lift is working .,[]
32,EQ ID 32,Stacker # 18,Shipping,1706,06/16/2022,"3. Prod Affected, Not Stopped",Turns on but does not move.,Closed and Completed,0,0.4,Mike Diaz,0,06/16/2022 12:00 AM,Miguel Diaz - 06/16/22  2:58:49 PM: Found air in the brake line bleed the line and added brake fluid to the reservoir .Stacker is moving again,[]
32,EQ ID 32,Stacker # 18,Shipping,1823,06/29/2022,"3. Prod Affected, Not Stopped",Stacker does not move. It stalled inside the trailer in Bay# 3,Closed and Completed,0,0.35,PU & MD,0.5,06/29/2022 12:00 AM,"Primo Uy - 06/29/22  9:37:44 AM: Pedal does not activate the stacker solenoid (piston). Pressure loose on the break cylinder, remove break fluid cover and perform break fluid bleeding to remove air inside the cylinder. Add break fluid and return cover. Mike Diaz show me all the step and diagnostic procedure. Stacker is now back in service.",[]
32,EQ ID 32,Stacker # 18,Shipping,1832,06/30/2022,"3. Prod Affected, Not Stopped",Lead/Operators advised unit doe not move at all .,Closed and Completed,636,2.5,Hovic,0,07/08/2022 12:00 AM,Miguel Diaz - 07/18/22 10:51:30 AM: Closing work order cost is in open attachment if needed to view tech notes . | Miguel Diaz - 07/01/22  7:14:37 AM: Tech stopped by and troubleshoot the unit .He cleaned the tips on the relay I spoke to the operator this morning he advised its running normal again .Tech did advise that the relay and diode need to be replaced he will provide a quote for parts. Work order will stay open till final cost is in . | Miguel Diaz - 06/30/22  9:51:28 AM: Troubleshoot yesterday found excessive air in the brake system bleed the system and unit would run for a little while then it would stop moving .Unit has done this three times since yesterday .Called Raymond to send us a tech for repairs .Tech is driving our way now .,"[{""name"": ""r18 no travel repair 7-4-22.pdf"", ""url"": ""https://circaweb.bobrick.com/PME/Forms/DownloadAttachment/71?guid=b3de1cfb-f6d7-446e-96f5-e369e52463e7""}]"
32,EQ ID 32,Stacker # 18,Shipping,2154,08/11/2022,1. Prod Stopped,"Pedal not giving any power to stacker, stopped in front of bay # 5",Closed and Completed,5,0.4,Mike D,0,08/11/2022 12:00 AM,"Miguel Diaz - 08/11/22  6:34:15 AM: Found air in the system bleed air out and refilled with brake fluid ,
Stacker is working properly",[]
32,EQ ID 32,Stacker # 18,Shipping,2303,09/01/2022,"3. Prod Affected, Not Stopped",Employee reported stacker does not move,Closed and Completed,490.19,2,Raymond tech,0,09/12/2022 12:00 AM,Miguel Diaz - 09/12/22 11:01:37 AM: Closing work order cost is in .Open attachment to view tech notes if needed . | Miguel Diaz - 09/10/22 10:45:55 AM: Master cylinder has been replaced along with bleeding the line .Work order will stay open till final cost is in . | Miguel Diaz - 09/01/22 10:15:03 AM: Troubleshoot and found the master cylinder leaking brake fluid called Hovic from Raymond .He will order a replacement and stop by Tuesday if he gets the part early to replace it .,"[{""name"": ""r189822.pdf"", ""url"": ""https://circaweb.bobrick.com/PME/Forms/DownloadAttachment/106?guid=7fe95830-45b8-4c7d-a5b3-8fffb34c98db""}]"
32,EQ ID 32,Stacker # 18,Shipping,3716,12/22/2022,"3. Prod Affected, Not Stopped",The stacker is moving very slowly. Please check.,Closed and Completed,5919.11,1.5,Mike Diaz,0,01/05/2023 12:00 AM,"Miguel Diaz - 01/05/23  9:30:14 AM: New battery has been replaced part # 12-125N-15 Industrial battery .Lift is back on the floor | Miguel Diaz - 12/28/22  7:07:04 AM: Found battery dead this morning  our old pm system has all the old data that was saved i cannot check when the last time the battery was replaced but i will reach out for a quote as soon as they open at 8 am . | Miguel Diaz - 12/27/22 10:32:54 AM: Raymond tech found that the battery is not getting equalized it should be  at least once a week  the button needs to be pressed in order for it to equalize .He did advise that the battery may need to be replaced soon .We are equalizing it now and will go from there .Work order will stay open for us to continue to monitor it . | Miguel Diaz - 12/27/22  6:33:35 AM: Battery is at 23.3 Volts this morning it does not move contactors are not engaging  .
Hovic from Raymond will be here shortly to troubleshoot .",[]
32,EQ ID 32,Stacker # 18,Shipping,4297,02/09/2023,1. Prod Stopped,Stacker# 18 Horn not working not able to use.,Closed and Completed,5,1,Max Mike,0,02/10/2023 12:00 AM,"Miguel Diaz - 02/10/23  8:23:15 AM: Troubleshoot this morning found broken wire down the line .Removed center cover all cables  go to a terminal block that is where it was broken  . Repaired broken wire horn is working properly again . | Miguel Diaz - 02/09/23  1:43:21 PM: Troubleshoot horn and it has power also push button has power but no horn .
Raymond tech will be here in the morning .Also found loose foot padding Re -glued foot pad .",[]
32,EQ ID 32,Stacker # 18,Shipping,4833,03/15/2023,4. Prod Continuing but Affected Equipment stopped,Drive tire is chunking pretty bad reported by Raymond tech,Closed and Completed,615.84,3,Raymond tech,0,03/15/2023 12:00 AM,"Miguel Diaz - 03/15/23 11:38:15 AM: Approved replacement of drive tire .Raymond tech replaced the tire after getting a new tire pressed in another rim we had .
Open attachment to view invoice if needed or tech notes","[{""name"": ""r18 drive tire replacement 3-15-23.pdf"", ""url"": ""https://circaweb.bobrick.com/PME/Forms/DownloadAttachment/244?guid=f7819ad1-ba0b-4371-8a99-b82a6389b96a""}]"
32,EQ ID 32,Stacker # 18,Shipping,5390,04/20/2023,"5. Prod Ongoing, Maint Required",Operator reporting forklift is leaving oil drops when he parks it .,Closed Without Action,0,0,,0,08/25/2023 12:00 AM,Miguel Diaz - 04/20/23 11:59:12 AM: Checked stacker did find oil underneath looks' like its from the main cylinder will have Raymond tech look  at it and provide a quote for repairs when he is here for maintenance .,[]
32,EQ ID 32,Stacker # 18,Shipping,7013,08/26/2023,"5. Prod Ongoing, Maint Required",Operator reporting forklift is leaving oil drops when he parks it .,Closed and Completed,0,0,,0,09/05/2023 12:00 AM,Miguel Diaz - 09/05/23  7:51:37 AM: Operator advised this is an on and off all old unit have this re occurring issue will keep an eye on it if it becomes an issues where its leaving oil as its being used or leaving oil while driving then the unit will be removed from the floor closing work order . | Miguel Diaz - 08/26/23 10:19:01 AM: Raymond tech still having issues with his superiors with giving us a quote i ask him every time i see him,[]
32,EQ ID 32,Stacker # 18,Shipping,8067,11/17/2023,2. General Maint - High Priority,R18 is leaking hydraulic oil all over floor causing an unsafe condition.,Closed and Completed,1803.19,16,Raymond,0,01/12/2024 12:00 AM,"Miguel Diaz - 01/17/24  7:15:31 AM: Cost is in for the fix of the cracked tubing for the tilt function it had a hairline crack .
Cost includes the evaluation cost also . | Miguel Diaz - 01/11/24  8:01:27 AM: Raymond tech has fixed the leaking pipe  lift has been given back to the shipping department  please advise if it leaks during driving and stop use Tech and maint did test drive it unit did not leak while we drove it .. If it does they will have to make a new one as this part is not sold anymore .Work order will stay open till final cost is in . | Miguel Diaz - 01/05/24  6:35:30 AM: R18 has been returned from the Raymond shop .Hovic our Raymond tech will come by and attempt to fix the main leak from the reach .Metal tubes are old and obsolete so repairing them is the only option they need to be welded . | Miguel Diaz - 12/20/23 10:17:28 AM: Please advise how to proceed unit is at the shop please note they will soon start charging storage fees . | Miguel Diaz - 12/16/23 12:28:51 PM: Received the repair quote from Raymond Open the attachment to view quote .Please advise how to proceed unit is at the shop please note they will soon start charging storage fees . | Miguel Diaz - 12/08/23  8:24:37 AM: Just got a confirmation that they are picking up the lift today .They are taking the lift to the shop and will do an evaluation. Please note they will only be  providing a quote for the repairs no work is being done till the approval is given for the cost of the repairs . | Miguel Diaz - 11/27/23  9:59:10 AM: Raymond tech was here this past week taking mast measurements to pass on to his boss before they can make arrangements for the pick up of the lift .He did advise the unit is leaking from several places so this lift still needs to be picked up evaluated then they will provide us with a quote .This could take weeks Sabino just advised Shipping needs a rental i will reach out for availability and advise . | Miguel Diaz - 11/17/23 11:29:25 AM: R18 has been removed from the floor and is parked in the back of maintenance awaiting a quote from Raymond for the cost of repairs .","[{""name"": ""R18 Repair quote 12-15-23.pdf"", ""url"": ""https://circaweb.bobrick.com/PME/Forms/DownloadAttachment/484?guid=6fc7163b-0b7b-4adb-9049-777f85cb5ec8""}, {""name"": ""r18 tilt tubing crack 1-15-24.pdf"", ""url"": ""https://circaweb.bobrick.com/PME/Forms/DownloadAttachment/502?guid=6fc7163b-0b7b-4adb-9049-777f85cb5ec8""}]"
32,EQ ID 32,Stacker # 18,Shipping,10813,03/25/2024,4. Prod Continuing but Affected Equipment stopped,R# 18 does not start will not move at all.,Closed and Completed,0,1.5,Battery industrial Maintenance,0,03/27/2024 12:00 AM,Miguel Diaz - 03/28/24  8:45:54 AM: Closing work order One battery cell was replaced battery should be covered under warranty its only been 14 months since the purchase on 1-5-23 | Primo Uy - 03/27/24  2:20:21 PM: FYI. The Battery just arrived and installed. Stacker is now working. | Miguel Diaz - 03/26/24  1:49:24 PM: Battery was just picked up vendor advised they will bring it back this week repaired. | Miguel Diaz - 03/25/24 11:59:22 AM: Troubleshoot and Found the battery with one bad cell Advised the vendor to pick up the battery waiting for the response and pick up date .,[]
32,EQ ID 32,Stacker # 18,Shipping,12702,08/07/2024,"5. Prod Ongoing, Maint Required",Operator advised lift does not move sometimes .,Closed and Completed,557.48,4,Raymond tech,0,08/07/2024 12:00 AM,"Miguel Diaz - 08/30/24  6:24:51 AM: Tech advised he CONTINUOUSLY TESTED UNIT AND WAS
ABLE TO GET UNIT TO DUPLICATE SYMPTOM.TROUBLESHOT UNIT AND NOTICED
DIRECTIONAL CONTACTOR IS BINDING.DISASSEMBLED THE CONTACTOR
ASSEMBLY,REMOVED DUST AND DEBRIS FROM THE PLUNGER..CLEANED
CONTACTOR TIPS,REASSEMBLED THE CONTACTOR ASSEMBLY AND TESTED
UNIT.UNIT TEST GOOD. | Miguel Diaz - 08/08/24  7:48:22 AM: I looked at the unit and verified that the foot pedal is activating .I think its the contactors for forward and reverse .Raymond tech was here for another ticket and I asked him to give it a once over he advised he found something with the contactors and made the adjustment .
Work order will stay open till final cost is in .",[]
32,EQ ID 32,Stacker # 18,Shipping,13981,12/05/2024,"5. Prod Ongoing, Maint Required",Leaking fluid more than usual.,Closed Without Action,0,0.5,Md,0,12/11/2024 12:00 AM,"Miguel Diaz - 12/11/24 10:45:27 AM: Lift is no longer leaking more than usual reported by operator .
I did not find any visible leaks but did find accumulation oil all over the frame wiped all excess oil from stacker | Miguel Diaz - 12/09/24 11:45:25 AM: Unit can be used if it drips during use then it cannot . | Miguel Diaz - 12/06/24  6:37:33 AM: Wiped all excess fluid from the frame body on the bottom  looks like the center cylinder may be leaking .This is not new the lift was taken to the shop not long ago  but the cost was too much to repair . Raymond tech did fix some of the leaks but it now has gotten worse .Will wait for Raymond tech to advise .This unit may need to be scrapped .",[]
32,EQ ID 32,Stacker # 18,Shipping,14160,12/18/2024,"5. Prod Ongoing, Maint Required",Operator advised key tumbler is coming out with the key in it .,Closed and Completed,112.68,0.7,Mike d,0,01/02/2025 12:00 AM,Miguel Diaz - 01/02/25  8:51:25 AM: Removed and replaced ignition switch .Unit has been given back . | Miguel Diaz - 12/19/24 12:55:22 PM: Stacker is working ordered replacement switch keylock Part# RAY 1020341/002 A190701B from Raymond .Open attachment to view sales order if needed .,"[{""name"": ""R18 Switch keylock 12-18-24.pdf"", ""url"": ""https://circaweb.bobrick.com/PME/Forms/DownloadAttachment/705?guid=ed5ae41a-86f0-4107-b9bb-f8570ecbef5f""}]"
32,EQ ID 32,Stacker # 18,Shipping,16314,07/08/2025,6. General Maint,Hi Team - I was just notified we have one of our forklifts that is leaking oil. Do you have an ETA as to when we will get this serviced? Pictures attached.,Closed Without Action,0,0,Maint,0,07/25/2025 12:00 AM,Primo Uy - 07/25/25  1:10:04 PM: If this was for the T4. this Work order has already been taking care off on the previous request (Duplicate) closing without action. Waiting for the vendors give the total cost before we can close the order.,"[{""name"": ""18 forklift 2.jpg"", ""url"": ""https://circaweb.bobrick.com/PME/Forms/DownloadAttachment/796?guid=bc1e99a5-fa61-41c5-a034-29458b9eb959""}, {""name"": ""18 forklift.jpg"", ""url"": ""https://circaweb.bobrick.com/PME/Forms/DownloadAttachment/797?guid=bc1e99a5-fa61-41c5-a034-29458b9eb959""}]"
32,EQ ID 32,Stacker # 18,Shipping,15628,05/05/2025,4. Prod Continuing but Affected Equipment stopped,The forklift will not steer.,Closed Without Action,0,0,wayne,0,10/31/2025 12:00 AM,"Wayne Wayland - 10/31/25  3:11:15 PM: Forklift was scrapped. | Gabriel Shinobi - 05/07/25  9:25:07 AM: was advised by Raymond West tech. steering shaft in bad condition will need replacing, parts might be discontinued | Gabriel Shinobi - 05/05/25  2:48:06 PM: submitted ticket with Raymond West to have tech come out and take a look at stacker",[]
1167,EQ ID 1167,#20 Jungheinrich ETV 318 Hi Reach Forklift,Shipping,1030,04/05/2022,"3. Prod Affected, Not Stopped",Operator advised while driver the lift the power cut out while driving .Found unit with broken battery terminal called Equipment depot to send out there battery company waiting for ETA .Unit is parked in the rear or Maint dep .,Closed and Completed,195.84,2,Bart Mike Industrial battery Engineering,32,04/13/2022 12:00 AM,Miguel Diaz - 04/18/22 10:33:45 AM: Closing pm cost is in . | Miguel Diaz - 04/13/22 12:43:36 PM: Industrial battery tech showed up this morning and repaired the broken post .Work order will stay open till final cost is in for the repair .Waiting to get a  cost for a new battery in case we may need it sometime .Open the attachment to view the repair . | Miguel Diaz - 04/12/22  9:33:30 AM: We cancelled with Equipment depot and Industrial battery engineering will be here tomorrow morning to make the repairs on the battery post onsite . | Miguel Diaz - 04/11/22 11:14:11 AM: Equipment depot vendor battery company had a clerical error and have us on the schedule for Thursday and not today . We Called our local vendor battery industrial engineering  they advised they can fix the issue on site waiting for a call back .Meanwhile Bart soldered the battery post together lift is currently being used in shipping till we can get it repaired . | Miguel Diaz - 04/05/22 12:07:43 PM: Equipment depot advised that the battery company has us on the emergency appointment list  for now we are scheduled for Monday and meanwhile we are on the stand by list .,"[{""name"": ""Jung 20 battery post repair 4-13-22.jpg"", ""url"": ""https://circaweb.bobrick.com/PME/Forms/DownloadAttachment/7?guid=5b068123-3e97-4624-a1e8-3a49988ce82f""}]"
1167,EQ ID 1167,#20 Jungheinrich ETV 318 Hi Reach Forklift,Shipping,1867,07/07/2022,4. Prod Continuing but Affected Equipment stopped,Employee reported the fork camera is not working after changing both battery packs,Closed and Completed,5,2.1,Mike Bart,0,07/07/2022 12:00 AM,"Miguel Diaz - 07/07/22  9:29:41 AM: Tested both  battery packs both are good and tested @ 12 volts .Removed camera and found 2 broken wires .
Added a new cable hardness to the camera soldered them inside the camera instead of outside .Camera is now working properly .",[]
1167,EQ ID 1167,#20 Jungheinrich ETV 318 Hi Reach Forklift,Shipping,1915,07/13/2022,4. Prod Continuing but Affected Equipment stopped,Equipment depot tech advised drive tire needs to be replaced,Closed and Completed,1139.53,2,Equipment depot tech,0,07/11/2022 12:00 AM,Miguel Diaz - 07/13/22  3:25:15 PM: Tech replaced main drive tire .Attachment has cost .,"[{""name"": ""jung 20 repairs quote drive tire 6-22-22.pdf"", ""url"": ""https://circaweb.bobrick.com/PME/Forms/DownloadAttachment/70?guid=6780a4be-cff8-4c87-b8ac-5d0da564da42""}]"
1167,EQ ID 1167,#20 Jungheinrich ETV 318 Hi Reach Forklift,Shipping,1999,07/25/2022,"3. Prod Affected, Not Stopped",Operator advised lift horn does not work .,Closed and Completed,548.46,2,Equipment depot tech,0,08/01/2022 12:00 AM,"Miguel Diaz - 08/01/22  8:10:51 AM: Cost is in .receipt attached if needed | Miguel Diaz - 07/26/22 12:53:47 PM: Tech showed up luckily he had a replacement in his truck horn is back up .Work order will stay open till final cost is in .
Side note Horn is located under the seat hydraulic cover . | Miguel Diaz - 07/25/22  9:05:25 AM: Troubleshoot checked known fuses found nothing wrong could not locate horn .Called Equipment depot for service .","[{""name"": ""J20 horn replacement 7-26-22.pdf"", ""url"": ""https://circaweb.bobrick.com/PME/Forms/DownloadAttachment/86?guid=12d21228-8454-427f-8475-be69f27b2df9""}]"
1167,EQ ID 1167,#20 Jungheinrich ETV 318 Hi Reach Forklift,Shipping,2470,09/30/2022,"3. Prod Affected, Not Stopped","Camera not working, please review and resolve...",Closed and Completed,0,1,Mike D,0,10/03/2022 12:00 AM,Miguel Diaz - 10/03/22  8:57:26 AM: Found cables ripped re -wired the cables camera is back up .,[]
1167,EQ ID 1167,#20 Jungheinrich ETV 318 Hi Reach Forklift,Shipping,4006,11/10/2022,"5. Prod Ongoing, Maint Required",Battery is giving the shop issues cells continue to lift up and lift dies per employee .,Closed and Completed,9344.97,1.5,Mike,0,01/16/2023 12:00 AM,"Miguel Diaz - 01/16/23 11:54:51 AM: Ordered replacement battery 11-10-22 it just arrived today .LA00043652
replaced battery with new one from IBEI Part # 24-125N-11",[]
1167,EQ ID 1167,#20 Jungheinrich ETV 318 Hi Reach Forklift,Shipping,6790,08/10/2023,"3. Prod Affected, Not Stopped",Please check the right front wheel. Making noise when driving forward.,Closed and Completed,0,0.5,Mike D,0,08/10/2023 12:00 AM,Miguel Diaz - 08/10/23  1:08:04 PM: Found rubber piece from the wheel hitting the metal housing removed chuck that was sticking out causing the issue tire is still not an issue for replacement .,[]
1167,EQ ID 1167,#20 Jungheinrich ETV 318 Hi Reach Forklift,Shipping,7041,08/28/2023,2. General Maint - High Priority,Driver advised pallet can be removed camera looks to be dangling,Closed and Completed,10,1,Mike max,0,08/28/2023 12:00 AM,Miguel Diaz - 08/28/23  2:01:08 PM: Found Fork camera mounted with a broken bolt removed broken bolt and found the wires also broken .Repairs wires and remounted everything back .,[]
1167,EQ ID 1167,#20 Jungheinrich ETV 318 Hi Reach Forklift,Shipping,7944,11/02/2023,"5. Prod Ongoing, Maint Required",I was advised the camera on the high-reach  was hit somehow when getting a crate or pallet and was handed the camera .,Closed and Completed,25,2,Max Mike,0,11/07/2023 12:00 AM,"Miguel Diaz - 11/07/23  1:57:31 PM: Maintenance had to replace damaged wires inside and outside the camera along with removing the broken mount screws inside the fork that broke inside .
Camera is back on the unit and working properly . for camera set up 1.",[]
1167,EQ ID 1167,#20 Jungheinrich ETV 318 Hi Reach Forklift,Shipping,8168,11/28/2023,2. General Maint - High Priority,It loses power throughout the day. Please check.,Closed and Completed,0,1,Mike Max IBE,0,12/05/2023 12:00 AM,"Miguel Diaz - 12/05/23  9:52:20 AM: IBE vendor returned with our battery they replaced cell #18 .Unit Battery is back to 100 % shop tested .No cost Battery is still covered under warranty . | Miguel Diaz - 12/04/23  1:43:15 PM: Vendor picked up the battery to replace the battery cell at their shop they should be bringing it back sometime tomorrow . | Miguel Diaz - 11/30/23 10:58:36 AM: Lead just advised the unit just lost battery voltage again .I called the battery company and the owner helped me troubleshoot over the phone I checked each cell and found one bad cell with 0 voltage .He advised he will start making the one cell at his shop when he has it ready he will let me know then he will come and pick up the battery and replace the cell at his shop and return the battery the next day this way we are not down with out the lift for 
 more than a day .Please continue to charge the lift as needed till we can replace the cell . | Miguel Diaz - 11/28/23  1:53:55 PM: Found that the charger is not working in equalize mode because it was disconnected from the inside .Connected the ribbon and asked the operator to run the equalize function tonight this should equalize all battery cells eliminating this problem .Operators need to equalize all batteries every Friday's to  maintain battery longevity.",[]
1167,EQ ID 1167,#20 Jungheinrich ETV 318 Hi Reach Forklift,Shipping,9294,12/11/2023,2. General Maint - High Priority,camera is loose need it repaired ASAP.,Closed and Completed,0,1,Max,0,12/11/2023 09:00 AM,Maksim Bushka - 12/11/23  9:12:48 AM: removed the broken screw and replaced,[]
1167,EQ ID 1167,#20 Jungheinrich ETV 318 Hi Reach Forklift,Shipping,9588,01/09/2024,6. General Maint,Equipment depot tech pointed out that the seat belt on this unit is not retracting and it should be fully working .Unit can still be used and seat belt worn but seatbelt needs to be replaced asap .,Closed and Completed,470,1.5,Max,0,01/12/2024 12:00 AM,Miguel Diaz - 01/18/24  6:57:02 AM: Replaced seatbelt OEM part | Miguel Diaz - 01/09/24 11:52:05 AM: An order has been placed for a seatbelt with Equipment depot .,[]
1167,EQ ID 1167,#20 Jungheinrich ETV 318 Hi Reach Forklift,Shipping,12860,08/24/2024,6. General Maint,The camera is not currently working on the high reach.,Closed and Completed,0,1,Mike Max,0,09/03/2024 12:00 AM,Miguel Diaz - 09/03/24 11:12:14 AM: Camera is working again .When needed you must click on the remote for button 1 and camera will pop back up .It times out after a while . | Miguel Diaz - 08/27/24  9:14:40 AM: Working on it troubleshoot yesterday and could not find the issue all wires are good .We will keep looking if we cannot repair a new one will need to be purchased .,[]
1167,EQ ID 1167,#20 Jungheinrich ETV 318 Hi Reach Forklift,Shipping,15474,04/23/2025,"3. Prod Affected, Not Stopped",Please check battery. It seems to lose power quickly throughout the day.,Closed and Completed,0,0,PU,0,04/23/2025 12:00 AM,"Gabriel Shinobi - 05/20/25  1:19:50 PM: Tech picked up battery today around 10am. should return around the same time tomorrow. | Gabriel Shinobi - 05/08/25  6:57:30 AM: Tech came to check, found one cell bad, will need to return to take cell to fix. should finish within a day, waiting on Al and Wayne to let me know what day is best to shut down lift and have tech replace bad cell. waiting on quote from tech as well. | Primo Uy - 04/23/25  1:03:42 PM: We will try to contact the Jungheinnrich tech to come in and check the battery.
Operator mentioned that the machine with a full charge will last up to 2 days only compare to a 5 days per charge before.",[]
1167,EQ ID 1167,#20 Jungheinrich ETV 318 Hi Reach Forklift,Shipping,17486,10/27/2025,6. General Maint,Camera not working on High-Reach,Closed and Completed,0,1,"Shinobi, Raymond Tech",0,10/27/2025 07:00 PM,"Gabriel Shinobi - 04/30/26  8:24:55 AM: Camera to be replaced on monday by Raymond Tech. | Gabriel Shinobi - 11/12/25  8:35:00 AM: removed camera, will be ordering replacement camera. | Maksim Bushka - 10/27/25  6:50:52 PM: Checked up and tighten the mounting scrolls. checked up wiring still not working.",[]
1167,EQ ID 1167,#20 Jungheinrich ETV 318 Hi Reach Forklift,Shipping,17141,10/06/2025,"5. Prod Ongoing, Maint Required",Leaking oil.,Closed and Completed,0,0.2,Raymond Tech,0,11/10/2025 07:00 AM,"Gabriel Shinobi - 11/12/25  8:35:41 AM: no leak found, will close work order",[]
1169,EQ ID 1169,#22 Jungheinrich VNA Forklift,Shipping,20281,08/06/2026,2. General Maint - High Priority,High reach arm not working and machine stuck in aisle A/B. Not moving due to broken arm.,Pending,0,0,,0,,"Gabriel Shinobi - 08/13/26  7:58:24 AM: Tech, ordered part, waiting on tech to return",[]
1169,EQ ID 1169,#22 Jungheinrich VNA Forklift,Shipping,1722,06/17/2022,4. Prod Continuing but Affected Equipment stopped,Employee advised he was stuck on the unit up in the air  for several minutes .,Closed and Completed,1789.77,4.5,Juan Aceves from Equipment depot,0,06/23/2022 12:00 AM,Miguel Diaz - 06/23/22  2:48:15 PM: Tech was here this morning and replaced the switches for the forks machine is now working properly .See  attachment to view tech notes if needed . | Miguel Diaz - 06/21/22 12:21:16 PM: Equipment depot tech found that the button for switching the forks left to right or right to left is what's causing the issues with code I4917 they have to replace the trio button. For now they are re-teaching it they will order the part and will come back to replace it and re-teach it again . | Miguel Diaz - 06/21/22  7:50:38 AM: Gustavo with Equipment depot is here now doing maintenance for all 3 units he will also look at history for unit 22 and  troubleshoot the issue that operator reported . | Miguel Diaz - 06/20/22 10:07:55 AM: Operator  advised he shut it off then turned it back on to get it to work  then lowered himself back down .Fault code I 4917 . .Fault code i 4917 says possible cause is a push button was  pre selected and pressed during power up test .Action Do not press the push button function .If pressed switch truck off and on again . Equipment depot has been called in for service .No ETA was given .,"[{""name"": ""Jung 22 repairs 6-23-22 invoice.pdf"", ""url"": ""https://circaweb.bobrick.com/PME/Forms/DownloadAttachment/62?guid=7b3a06d2-a253-46b1-a9b6-37860f63bde4""}]"
1169,EQ ID 1169,#22 Jungheinrich VNA Forklift,Shipping,1988,07/22/2022,4. Prod Continuing but Affected Equipment stopped,Found broken gas spring that belongs to the right side of the unit that helps the lift arms up or down .,Closed and Completed,40,0.7,Mike,0,07/22/2022 12:00 AM,Miguel Diaz - 07/22/22  9:54:05 AM: Found this issue weeks ago just received the part Yesterday  .Gas spring has been replaced .,[]
1169,EQ ID 1169,#22 Jungheinrich VNA Forklift,Shipping,1998,07/25/2022,"3. Prod Affected, Not Stopped",Unit does not come off Turtle mode im calling Equipment depot for service i@ 8am .Operators are pointing to the battery i checked the voltage its at 80 volts where it should be .,Closed and Completed,0,0.5,Mike diaz,0,07/25/2022 12:00 AM,Miguel Diaz - 07/25/22  8:10:03 AM: Lift has been repaired  on either side of the battery it has two metal holders they need to be down all the way if not the light will not turn ON and stay in turtle mode made adjustment unit is working properly in Rabbit mode .,[]
1169,EQ ID 1169,#22 Jungheinrich VNA Forklift,Shipping,1893,07/11/2022,4. Prod Continuing but Affected Equipment stopped,Found unit 22 battery post smoking when trying to refill battery cells this morning .,Closed and Completed,15100,2.5,Mike -Industrial battery tech,0,09/16/2022 12:00 AM,"Miguel Diaz - 09/16/22 10:34:44 AM: Battery has been replaced with a new one .Closing PO rec Ship 072022 LA00040151 | Miguel Diaz - 07/21/22  1:57:04 PM: Temporary battery just came in driver and I loaded it on the unit #22 and Drove the unit in .New battery will arrive in 4 weeks . | Miguel Diaz - 07/21/22  7:00:01 AM: Update : Quotes are attached .Battery has been approved by management .
IBE Inspected battery and found it to be at the end of its useful life.
Full five year warranty.
We will swap out cells in your old battery as needed to enable usage of old battery until new battery is
delivered. We will deliver the old battery to you as a loaner by noon, July 21st.
New battery lead time will be about four weeks. | Miguel Diaz - 07/18/22 11:19:13 AM: Called the battery vendor Industrial battery engineering owner advised the battery needs to be replaced he suggest we use the casing but replace all the insides which will save us money and save us lead time to get it back .They will be sending a quote . | Miguel Diaz - 07/11/22 11:32:46 AM: Driver stopped by and picked up the battery they will review and advise the findings . | Miguel Diaz - 07/11/22  9:28:37 AM: Industrial battery engineering will be sending a driver to pick up the battery for review they will advise if the cell can be repaired or the full battery may need to be replaced .They advised if its smoking then the cell has a short inside the cell nothing can be done to stop it at the field they suggest we place the unit outside currently the unit is outside . | Miguel Diaz - 07/11/22  8:05:32 AM: Lift cannot be used till battery company shows up and advises what needs to be done to fix it or replace it .","[{""name"": ""Jung 22 battery quote 7-20-22 3.pdf"", ""url"": ""https://circaweb.bobrick.com/PME/Forms/DownloadAttachment/76?guid=21b32e4d-94b2-4068-857a-44b7b9ab5aba""}, {""name"": ""Jung 22 battery quote 7-19-22 2.pdf"", ""url"": ""https://circaweb.bobrick.com/PME/Forms/DownloadAttachment/77?guid=21b32e4d-94b2-4068-857a-44b7b9ab5aba""}]"
1169,EQ ID 1169,#22 Jungheinrich VNA Forklift,Shipping,3372,11/29/2022,2. General Maint - High Priority,Shipping advised VNA for Jung 22 was accidently hit and glass shattered .,Closed and Completed,1142.37,2.5,Mike Maksim,0,12/13/2022 12:00 AM,"Miguel Diaz - 12/13/22 10:16:45 AM: Replacement arrived and has been replaced .
Parts Needed ,
CT51046628 Pane protect QTY1
CT51640404 Ring Seal  QTY 4
CT5015364 Tape rubber QTY 3 | Miguel Diaz - 11/29/22 11:45:04 AM: Removed all broken glass and placed a plexiglass temporary so the department can continue to use the lift .Open the attachment to view pictures if needed .Will reach out to Equipment depot for a quote on a replacement .","[{""name"": ""jung 22 broke glass 1.jpg"", ""url"": ""https://circaweb.bobrick.com/PME/Forms/DownloadAttachment/171?guid=1a0ef758-edf0-4151-ac49-85b5dc38c7b0""}, {""name"": ""jung 22 broke glass 2.jpg"", ""url"": ""https://circaweb.bobrick.com/PME/Forms/DownloadAttachment/172?guid=1a0ef758-edf0-4151-ac49-85b5dc38c7b0""}]"
1169,EQ ID 1169,#22 Jungheinrich VNA Forklift,Shipping,6953,08/22/2023,2. General Maint - High Priority,Erik Beltran reported that the VNA arm on the left side is not working a bolt seems to have fallen off. The arm will not close correctly,Closed and Completed,1,0.4,Mike Max,0,08/22/2023 12:00 AM,Miguel Diaz - 08/23/23  6:28:13 AM: This request was fixed yesterday pin that holds all three arms together wiggled loose making them independent .Re-insert the pin and replaced the missing e-clip .,[]
1169,EQ ID 1169,#22 Jungheinrich VNA Forklift,Shipping,7149,09/08/2023,"5. Prod Ongoing, Maint Required",The horn is not working safety hazard needed to operate equipment.,Closed and Completed,90,0.5,Max Mike D,0,09/08/2023 12:30 PM,"Miguel Diaz - 09/11/23  9:15:02 AM: Found horn not working replaced horn with spare we had in house .
Unit horn is working | Maksim Bushka - 09/08/23 12:45:44 PM: Open the back cover and checked up probably need to order new horn.",[]
1169,EQ ID 1169,#22 Jungheinrich VNA Forklift,Shipping,13410,10/15/2024,"5. Prod Ongoing, Maint Required",Please check loose parts that fell off.,Closed and Completed,1838.45,2,Equipment Depot,32,10/28/2024 12:00 AM,Miguel Diaz - 10/28/24 10:59:59 AM: Cost is in .Closing work order . | Miguel Diaz - 10/24/24 11:34:26 AM: Cable track has been replaced .I requested that the tech leave the un broken parts behind so in the future we can try and repair it ourselves if needed .Unit is back  online work order will stay open till final cost is in . | Miguel Diaz - 10/17/24  7:31:09 AM: Tech showed up yesterday and doubled check what parts needs to be ordered after telling them not to show up unless they have the part.I was advised part has been ordered no ETA given . | Miguel Diaz - 10/15/24 12:14:24 PM: Cable track broke and fork got stuck .Reached out to Equipment Depot dispatch and advised what part needs to be ordered .When received they will come out and replace the track .,[]
1169,EQ ID 1169,#22 Jungheinrich VNA Forklift,Shipping,18442,02/11/2026,"5. Prod Ongoing, Maint Required",The horn does not work.,Closed and Completed,0,0,Shinobi,0,02/16/2026 08:00 AM,Gabriel Shinobi - 02/16/26  8:01:31 AM: closing as there is another work order open for this issue,[]
1169,EQ ID 1169,#22 Jungheinrich VNA Forklift,Shipping,18443,02/11/2026,2. General Maint - High Priority,"Horn on VNA is not working. Please check ASAP, thanks!",Closed and Completed,0,1.5,Equipment Depot Tech,0,02/27/2026 10:00 AM,"Gabriel Shinobi - 02/28/26  7:03:55 AM: Tech repaired horn, working normally",[]
1170,EQ ID 1170,#21 Jungheinrich VNA Forklift,Shipping,1413,05/17/2022,"3. Prod Affected, Not Stopped","One of the pins that links the gate arms to the cabin of this lift has popped out.  When you lift the top gate arm, the other ones do not lift.  The lift will not operate if the gate arms are not in the right position.  For now, we are using the other gate to enter and exit the cabin.  The pin is on my desk and needs to be replaced.  The pin's retaining ring is missing.",Closed and Completed,0,1,Mike Bart,0,05/18/2022 12:00 AM,Miguel Diaz - 05/18/22  7:46:13 AM: Found broken bolt that holds the cylinder and gate arm from slamming down .Replaced broken bolt and Replaced the missing E-clip that holds the top arm together .Right side gate arm is working properly .,[]
1170,EQ ID 1170,#21 Jungheinrich VNA Forklift,Shipping,2274,06/22/2022,4. Prod Continuing but Affected Equipment stopped,Tech provided a service estimate to re-seal the secondary lift cylinder and replace two hoses .Management approved the repairs scheduled service date was scheduled for 8-29-22,Closed and Completed,1896.1,6,Equipment depot techs,0,09/15/2022 12:00 AM,Miguel Diaz - 09/20/22  8:58:03 AM: Cylinder seal has been replaced Open attachment  to view tech notes if needed | Miguel Diaz - 08/29/22  9:54:10 AM: Techs showed up and advised the parts they gave them is the wrong part for the job .Future date will be scheduled when they receive the correct part,"[{""name"": ""Jung 21 seal replace invoice 9-15-22.pdf"", ""url"": ""https://circaweb.bobrick.com/PME/Forms/DownloadAttachment/111?guid=42f8188c-2852-4ead-88c2-504f9b5f4862""}]"
1170,EQ ID 1170,#21 Jungheinrich VNA Forklift,Shipping,10532,02/22/2024,2. General Maint - High Priority,VNA #21 displaying error code E1123,Closed and Completed,3961.72,6,Equipment depot,0,02/29/2024 12:00 AM,"Miguel Diaz - 03/07/24  7:15:34 AM: Cost is in to closeout this work order .Open attachment to view tech notes if needed. | Miguel Diaz - 03/04/24  7:39:46 AM: Equipment depot tech replaced the covers  to the wheels he advised the covers had dents and was caved in  this was the issue causing the error codes .Work order will stay open till final cost is in .Open attachments to view pictures if needed . | Miguel Diaz - 02/28/24 10:28:49 AM: Part was delayed again tech will be here tomorrow when the part arrives . | Miguel Diaz - 02/27/24  8:06:35 AM: Equipment depot tech just called and advised UPS lost one of the parts  needed to fix the issue He advised they will overnight the new part over and tech should receive by 10 am tomorrow he will be in tomorrow when he receives the part .
Below are old notes 
The technician report was the wheel magnet and wheel cover must be replace. He already orders the parts, overnight. ETA will be next week, Tuesday. Technician said we can still use the VNA 21 AS IS for now but i suggest not to, just to prevent any unsafe situation and creating more damage to the VNA.
Note: Error Code: E0701 & E0126.
PRIMO UY - 02/23/24 7:54:15 AM:
Technician is here and its checking VNA#21 now.
MIGUEL DIAZ - 02/22/24 1:35:37 PM:
Called equipment depot for a service call they will be here tomorrow .E1123 should be a micro switch in the wheel or braking system .","[{""name"": ""cover1.jpg"", ""url"": ""https://circaweb.bobrick.com/PME/Forms/DownloadAttachment/546?guid=c7ded675-0cd2-4f30-ae1a-b413a6299eb1""}, {""name"": ""cover3.jpg"", ""url"": ""https://circaweb.bobrick.com/PME/Forms/DownloadAttachment/547?guid=c7ded675-0cd2-4f30-ae1a-b413a6299eb1""}, {""name"": ""cover2.jpg"", ""url"": ""https://circaweb.bobrick.com/PME/Forms/DownloadAttachment/548?guid=c7ded675-0cd2-4f30-ae1a-b413a6299eb1""}, {""name"": ""Jung 21 repair code E1123 2-22-24.pdf"", ""url"": ""https://circaweb.bobrick.com/PME/Forms/DownloadAttachment/550?guid=c7ded675-0cd2-4f30-ae1a-b413a6299eb1""}]"
1170,EQ ID 1170,#21 Jungheinrich VNA Forklift,Shipping,10695,03/11/2024,2. General Maint - High Priority,VNA # 21 door handle is broke or not working properly.,Closed and Completed,0,0.4,Mike d,0,03/11/2024 12:00 AM,Miguel Diaz - 03/11/24 11:42:55 AM: Found missing hardware replaced missing hardware door is working properly,[]
1170,EQ ID 1170,#21 Jungheinrich VNA Forklift,Shipping,11860,05/29/2024,"5. Prod Ongoing, Maint Required",Please check the right-side entre handle. It appears to be broken.,Closed and Completed,0,0.5,Mike d,0,05/30/2024 12:00 AM,Miguel Diaz - 05/30/24 10:17:05 AM: Top arm has the pin missing and is disconnected from the other two replaced pin arm is working properly .,[]
1170,EQ ID 1170,#21 Jungheinrich VNA Forklift,Shipping,12049,06/10/2024,"5. Prod Ongoing, Maint Required","Forklift # 21 is not working properly. Running sluggish, and forks do not swing freely/get stuck half way.",Closed and Completed,1427.64,3,Equipment depot,0,07/10/2024 12:00 AM,"Miguel Diaz - 07/10/24 12:49:44 PM: Cost is in . | Miguel Diaz - 06/17/24  8:44:22 AM: Tech had to pick up the cable track at UPS because of a shipping mix up he showed up and replaced the Cable track and made sure all is working properly .Unit is back up and running .Work order will stay open till final cost is in . | Miguel Diaz - 06/11/24  6:12:56 AM: Equipment depot tech stopped by yesterday and advised the cable track needs to be replaced the full track it should arrive today if not today then Thursday he advised . | Miguel Diaz - 06/10/24 10:43:59 AM: Leadsman pointed out that the fork apparatus has its hose track broken .Found several broken and the sensor bent downward .I was able to remove all broken links .Equipment depot has been called in for service .
They will be here today by noon .",[]
1170,EQ ID 1170,#21 Jungheinrich VNA Forklift,Shipping,11517,05/03/2024,2. General Maint - High Priority,Battery for the unit is not in good shape and is pushing on 10 years of service .It needs to be replaced before it fails .,Closed and Completed,15808.28,1,Industrial battery /Mike,0,07/24/2024 12:00 AM,"Miguel Diaz - 07/24/24 10:09:33 AM: Battery returned just now and is back on the Jungheinrich #21.Warranty 5 years | Miguel Diaz - 07/15/24 11:19:14 AM: Battery was picked up this morning .
They advised a two week turnaround to bring it back . | Miguel Diaz - 07/01/24  9:17:15 AM: Industrial battery advised they just completed the cells Shipping requested the battery be picked up on Mon 7-15-24 .Note the unit J21  will be down the full week in order for them to remove the old cells and place the new cells in the battery case . | Miguel Diaz - 05/04/24  7:26:28 AM: New Industrial battery has been purchased  Part # 40-125N-11 .The vendor will have to use the case on the battery this will put the unit down for 5 days .
The original lead time was 15 days but they will make the battery cells when that is done they will come pick up the battery gut it and assemble the new battery .",[]
1170,EQ ID 1170,#21 Jungheinrich VNA Forklift,Shipping,14703,02/17/2025,2. General Maint - High Priority,Lead advised unit is not working properly and stuck on turtle mode its showing code E1123,Closed and Completed,1886.84,4,Equipment Depot,0,02/27/2025 12:00 AM,Miguel Diaz - 02/27/25  1:18:13 PM: Closing work order cost is in .Open attachment to view service invoice  if needed . | Miguel Diaz - 02/25/25  6:42:23 AM: Tech replaced the micro switch in the wheel work order will stay open till final cost is in . | Miguel Diaz - 02/17/25 12:39:53 PM: Tech stopped by and troubleshoot what the issue is he advised its a micro switch inside the wheel right side .He advised he has to find the tool to remove the brake no ETA for the part /repairs . | Miguel Diaz - 02/17/25  9:20:56 AM: Unit has been parked and locked out for service Equipment depot has been called and waiting for tech to come out no ETA given .,"[{""name"": ""Jung 21 repair cost for code E1123 on 2-17-25.pdf"", ""url"": ""https://circaweb.bobrick.com/PME/Forms/DownloadAttachment/732?guid=ba5c0952-519c-46f8-b624-fffaf0141d6a""}]"
1170,EQ ID 1170,#21 Jungheinrich VNA Forklift,Shipping,16487,07/24/2025,"3. Prod Affected, Not Stopped",The front windshield broke. Please check.,Closed and Completed,0,1,Max/ Equipment Depot. Tech,0,07/24/2025 12:00 AM,"Primo Uy - 08/11/25 12:27:17 PM: Done. Windshield  replaced. | Primo Uy - 08/05/25  2:21:41 PM: 8/05/25 Update: Equipment Depot Tech will be here tomorrow (ETA) to install the windshield. | Primo Uy - 07/25/25  2:13:10 PM: Equipment depot just calls back. New Schedule for the Tech to come over will be on Monday Morning, 7/28/25. | Primo Uy - 07/25/25  1:04:00 PM: Update: 7/25/25
Tech call in sick but i ask the Equipment depot if they can still have someone to come in this afternoon. .
They said they will call back and let us know. | Primo Uy - 07/24/25  3:05:06 PM: Service tech will be here tomorrow morning to check the Forklift.",[]
1170,EQ ID 1170,#21 Jungheinrich VNA Forklift,Shipping,16489,07/24/2025,6. General Maint,Can we please replace the broken windshield on the VNA? Thank you!,Closed Without Action,0,0,Maint,0,07/24/2025 12:00 AM,Primo Uy - 07/24/25  3:01:38 PM: An earlier same request was already taking care off. Tech will be here to replace the windshield.,[]
1170,EQ ID 1170,#21 Jungheinrich VNA Forklift,Shipping,18180,01/13/2026,4. Prod Continuing but Affected Equipment stopped,Keeps shutting off when operating.,Closed and Completed,0,8,Industrial Battery Eng / Primo,0,02/20/2026 12:00 AM,"Primo Uy - 02/20/26 12:24:18 PM: Industrial Battery delivered the battery and help the tech to installed. High reach, Jungheneinrich  is now working after test run and was accepted as received in good conditioned (battery). | Gabriel Shinobi - 02/05/26  1:10:07 PM: battery picked up, techs to replace two bad cells | Gabriel Shinobi - 02/02/26 11:26:49 AM: Per Battery techs, they will pick it up today for service | Gabriel Shinobi - 01/20/26  7:13:34 AM: Per tech cell 1 and 16 bad, he is checking and waiting to see if they are still under warranty. waiting on tech to update | Gabriel Shinobi - 01/15/26  7:01:01 AM: waiting on tech report, possibly bad battery. | Gabriel Shinobi - 01/13/26  4:21:11 PM: reached out to tech service, should be in 1/14/26",[]
,,,Shipping,19933,06/23/2026,6. General Maint,Anyway we can steamclean the floors in Shipping? I heard we have the machine?,Pending,0,0,,0,,,[]
,,,Shipping,20280,08/06/2026,6. General Maint,Replace burnt out light bulb in the shipping breakroom.,Pending,0,0,,0,,,[]
,,,Shipping,18396,02/06/2026,6. General Maint,"The dock lights are not working properly. No matter if the bay door is down with the ramp up or if the ramp is down, the light is blinking green. See attached for images.",Pending,0,0,,0,,,"[{""name"": ""ramp down.png"", ""url"": ""https://circaweb.bobrick.com/PME/Forms/DownloadAttachment/899?guid=4cfa956c-1025-4c92-9045-568f725d8f70""}, {""name"": ""ramp up.png"", ""url"": ""https://circaweb.bobrick.com/PME/Forms/DownloadAttachment/900?guid=4cfa956c-1025-4c92-9045-568f725d8f70""}]"
,,,Shipping,18474,02/13/2026,6. General Maint,can we look into the lights in aisle 3/4. seems like they don't turn on in the AM,Pending,0,0,,0,,"Sean Jennings - 06/09/26  9:39:23 AM: Gabe, can you please take a look at this while you are doing the IT equipment swap? You will already be up there and all I want to confirm is if we can bypass the motion sensor on the lights in these bays | Sean Jennings - 02/17/26 10:46:12 AM: Please check to see if there is a toggle switch on the motion sensor for these lights. If there is a toggle switch, turn it off so that the lights are always on. All of the bays have the same lighting so it might be worth checking one of the other bays to see how they stay on all of the time. Bays 5 and 6 are also on motion sensor so if you can figure it out, do the same thing for these bays too. Thank you!",[]
