equipment_id,equipment_eq_id,equipment_name,department,wo_id,status,material_cost,labor_time,work_performed_by,assigned_to,downtime_hours,completed_datetime,comments,attachments,audit_item,due_date
5393,EQ ID 5393,Foam Soap Dispensers (at sinks),Maintenance,19884,Closed and Completed,0.00,0.00,"Colton, PU",,0.00,6/19/2026,,[],"• Remove Nozzle Tip with mesh screen and run under warm water.
     • To remove Nozzle Tip for cleaning, cover the Sensor area with
        your finger to prevent dispensing of soap. Turn Nozzle to the left to
        loosen. Rinse Nozzle under hot water to loosen any soap residue and
        replace. Turn Nozzle to the right to tighten
• Place hand under Nozzle Tip to be sure soap is properly dispensed
• Gently wipe the dispenser with a cloth moistened with warm water and a diluted
neutral detergent
• Clean area between Lid and Spout to keep Lid swing free of soap residue
• Flush the system when minimal amount of soap is left in the bottle
       • Open the top-fill door using the BobKey, rotate door clockwise
       • Fill the dispenser with warm water.
       • Press the Automatic Flush Button located on the bottom housing assembly, just
          above the Partition Control Knob.
       • Once unit is flushed, Press the Automatic Flush Button again to stop dispensing.
       • Fill unit with fresh soap.
• Place hand under Nozzle Tip to be sure soap is properly dispensed.

I found this information online (Advisory Bulletin). https://www.bobrick.com/wp-content/uploads/TB-99.pdf

NOTES:
Please be concerned with the traffic on the sink usage, PM will take about ten to twenty mins for each unit. Depending on the soap amount inside the container.
If possible, perform the PM partially to allow the traffic to use the other sink. 
To save soap, it's best to perform the PM when the soap is at low level. Maybe early morning or late afternoon.",6/17/2026
5390,EQ ID 5390,Office Chairs,Maintenance,20252,Pending,0.00,0.00,,Maintenance,0.00,,,[],"Check the condition of the office chair arm pads. This includes all of the chairs inside of the conference, training and offices. Replace the arm pads as needed.",9/4/2026
5390,EQ ID 5390,Office Chairs,Maintenance,19705,Pending,0.00,0.00,,Mechanic,0.00,,,[],"This includes all chairs in the building (open office, conference, office, training, lunch room, etc). 
ALL CHAIRS:
Check to make sure all hardware is tight 
Check to see if there are signs of any cracking on the structural frame
Check to make sure chairs are level (no rocking back and forth)
Check cleanliness (stains, tears, etc)
ROLLING CHAIRS:
Clean and check casters as needed
Make sure cylinder is working
Check the tilt and other functions
BREAK ROOM CHAIRS:
Check the chairs feet (they are level and they have glides)
Look for cracks or deforming",9/4/2026
5390,EQ ID 5390,Office Chairs,Maintenance,19439,Closed and Completed,0.00,0.30,Max,,0.00,6/3/2026,"Maksim Bushka - 06/04/26  1:06:16 PM: Scheduled Date: 05/29/2026
Parts Needed: NO
Parts Ordered: NO
Expected Delivery Date: N/A
General Notes: Checked out ok",[],"This includes all chairs in the building (open office, conference, office, training, lunch room, etc). 
ALL CHAIRS:
Check to make sure all hardware is tight 
Check to see if there are signs of any cracking on the structural frame
Check to make sure chairs are level (no rocking back and forth)
Check cleanliness (stains, tears, etc)
ROLLING CHAIRS:
Clean and check casters as needed
Make sure cylinder is working
Check the tilt and other functions
BREAK ROOM CHAIRS:
Check the chairs feet (they are level and they have glides)
Look for cracks or deforming",5/29/2026
5390,EQ ID 5390,Office Chairs,Maintenance,19438,Closed and Completed,0.00,0.30,Max,,0.00,6/3/2026,"Maksim Bushka - 06/04/26  1:04:43 PM: Scheduled Date: 05/29/2026
Parts Needed: NO
Parts Ordered: NO
Expected Delivery Date: N/A
General Notes: Checked up ok",[],"Check the condition of the office chair arm pads. This includes all of the chairs inside of the conference, training and offices. Replace the arm pads as needed.",5/29/2026
5390,EQ ID 5390,Office Chairs,Maintenance,19704,Closed and Completed,0.00,2.00,PU,,0.00,8/4/2026,"Primo Uy - 08/04/26  2:55:32 PM: Check all chairs conditions around offices.
Found 3 chairs need attention.
HR = Stuck up / not going down or up. Swivel rod come out. Clean the cylinder and apply DW40 on the shatf/wipe clean excess lube. Re-0installed Pivot rod and secured.
Credit = Leticia chair with damage right hand padding. Replaced.
VP Manufacturing =  right side Arm Pad need replacement.",[],"Check the condition of the office chair arm pads. This includes all of the chairs inside of the conference, training and offices. Replace the arm pads as needed.",7/4/2026
36,EQ ID 36,Air compressor 75 HP,Maintenance,29,Closed and Completed,0.00,0.50,mike,,0.00,4/7/2022,Miguel Diaz - 04/08/22  9:59:11 AM: checked unit all is working,[],"(1) Check Safety Devices (Red E-stop button)
(2) Check Separator Differ. Indicator (Listen for blow by)
(3) Check Sump Oil Level-Warm (Check gauge Arrow pointed towards the green)
(4) Check Air filter (make sure  unit is off  before checking filter)
Open side cover & remove and blow off. (Check for foreign matter)
(5) Check radiator. Make sure it's clean and blow off if needed .",4/18/2022
36,EQ ID 36,Air compressor 75 HP,Maintenance,2604,Closed and Completed,0.00,0.50,Gardner denver,,0.00,10/31/2022,Miguel Diaz - 11/07/22  7:33:40 AM: compressor was just serviced for an annual service,[],"(1) Check Safety Devices (Red E-stop button)
(2) Check Separator Differ. Indicator (Listen for blow by)
(3) Check Sump Oil Level-Warm (Check gauge Arrow pointed towards the green)
(4) Check Air filter (make sure  unit is off  before checking filter)
Open side cover & remove and blow off. (Check for foreign matter)
(5) Check radiator. Make sure it's clean and blow off if needed .",11/13/2022
36,EQ ID 36,Air compressor 75 HP,Maintenance,3134,Closed and Completed,0.00,0.40,md,,0.00,12/1/2022,"Miguel Diaz - 12/01/22  8:18:55 AM: checked e stop 
checked oil level when on 
removed and cleaned air filter",[],"(1) Check Safety Devices (Red E-stop button)
(2) Check Separator Differ. Indicator (Listen for blow by)
(3) Check Sump Oil Level-Warm (Check gauge Arrow pointed towards the green)
(4) Check Air filter (make sure  unit is off  before checking filter)
Open side cover & remove and blow off. (Check for foreign matter)
(5) Check radiator. Make sure it's clean and blow off if needed .",12/7/2022
36,EQ ID 36,Air compressor 75 HP,Maintenance,3387,Closed and Completed,0.00,0.50,mike,,0.00,1/2/2023,,[],"(1) Check Safety Devices (Red E-stop button)
(2) Check Separator Differ. Indicator (Listen for blow by)
(3) Check Sump Oil Level-Warm (Check gauge Arrow pointed towards the green)
(4) Check Air filter (make sure  unit is off  before checking filter)
Open side cover & remove and blow off. (Check for foreign matter)
(5) Check radiator. Make sure it's clean and blow off if needed .",1/1/2023
36,EQ ID 36,Air compressor 75 HP,Maintenance,3931,Closed and Completed,0.00,0.00,md,,0.00,1/23/2023,,[],"(1) Check Safety Devices (Red E-stop button)
(2) Check Separator Differ. Indicator (Listen for blow by)
(3) Check Sump Oil Level-Warm (Check gauge Arrow pointed towards the green)
(4) Check Air filter (make sure  unit is off  before checking filter)
Open side cover & remove and blow off. (Check for foreign matter)
(5) Check radiator. Make sure it's clean and blow off if needed .",2/12/2023
36,EQ ID 36,Air compressor 75 HP,Maintenance,4095,Closed and Completed,0.00,0.50,md,,0.00,2/10/2023,"Miguel Diaz - 02/10/23 11:24:21 AM: 1) Check Safety Devices (Red E-stop button)
(2) Check Separator Differ. Indicator (Listen for blow by)
(3) Check Sump Oil Level-Warm (Check gauge Arrow pointed towards the green)
(4) Check Air filter (make sure  unit is off  before checking filter)
Open side cover & remove and blow off. (Check for foreign matter)
(5) Check radiator. Make sure it's clean and blow off if needed .",[],"(1) Check Safety Devices (Red E-stop button)
(2) Check Separator Differ. Indicator (Listen for blow by)
(3) Check Sump Oil Level-Warm (Check gauge Arrow pointed towards the green)
(4) Check Air filter (make sure  unit is off  before checking filter)
Open side cover & remove and blow off. (Check for foreign matter)
(5) Check radiator. Make sure it's clean and blow off if needed .",2/23/2023
36,EQ ID 36,Air compressor 75 HP,Maintenance,4312,Closed and Completed,0.00,0.50,Mike ingersol rand tech,,0.00,2/16/2023,"Miguel Diaz - 02/20/23  9:13:36 AM: Tech replaced separator and did a rebuilt kit 
checked oil level 
air filter was cleaned",[],"(1) Check Safety Devices (Red E-stop button)
(2) Check Separator Differ. Indicator (Listen for blow by)
(3) Check Sump Oil Level-Warm (Check gauge Arrow pointed towards the green)
(4) Check Air filter (make sure  unit is off  before checking filter)
Open side cover & remove and blow off. (Check for foreign matter)
(5) Check radiator. Make sure it's clean and blow off if needed .",3/10/2023
36,EQ ID 36,Air compressor 75 HP,Maintenance,4482,Closed and Completed,0.00,0.50,Mike,,0.00,3/17/2023,"Miguel Diaz - 03/17/23 10:55:16 AM: 1) Check Safety Devices (Red E-stop button)
(2) Check Separator Differ. Indicator (Listen for blow by)
(3) Check Sump Oil Level-Warm (Check gauge Arrow pointed towards the green)
(4) Check Air filter (make sure  unit is off  before checking filter)
Open side cover & remove and blow off. (Check for foreign matter)
(5) Check radiator. Make sure it's clean and blow off if needed .
all working cleaned air filter",[],"(1) Check Safety Devices (Red E-stop button)
(2) Check Separator Differ. Indicator (Listen for blow by)
(3) Check Sump Oil Level-Warm (Check gauge Arrow pointed towards the green)
(4) Check Air filter (make sure  unit is off  before checking filter)
Open side cover & remove and blow off. (Check for foreign matter)
(5) Check radiator. Make sure it's clean and blow off if needed .",3/20/2023
36,EQ ID 36,Air compressor 75 HP,Maintenance,4873,Closed and Completed,30.00,1.00,Miguel & Max,,0.00,4/18/2023,Maksim Bushka - 04/18/23 10:04:29 AM: Check up all points. Cleaned up the filter and radiator. Added one quarts oil.,[],"(1) Check Safety Devices (Red E-stop button)
(2) Check Separator Differ. Indicator (Listen for blow by)
(3) Check Sump Oil Level-Warm (Check gauge Arrow pointed towards the green)
(4) Check Air filter (make sure  unit is off  before checking filter)
Open side cover & remove and blow off. (Check for foreign matter)
(5) Check radiator. Make sure it's clean and blow off if needed .",4/17/2023
36,EQ ID 36,Air compressor 75 HP,Maintenance,5360,Closed and Completed,0.00,0.00,mike,,0.00,5/10/2023,Miguel Diaz - 05/10/23 10:41:11 AM: This service was just done skipping this interval,[],"(1) Check Safety Devices (Red E-stop button)
(2) Check Separator Differ. Indicator (Listen for blow by)
(3) Check Sump Oil Level-Warm (Check gauge Arrow pointed towards the green)
(4) Check Air filter (make sure  unit is off  before checking filter)
Open side cover & remove and blow off. (Check for foreign matter)
(5) Check radiator. Make sure it's clean and blow off if needed .",5/18/2023
36,EQ ID 36,Air compressor 75 HP,Maintenance,5624,Closed and Completed,0.00,1.00,Max,,0.00,6/12/2023,Maksim Bushka - 06/12/23  8:35:30 AM: Checked up and cleaned up the filter and coil,[],"(1) Check Safety Devices (Red E-stop button)
(2) Check Separator Differ. Indicator (Listen for blow by)
(3) Check Sump Oil Level-Warm (Check gauge Arrow pointed towards the green)
(4) Check Air filter (make sure  unit is off  before checking filter)
Open side cover & remove and blow off. (Check for foreign matter)
(5) Check radiator. Make sure it's clean and blow off if needed .",6/10/2023
36,EQ ID 36,Air compressor 75 HP,Maintenance,5982,Closed and Completed,0.00,0.00,Max,,0.00,7/10/2023,Maksim Bushka - 07/10/23  8:36:28 AM: Serviced ok,[],"(1) Check Safety Devices (Red E-stop button)
(2) Check Separator Differ. Indicator (Listen for blow by)
(3) Check Sump Oil Level-Warm (Check gauge Arrow pointed towards the green)
(4) Check Air filter (make sure  unit is off  before checking filter)
Open side cover & remove and blow off. (Check for foreign matter)
(5) Check radiator. Make sure it's clean and blow off if needed .",7/12/2023
36,EQ ID 36,Air compressor 75 HP,Maintenance,6362,Closed and Completed,0.00,1.00,Max,,0.00,8/10/2023,Maksim Bushka - 08/10/23 10:33:21 AM: Serviced the compressor.,[],"(1) Check Safety Devices (Red E-stop button)
(2) Check Separator Differ. Indicator (Listen for blow by)
(3) Check Sump Oil Level-Warm (Check gauge Arrow pointed towards the green)
(4) Check Air filter (make sure  unit is off  before checking filter)
Open side cover & remove and blow off. (Check for foreign matter)
(5) Check radiator. Make sure it's clean and blow off if needed .",8/10/2023
36,EQ ID 36,Air compressor 75 HP,Maintenance,6784,Closed and Completed,50.00,1.00,Max,,0.00,9/7/2023,Maksim Bushka - 09/07/23 11:19:32 AM: Added oil around two quart.,[],"(1) Check Safety Devices (Red E-stop button)
(2) Check Separator Differ. Indicator (Listen for blow by)
(3) Check Sump Oil Level-Warm (Check gauge Arrow pointed towards the green)
(4) Check Air filter (make sure  unit is off  before checking filter)
Open side cover & remove and blow off. (Check for foreign matter)
(5) Check radiator. Make sure it's clean and blow off if needed .",9/10/2023
36,EQ ID 36,Air compressor 75 HP,Maintenance,7141,Closed and Completed,0.00,0.00,Max,,0.00,10/11/2023,,[],"(1) Check Safety Devices (Red E-stop button)
(2) Check Separator Differ. Indicator (Listen for blow by)
(3) Check Sump Oil Level-Warm (Check gauge Arrow pointed towards the green)
(4) Check Air filter (make sure  unit is off  before checking filter)
Open side cover & remove and blow off. (Check for foreign matter)
(5) Check radiator. Make sure it's clean and blow off if needed .",10/7/2023
36,EQ ID 36,Air compressor 75 HP,Maintenance,7579,Closed and Completed,0.00,1.00,Max,,0.00,11/7/2023,Maksim Bushka - 11/07/23 10:15:55 AM: Performed regular maintenance.,[],"(1) Check Safety Devices (Red E-stop button)
(2) Check Separator Differ. Indicator (Listen for blow by)
(3) Check Sump Oil Level-Warm (Check gauge Arrow pointed towards the green)
(4) Check Air filter (make sure  unit is off  before checking filter)
Open side cover & remove and blow off. (Check for foreign matter)
(5) Check radiator. Make sure it's clean and blow off if needed .",11/11/2023
36,EQ ID 36,Air compressor 75 HP,Maintenance,7942,Closed and Completed,0.00,1.00,Max,,0.00,11/8/2023,,[],"(1) Check Safety Devices (Red E-stop button)
(2) Check Separator Differ. Indicator (Listen for blow by)
(3) Check Sump Oil Level-Warm (Check gauge Arrow pointed towards the green)
(4) Check Air filter (make sure  unit is off  before checking filter)
Open side cover & remove and blow off. (Check for foreign matter)
(5) Check radiator. Make sure it's clean and blow off if needed .",12/7/2023
36,EQ ID 36,Air compressor 75 HP,Maintenance,8128,Closed and Completed,0.00,1.00,Max,,0.00,1/2/2024,,[],"(1) Check Safety Devices (Red E-stop button)
(2) Check Separator Differ. Indicator (Listen for blow by)
(3) Check Sump Oil Level-Warm (Check gauge Arrow pointed towards the green)
(4) Check Air filter (make sure  unit is off  before checking filter)
Open side cover & remove and blow off. (Check for foreign matter)
(5) Check radiator. Make sure it's clean and blow off if needed .",12/27/2023
36,EQ ID 36,Air compressor 75 HP,Maintenance,9504,Closed and Completed,0.00,1.00,Max,,0.00,1/31/2024,,[],"(1) Check Safety Devices (Red E-stop button)
(2) Check Separator Differ. Indicator (Listen for blow by)
(3) Check Sump Oil Level-Warm (Check gauge Arrow pointed towards the green)
(4) Check Air filter (make sure  unit is off  before checking filter)
Open side cover & remove and blow off. (Check for foreign matter)
(5) Check radiator. Make sure it's clean and blow off if needed .",2/2/2024
36,EQ ID 36,Air compressor 75 HP,Maintenance,10208,Closed and Completed,0.00,1.00,Max,,0.00,3/1/2024,,[],"(1) Check Safety Devices (Red E-stop button)
(2) Check Separator Differ. Indicator (Listen for blow by)
(3) Check Sump Oil Level-Warm (Check gauge Arrow pointed towards the green)
(4) Check Air filter (make sure  unit is off  before checking filter)
Open side cover & remove and blow off. (Check for foreign matter)
(5) Check radiator. Make sure it's clean and blow off if needed .",3/2/2024
36,EQ ID 36,Air compressor 75 HP,Maintenance,30,Closed and Completed,0.00,1.00,Max,,0.00,3/4/2024,,[],"Major Service; Every 24th-Month $3,805 Per Visit
? Same As The Above Minor Service
? Replace Air/Oil Separator Element
? Replace Ultra Coolant Compressor Lubricant
? Grease Fan & Main Motor Bearings (If applicable)
? Advise of Any Issues",3/18/2024
36,EQ ID 36,Air compressor 75 HP,Maintenance,10600,Closed and Completed,0.00,0.45,Max,,0.00,4/1/2024,Maksim Bushka - 04/01/24  2:47:31 PM: Replaced 4 rollers on a drywall cart.,[],"(1) Check Safety Devices (Red E-stop button)
(2) Check Separator Differ. Indicator (Listen for blow by)
(3) Check Sump Oil Level-Warm (Check gauge Arrow pointed towards the green)
(4) Check Air filter (make sure  unit is off  before checking filter)
Open side cover & remove and blow off. (Check for foreign matter)
(5) Check radiator. Make sure it's clean and blow off if needed .",4/1/2024
36,EQ ID 36,Air compressor 75 HP,Maintenance,10883,Closed and Completed,0.00,1.00,Max,,0.00,4/30/2024,,[],"(1) Check Safety Devices (Red E-stop button)
(2) Check Separator Differ. Indicator (Listen for blow by)
(3) Check Sump Oil Level-Warm (Check gauge Arrow pointed towards the green)
(4) Check Air filter (make sure  unit is off  before checking filter)
Open side cover & remove and blow off. (Check for foreign matter)
(5) Check radiator. Make sure it's clean and blow off if needed .",5/1/2024
36,EQ ID 36,Air compressor 75 HP,Maintenance,11476,Closed and Completed,0.00,0.00,Max,,0.00,5/14/2024,,[],"(1) Check Safety Devices (Red E-stop button)
(2) Check Separator Differ. Indicator (Listen for blow by)
(3) Check Sump Oil Level-Warm (Check gauge Arrow pointed towards the green)
(4) Check Air filter (make sure  unit is off  before checking filter)
Open side cover & remove and blow off. (Check for foreign matter)
(5) Check radiator. Make sure it's clean and blow off if needed .",5/30/2024
36,EQ ID 36,Air compressor 75 HP,Maintenance,11906,Closed and Completed,0.00,0.30,Max,,0.00,6/6/2024,,[],"(1) Check Safety Devices (Red E-stop button)
(2) Check Separator Differ. Indicator (Listen for blow by)
(3) Check Sump Oil Level-Warm (Check gauge Arrow pointed towards the green)
(4) Check Air filter (make sure  unit is off  before checking filter)
Open side cover & remove and blow off. (Check for foreign matter)
(5) Check radiator. Make sure it's clean and blow off if needed .",6/30/2024
36,EQ ID 36,Air compressor 75 HP,Maintenance,12064,Closed and Completed,0.00,1.00,Max,,0.00,7/9/2024,,[],"(1) Check Safety Devices (Red E-stop button)
(2) Check Separator Differ. Indicator (Listen for blow by)
(3) Check Sump Oil Level-Warm (Check gauge Arrow pointed towards the green)
(4) Check Air filter (make sure  unit is off  before checking filter)
Open side cover & remove and blow off. (Check for foreign matter)
(5) Check radiator. Make sure it's clean and blow off if needed .",7/10/2024
36,EQ ID 36,Air compressor 75 HP,Maintenance,12368,Closed and Completed,0.00,1.00,Max & Primo,,0.00,8/6/2024,,[],"(1) Check Safety Devices (Red E-stop button)
(2) Check Separator Differ. Indicator (Listen for blow by)
(3) Check Sump Oil Level-Warm (Check gauge Arrow pointed towards the green)
(4) Check Air filter (make sure  unit is off  before checking filter)
Open side cover & remove and blow off. (Check for foreign matter)
(5) Check radiator. Make sure it's clean and blow off if needed .",8/12/2024
36,EQ ID 36,Air compressor 75 HP,Maintenance,12681,Closed and Completed,0.00,1.00,Max & Primo,,0.00,9/5/2024,,[],"(1) Check Safety Devices (Red E-stop button)
(2) Check Separator Differ. Indicator (Listen for blow by)
(3) Check Sump Oil Level-Warm (Check gauge Arrow pointed towards the green)
(4) Check Air filter (make sure  unit is off  before checking filter)
Open side cover & remove and blow off. (Check for foreign matter)
(5) Check radiator. Make sure it's clean and blow off if needed .",9/6/2024
36,EQ ID 36,Air compressor 75 HP,Maintenance,12984,Closed and Completed,0.00,1.00,Max,,0.00,10/14/2024,,[],"(1) Check Safety Devices (Red E-stop button)
(2) Check Separator Differ. Indicator (Listen for blow by)
(3) Check Sump Oil Level-Warm (Check gauge Arrow pointed towards the green)
(4) Check Air filter (make sure  unit is off  before checking filter)
Open side cover & remove and blow off. (Check for foreign matter)
(5) Check radiator. Make sure it's clean and blow off if needed .",10/6/2024
36,EQ ID 36,Air compressor 75 HP,Maintenance,13405,Closed and Completed,0.00,1.00,Max,,0.00,10/29/2024,,[],"(1) Check Safety Devices (Red E-stop button)
(2) Check Separator Differ. Indicator (Listen for blow by)
(3) Check Sump Oil Level-Warm (Check gauge Arrow pointed towards the green)
(4) Check Air filter (make sure  unit is off  before checking filter)
Open side cover & remove and blow off. (Check for foreign matter)
(5) Check radiator. Make sure it's clean and blow off if needed .",11/14/2024
36,EQ ID 36,Air compressor 75 HP,Maintenance,13914,Closed and Completed,0.00,1.00,Max,,0.00,12/2/2024,,[],"*User water hose and water down coils from inside out every 6 months .
This will prevent the machine from over heating",11/25/2024
36,EQ ID 36,Air compressor 75 HP,Maintenance,13639,Closed and Completed,0.00,1.00,Max,,0.00,12/2/2024,,[],"(1) Check Safety Devices (Red E-stop button)
(2) Check Separator Differ. Indicator (Listen for blow by)
(3) Check Sump Oil Level-Warm (Check gauge Arrow pointed towards the green)
(4) Check Air filter (make sure  unit is off  before checking filter)
Open side cover & remove and blow off. (Check for foreign matter)
(5) Check radiator. Make sure it's clean and blow off if needed .",11/29/2024
36,EQ ID 36,Air compressor 75 HP,Maintenance,13943,Closed and Completed,0.00,1.00,Max,,0.00,1/7/2025,Maksim Bushka - 01/07/25  1:50:49 PM: Replaced 4 AA batteries,[],"(1) Check Safety Devices (Red E-stop button)
(2) Check Separator Differ. Indicator (Listen for blow by)
(3) Check Sump Oil Level-Warm (Check gauge Arrow pointed towards the green)
(4) Check Air filter (make sure  unit is off  before checking filter)
Open side cover & remove and blow off. (Check for foreign matter)
(5) Check radiator. Make sure it's clean and blow off if needed .",1/2/2025
36,EQ ID 36,Air compressor 75 HP,Maintenance,14282,Closed and Completed,0.00,1.00,Max,,0.00,2/3/2025,,[],"(1) Check Safety Devices (Red E-stop button)
(2) Check Separator Differ. Indicator (Listen for blow by)
(3) Check Sump Oil Level-Warm (Check gauge Arrow pointed towards the green)
(4) Check Air filter (make sure  unit is off  before checking filter)
Open side cover & remove and blow off. (Check for foreign matter)
(5) Check radiator. Make sure it's clean and blow off if needed .",2/7/2025
36,EQ ID 36,Air compressor 75 HP,Maintenance,14611,Closed and Completed,0.00,1.00,Max,,0.00,3/3/2025,,[],"(1) Check Safety Devices (Red E-stop button)
(2) Check Separator Differ. Indicator (Listen for blow by)
(3) Check Sump Oil Level-Warm (Check gauge Arrow pointed towards the green)
(4) Check Air filter (make sure  unit is off  before checking filter)
Open side cover & remove and blow off. (Check for foreign matter)
(5) Check radiator. Make sure it's clean and blow off if needed .",3/7/2025
36,EQ ID 36,Air compressor 75 HP,Maintenance,14925,Closed and Completed,0.00,1.00,Max,,0.00,4/1/2025,,[],"(1) Check Safety Devices (Red E-stop button)
(2) Check Separator Differ. Indicator (Listen for blow by)
(3) Check Sump Oil Level-Warm (Check gauge Arrow pointed towards the green)
(4) Check Air filter (make sure  unit is off  before checking filter)
Open side cover & remove and blow off. (Check for foreign matter)
(5) Check radiator. Make sure it's clean and blow off if needed .",4/3/2025
36,EQ ID 36,Air compressor 75 HP,Maintenance,15257,Closed and Completed,0.00,1.00,Max,,0.00,5/2/2025,,[],"(1) Check Safety Devices (Red E-stop button)
(2) Check Separator Differ. Indicator (Listen for blow by)
(3) Check Sump Oil Level-Warm (Check gauge Arrow pointed towards the green)
(4) Check Air filter (make sure  unit is off  before checking filter)
Open side cover & remove and blow off. (Check for foreign matter)
(5) Check radiator. Make sure it's clean and blow off if needed .",5/2/2025
36,EQ ID 36,Air compressor 75 HP,Maintenance,13942,Closed and Completed,0.00,1.00,Max,,0.00,5/8/2025,,[],"*User water hose and water down coils from inside out every 6 months .
This will prevent the machine from over heating",6/2/2025
36,EQ ID 36,Air compressor 75 HP,Maintenance,15652,Closed and Completed,0.00,2.00,Primo & Max,,0.00,6/12/2025,Maksim Bushka - 06/12/25  3:13:37 PM: Cleaned up with washer pressure.,[],"(1) Check Safety Devices (Red E-stop button)
(2) Check Separator Differ. Indicator (Listen for blow by)
(3) Check Sump Oil Level-Warm (Check gauge Arrow pointed towards the green)
(4) Check Air filter (make sure  unit is off  before checking filter)
Open side cover & remove and blow off. (Check for foreign matter)
(5) Check radiator. Make sure it's clean and blow off if needed .",6/6/2025
36,EQ ID 36,Air compressor 75 HP,Maintenance,16070,Closed and Completed,0.00,1.00,Max,,0.00,7/11/2025,,[],"(1) Check Safety Devices (Red E-stop button)
(2) Check Separator Differ. Indicator (Listen for blow by)
(3) Check Sump Oil Level-Warm (Check gauge Arrow pointed towards the green)
(4) Check Air filter (make sure  unit is off  before checking filter)
Open side cover & remove and blow off. (Check for foreign matter)
(5) Check radiator. Make sure it's clean and blow off if needed .",7/12/2025
36,EQ ID 36,Air compressor 75 HP,Maintenance,16414,Closed and Completed,0.00,0.30,Max,,0.00,8/13/2025,,[],"(1) Check Safety Devices (Red E-stop button)
(2) Check Separator Differ. Indicator (Listen for blow by)
(3) Check Sump Oil Level-Warm (Check gauge Arrow pointed towards the green)
(4) Check Air filter (make sure  unit is off  before checking filter)
Open side cover & remove and blow off. (Check for foreign matter)
(5) Check radiator. Make sure it's clean and blow off if needed .",8/15/2025
36,EQ ID 36,Air compressor 75 HP,Maintenance,16755,Closed without Action,0.00,0.00,Max,,0.00,9/8/2025,,[],"(1) Check Safety Devices (Red E-stop button)
(2) Check Separator Differ. Indicator (Listen for blow by)
(3) Check Sump Oil Level-Warm (Check gauge Arrow pointed towards the green)
(4) Check Air filter (make sure  unit is off  before checking filter)
Open side cover & remove and blow off. (Check for foreign matter)
(5) Check radiator. Make sure it's clean and blow off if needed .",9/20/2025
36,EQ ID 36,Air compressor 75 HP,Maintenance,16934,Closed and Completed,0.00,0.00,Max,,0.00,9/30/2025,,[],"(1) Check Safety Devices (Red E-stop button)
(2) Check Separator Differ. Indicator (Listen for blow by)
(3) Check Sump Oil Level-Warm (Check gauge Arrow pointed towards the green)
(4) Check Air filter (make sure  unit is off  before checking filter)
Open side cover & remove and blow off. (Check for foreign matter)
(5) Check radiator. Make sure it's clean and blow off if needed .",10/8/2025
36,EQ ID 36,Air compressor 75 HP,Maintenance,17101,Closed and Completed,0.00,0.00,Max,,0.00,10/21/2025,,[],"(1) Check Safety Devices (Red E-stop button)
(2) Check Separator Differ. Indicator (Listen for blow by)
(3) Check Sump Oil Level-Warm (Check gauge Arrow pointed towards the green)
(4) Check Air filter (make sure  unit is off  before checking filter)
Open side cover & remove and blow off. (Check for foreign matter)
(5) Check radiator. Make sure it's clean and blow off if needed .",10/30/2025
36,EQ ID 36,Air compressor 75 HP,Maintenance,15748,Closed without Action,0.00,0.00,Max,,0.00,10/31/2025,,[],"*User water hose and water down coils from inside out every 6 months .
This will prevent the machine from over heating",11/14/2025
36,EQ ID 36,Air compressor 75 HP,Maintenance,17398,Closed without Action,0.00,0.00,Max,,0.00,11/19/2025,,[],"(1) Check Safety Devices (Red E-stop button)
(2) Check Separator Differ. Indicator (Listen for blow by)
(3) Check Sump Oil Level-Warm (Check gauge Arrow pointed towards the green)
(4) Check Air filter (make sure  unit is off  before checking filter)
Open side cover & remove and blow off. (Check for foreign matter)
(5) Check radiator. Make sure it's clean and blow off if needed .",11/21/2025
36,EQ ID 36,Air compressor 75 HP,Maintenance,17747,Closed without Action,0.00,0.00,Sean Jennings,,0.00,12/22/2025,Sean Jennings - 12/22/25 10:04:00 AM: Equipment is no longer operational. Will delete work orders associated with this piece of equipment once it is removed from the facility.,[],"(1) Check Safety Devices (Red E-stop button)
(2) Check Separator Differ. Indicator (Listen for blow by)
(3) Check Sump Oil Level-Warm (Check gauge Arrow pointed towards the green)
(4) Check Air filter (make sure  unit is off  before checking filter)
Open side cover & remove and blow off. (Check for foreign matter)
(5) Check radiator. Make sure it's clean and blow off if needed .",12/19/2025
36,EQ ID 36,Air compressor 75 HP,Maintenance,10644,Closed and Completed,0.00,0.00,Sean,,0.00,3/12/2026,Sean Jennings - 03/12/26 12:13:17 PM: Scrapped on 1/26/2026,[],"Major Service; Every 24th-Month $3,805 Per Visit
? Same As The Above Minor Service
? Replace Air/Oil Separator Element
? Replace Ultra Coolant Compressor Lubricant
? Grease Fan & Main Motor Bearings (If applicable)
? Advise of Any Issues",3/5/2026
36,EQ ID 36,Air compressor 75 HP,Maintenance,17532,Closed without Action,0.00,0.00,Max,,0.00,5/5/2026,Maksim Bushka - 05/05/26  3:10:06 PM: We have replaced that compressor.,[],"*User water hose and water down coils from inside out every 6 months .
This will prevent the machine from over heating",4/30/2026
5377,EQ ID 5377,40HP Oil-injected Screw Air Compressor,Maintenance,20406,Pending,0.00,0.00,,,0.00,,,[],bleed built up condensation via two bottom valves. a few seconds to clear condensation,8/19/2026
5377,EQ ID 5377,40HP Oil-injected Screw Air Compressor,Maintenance,20407,Pending,0.00,0.00,,Maintenance Mechanic,0.00,,,[],clean top of compressor,8/25/2026
5377,EQ ID 5377,40HP Oil-injected Screw Air Compressor,Maintenance,18359,Closed and Completed,0.00,0.20,Shinobi,,0.00,2/3/2026,,[],bleed built up condensation via two bottom valves. a few seconds to clear condensation,2/3/2026
5377,EQ ID 5377,40HP Oil-injected Screw Air Compressor,Maintenance,18360,Closed and Completed,0.00,0.20,Shinobi,,0.00,2/5/2026,,[],bleed built up condensation via two bottom valves. a few seconds to clear condensation,2/4/2026
5377,EQ ID 5377,40HP Oil-injected Screw Air Compressor,Maintenance,18390,Closed and Completed,0.00,0.20,Shinobi,,0.00,2/12/2026,,[],bleed built up condensation via two bottom valves. a few seconds to clear condensation,2/7/2026
5377,EQ ID 5377,40HP Oil-injected Screw Air Compressor,Maintenance,18463,Closed and Completed,0.00,0.10,Max,,0.00,2/20/2026,"Maksim Bushka - 02/20/26  5:00:48 PM: Scheduled Date: 02-14-2026
Parts Needed: NO
Parts Ordered: NO
Expected Delivery Date: N/A
General Notes: Bleeded the water out",[],bleed built up condensation via two bottom valves. a few seconds to clear condensation,2/14/2026
5377,EQ ID 5377,40HP Oil-injected Screw Air Compressor,Maintenance,18536,Closed and Completed,0.00,0.20,Shinobi,,0.00,2/23/2026,,[],bleed built up condensation via two bottom valves. a few seconds to clear condensation,2/21/2026
5377,EQ ID 5377,40HP Oil-injected Screw Air Compressor,Maintenance,18543,Closed and Completed,0.00,0.20,Shinobi,,0.00,2/25/2026,,[],bleed built up condensation via two bottom valves. a few seconds to clear condensation,2/24/2026
5377,EQ ID 5377,40HP Oil-injected Screw Air Compressor,Maintenance,18565,Closed and Completed,0.00,0.20,Shinobi,,0.00,2/26/2026,,[],bleed built up condensation via two bottom valves. a few seconds to clear condensation,2/26/2026
5377,EQ ID 5377,40HP Oil-injected Screw Air Compressor,Maintenance,18582,Closed and Completed,0.00,0.20,Shinobi,,0.00,3/2/2026,,[],bleed built up condensation via two bottom valves. a few seconds to clear condensation,2/27/2026
5377,EQ ID 5377,40HP Oil-injected Screw Air Compressor,Maintenance,18608,Closed and Completed,0.00,0.20,Shinobi,,0.00,3/9/2026,,[],bleed built up condensation via two bottom valves. a few seconds to clear condensation,3/3/2026
5377,EQ ID 5377,40HP Oil-injected Screw Air Compressor,Maintenance,18676,Closed and Completed,0.00,0.20,Shinobi,,0.00,3/12/2026,,[],bleed built up condensation via two bottom valves. a few seconds to clear condensation,3/10/2026
5377,EQ ID 5377,40HP Oil-injected Screw Air Compressor,Maintenance,18744,Closed and Completed,0.00,0.20,Shinobi,,0.00,3/16/2026,,[],bleed built up condensation via two bottom valves. a few seconds to clear condensation,3/14/2026
5377,EQ ID 5377,40HP Oil-injected Screw Air Compressor,Maintenance,18770,Closed and Completed,0.00,0.20,Shinobi,,0.00,3/17/2026,,[],bleed built up condensation via two bottom valves. a few seconds to clear condensation,3/17/2026
5377,EQ ID 5377,40HP Oil-injected Screw Air Compressor,Maintenance,18796,Closed and Completed,0.00,0.20,Shinobi,,0.00,3/18/2026,,[],bleed built up condensation via two bottom valves. a few seconds to clear condensation,3/18/2026
5377,EQ ID 5377,40HP Oil-injected Screw Air Compressor,Maintenance,18808,Closed and Completed,0.00,0.20,Shinobi,,0.00,3/20/2026,,[],bleed built up condensation via two bottom valves. a few seconds to clear condensation,3/19/2026
5377,EQ ID 5377,40HP Oil-injected Screw Air Compressor,Maintenance,18828,Closed and Completed,0.00,0.20,Shinobi,,0.00,3/23/2026,,[],bleed built up condensation via two bottom valves. a few seconds to clear condensation,3/21/2026
5377,EQ ID 5377,40HP Oil-injected Screw Air Compressor,Maintenance,18838,Closed and Completed,0.00,0.20,Shinobi,,0.00,3/26/2026,,[],bleed built up condensation via two bottom valves. a few seconds to clear condensation,3/24/2026
5377,EQ ID 5377,40HP Oil-injected Screw Air Compressor,Maintenance,18891,Closed and Completed,0.00,0.20,Shinobi,,0.00,4/8/2026,,[],bleed built up condensation via two bottom valves. a few seconds to clear condensation,3/27/2026
5377,EQ ID 5377,40HP Oil-injected Screw Air Compressor,Maintenance,18806,Closed and Completed,0.00,0.30,Max,,0.00,4/8/2026,"Maksim Bushka - 04/09/26  1:00:38 PM: Scheduled Date: 04/03/2026
Parts Needed: NO
Parts Ordered: NO
Expected Delivery Date: N/A
General Notes: Cleaned up",[],clean top of compressor,3/25/2026
5377,EQ ID 5377,40HP Oil-injected Screw Air Compressor,Maintenance,19029,Closed and Completed,0.00,0.20,Shinobi,,0.00,4/9/2026,,[],bleed built up condensation via two bottom valves. a few seconds to clear condensation,4/9/2026
5377,EQ ID 5377,40HP Oil-injected Screw Air Compressor,Maintenance,19036,Closed and Completed,0.00,0.20,Shinobi,,0.00,4/10/2026,,[],bleed built up condensation via two bottom valves. a few seconds to clear condensation,4/10/2026
5377,EQ ID 5377,40HP Oil-injected Screw Air Compressor,Maintenance,19116,Closed and Completed,0.00,0.20,Shinobi,,0.00,4/15/2026,,[],bleed built up condensation via two bottom valves. a few seconds to clear condensation,4/16/2026
5377,EQ ID 5377,40HP Oil-injected Screw Air Compressor,Maintenance,19065,Closed and Completed,0.00,0.30,Max,,0.00,4/15/2026,"Maksim Bushka - 04/15/26 12:30:43 PM: Scheduled Date: 04/13/2026
Parts Needed: NO
Parts Ordered: NO
Expected Delivery Date: N/A
General Notes: Checked up ok",[],bleed built up condensation via two bottom valves. a few seconds to clear condensation,4/11/2026
5377,EQ ID 5377,40HP Oil-injected Screw Air Compressor,Maintenance,19123,Closed and Completed,0.00,0.20,Shinobi,,0.00,4/20/2026,,[],bleed built up condensation via two bottom valves. a few seconds to clear condensation,4/17/2026
5377,EQ ID 5377,40HP Oil-injected Screw Air Compressor,Maintenance,19145,Closed and Completed,0.00,0.20,Shinobi,,0.00,4/21/2026,,[],bleed built up condensation via two bottom valves. a few seconds to clear condensation,4/21/2026
5377,EQ ID 5377,40HP Oil-injected Screw Air Compressor,Maintenance,19049,Closed and Completed,0.00,1.00,Max,,0.00,4/21/2026,"Maksim Bushka - 04/21/26  6:58:48 PM: Scheduled Date: 04/16/2026
Parts Needed: NO
Parts Ordered: NO
Expected Delivery Date: N/A
General Notes Cleaned up",[],clean top of compressor,4/16/2026
5377,EQ ID 5377,40HP Oil-injected Screw Air Compressor,Maintenance,19160,Closed and Completed,0.00,0.20,Shinobi,,0.00,4/27/2026,,[],bleed built up condensation via two bottom valves. a few seconds to clear condensation,4/22/2026
5377,EQ ID 5377,40HP Oil-injected Screw Air Compressor,Maintenance,19193,Closed and Completed,0.00,0.20,Shinobi,,0.00,4/28/2026,,[],bleed built up condensation via two bottom valves. a few seconds to clear condensation,4/28/2026
5377,EQ ID 5377,40HP Oil-injected Screw Air Compressor,Maintenance,19316,Closed and Completed,0.00,0.10,Max,,0.00,5/5/2026,,[],bleed built up condensation via two bottom valves. a few seconds to clear condensation,5/6/2026
5377,EQ ID 5377,40HP Oil-injected Screw Air Compressor,Maintenance,19213,Closed and Completed,0.00,0.20,Max,,0.00,5/5/2026,"Maksim Bushka - 05/05/26  3:08:28 PM: Scheduled Date: 04/30/2026
Parts Needed: NO
Parts Ordered: NO
Expected Delivery Date: N/A
General Notes: Bledel up",[],bleed built up condensation via two bottom valves. a few seconds to clear condensation,4/29/2026
5377,EQ ID 5377,40HP Oil-injected Screw Air Compressor,Maintenance,19161,Closed and Completed,0.00,0.30,Max,,0.00,5/5/2026,"Maksim Bushka - 05/05/26  3:05:21 PM: Scheduled Date: 04/28/2026
Parts Needed: NO
Parts Ordered: NO
Expected Delivery Date: N/A
General Notes: Cleaned up",[],clean top of compressor,4/28/2026
5377,EQ ID 5377,40HP Oil-injected Screw Air Compressor,Maintenance,19315,Closed and Completed,0.00,0.20,Max,,0.00,5/12/2026,,[],clean top of compressor,5/12/2026
5377,EQ ID 5377,40HP Oil-injected Screw Air Compressor,Maintenance,19318,Closed and Completed,0.00,0.20,Shinobi,,0.00,5/14/2026,,[],bleed built up condensation via two bottom valves. a few seconds to clear condensation,5/6/2026
5377,EQ ID 5377,40HP Oil-injected Screw Air Compressor,Maintenance,19372,Closed and Completed,0.00,0.20,Max,,0.00,5/19/2026,"Maksim Bushka - 05/20/26  1:24:15 PM: Scheduled Date: 05/19/2026
Parts Needed: NO
Parts Ordered: NO
Expected Delivery Date: N/A
General Notes: Cleaned up",[],clean top of compressor,5/19/2026
5377,EQ ID 5377,40HP Oil-injected Screw Air Compressor,Maintenance,19412,Closed and Completed,0.00,0.20,Shinobi,,0.00,5/20/2026,,[],bleed built up condensation via two bottom valves. a few seconds to clear condensation,5/15/2026
5377,EQ ID 5377,40HP Oil-injected Screw Air Compressor,Maintenance,19508,Closed and Completed,0.00,0.20,Shinobi,,0.00,5/21/2026,,[],bleed built up condensation via two bottom valves. a few seconds to clear condensation,5/21/2026
5377,EQ ID 5377,40HP Oil-injected Screw Air Compressor,Maintenance,19544,Closed and Completed,0.00,0.20,Shinobi,,0.00,6/3/2026,,[],bleed built up condensation via two bottom valves. a few seconds to clear condensation,5/22/2026
5377,EQ ID 5377,40HP Oil-injected Screw Air Compressor,Maintenance,19679,Closed and Completed,0.00,0.20,Shinobi,,0.00,6/4/2026,,[],bleed built up condensation via two bottom valves. a few seconds to clear condensation,6/4/2026
5377,EQ ID 5377,40HP Oil-injected Screw Air Compressor,Maintenance,19691,Closed and Completed,0.00,0.20,Shinobi,,0.00,6/8/2026,,[],bleed built up condensation via two bottom valves. a few seconds to clear condensation,6/5/2026
5377,EQ ID 5377,40HP Oil-injected Screw Air Compressor,Maintenance,19746,Closed and Completed,0.00,0.20,Shinobi,,0.00,6/9/2026,,[],bleed built up condensation via two bottom valves. a few seconds to clear condensation,6/9/2026
5377,EQ ID 5377,40HP Oil-injected Screw Air Compressor,Maintenance,19751,Closed and Completed,0.00,0.20,Shinobi,,0.00,6/10/2026,,[],bleed built up condensation via two bottom valves. a few seconds to clear condensation,6/10/2026
5377,EQ ID 5377,40HP Oil-injected Screw Air Compressor,Maintenance,19782,Closed and Completed,0.00,0.20,Max,,0.00,6/10/2026,Maksim Bushka - 06/10/26  3:03:34 PM: Cleaned and bladed,[],bleed built up condensation via two bottom valves. a few seconds to clear condensation,6/11/2026
5377,EQ ID 5377,40HP Oil-injected Screw Air Compressor,Maintenance,19802,Closed and Completed,0.00,0.30,Max,,0.00,6/10/2026,,[],bleed built up condensation via two bottom valves. a few seconds to clear condensation,6/11/2026
5377,EQ ID 5377,40HP Oil-injected Screw Air Compressor,Maintenance,19518,Closed and Completed,0.00,0.20,Max,,0.00,6/10/2026,"Maksim Bushka - 06/10/26  2:42:02 PM: Scheduled Date: 05/25/2026
Parts Needed: NO
Parts Ordered: NO
Expected Delivery Date: N/A
General Notes: cleaned up",[],clean top of compressor,5/27/2026
5377,EQ ID 5377,40HP Oil-injected Screw Air Compressor,Maintenance,19803,Closed and Completed,0.00,0.20,Shinobi,,0.00,6/11/2026,,[],bleed built up condensation via two bottom valves. a few seconds to clear condensation,6/11/2026
5377,EQ ID 5377,40HP Oil-injected Screw Air Compressor,Maintenance,19811,Closed and Completed,0.00,0.20,Shinobi,,0.00,6/16/2026,,[],bleed built up condensation via two bottom valves. a few seconds to clear condensation,6/12/2026
5377,EQ ID 5377,40HP Oil-injected Screw Air Compressor,Maintenance,19867,Closed and Completed,0.00,0.20,Shinobi,,0.00,6/17/2026,,[],bleed built up condensation via two bottom valves. a few seconds to clear condensation,6/17/2026
5377,EQ ID 5377,40HP Oil-injected Screw Air Compressor,Maintenance,19881,Closed and Completed,0.00,0.20,Shinobi,,0.00,6/23/2026,,[],bleed built up condensation via two bottom valves. a few seconds to clear condensation,6/18/2026
5377,EQ ID 5377,40HP Oil-injected Screw Air Compressor,Maintenance,19932,Closed and Completed,0.00,0.20,Shinobi,,0.00,6/24/2026,,[],bleed built up condensation via two bottom valves. a few seconds to clear condensation,6/24/2026
5377,EQ ID 5377,40HP Oil-injected Screw Air Compressor,Maintenance,19936,Closed and Completed,0.00,0.20,Shinobi,,0.00,6/25/2026,,[],bleed built up condensation via two bottom valves. a few seconds to clear condensation,6/25/2026
5377,EQ ID 5377,40HP Oil-injected Screw Air Compressor,Maintenance,19952,Closed and Completed,0.00,0.20,Shinobi,,0.00,6/26/2026,,[],bleed built up condensation via two bottom valves. a few seconds to clear condensation,6/26/2026
5377,EQ ID 5377,40HP Oil-injected Screw Air Compressor,Maintenance,19973,Closed and Completed,0.00,0.20,Shinobi,,0.00,6/29/2026,,[],bleed built up condensation via two bottom valves. a few seconds to clear condensation,6/27/2026
5377,EQ ID 5377,40HP Oil-injected Screw Air Compressor,Maintenance,19978,Closed and Completed,0.00,0.20,Shinobi,,0.00,6/30/2026,,[],bleed built up condensation via two bottom valves. a few seconds to clear condensation,6/30/2026
5377,EQ ID 5377,40HP Oil-injected Screw Air Compressor,Maintenance,19990,Closed and Completed,0.00,0.20,Shinobi,,0.00,7/6/2026,,[],bleed built up condensation via two bottom valves. a few seconds to clear condensation,7/1/2026
5377,EQ ID 5377,40HP Oil-injected Screw Air Compressor,Maintenance,20030,Closed and Completed,0.00,0.20,Shinobi,,0.00,7/7/2026,,[],bleed built up condensation via two bottom valves. a few seconds to clear condensation,7/7/2026
5377,EQ ID 5377,40HP Oil-injected Screw Air Compressor,Maintenance,20045,Closed and Completed,0.00,0.20,Shinobi,,0.00,7/27/2026,,[],bleed built up condensation via two bottom valves. a few seconds to clear condensation,7/8/2026
5377,EQ ID 5377,40HP Oil-injected Screw Air Compressor,Maintenance,20120,Closed and Completed,0.00,0.20,Shinobi,,0.00,7/29/2026,,[],bleed built up condensation via two bottom valves. a few seconds to clear condensation,7/28/2026
5377,EQ ID 5377,40HP Oil-injected Screw Air Compressor,Maintenance,19800,Closed and Completed,0.00,0.30,PU,,0.00,8/4/2026,Primo Uy - 08/04/26  2:56:33 PM: Done,[],clean top of compressor,6/17/2026
5377,EQ ID 5377,40HP Oil-injected Screw Air Compressor,Maintenance,20153,Closed and Completed,0.00,0.20,Shinobi,,0.00,8/5/2026,,[],bleed built up condensation via two bottom valves. a few seconds to clear condensation,7/30/2026
5377,EQ ID 5377,40HP Oil-injected Screw Air Compressor,Maintenance,20270,Closed and Completed,0.00,0.20,Shinobi,,0.00,8/6/2026,,[],bleed built up condensation via two bottom valves. a few seconds to clear condensation,8/6/2026
5377,EQ ID 5377,40HP Oil-injected Screw Air Compressor,Maintenance,20301,Closed and Completed,0.00,0.20,Shinobi,,0.00,8/10/2026,,[],bleed built up condensation via two bottom valves. a few seconds to clear condensation,8/8/2026
5377,EQ ID 5377,40HP Oil-injected Screw Air Compressor,Maintenance,20312,Closed and Completed,0.00,0.20,Shinobi,,0.00,8/10/2026,,[],bleed built up condensation via two bottom valves. a few seconds to clear condensation,8/11/2026
5377,EQ ID 5377,40HP Oil-injected Screw Air Compressor,Maintenance,20253,Closed and Completed,0.00,0.15,Max,,0.00,8/11/2026,,[],clean top of compressor,8/11/2026
5377,EQ ID 5377,40HP Oil-injected Screw Air Compressor,Maintenance,20354,Closed and Completed,0.00,0.20,Shinobi,,0.00,8/14/2026,,[],bleed built up condensation via two bottom valves. a few seconds to clear condensation,8/14/2026
5377,EQ ID 5377,40HP Oil-injected Screw Air Compressor,Maintenance,20332,Closed and Completed,0.00,0.20,Max,,0.00,8/14/2026,,[],clean top of compressor,8/18/2026
5377,EQ ID 5377,40HP Oil-injected Screw Air Compressor,Maintenance,20399,Closed and Completed,0.00,0.30,Shinobi,,0.00,8/18/2026,,[],clean top of compressor,8/24/2026
5377,EQ ID 5377,40HP Oil-injected Screw Air Compressor,Maintenance,20373,Closed and Completed,0.00,0.20,Shinobi,,0.00,8/18/2026,,[],bleed built up condensation via two bottom valves. a few seconds to clear condensation,8/15/2026
5319,EQ ID 5319,EV Chargers,Maintenance,11390,Closed and Completed,0.00,0.00,Max,,0.00,8/5/2024,,[],"*Check that all chargers have a green light on them if not see what is wrong try resetting the one unit breaker in the electrical room 
*Inspect the cables for wear or rips replace if needed 
*Wipe down all EV chargers make sure no trash is around the handle housing etc",8/1/2024
5240,EQ ID 5240,2nd Floor Patio,Maintenance,7309,Closed and Completed,0.00,0.00,Max,,0.00,1/23/2024,,[],"Remove any weeds sticking out of the tiles .
*Pull them out with your hands if you can 
*If you can see them in the cracks but cannot get to them use a long screw driver and break them loose .
*If you see a lot and you cannot get to them you will need the tile remover located in the black cabinet lift tile carefully place to the side make sure tile  faces the same way it came out  when placing it back remove weeds and place tile back careful not to drop tile .We have no spares .",1/21/2024
5210,EQ ID 5210,Electrical rooms,Maintenance,4936,Closed and Completed,0.00,0.30,Max,,0.00,4/21/2023,,[],Clean up and keep in order,4/21/2023
1449,EQ ID 1449,Umbrellas 2nd floor Patio,Maintenance,887,Closed and Completed,0.00,2.00,mike,,0.00,2/28/2022,,[],Clean the tops of the umbrellas every two weeks .,4/2/2022
1449,EQ ID 1449,Umbrellas 2nd floor Patio,Maintenance,2866,Closed and Completed,0.00,0.30,maint dep,,0.00,11/4/2022,Miguel Diaz - 11/07/22  7:32:02 AM: Found that when moving the battery connector lift turns on .Need to call in Raymond tech to replace the battery wire connectors they are worn out .Aligned cord so that it stays on for now till its fixed .,[],Clean the tops of the umbrellas every two weeks .,10/28/2022
1449,EQ ID 1449,Umbrellas 2nd floor Patio,Maintenance,3129,Closed and Completed,0.00,0.20,lizbeth,,0.00,11/7/2022,Miguel Diaz - 11/08/22  7:55:31 AM: done,[],Clean the tops of the umbrellas every two weeks .,11/22/2022
1449,EQ ID 1449,Umbrellas 2nd floor Patio,Maintenance,3171,Closed and Completed,0.00,0.00,,,0.00,11/23/2022,Miguel Diaz - 11/23/22  8:32:16 AM: done,[],Clean the tops of the umbrellas every two weeks .,11/23/2022
1449,EQ ID 1449,Umbrellas 2nd floor Patio,Maintenance,3339,Closed and Completed,0.00,0.00,,,0.00,12/1/2022,Miguel Diaz - 12/01/22  8:23:18 AM: done,[],Clean the tops of the umbrellas every two weeks .,12/8/2022
1449,EQ ID 1449,Umbrellas 2nd floor Patio,Maintenance,3394,Closed and Completed,0.00,0.00,md,,0.00,12/20/2022,,[],Clean the tops of the umbrellas every two weeks .,1/1/2023
1449,EQ ID 1449,Umbrellas 2nd floor Patio,Maintenance,3733,Closed without Action,0.00,0.00,md,,0.00,1/12/2023,Miguel Diaz - 01/12/23  1:14:53 PM: checked all found no ponding all connections are in place found none loose or flapping in the wind,[],Clean the tops of the umbrellas every two weeks .,1/27/2023
1449,EQ ID 1449,Umbrellas 2nd floor Patio,Maintenance,3942,Closed and Completed,0.00,0.00,md,,0.00,2/10/2023,,[],Clean the tops of the umbrellas every two weeks .,2/12/2023
1449,EQ ID 1449,Umbrellas 2nd floor Patio,Maintenance,4309,Closed and Completed,0.00,0.00,md,,0.00,2/22/2023,,[],Clean the tops of the umbrellas every two weeks .,3/10/2023
1449,EQ ID 1449,Umbrellas 2nd floor Patio,Maintenance,4538,Closed and Completed,0.00,0.00,md,,0.00,3/17/2023,Miguel Diaz - 03/17/23 11:54:29 AM: Wayne is aware leave here as a reminder,[],Clean the tops of the umbrellas every two weeks .,3/22/2023
1449,EQ ID 1449,Umbrellas 2nd floor Patio,Maintenance,6351,Closed and Completed,0.00,0.00,maint,,0.00,4/2/2023,Miguel Diaz - 08/03/23  6:55:19 AM: Tech performed the scheduled maintenance,[],Clean the tops of the umbrellas every two weeks .,8/7/2023
1449,EQ ID 1449,Umbrellas 2nd floor Patio,Maintenance,4881,Closed and Completed,0.00,0.00,dd,,0.00,4/10/2023,,[],Clean the tops of the umbrellas every two weeks .,4/17/2023
1449,EQ ID 1449,Umbrellas 2nd floor Patio,Maintenance,5204,Closed and Completed,0.00,0.00,md,,0.00,4/26/2023,,[],Clean the tops of the umbrellas every two weeks .,5/10/2023
1449,EQ ID 1449,Umbrellas 2nd floor Patio,Maintenance,5377,Closed and Completed,0.00,0.30,.,,0.00,4/29/2023,Miguel Diaz - 05/02/23  7:47:17 AM: added lube,[],Clean the tops of the umbrellas every two weeks .,5/20/2023
1449,EQ ID 1449,Umbrellas 2nd floor Patio,Maintenance,5516,Closed and Completed,0.00,0.00,Max,,0.00,6/5/2023,Maksim Bushka - 06/05/23 11:13:40 AM: Removed graphite's on the emergency exit stairway east side.,[],Clean the tops of the umbrellas every two weeks .,6/2/2023
1449,EQ ID 1449,Umbrellas 2nd floor Patio,Maintenance,5891,Closed and Completed,0.00,0.00,v,,0.00,7/7/2023,,[],Clean the tops of the umbrellas every two weeks .,7/5/2023
1449,EQ ID 1449,Umbrellas 2nd floor Patio,Maintenance,6347,Closed without Action,0.00,0.00,md,,0.00,7/18/2023,,[],Clean the tops of the umbrellas every two weeks .,8/7/2023
1449,EQ ID 1449,Umbrellas 2nd floor Patio,Maintenance,6460,Closed and Completed,0.00,0.10,maint,,0.00,8/14/2023,Miguel Diaz - 08/14/23  7:53:02 AM: added wd-40,[],Clean the tops of the umbrellas every two weeks .,8/18/2023
1449,EQ ID 1449,Umbrellas 2nd floor Patio,Maintenance,6706,Closed and Completed,0.00,0.30,lizbeth,,0.00,9/1/2023,,[],Clean the tops of the umbrellas every two weeks .,9/3/2023
1449,EQ ID 1449,Umbrellas 2nd floor Patio,Maintenance,6827,Closed and Completed,0.00,0.20,lizbeth,,0.00,9/14/2023,Miguel Diaz - 09/20/23  7:25:38 AM: Replaced drill,[],Clean the tops of the umbrellas every two weeks .,9/14/2023
1449,EQ ID 1449,Umbrellas 2nd floor Patio,Maintenance,7108,Closed and Completed,0.00,0.30,liz,,0.00,10/5/2023,,[],Clean the tops of the umbrellas every two weeks .,10/5/2023
1449,EQ ID 1449,Umbrellas 2nd floor Patio,Maintenance,7291,Closed and Completed,0.00,0.20,liz,,0.00,10/20/2023,,[],Clean the tops of the umbrellas every two weeks .,10/20/2023
1449,EQ ID 1449,Umbrellas 2nd floor Patio,Maintenance,7583,Closed and Completed,0.00,0.20,md,,0.00,11/8/2023,Miguel Diaz - 11/08/23 12:39:39 PM: checked cutters they are clean will check if they need to be replaced,[],Clean the tops of the umbrellas every two weeks .,11/11/2023
1449,EQ ID 1449,Umbrellas 2nd floor Patio,Maintenance,7840,Closed and Completed,0.00,0.30,Ramon,,0.00,12/1/2023,Miguel Diaz - 12/02/23  7:59:15 AM: Done,[],Clean the tops of the umbrellas every two weeks .,11/30/2023
1449,EQ ID 1449,Umbrellas 2nd floor Patio,Maintenance,7963,Closed and Completed,0.00,0.20,md,,0.00,12/8/2023,Miguel Diaz - 12/08/23  7:46:25 AM: Checked front gate on the shipping side its closing properly,[],Clean the tops of the umbrellas every two weeks .,12/8/2023
1449,EQ ID 1449,Umbrellas 2nd floor Patio,Maintenance,8222,Closed and Completed,0.00,0.00,md,,0.00,1/4/2024,"Miguel Diaz - 01/06/24 10:41:09 AM: Visually inspect the transporter motor for leaks 
-Check transporter chain oiler reservoir  for fluid level refill if needed with recommended lubricant mixture of 5:1 ratio of 140 WT gear oil and Tufoil- Voorwood part # 61504 or direct 1800 922-0075
-Check transporter chain for tension adjust if needed 
-Visually check shaper ball screws and slide rods for grease .Use TriGel -450 R ball screw lubricator and for the slides rods wipe with Acetone  move back and forth to clean .
-Remove build up debris from the shaper housing use air nozzle .
-Visually check the lower transporter feed chain tension .Proper tension is 1/2 to 1'' above the bottom edge of the electrical component area so that the chain does not show below this area .
Adjust if needed.",[],Clean the tops of the umbrellas every two weeks .,1/2/2024
1449,EQ ID 1449,Umbrellas 2nd floor Patio,Maintenance,9281,Closed and Completed,0.00,0.00,ramon,,0.00,1/9/2024,Miguel Diaz - 01/09/24  8:32:02 AM: gate is closing properly,[],Clean the tops of the umbrellas every two weeks .,1/8/2024
1449,EQ ID 1449,Umbrellas 2nd floor Patio,Maintenance,9554,Closed and Completed,0.00,0.30,md,,0.00,2/6/2024,Miguel Diaz - 02/06/24 11:19:16 AM: rain cleaned the umbreallas,[],Clean the tops of the umbrellas every two weeks .,2/6/2024
1449,EQ ID 1449,Umbrellas 2nd floor Patio,Maintenance,9577,Closed and Completed,0.00,0.00,md,,0.00,2/6/2024,Miguel Diaz - 02/06/24 11:19:47 AM: rain cleaned the umbreallas,[],Clean the tops of the umbrellas every two weeks .,2/9/2024
1449,EQ ID 1449,Umbrellas 2nd floor Patio,Maintenance,10244,Closed without Action,0.00,0.00,md,,0.00,2/16/2024,Miguel Diaz - 02/16/24  9:07:50 AM: acco to do this service,[],Clean the tops of the umbrellas every two weeks .,3/6/2024
1449,EQ ID 1449,Umbrellas 2nd floor Patio,Maintenance,10415,Closed and Completed,0.00,0.00,maint,,0.00,3/18/2024,Miguel Diaz - 03/18/24  9:34:34 AM: backflow was replaced and serviced since it was stolen,[],Clean the tops of the umbrellas every two weeks .,3/16/2024
1449,EQ ID 1449,Umbrellas 2nd floor Patio,Maintenance,10242,Closed without Action,0.00,0.00,maint,,0.00,3/18/2024,Miguel Diaz - 03/18/24  9:34:06 AM: backflow was replaced and serviced since it was stolen,[],Clean the tops of the umbrellas every two weeks .,3/6/2024
1449,EQ ID 1449,Umbrellas 2nd floor Patio,Maintenance,10746,Closed without Action,0.00,0.00,md,,0.00,4/15/2024,Miguel Diaz - 04/15/24  9:35:30 AM: rained cleaned them,[],Clean the tops of the umbrellas every two weeks .,4/18/2024
1449,EQ ID 1449,Umbrellas 2nd floor Patio,Maintenance,10748,Closed without Action,0.00,0.00,md,,0.00,4/15/2024,Miguel Diaz - 04/15/24  9:35:39 AM: rained cleaned them,[],Clean the tops of the umbrellas every two weeks .,4/18/2024
5185,EQ ID 5185,Rear yard lot,Maintenance,5375,Closed and Completed,0.00,0.30,Max,,0.00,5/31/2023,Maksim Bushka - 05/31/23 10:08:36 AM: Swept all areas,[],Sweep and broom rear driveway and shipping yard free of debris .,6/1/2023
5185,EQ ID 5185,Rear yard lot,Maintenance,5374,Closed and Completed,0.00,8.00,MD,,0.00,4/2/2024,Miguel Diaz - 04/02/24  9:36:08 AM: this is just a reminder it was done,[],Get rear (shipping yard) pressure washed by Outside company twice a year in September  and January .,3/22/2024
2133,EQ ID 2133,Fire Alarm Panel,Maintenance,6972,Closed and Completed,0.00,1.00,Max & Gabriel,,0.00,8/7/2025,,[],Need to get a loaner smoke detector from the cabinet in maintenance department use the loaner to swap out the smoke detector in-front of each elevator floor/Door  in the parking structure you will need a 8 ft ladder and a flat screw driver go to first floor parking structure look up remove the smoke detector and check the address of the alarm and put that on the loaner and place  the loaner it in there so we get no alarms then go clean the one you removed  in the shop then continue and do the rest for floor 2 smoke detector  and floor 3 smoke detector .When all is done check the fire panel that no alarms are present .,8/23/2025
1926,EQ ID 1926,Exit Doors,Maintenance,996,Closed and Completed,0.00,0.50,Primo,,0.00,8/24/2022,Miguel Diaz - 09/07/22  7:16:43 AM: Primo sprayed all doors and wiped them free of residue,[],"Check All Exit Doors Hinges - Level 1
-Clean
-Use WD-40 
-Repair if needed.",9/18/2022
1926,EQ ID 1926,Exit Doors,Maintenance,2810,Closed and Completed,0.00,0.30,Max,,0.00,4/4/2023,Maksim Bushka - 04/04/23  9:40:48 AM: Checked and lubed.,[],"Check All Exit Doors Hinges - Level 1
-Clean
-Use WD-40 
-Repair if needed.",4/13/2023
1926,EQ ID 1926,Exit Doors,Maintenance,5135,Closed and Completed,0.00,0.00,mAX,,0.00,10/6/2023,,[],"Check All Exit Doors Hinges - Level 1
-Clean
-Use WD-40 
-Repair if needed.",10/4/2023
1926,EQ ID 1926,Exit Doors,Maintenance,7496,Closed and Completed,0.00,1.00,Max,,0.00,4/8/2024,,[],"Check All Exit Doors Hinges - Level 1
-Clean
-Use WD-40 
-Repair if needed.",4/6/2024
1926,EQ ID 1926,Exit Doors,Maintenance,10994,Closed and Completed,0.00,1.00,Max,,0.00,10/16/2024,,[],"Check All Exit Doors Hinges - Level 1
-Clean
-Use WD-40 
-Repair if needed.",10/8/2024
1926,EQ ID 1926,Exit Doors,Maintenance,13421,Closed and Completed,0.00,0.00,Max,,0.00,4/18/2025,Maksim Bushka - 04/23/25  7:16:55 PM: Replaced all 3 filters.,[],"Check All Exit Doors Hinges - Level 1
-Clean
-Use WD-40 
-Repair if needed.",4/16/2025
1926,EQ ID 1926,Exit Doors,Maintenance,15484,Closed and Completed,0.00,0.30,Max,,0.00,10/21/2025,,[],"Check All Exit Doors Hinges - Level 1
-Clean
-Use WD-40 
-Repair if needed.",10/23/2025
1926,EQ ID 1926,Exit Doors,Maintenance,17394,Closed and Completed,0.00,1.00,Max,,0.00,4/21/2026,"Maksim Bushka - 04/21/26  7:01:23 PM: Scheduled Date: 04/21/2026
Parts Needed: NO
Parts Ordered: NO
Expected Delivery Date: N/A
General Notes Checked up and cleaned",[],"Check All Exit Doors Hinges - Level 1
-Clean
-Use WD-40 
-Repair if needed.",4/21/2026
1927,EQ ID 1927,Exit Doors Level 2,Maintenance,997,Closed and Completed,0.00,0.30,Primo,,0.00,8/24/2022,Miguel Diaz - 09/07/22  7:17:00 AM: Primo sprayed all doors and wiped them free of residue,[],"Check all exit Doors hinges - Level 2
-Clean Hinges
-Use WD40
-Repair if needed",9/18/2022
1927,EQ ID 1927,Exit Doors Level 2,Maintenance,2811,Closed and Completed,0.00,0.30,Max,,0.00,4/4/2023,Maksim Bushka - 04/04/23  9:52:35 AM: Checked up the doors and lube.,[],"Check all exit Doors hinges - Level 2
-Clean Hinges
-Use WD40
-Repair if needed",4/13/2023
1927,EQ ID 1927,Exit Doors Level 2,Maintenance,5136,Closed and Completed,0.00,0.00,mAX,,0.00,10/6/2023,,[],"Check all exit Doors hinges - Level 2
-Clean Hinges
-Use WD40
-Repair if needed",10/4/2023
1927,EQ ID 1927,Exit Doors Level 2,Maintenance,7495,Closed and Completed,0.00,1.00,Max,,0.00,4/8/2024,,[],"Check all exit Doors hinges - Level 2
-Clean Hinges
-Use WD40
-Repair if needed",4/6/2024
1927,EQ ID 1927,Exit Doors Level 2,Maintenance,10995,Closed and Completed,0.00,1.00,Max,,0.00,10/16/2024,,[],"Check all exit Doors hinges - Level 2
-Clean Hinges
-Use WD40
-Repair if needed",10/8/2024
1927,EQ ID 1927,Exit Doors Level 2,Maintenance,13420,Closed and Completed,0.00,1.00,Max,,0.00,4/23/2025,Maksim Bushka - 04/23/25  7:15:57 PM: Replaced all 3 filters.,[],"Check all exit Doors hinges - Level 2
-Clean Hinges
-Use WD40
-Repair if needed",4/16/2025
1927,EQ ID 1927,Exit Doors Level 2,Maintenance,15482,Closed and Completed,0.00,0.30,Max,,0.00,10/21/2025,,[],"Check all exit Doors hinges - Level 2
-Clean Hinges
-Use WD40
-Repair if needed",10/23/2025
1927,EQ ID 1927,Exit Doors Level 2,Maintenance,17393,Closed and Completed,0.00,1.00,Max,,0.00,4/21/2026,"Maksim Bushka - 04/21/26  7:00:04 PM: Scheduled Date: 04/21/2026
Parts Needed: NO
Parts Ordered: NO
Expected Delivery Date: N/A
General Notes Cleaned up",[],"Check all exit Doors hinges - Level 2
-Clean Hinges
-Use WD40
-Repair if needed",4/21/2026
1943,EQ ID 1943,Door alarm trasmitter,Maintenance,999,Closed without Action,0.00,0.00,Max,,0.00,3/20/2025,,[],"Replace batteries for a total of 12  transmitters located first and second floor . 
First Floor -QTY 4
Second Floor -QTY 8",3/18/2025
1976,EQ ID 1976,Toilets all floors,Maintenance,1007,Closed and Completed,0.00,0.00,md,,0.00,8/29/2022,Miguel Diaz - 08/29/22  1:18:53 PM: when any toilet needs battery replaced we replace it we currently have al working toilets with a pass of the hand,[],Replace all 9 volt batteries  on all toilets Men and Women's both floors and single restrooms,9/18/2022
1976,EQ ID 1976,Toilets all floors,Maintenance,2844,Closed and Completed,0.00,0.00,.,,0.00,4/17/2023,Miguel Diaz - 04/17/23  7:00:08 AM: Batteries are getting replaced as its needed,[],Replace all 9 volt batteries  on all toilets Men and Women's both floors and single restrooms,4/13/2023
1976,EQ ID 1976,Toilets all floors,Maintenance,5338,Closed without Action,0.00,0.00,md,,0.00,10/10/2023,Miguel Diaz - 10/10/23  8:27:42 AM: replace them as they go bad,[],Replace all 9 volt batteries  on all toilets Men and Women's both floors and single restrooms,10/17/2023
1976,EQ ID 1976,Toilets all floors,Maintenance,7566,Closed and Completed,0.00,0.00,Max,,0.00,4/9/2024,,[],Replace all 9 volt batteries  on all toilets Men and Women's both floors and single restrooms,4/10/2024
1976,EQ ID 1976,Toilets all floors,Maintenance,11046,Closed and Completed,0.00,0.30,Max,,0.00,10/14/2024,,[],Replace all 9 volt batteries  on all toilets Men and Women's both floors and single restrooms,10/9/2024
1976,EQ ID 1976,Toilets all floors,Maintenance,13400,Closed without Action,0.00,0.00,Max,,0.00,4/14/2025,,[],Replace all 9 volt batteries  on all toilets Men and Women's both floors and single restrooms,4/14/2025
1976,EQ ID 1976,Toilets all floors,Maintenance,15370,Closed and Completed,0.00,0.00,Max,,0.00,10/1/2025,,[],Replace all 9 volt batteries  on all toilets Men and Women's both floors and single restrooms,10/14/2025
1976,EQ ID 1976,Toilets all floors,Maintenance,17185,Closed and Completed,60.00,1.00,Max,,0.00,4/8/2026,"Maksim Bushka - 04/09/26 12:56:21 PM: Scheduled Date: 04/07/2009
Parts Needed: NO
Parts Ordered: NO
Expected Delivery Date: N/A
General Notes: Replaced batteries.",[],Replace all 9 volt batteries  on all toilets Men and Women's both floors and single restrooms,4/7/2026
1986,EQ ID 1986,Electrical switch gear and sub panels,Maintenance,1008,Closed and Completed,0.00,1.00,Max,,0.00,6/23/2025,,[],Infra Red Study Electrical Systems Analysis,3/18/2025
7,EQ ID 7,"Truck, Pick-Up",Maintenance,3,Closed and Completed,0.00,0.25,Nick M,,0.00,6/17/2022,Nicholas Martinez - 06/17/22 12:17:30 PM: Odometer checked and currently shows 44527,[],Log odometer readings quarterly,6/18/2022
7,EQ ID 7,"Truck, Pick-Up",Maintenance,2,Closed and Completed,0.00,0.00,md,,0.00,7/12/2022,Miguel Diaz - 07/12/22  9:17:34 AM: car is good for oil and radiator fluid it does need to be washed its in bad shape,[],"(1) Check Air in Tires
(2) Check Battery Water Level
(3) Check Belts and Hoses
(4) Check Oil and Coolant",7/18/2022
7,EQ ID 7,"Truck, Pick-Up",Maintenance,2579,Closed without Action,0.00,0.00,md,,0.00,1/2/2023,Miguel Diaz - 01/12/23  1:13:00 PM: found none changing,[],Log odometer readings quarterly,1/13/2023
7,EQ ID 7,"Truck, Pick-Up",Maintenance,2578,Closed and Completed,0.00,0.00,md,,0.00,1/23/2023,,[],"(1) Check Air in Tires
(2) Check Battery Water Level
(3) Check Belts and Hoses
(4) Check Oil and Coolant",2/13/2023
7,EQ ID 7,"Truck, Pick-Up",Maintenance,3937,Closed and Completed,0.00,2.00,mike,,0.00,3/31/2023,Miguel Diaz - 03/31/23  8:53:59 AM: 044699,[],Log odometer readings quarterly,4/12/2023
7,EQ ID 7,"Truck, Pick-Up",Maintenance,4096,Closed and Completed,0.00,1.00,Priom & Max,,0.00,5/30/2023,Maksim Bushka - 05/30/23  1:28:31 PM: Checked up all fluids and washed up the car,[],"(1) Check Air in Tires
(2) Check Battery Water Level
(3) Check Belts and Hoses
(4) Check Oil and Coolant",5/23/2023
7,EQ ID 7,"Truck, Pick-Up",Maintenance,5092,Closed and Completed,0.00,0.25,PU,,0.00,6/27/2023,"Primo Uy - 06/27/23 11:31:31 AM: Warm up the truck/pick up. ODO Reading: 44,717.",[],Log odometer readings quarterly,6/30/2023
7,EQ ID 7,"Truck, Pick-Up",Maintenance,5815,Closed and Completed,0.00,0.60,primo max,,0.00,9/29/2023,"Miguel Diaz - 10/10/23  8:28:39 AM: (1) Check Air in Tires
(2) Check Battery Water Level
(3) Check Belts and Hoses
(4) Check Oil and Coolant",[],"(1) Check Air in Tires
(2) Check Battery Water Level
(3) Check Belts and Hoses
(4) Check Oil and Coolant",9/30/2023
7,EQ ID 7,"Truck, Pick-Up",Maintenance,6239,Closed without Action,0.00,0.00,md,,0.00,10/10/2023,Miguel Diaz - 10/10/23  8:28:03 AM: replace them as they go bad,[],Log odometer readings quarterly,9/27/2023
7,EQ ID 7,"Truck, Pick-Up",Maintenance,7567,Closed without Action,0.00,0.00,md,,0.00,1/17/2024,Miguel Diaz - 01/17/24 11:18:55 AM: done,[],Log odometer readings quarterly,1/10/2024
7,EQ ID 7,"Truck, Pick-Up",Maintenance,7568,Closed and Completed,0.00,1.00,Max,,0.00,2/16/2024,,[],"(1) Check Air in Tires
(2) Check Battery Water Level
(3) Check Belts and Hoses
(4) Check Oil and Coolant",2/10/2024
7,EQ ID 7,"Truck, Pick-Up",Maintenance,10009,Closed without Action,0.00,0.00,,,0.00,4/23/2024,Miguel Diaz - 04/23/24 11:53:55 AM: replaced bit,[],Log odometer readings quarterly,4/17/2024
7,EQ ID 7,"Truck, Pick-Up",Maintenance,10431,Closed and Completed,0.00,0.30,Max,,0.00,6/17/2024,,[],"(1) Check Air in Tires
(2) Check Battery Water Level
(3) Check Belts and Hoses
(4) Check Oil and Coolant",6/16/2024
7,EQ ID 7,"Truck, Pick-Up",Maintenance,11420,Closed without Action,0.00,0.00,md,,0.00,7/20/2024,Miguel Diaz - 07/20/24 12:18:26 PM: we do not do this we dont have a means of tieing off safely,[],Log odometer readings quarterly,7/23/2024
7,EQ ID 7,"Truck, Pick-Up",Maintenance,12135,Closed and Completed,0.00,1.00,Max,,0.00,10/17/2024,,[],"(1) Check Air in Tires
(2) Check Battery Water Level
(3) Check Belts and Hoses
(4) Check Oil and Coolant",10/17/2024
7,EQ ID 7,"Truck, Pick-Up",Maintenance,13468,Closed and Completed,0.00,1.00,Max,,0.00,2/20/2025,,[],"(1) Check Air in Tires
(2) Check Battery Water Level
(3) Check Belts and Hoses
(4) Check Oil and Coolant",2/18/2025
7,EQ ID 7,"Truck, Pick-Up",Maintenance,14789,Closed and Completed,0.00,0.30,Max,,0.00,6/25/2025,,[],"(1) Check Air in Tires
(2) Check Battery Water Level
(3) Check Belts and Hoses
(4) Check Oil and Coolant",6/21/2025
7,EQ ID 7,"Truck, Pick-Up",Maintenance,16226,Closed and Completed,0.00,0.30,Max,,0.00,10/23/2025,,[],"(1) Check Air in Tires
(2) Check Battery Water Level
(3) Check Belts and Hoses
(4) Check Oil and Coolant",10/25/2025
7,EQ ID 7,"Truck, Pick-Up",Maintenance,17481,Closed and Completed,0.00,0.30,Max,,0.00,3/5/2026,"Maksim Bushka - 03/13/26  2:23:25 PM: Scheduled Date: 02/27/2026
Parts Needed: NO
Parts Ordered: NO
Expected Delivery Date: N/A
General Notes: checked up ok",[],"(1) Check Air in Tires
(2) Check Battery Water Level
(3) Check Belts and Hoses
(4) Check Oil and Coolant",2/27/2026
7,EQ ID 7,"Truck, Pick-Up",Maintenance,18752,Closed and Completed,0.00,0.80,PU,,0.00,7/13/2026,,[],"(1) Check Air in Tires
(2) Check Battery Water Level
(3) Check Belts and Hoses
(4) Check Oil and Coolant",7/13/2026
11,EQ ID 11,Platform Lift (Hunterlift),Maintenance,4,Closed and Completed,0.00,1.00,Mike Bart,,0.00,4/27/2022,Miguel Diaz - 04/27/22 10:05:53 AM: Found battery corrosion on the right side of the  batteries cleaned all post sprayed them with  oil and refilled battery cells .,[],Check the battery water level and fill if needed .,5/18/2022
11,EQ ID 11,Platform Lift (Hunterlift),Maintenance,5,Closed and Completed,0.00,0.30,md,,0.00,9/7/2022,Miguel Diaz - 09/07/22  7:11:43 AM: checked unit cords tires and battery had to add water to all battery cells and spray battery connector,[],"(1) Check Electrical Cords;
(2) Check Tires;
(3) Check Batteries;
(4) Check Safety Devices;
(5) Check Hydraulic Fluid Level & Hoses",9/18/2022
11,EQ ID 11,Platform Lift (Hunterlift),Maintenance,2580,Closed and Completed,0.00,1.00,Max,,0.00,12/6/2022,Maksim Bushka - 12/06/22  8:31:34 AM: Check up the water level and added water as needed,[],Check the battery water level and fill if needed .,12/13/2022
11,EQ ID 11,Platform Lift (Hunterlift),Maintenance,3458,Closed and Completed,0.00,0.20,Primo & Max,,0.00,2/6/2023,Maksim Bushka - 02/06/23 10:47:28 AM: Added distilled water as needed.,[],Check the battery water level and fill if needed .,2/6/2023
11,EQ ID 11,Platform Lift (Hunterlift),Maintenance,4258,Closed and Completed,0.00,0.30,Max,,0.00,3/31/2023,Maksim Bushka - 03/31/23  1:43:58 PM: Checked up the battery water level.,[],Check the battery water level and fill if needed .,4/6/2023
11,EQ ID 11,Platform Lift (Hunterlift),Maintenance,2581,Closed and Completed,0.00,0.30,Max,,0.00,3/31/2023,Maksim Bushka - 03/31/23  3:00:09 PM: Checked all fluids ok,[],"(1) Check Electrical Cords;
(2) Check Tires;
(3) Check Batteries;
(4) Check Safety Devices;
(5) Check Hydraulic Fluid Level & Hoses",4/13/2023
11,EQ ID 11,Platform Lift (Hunterlift),Maintenance,5093,Closed and Completed,0.00,0.30,Max,,0.00,5/31/2023,Maksim Bushka - 05/31/23 10:06:47 AM: Checked up the water level on batteries added as need.,[],Check the battery water level and fill if needed .,5/31/2023
11,EQ ID 11,Platform Lift (Hunterlift),Maintenance,5833,Closed and Completed,0.00,1.00,Max,,0.00,7/31/2023,Maksim Bushka - 07/31/23 11:17:42 AM: Added water as needed.,[],Check the battery water level and fill if needed .,7/31/2023
11,EQ ID 11,Platform Lift (Hunterlift),Maintenance,6659,Closed and Completed,0.00,0.00,Max,,0.00,10/2/2023,,[],Check the battery water level and fill if needed .,9/30/2023
11,EQ ID 11,Platform Lift (Hunterlift),Maintenance,5098,Closed and Completed,0.00,0.00,Max,,0.00,10/2/2023,,[],"(1) Check Electrical Cords;
(2) Check Tires;
(3) Check Batteries;
(4) Check Safety Devices;
(5) Check Hydraulic Fluid Level & Hoses",9/30/2023
11,EQ ID 11,Platform Lift (Hunterlift),Maintenance,7434,Closed and Completed,0.00,0.30,mAX,,0.00,11/29/2023,,[],Check the battery water level and fill if needed .,12/2/2023
11,EQ ID 11,Platform Lift (Hunterlift),Maintenance,8186,Closed and Completed,0.00,0.30,Max,,0.00,1/31/2024,,[],Check the battery water level and fill if needed .,1/30/2024
11,EQ ID 11,Platform Lift (Hunterlift),Maintenance,10183,Closed and Completed,0.00,0.00,Max,,0.00,4/1/2024,Maksim Bushka - 04/01/24  2:45:33 PM: Replaced 4 rollers on a drywall cart.,[],Check the battery water level and fill if needed .,3/31/2024
11,EQ ID 11,Platform Lift (Hunterlift),Maintenance,7435,Closed and Completed,0.00,1.00,Max,,0.00,4/1/2024,,[],"(1) Check Electrical Cords;
(2) Check Tires;
(3) Check Batteries;
(4) Check Safety Devices;
(5) Check Hydraulic Fluid Level & Hoses",4/2/2024
11,EQ ID 11,Platform Lift (Hunterlift),Maintenance,10880,Closed and Completed,0.00,0.30,Max,,0.00,6/3/2024,,[],Check the battery water level and fill if needed .,6/1/2024
11,EQ ID 11,Platform Lift (Hunterlift),Maintenance,11934,Closed and Completed,0.00,0.00,Max,,0.00,8/2/2024,,[],Check the battery water level and fill if needed .,8/3/2024
11,EQ ID 11,Platform Lift (Hunterlift),Maintenance,12644,Closed and Completed,0.00,0.50,max mike,,0.00,10/11/2024,Miguel Diaz - 10/12/24 12:05:30 PM: checked and refilled all batteries,[],Check the battery water level and fill if needed .,10/5/2024
11,EQ ID 11,Platform Lift (Hunterlift),Maintenance,10924,Closed and Completed,0.00,1.00,Max,,0.00,10/11/2024,,[],"(1) Check Electrical Cords;
(2) Check Tires;
(3) Check Batteries;
(4) Check Safety Devices;
(5) Check Hydraulic Fluid Level & Hoses",10/3/2024
11,EQ ID 11,Platform Lift (Hunterlift),Maintenance,13377,Closed and Completed,0.00,1.00,Max,,0.00,11/28/2024,,[],Check the battery water level and fill if needed .,12/12/2024
11,EQ ID 11,Platform Lift (Hunterlift),Maintenance,13945,Closed and Completed,0.00,0.30,Max,,0.00,2/7/2025,,[],Check the battery water level and fill if needed .,2/2/2025
11,EQ ID 11,Platform Lift (Hunterlift),Maintenance,14610,Closed and Completed,0.00,0.30,Max,,0.00,4/10/2025,Maksim Bushka - 04/10/25  2:09:33 PM: The service was performed,[],Check the battery water level and fill if needed .,4/7/2025
11,EQ ID 11,Platform Lift (Hunterlift),Maintenance,13392,Closed and Completed,0.00,0.30,Max,,0.00,4/10/2025,Maksim Bushka - 04/10/25  2:10:08 PM: The service was performed,[],"(1) Check Electrical Cords;
(2) Check Tires;
(3) Check Batteries;
(4) Check Safety Devices;
(5) Check Hydraulic Fluid Level & Hoses",4/14/2025
11,EQ ID 11,Platform Lift (Hunterlift),Maintenance,15349,Closed and Completed,0.00,0.30,Max,,0.00,6/3/2025,,[],Check the battery water level and fill if needed .,6/10/2025
11,EQ ID 11,Platform Lift (Hunterlift),Maintenance,16061,Closed and Completed,0.00,0.20,Max,,0.00,8/4/2025,,[],Check the battery water level and fill if needed .,8/11/2025
11,EQ ID 11,Platform Lift (Hunterlift),Maintenance,16582,Closed and Completed,0.00,0.30,Max,,0.00,10/7/2025,,[],Check the battery water level and fill if needed .,10/5/2025
11,EQ ID 11,Platform Lift (Hunterlift),Maintenance,15350,Closed and Completed,0.00,0.30,Max,,0.00,10/7/2025,,[],"(1) Check Electrical Cords;
(2) Check Tires;
(3) Check Batteries;
(4) Check Safety Devices;
(5) Check Hydraulic Fluid Level & Hoses",10/10/2025
11,EQ ID 11,Platform Lift (Hunterlift),Maintenance,17181,Closed and Completed,0.00,0.30,Max,,0.00,12/2/2025,,[],Check the battery water level and fill if needed .,12/7/2025
11,EQ ID 11,Platform Lift (Hunterlift),Maintenance,17819,Closed and Completed,0.00,0.50,Max,,0.00,1/23/2026,,[],Check the battery water level and fill if needed .,2/2/2026
11,EQ ID 11,Platform Lift (Hunterlift),Maintenance,17182,Closed and Completed,0.00,0.30,Max,,0.00,4/8/2026,"Maksim Bushka - 04/09/26 12:57:49 PM: Scheduled Date: 04/07/2026
Parts Needed: NO
Parts Ordered: NO
Expected Delivery Date: N/A
General Notes: Inspected the lift",[],"(1) Check Electrical Cords;
(2) Check Tires;
(3) Check Batteries;
(4) Check Safety Devices;
(5) Check Hydraulic Fluid Level & Hoses",4/7/2026
11,EQ ID 11,Platform Lift (Hunterlift),Maintenance,18408,Closed and Completed,0.00,0.20,Max,,0.00,4/9/2026,"Maksim Bushka - 04/09/26 12:59:03 PM: Scheduled Date: 04/09/2026
Parts Needed: NO
Parts Ordered: NO
Expected Delivery Date: N/A
General Notes: Checked up ok",[],Check the battery water level and fill if needed .,4/9/2026
11,EQ ID 11,Platform Lift (Hunterlift),Maintenance,19048,Closed and Completed,0.00,0.30,Max,,0.00,6/10/2026,"Maksim Bushka - 06/10/26  3:24:57 PM: Scheduled Date: 06/09/2026
Parts Needed: NO
Parts Ordered: NO
Expected Delivery Date: N/A
General Notes: Filled up ok",[],Check the battery water level and fill if needed .,6/9/2026
11,EQ ID 11,Platform Lift (Hunterlift),Maintenance,19805,Closed and Completed,0.00,0.50,Shinobi,,0.00,8/12/2026,,[],Check the battery water level and fill if needed .,8/10/2026
1452,EQ ID 1452,GMC Flat bed truck,Maintenance,888,Closed and Completed,0.00,0.25,Nick M,,0.00,6/17/2022,Nicholas Martinez - 06/17/22 12:22:14 PM: Odometer checked and currently showing 15254.,[],Log odometer readings quarterly,6/18/2022
1452,EQ ID 1452,GMC Flat bed truck,Maintenance,2867,Closed without Action,0.00,0.00,md,,0.00,12/29/2022,,[],Log odometer readings quarterly,1/13/2023
1452,EQ ID 1452,GMC Flat bed truck,Maintenance,3768,Closed and Completed,0.00,15.00,Max,,0.00,4/3/2023,"Maksim Bushka - 04/03/23  8:49:50 AM: Odometer reading as of today 15,257 miles.",[],Log odometer readings quarterly,3/29/2023
1452,EQ ID 1452,GMC Flat bed truck,Maintenance,5114,Closed without Action,0.00,0.00,,,0.00,7/17/2023,,[],Log odometer readings quarterly,7/3/2023
1452,EQ ID 1452,GMC Flat bed truck,Maintenance,6456,Closed and Completed,0.00,0.20,PU&Max,,0.00,10/18/2023,Primo Uy - 10/31/23 10:19:04 AM: ODO: 15348 & Warm Up.,[],Log odometer readings quarterly,10/18/2023
1452,EQ ID 1452,GMC Flat bed truck,Maintenance,7858,Closed and Completed,0.00,0.17,Max and PU,,0.00,1/31/2024,Primo Uy - 01/31/24  2:05:52 PM: 15351,[],Log odometer readings quarterly,1/31/2024
1452,EQ ID 1452,GMC Flat bed truck,Maintenance,10186,Closed without Action,0.00,0.00,md,,0.00,4/23/2024,Miguel Diaz - 04/23/24 11:53:48 AM: replaced bit,[],Log odometer readings quarterly,4/30/2024
1452,EQ ID 1452,GMC Flat bed truck,Maintenance,11419,Closed without Action,0.00,0.00,md,,0.00,7/20/2024,Miguel Diaz - 07/20/24 12:18:35 PM: we do not do this we dont have a means of tieing off safely,[],Log odometer readings quarterly,7/23/2024
1881,EQ ID 1881,Cabinet doors all of BLA,Maintenance,20231,Pending,0.00,0.00,,Mechanic,0.00,,,[],Check all cabinet doors not to be slanted or a big gap in the middle they should all be equally spaced out adjust if needed .Check all of first floor and second floor by sinks lunchroom areas .,9/3/2026
1881,EQ ID 1881,Cabinet doors all of BLA,Maintenance,991,Closed and Completed,0.00,1.00,mike diaz Bart Lea,,0.00,4/12/2022,Miguel Diaz - 04/12/22  9:05:15 AM: Checked all doors fix several,[],Check all cabinet doors not to be slanted or a big gap in the middle they should all be equally spaced out adjust if needed .Check all of first floor and second floor by sinks lunchroom areas .,4/18/2022
1881,EQ ID 1881,Cabinet doors all of BLA,Maintenance,2857,Closed and Completed,0.00,1.00,max,,0.00,11/14/2022,Maksim Bushka - 11/14/22 12:42:25 PM: Checked up all cabinets doors. fixed couple of doors.,[],Check all cabinet doors not to be slanted or a big gap in the middle they should all be equally spaced out adjust if needed .Check all of first floor and second floor by sinks lunchroom areas .,11/13/2022
1881,EQ ID 1881,Cabinet doors all of BLA,Maintenance,3251,Closed and Completed,0.00,2.00,Max,,0.00,11/24/2022,Maksim Bushka - 12/06/22  8:27:35 AM: Check up all cabinets doors and adjusted as needed,[],Check all cabinet doors not to be slanted or a big gap in the middle they should all be equally spaced out adjust if needed .Check all of first floor and second floor by sinks lunchroom areas .,12/14/2022
1881,EQ ID 1881,Cabinet doors all of BLA,Maintenance,3456,Closed and Completed,0.00,1.00,Max,,0.00,12/1/2022,Maksim Bushka - 12/19/22  9:18:12 AM: checked up all cabinets doors and adjusted as needed.,[],Check all cabinet doors not to be slanted or a big gap in the middle they should all be equally spaced out adjust if needed .Check all of first floor and second floor by sinks lunchroom areas .,1/6/2023
1881,EQ ID 1881,Cabinet doors all of BLA,Maintenance,3681,Closed and Completed,0.00,0.30,Primo & Max,,0.00,1/13/2023,Maksim Bushka - 01/13/23 10:35:58 AM: Did PM,[],Check all cabinet doors not to be slanted or a big gap in the middle they should all be equally spaced out adjust if needed .Check all of first floor and second floor by sinks lunchroom areas .,1/19/2023
1881,EQ ID 1881,Cabinet doors all of BLA,Maintenance,3978,Closed and Completed,0.00,0.30,Max,,0.00,2/14/2023,Maksim Bushka - 02/14/23  8:08:45 AM: Checked up all cabinets doors.,[],Check all cabinet doors not to be slanted or a big gap in the middle they should all be equally spaced out adjust if needed .Check all of first floor and second floor by sinks lunchroom areas .,2/13/2023
1881,EQ ID 1881,Cabinet doors all of BLA,Maintenance,4384,Closed and Completed,0.00,0.20,Max,,0.00,3/6/2023,Maksim Bushka - 03/06/23 12:43:58 PM: Checked up all cabinets doors and adjusted as needed.,[],Check all cabinet doors not to be slanted or a big gap in the middle they should all be equally spaced out adjust if needed .Check all of first floor and second floor by sinks lunchroom areas .,3/14/2023
1881,EQ ID 1881,Cabinet doors all of BLA,Maintenance,4676,Closed and Completed,0.00,0.30,Max,,0.00,3/30/2023,Maksim Bushka - 03/30/23  8:12:00 AM: Dumped ice from all icemakers.,[],Check all cabinet doors not to be slanted or a big gap in the middle they should all be equally spaced out adjust if needed .Check all of first floor and second floor by sinks lunchroom areas .,4/6/2023
1881,EQ ID 1881,Cabinet doors all of BLA,Maintenance,5068,Closed and Completed,0.00,0.30,Max,,0.00,5/2/2023,,[],Check all cabinet doors not to be slanted or a big gap in the middle they should all be equally spaced out adjust if needed .Check all of first floor and second floor by sinks lunchroom areas .,4/30/2023
1881,EQ ID 1881,Cabinet doors all of BLA,Maintenance,5521,Closed and Completed,0.00,0.20,Max,,0.00,6/2/2023,Maksim Bushka - 06/02/23 12:37:09 PM: Checked up all cabinets doors OK.,[],Check all cabinet doors not to be slanted or a big gap in the middle they should all be equally spaced out adjust if needed .Check all of first floor and second floor by sinks lunchroom areas .,6/2/2023
1881,EQ ID 1881,Cabinet doors all of BLA,Maintenance,5873,Closed and Completed,0.00,0.30,Max,,0.00,7/5/2023,Maksim Bushka - 07/05/23 10:46:13 AM: Dane ok,[],Check all cabinet doors not to be slanted or a big gap in the middle they should all be equally spaced out adjust if needed .Check all of first floor and second floor by sinks lunchroom areas .,7/2/2023
1881,EQ ID 1881,Cabinet doors all of BLA,Maintenance,6310,Closed and Completed,0.00,1.00,Max,,0.00,8/2/2023,,[],Check all cabinet doors not to be slanted or a big gap in the middle they should all be equally spaced out adjust if needed .Check all of first floor and second floor by sinks lunchroom areas .,8/5/2023
1881,EQ ID 1881,Cabinet doors all of BLA,Maintenance,6686,Closed and Completed,0.00,30.00,Max,,0.00,9/1/2023,,[],Check all cabinet doors not to be slanted or a big gap in the middle they should all be equally spaced out adjust if needed .Check all of first floor and second floor by sinks lunchroom areas .,9/2/2023
1881,EQ ID 1881,Cabinet doors all of BLA,Maintenance,7104,Closed and Completed,0.00,0.00,mAX,,0.00,10/6/2023,,[],Check all cabinet doors not to be slanted or a big gap in the middle they should all be equally spaced out adjust if needed .Check all of first floor and second floor by sinks lunchroom areas .,10/5/2023
1881,EQ ID 1881,Cabinet doors all of BLA,Maintenance,7498,Closed and Completed,0.00,0.30,Max,,0.00,10/26/2023,,[],Check all cabinet doors not to be slanted or a big gap in the middle they should all be equally spaced out adjust if needed .Check all of first floor and second floor by sinks lunchroom areas .,11/6/2023
1881,EQ ID 1881,Cabinet doors all of BLA,Maintenance,7807,Closed and Completed,0.00,0.20,Max,,0.00,11/27/2023,,[],Check all cabinet doors not to be slanted or a big gap in the middle they should all be equally spaced out adjust if needed .Check all of first floor and second floor by sinks lunchroom areas .,11/26/2023
1881,EQ ID 1881,Cabinet doors all of BLA,Maintenance,8127,Closed and Completed,0.00,0.30,Max,,0.00,12/28/2023,,[],Check all cabinet doors not to be slanted or a big gap in the middle they should all be equally spaced out adjust if needed .Check all of first floor and second floor by sinks lunchroom areas .,12/27/2023
1881,EQ ID 1881,Cabinet doors all of BLA,Maintenance,9491,Closed and Completed,0.00,0.30,Max,,0.00,1/30/2024,,[],Check all cabinet doors not to be slanted or a big gap in the middle they should all be equally spaced out adjust if needed .Check all of first floor and second floor by sinks lunchroom areas .,1/29/2024
1881,EQ ID 1881,Cabinet doors all of BLA,Maintenance,10172,Closed and Completed,0.00,1.00,Max,,0.00,3/1/2024,,[],Check all cabinet doors not to be slanted or a big gap in the middle they should all be equally spaced out adjust if needed .Check all of first floor and second floor by sinks lunchroom areas .,2/29/2024
1881,EQ ID 1881,Cabinet doors all of BLA,Maintenance,10603,Closed and Completed,0.00,0.30,Max,,0.00,4/1/2024,Maksim Bushka - 04/01/24  2:46:11 PM: Replaced 4 rollers on a drywall cart.,[],Check all cabinet doors not to be slanted or a big gap in the middle they should all be equally spaced out adjust if needed .Check all of first floor and second floor by sinks lunchroom areas .,4/1/2024
1881,EQ ID 1881,Cabinet doors all of BLA,Maintenance,10881,Closed and Completed,0.00,0.30,Max,,0.00,4/30/2024,,[],Check all cabinet doors not to be slanted or a big gap in the middle they should all be equally spaced out adjust if needed .Check all of first floor and second floor by sinks lunchroom areas .,5/1/2024
1881,EQ ID 1881,Cabinet doors all of BLA,Maintenance,11470,Closed and Completed,0.00,0.00,Max,,0.00,5/8/2024,,[],Check all cabinet doors not to be slanted or a big gap in the middle they should all be equally spaced out adjust if needed .Check all of first floor and second floor by sinks lunchroom areas .,5/30/2024
1881,EQ ID 1881,Cabinet doors all of BLA,Maintenance,11907,Closed and Completed,0.00,0.30,Max,,0.00,6/26/2024,,[],Check all cabinet doors not to be slanted or a big gap in the middle they should all be equally spaced out adjust if needed .Check all of first floor and second floor by sinks lunchroom areas .,6/30/2024
1881,EQ ID 1881,Cabinet doors all of BLA,Maintenance,12241,Closed and Completed,0.00,0.30,Max,,0.00,7/25/2024,,[],Check all cabinet doors not to be slanted or a big gap in the middle they should all be equally spaced out adjust if needed .Check all of first floor and second floor by sinks lunchroom areas .,7/26/2024
1881,EQ ID 1881,Cabinet doors all of BLA,Maintenance,12534,Closed and Completed,0.00,0.00,Max,,0.00,8/19/2024,,[],Check all cabinet doors not to be slanted or a big gap in the middle they should all be equally spaced out adjust if needed .Check all of first floor and second floor by sinks lunchroom areas .,8/25/2024
1881,EQ ID 1881,Cabinet doors all of BLA,Maintenance,12818,Closed and Completed,0.00,0.20,Max,,0.00,9/30/2024,,[],Check all cabinet doors not to be slanted or a big gap in the middle they should all be equally spaced out adjust if needed .Check all of first floor and second floor by sinks lunchroom areas .,9/19/2024
1881,EQ ID 1881,Cabinet doors all of BLA,Maintenance,13220,Closed and Completed,0.00,0.00,Max,,0.00,10/18/2024,,[],Check all cabinet doors not to be slanted or a big gap in the middle they should all be equally spaced out adjust if needed .Check all of first floor and second floor by sinks lunchroom areas .,10/30/2024
1881,EQ ID 1881,Cabinet doors all of BLA,Maintenance,13469,Closed and Completed,0.00,0.30,Max,,0.00,11/20/2024,,[],Check all cabinet doors not to be slanted or a big gap in the middle they should all be equally spaced out adjust if needed .Check all of first floor and second floor by sinks lunchroom areas .,11/18/2024
1881,EQ ID 1881,Cabinet doors all of BLA,Maintenance,13875,Closed and Completed,0.00,0.30,Max,,0.00,12/17/2024,,[],Check all cabinet doors not to be slanted or a big gap in the middle they should all be equally spaced out adjust if needed .Check all of first floor and second floor by sinks lunchroom areas .,12/20/2024
1881,EQ ID 1881,Cabinet doors all of BLA,Maintenance,14135,Closed and Completed,0.00,0.20,Max,,0.00,1/13/2025,,[],Check all cabinet doors not to be slanted or a big gap in the middle they should all be equally spaced out adjust if needed .Check all of first floor and second floor by sinks lunchroom areas .,1/17/2025
1881,EQ ID 1881,Cabinet doors all of BLA,Maintenance,14332,Closed and Completed,0.00,0.30,Max,,0.00,2/14/2025,,[],Check all cabinet doors not to be slanted or a big gap in the middle they should all be equally spaced out adjust if needed .Check all of first floor and second floor by sinks lunchroom areas .,2/13/2025
1881,EQ ID 1881,Cabinet doors all of BLA,Maintenance,14692,Closed and Completed,0.00,0.30,Max,,0.00,3/14/2025,,[],Check all cabinet doors not to be slanted or a big gap in the middle they should all be equally spaced out adjust if needed .Check all of first floor and second floor by sinks lunchroom areas .,3/14/2025
1881,EQ ID 1881,Cabinet doors all of BLA,Maintenance,15094,Closed and Completed,0.00,0.00,Max,,0.00,4/23/2025,Maksim Bushka - 04/23/25  7:16:22 PM: Replaced all 3 filters.,[],Check all cabinet doors not to be slanted or a big gap in the middle they should all be equally spaced out adjust if needed .Check all of first floor and second floor by sinks lunchroom areas .,4/18/2025
1881,EQ ID 1881,Cabinet doors all of BLA,Maintenance,15483,Closed and Completed,0.00,0.30,Max,,0.00,5/9/2025,,[],Check all cabinet doors not to be slanted or a big gap in the middle they should all be equally spaced out adjust if needed .Check all of first floor and second floor by sinks lunchroom areas .,5/23/2025
1881,EQ ID 1881,Cabinet doors all of BLA,Maintenance,15749,Closed and Completed,0.00,0.20,Max,,0.00,6/16/2025,,[],Check all cabinet doors not to be slanted or a big gap in the middle they should all be equally spaced out adjust if needed .Check all of first floor and second floor by sinks lunchroom areas .,6/14/2025
1881,EQ ID 1881,Cabinet doors all of BLA,Maintenance,16102,Closed and Completed,0.00,0.30,Max,,0.00,7/10/2025,,[],Check all cabinet doors not to be slanted or a big gap in the middle they should all be equally spaced out adjust if needed .Check all of first floor and second floor by sinks lunchroom areas .,7/16/2025
1881,EQ ID 1881,Cabinet doors all of BLA,Maintenance,16413,Closed and Completed,0.00,0.00,Max,,0.00,8/18/2025,,[],Check all cabinet doors not to be slanted or a big gap in the middle they should all be equally spaced out adjust if needed .Check all of first floor and second floor by sinks lunchroom areas .,8/15/2025
1881,EQ ID 1881,Cabinet doors all of BLA,Maintenance,16720,Closed and Completed,0.00,0.20,Max,,0.00,9/16/2025,,[],Check all cabinet doors not to be slanted or a big gap in the middle they should all be equally spaced out adjust if needed .Check all of first floor and second floor by sinks lunchroom areas .,9/18/2025
1881,EQ ID 1881,Cabinet doors all of BLA,Maintenance,17015,Closed and Completed,0.00,0.50,PU,,0.00,10/16/2025,Primo Uy - 10/17/25  7:15:30 AM: Done,[],Check all cabinet doors not to be slanted or a big gap in the middle they should all be equally spaced out adjust if needed .Check all of first floor and second floor by sinks lunchroom areas .,10/16/2025
1881,EQ ID 1881,Cabinet doors all of BLA,Maintenance,17333,Closed and Completed,0.00,0.30,Max,,0.00,11/17/2025,,[],Check all cabinet doors not to be slanted or a big gap in the middle they should all be equally spaced out adjust if needed .Check all of first floor and second floor by sinks lunchroom areas .,11/17/2025
1881,EQ ID 1881,Cabinet doors all of BLA,Maintenance,17727,Closed and Completed,0.00,0.20,Max,,0.00,12/18/2025,,[],Check all cabinet doors not to be slanted or a big gap in the middle they should all be equally spaced out adjust if needed .Check all of first floor and second floor by sinks lunchroom areas .,12/17/2025
1881,EQ ID 1881,Cabinet doors all of BLA,Maintenance,18000,Closed and Completed,0.00,0.50,Max,,0.00,1/16/2026,"Maksim Bushka - 01/24/26  9:12:40 AM: Scheduled Date: 01-16-26
Parts Needed: NO
Parts Ordered: NO
Expected Delivery Date: N/A
General Notes: Checked up ok",[],Check all cabinet doors not to be slanted or a big gap in the middle they should all be equally spaced out adjust if needed .Check all of first floor and second floor by sinks lunchroom areas .,1/18/2026
1881,EQ ID 1881,Cabinet doors all of BLA,Maintenance,18292,Closed and Completed,0.00,0.30,Max,,0.00,3/4/2026,"Maksim Bushka - 03/13/26  2:20:19 PM: Scheduled Date: 02/24/2026
Parts Needed: NO
Parts Ordered: NO
Expected Delivery Date: N/A
General Notes: Checked up ok",[],Check all cabinet doors not to be slanted or a big gap in the middle they should all be equally spaced out adjust if needed .Check all of first floor and second floor by sinks lunchroom areas .,2/24/2026
1881,EQ ID 1881,Cabinet doors all of BLA,Maintenance,18750,Closed and Completed,0.00,0.20,Nax,,0.00,4/15/2026,"Maksim Bushka - 04/15/26 12:31:54 PM: Scheduled Date: 04/13/2026
Parts Needed: NO
Parts Ordered: NO
Expected Delivery Date: N/A
General Notes: Checked up ok",[],Check all cabinet doors not to be slanted or a big gap in the middle they should all be equally spaced out adjust if needed .Check all of first floor and second floor by sinks lunchroom areas .,4/13/2026
1881,EQ ID 1881,Cabinet doors all of BLA,Maintenance,19117,Closed and Completed,0.00,0.00,Max,,0.00,5/15/2026,"Maksim Bushka - 05/20/26  1:20:01 PM: Scheduled Date:05/15/2026 
Parts Needed: NO
Parts Ordered: NO
Expected Delivery Date: N/A
General Notes: Checked up ok",[],Check all cabinet doors not to be slanted or a big gap in the middle they should all be equally spaced out adjust if needed .Check all of first floor and second floor by sinks lunchroom areas .,5/15/2026
1881,EQ ID 1881,Cabinet doors all of BLA,Maintenance,19515,Closed and Completed,0.00,0.80,Shinobi,,0.00,7/31/2026,,[],Check all cabinet doors not to be slanted or a big gap in the middle they should all be equally spaced out adjust if needed .Check all of first floor and second floor by sinks lunchroom areas .,6/20/2026
1882,EQ ID 1882,Water faucets outside the restrooms 1 and 2nd floors,Maintenance,992,Closed and Completed,0.00,0.30,mike idaz,,0.00,4/12/2022,Miguel Diaz - 04/12/22  9:05:44 AM: checked all faucets for sudden temp changes,[],Check all faucets by restrooms on first floor and second floor make sure the water is not changing temps either its cold or warm if you notice a change use a Philips and adjust the water valve mixer from underneath .Ask Mike for help if needed .,4/18/2022
1882,EQ ID 1882,Water faucets outside the restrooms 1 and 2nd floors,Maintenance,2858,Closed and Completed,0.00,0.40,md,,0.00,11/12/2022,Miguel Diaz - 11/14/22  6:36:40 AM: checked all faucets for sudden temp change none has this issue currently,[],Check all faucets by restrooms on first floor and second floor make sure the water is not changing temps either its cold or warm if you notice a change use a Philips and adjust the water valve mixer from underneath .Ask Mike for help if needed .,11/13/2022
1882,EQ ID 1882,Water faucets outside the restrooms 1 and 2nd floors,Maintenance,3242,Closed and Completed,0.00,0.30,Miguel,,0.00,11/16/2022,Maksim Bushka - 12/12/22  1:53:33 PM: Adjusted the water mixer under the sink,[],Check all faucets by restrooms on first floor and second floor make sure the water is not changing temps either its cold or warm if you notice a change use a Philips and adjust the water valve mixer from underneath .Ask Mike for help if needed .,12/14/2022
1882,EQ ID 1882,Water faucets outside the restrooms 1 and 2nd floors,Maintenance,3603,Closed and Completed,0.00,0.00,md,,0.00,1/2/2023,Miguel Diaz - 01/12/23  1:12:51 PM: found none changing,[],Check all faucets by restrooms on first floor and second floor make sure the water is not changing temps either its cold or warm if you notice a change use a Philips and adjust the water valve mixer from underneath .Ask Mike for help if needed .,1/12/2023
1882,EQ ID 1882,Water faucets outside the restrooms 1 and 2nd floors,Maintenance,3936,Closed and Completed,0.00,0.30,Max,,0.00,2/13/2023,Maksim Bushka - 02/14/23  8:26:06 AM: Check up the gate ok,[],Check all faucets by restrooms on first floor and second floor make sure the water is not changing temps either its cold or warm if you notice a change use a Philips and adjust the water valve mixer from underneath .Ask Mike for help if needed .,2/12/2023
1882,EQ ID 1882,Water faucets outside the restrooms 1 and 2nd floors,Maintenance,4388,Closed and Completed,0.00,0.00,md,,0.00,3/9/2023,Miguel Diaz - 03/09/23  7:38:27 AM: Found no sudden temp changes,[],Check all faucets by restrooms on first floor and second floor make sure the water is not changing temps either its cold or warm if you notice a change use a Philips and adjust the water valve mixer from underneath .Ask Mike for help if needed .,3/14/2023
1882,EQ ID 1882,Water faucets outside the restrooms 1 and 2nd floors,Maintenance,4740,Closed and Completed,0.00,0.20,Max,,0.00,3/31/2023,Maksim Bushka - 03/31/23  2:55:37 PM: All faucets ok,[],Check all faucets by restrooms on first floor and second floor make sure the water is not changing temps either its cold or warm if you notice a change use a Philips and adjust the water valve mixer from underneath .Ask Mike for help if needed .,4/9/2023
1882,EQ ID 1882,Water faucets outside the restrooms 1 and 2nd floors,Maintenance,5096,Closed and Completed,0.00,0.00,Max,,0.00,5/1/2023,,[],Check all faucets by restrooms on first floor and second floor make sure the water is not changing temps either its cold or warm if you notice a change use a Philips and adjust the water valve mixer from underneath .Ask Mike for help if needed .,4/30/2023
1882,EQ ID 1882,Water faucets outside the restrooms 1 and 2nd floors,Maintenance,5491,Closed and Completed,0.00,0.20,Max,,0.00,6/2/2023,Maksim Bushka - 06/02/23 11:30:00 AM: checked up the faucets ok,[],Check all faucets by restrooms on first floor and second floor make sure the water is not changing temps either its cold or warm if you notice a change use a Philips and adjust the water valve mixer from underneath .Ask Mike for help if needed .,6/1/2023
1882,EQ ID 1882,Water faucets outside the restrooms 1 and 2nd floors,Maintenance,5872,Closed and Completed,0.00,0.10,Max,,0.00,6/26/2023,,[],Check all faucets by restrooms on first floor and second floor make sure the water is not changing temps either its cold or warm if you notice a change use a Philips and adjust the water valve mixer from underneath .Ask Mike for help if needed .,7/2/2023
1882,EQ ID 1882,Water faucets outside the restrooms 1 and 2nd floors,Maintenance,6223,Closed and Completed,0.00,0.00,Max,,0.00,7/31/2023,,[],Check all faucets by restrooms on first floor and second floor make sure the water is not changing temps either its cold or warm if you notice a change use a Philips and adjust the water valve mixer from underneath .Ask Mike for help if needed .,7/26/2023
1882,EQ ID 1882,Water faucets outside the restrooms 1 and 2nd floors,Maintenance,6656,Closed and Completed,0.00,20.00,Max,,0.00,9/5/2023,,[],Check all faucets by restrooms on first floor and second floor make sure the water is not changing temps either its cold or warm if you notice a change use a Philips and adjust the water valve mixer from underneath .Ask Mike for help if needed .,8/31/2023
1882,EQ ID 1882,Water faucets outside the restrooms 1 and 2nd floors,Maintenance,7102,Closed and Completed,0.00,0.00,mAX,,0.00,10/6/2023,,[],Check all faucets by restrooms on first floor and second floor make sure the water is not changing temps either its cold or warm if you notice a change use a Philips and adjust the water valve mixer from underneath .Ask Mike for help if needed .,10/5/2023
1882,EQ ID 1882,Water faucets outside the restrooms 1 and 2nd floors,Maintenance,7497,Closed and Completed,0.00,0.00,Max,,0.00,10/23/2023,,[],Check all faucets by restrooms on first floor and second floor make sure the water is not changing temps either its cold or warm if you notice a change use a Philips and adjust the water valve mixer from underneath .Ask Mike for help if needed .,11/6/2023
1882,EQ ID 1882,Water faucets outside the restrooms 1 and 2nd floors,Maintenance,7765,Closed and Completed,0.00,0.30,Max,,0.00,11/27/2023,Maksim Bushka - 11/27/23  8:58:28 AM: Replaced the front low wheal on stalker # 19,[],Check all faucets by restrooms on first floor and second floor make sure the water is not changing temps either its cold or warm if you notice a change use a Philips and adjust the water valve mixer from underneath .Ask Mike for help if needed .,11/23/2023
1882,EQ ID 1882,Water faucets outside the restrooms 1 and 2nd floors,Maintenance,8125,Closed and Completed,0.00,0.30,Max,,0.00,12/29/2023,,[],Check all faucets by restrooms on first floor and second floor make sure the water is not changing temps either its cold or warm if you notice a change use a Philips and adjust the water valve mixer from underneath .Ask Mike for help if needed .,12/27/2023
1882,EQ ID 1882,Water faucets outside the restrooms 1 and 2nd floors,Maintenance,9492,Closed and Completed,0.00,0.00,Max,,0.00,1/30/2024,,[],Check all faucets by restrooms on first floor and second floor make sure the water is not changing temps either its cold or warm if you notice a change use a Philips and adjust the water valve mixer from underneath .Ask Mike for help if needed .,1/29/2024
1882,EQ ID 1882,Water faucets outside the restrooms 1 and 2nd floors,Maintenance,10167,Closed and Completed,0.00,0.20,Max,,0.00,3/1/2024,,[],Check all faucets by restrooms on first floor and second floor make sure the water is not changing temps either its cold or warm if you notice a change use a Philips and adjust the water valve mixer from underneath .Ask Mike for help if needed .,2/29/2024
1882,EQ ID 1882,Water faucets outside the restrooms 1 and 2nd floors,Maintenance,10602,Closed and Completed,0.00,0.20,Max,,0.00,4/1/2024,Maksim Bushka - 04/01/24  2:46:42 PM: Replaced 4 rollers on a drywall cart.,[],Check all faucets by restrooms on first floor and second floor make sure the water is not changing temps either its cold or warm if you notice a change use a Philips and adjust the water valve mixer from underneath .Ask Mike for help if needed .,4/1/2024
1882,EQ ID 1882,Water faucets outside the restrooms 1 and 2nd floors,Maintenance,10882,Closed and Completed,0.00,0.20,Max,,0.00,4/30/2024,,[],Check all faucets by restrooms on first floor and second floor make sure the water is not changing temps either its cold or warm if you notice a change use a Philips and adjust the water valve mixer from underneath .Ask Mike for help if needed .,5/1/2024
1882,EQ ID 1882,Water faucets outside the restrooms 1 and 2nd floors,Maintenance,11471,Closed and Completed,0.00,0.00,Max,,0.00,5/16/2024,,[],Check all faucets by restrooms on first floor and second floor make sure the water is not changing temps either its cold or warm if you notice a change use a Philips and adjust the water valve mixer from underneath .Ask Mike for help if needed .,5/30/2024
1882,EQ ID 1882,Water faucets outside the restrooms 1 and 2nd floors,Maintenance,11908,Closed and Completed,0.00,0.20,Max,,0.00,6/26/2024,,[],Check all faucets by restrooms on first floor and second floor make sure the water is not changing temps either its cold or warm if you notice a change use a Philips and adjust the water valve mixer from underneath .Ask Mike for help if needed .,6/30/2024
1882,EQ ID 1882,Water faucets outside the restrooms 1 and 2nd floors,Maintenance,12240,Closed and Completed,0.00,0.30,Max,,0.00,7/17/2024,Maksim Bushka - 07/17/24  7:11:05 PM: Replaced 26 light bulbs on the parking structure.,[],Check all faucets by restrooms on first floor and second floor make sure the water is not changing temps either its cold or warm if you notice a change use a Philips and adjust the water valve mixer from underneath .Ask Mike for help if needed .,7/26/2024
1882,EQ ID 1882,Water faucets outside the restrooms 1 and 2nd floors,Maintenance,12437,Closed and Completed,0.00,0.00,Max,,0.00,8/19/2024,,[],Check all faucets by restrooms on first floor and second floor make sure the water is not changing temps either its cold or warm if you notice a change use a Philips and adjust the water valve mixer from underneath .Ask Mike for help if needed .,8/17/2024
1882,EQ ID 1882,Water faucets outside the restrooms 1 and 2nd floors,Maintenance,12817,Closed and Completed,0.00,0.00,Max,,0.00,9/30/2024,,[],Check all faucets by restrooms on first floor and second floor make sure the water is not changing temps either its cold or warm if you notice a change use a Philips and adjust the water valve mixer from underneath .Ask Mike for help if needed .,9/19/2024
1882,EQ ID 1882,Water faucets outside the restrooms 1 and 2nd floors,Maintenance,13221,Closed and Completed,0.00,1.00,Max,,0.00,10/18/2024,,[],Check all faucets by restrooms on first floor and second floor make sure the water is not changing temps either its cold or warm if you notice a change use a Philips and adjust the water valve mixer from underneath .Ask Mike for help if needed .,10/30/2024
1882,EQ ID 1882,Water faucets outside the restrooms 1 and 2nd floors,Maintenance,13471,Closed and Completed,0.00,0.30,Max,,0.00,11/20/2024,,[],Check all faucets by restrooms on first floor and second floor make sure the water is not changing temps either its cold or warm if you notice a change use a Philips and adjust the water valve mixer from underneath .Ask Mike for help if needed .,11/18/2024
1882,EQ ID 1882,Water faucets outside the restrooms 1 and 2nd floors,Maintenance,13876,Closed and Completed,0.00,0.20,Max,,0.00,12/17/2024,,[],Check all faucets by restrooms on first floor and second floor make sure the water is not changing temps either its cold or warm if you notice a change use a Philips and adjust the water valve mixer from underneath .Ask Mike for help if needed .,12/20/2024
1882,EQ ID 1882,Water faucets outside the restrooms 1 and 2nd floors,Maintenance,14136,Closed and Completed,0.00,0.30,Primo & Max,,0.00,1/7/2025,,[],Check all faucets by restrooms on first floor and second floor make sure the water is not changing temps either its cold or warm if you notice a change use a Philips and adjust the water valve mixer from underneath .Ask Mike for help if needed .,1/17/2025
1882,EQ ID 1882,Water faucets outside the restrooms 1 and 2nd floors,Maintenance,14284,Closed and Completed,0.00,0.00,Max,,0.00,2/4/2025,,[],Check all faucets by restrooms on first floor and second floor make sure the water is not changing temps either its cold or warm if you notice a change use a Philips and adjust the water valve mixer from underneath .Ask Mike for help if needed .,2/7/2025
1882,EQ ID 1882,Water faucets outside the restrooms 1 and 2nd floors,Maintenance,14612,Closed and Completed,0.00,1.00,Max,,0.00,2/28/2025,,[],Check all faucets by restrooms on first floor and second floor make sure the water is not changing temps either its cold or warm if you notice a change use a Philips and adjust the water valve mixer from underneath .Ask Mike for help if needed .,3/7/2025
1882,EQ ID 1882,Water faucets outside the restrooms 1 and 2nd floors,Maintenance,14926,Closed and Completed,0.00,0.30,Max,,0.00,4/9/2025,,[],Check all faucets by restrooms on first floor and second floor make sure the water is not changing temps either its cold or warm if you notice a change use a Philips and adjust the water valve mixer from underneath .Ask Mike for help if needed .,4/3/2025
1882,EQ ID 1882,Water faucets outside the restrooms 1 and 2nd floors,Maintenance,15335,Closed and Completed,0.00,0.30,Max,,0.00,5/14/2025,,[],Check all faucets by restrooms on first floor and second floor make sure the water is not changing temps either its cold or warm if you notice a change use a Philips and adjust the water valve mixer from underneath .Ask Mike for help if needed .,5/9/2025
1882,EQ ID 1882,Water faucets outside the restrooms 1 and 2nd floors,Maintenance,15746,Closed and Completed,0.00,0.20,Max,,0.00,6/13/2025,,[],Check all faucets by restrooms on first floor and second floor make sure the water is not changing temps either its cold or warm if you notice a change use a Philips and adjust the water valve mixer from underneath .Ask Mike for help if needed .,6/14/2025
1882,EQ ID 1882,Water faucets outside the restrooms 1 and 2nd floors,Maintenance,16100,Closed and Completed,0.00,0.30,Max,,0.00,7/11/2025,,[],Check all faucets by restrooms on first floor and second floor make sure the water is not changing temps either its cold or warm if you notice a change use a Philips and adjust the water valve mixer from underneath .Ask Mike for help if needed .,7/16/2025
1882,EQ ID 1882,Water faucets outside the restrooms 1 and 2nd floors,Maintenance,16415,Closed and Completed,0.00,0.00,Max,,0.00,8/18/2025,,[],Check all faucets by restrooms on first floor and second floor make sure the water is not changing temps either its cold or warm if you notice a change use a Philips and adjust the water valve mixer from underneath .Ask Mike for help if needed .,8/15/2025
1882,EQ ID 1882,Water faucets outside the restrooms 1 and 2nd floors,Maintenance,16721,Closed and Completed,0.00,0.20,Max,,0.00,9/16/2025,,[],Check all faucets by restrooms on first floor and second floor make sure the water is not changing temps either its cold or warm if you notice a change use a Philips and adjust the water valve mixer from underneath .Ask Mike for help if needed .,9/18/2025
1882,EQ ID 1882,Water faucets outside the restrooms 1 and 2nd floors,Maintenance,17016,Closed and Completed,0.00,0.50,PU,,0.00,10/16/2025,Primo Uy - 10/17/25  7:16:46 AM: Done,[],Check all faucets by restrooms on first floor and second floor make sure the water is not changing temps either its cold or warm if you notice a change use a Philips and adjust the water valve mixer from underneath .Ask Mike for help if needed .,10/16/2025
1882,EQ ID 1882,Water faucets outside the restrooms 1 and 2nd floors,Maintenance,17334,Closed and Completed,0.00,20.00,Max,,0.00,11/17/2025,,[],Check all faucets by restrooms on first floor and second floor make sure the water is not changing temps either its cold or warm if you notice a change use a Philips and adjust the water valve mixer from underneath .Ask Mike for help if needed .,11/17/2025
1882,EQ ID 1882,Water faucets outside the restrooms 1 and 2nd floors,Maintenance,17726,Closed and Completed,0.00,0.20,Max,,0.00,12/18/2025,,[],Check all faucets by restrooms on first floor and second floor make sure the water is not changing temps either its cold or warm if you notice a change use a Philips and adjust the water valve mixer from underneath .Ask Mike for help if needed .,12/17/2025
1882,EQ ID 1882,Water faucets outside the restrooms 1 and 2nd floors,Maintenance,17999,Closed and Completed,0.00,0.50,Max,,0.00,1/16/2026,"Maksim Bushka - 01/24/26  9:11:11 AM: Scheduled Date: 01-16-26
Parts Needed: NO
Parts Ordered: NO
Expected Delivery Date: N/A
General Notes: Checked up ok",[],Check all faucets by restrooms on first floor and second floor make sure the water is not changing temps either its cold or warm if you notice a change use a Philips and adjust the water valve mixer from underneath .Ask Mike for help if needed .,1/18/2026
1882,EQ ID 1882,Water faucets outside the restrooms 1 and 2nd floors,Maintenance,18291,Closed and Completed,0.00,0.30,Max,,0.00,3/5/2026,"Maksim Bushka - 03/13/26  2:19:11 PM: Scheduled Date: 02/24/2026
Parts Needed: NO
Parts Ordered: NO
Expected Delivery Date: N/A
General Notes: Checked all ok",[],Check all faucets by restrooms on first floor and second floor make sure the water is not changing temps either its cold or warm if you notice a change use a Philips and adjust the water valve mixer from underneath .Ask Mike for help if needed .,2/24/2026
1882,EQ ID 1882,Water faucets outside the restrooms 1 and 2nd floors,Maintenance,18749,Closed and Completed,0.00,0.20,Max,,0.00,4/14/2026,"Maksim Bushka - 04/15/26 12:27:38 PM: Scheduled Date: 03/14/2026
Parts Needed: NO
Parts Ordered: NO
Expected Delivery Date: N/A
General Notes: Checked up ok",[],Check all faucets by restrooms on first floor and second floor make sure the water is not changing temps either its cold or warm if you notice a change use a Philips and adjust the water valve mixer from underneath .Ask Mike for help if needed .,4/13/2026
1882,EQ ID 1882,Water faucets outside the restrooms 1 and 2nd floors,Maintenance,19113,Closed and Completed,0.00,0.30,Max,,0.00,5/15/2026,"Maksim Bushka - 05/20/26  1:15:35 PM: Scheduled Date: 05/15/2026
Parts Needed: NO
Parts Ordered: NO
Expected Delivery Date: N/A
General Notes: Checked up ok",[],Check all faucets by restrooms on first floor and second floor make sure the water is not changing temps either its cold or warm if you notice a change use a Philips and adjust the water valve mixer from underneath .Ask Mike for help if needed .,5/15/2026
1882,EQ ID 1882,Water faucets outside the restrooms 1 and 2nd floors,Maintenance,19513,Closed and Completed,0.00,0.00,Colton,,0.00,6/19/2026,Colton Price - 07/07/26 12:19:20 PM: All faucets are good and were checked when the soap dispensers were cleaned.,[],Check all faucets by restrooms on first floor and second floor make sure the water is not changing temps either its cold or warm if you notice a change use a Philips and adjust the water valve mixer from underneath .Ask Mike for help if needed .,6/20/2026
1882,EQ ID 1882,Water faucets outside the restrooms 1 and 2nd floors,Maintenance,20047,Closed and Completed,0.00,0.30,Max,,0.00,8/11/2026,,[],Check all faucets by restrooms on first floor and second floor make sure the water is not changing temps either its cold or warm if you notice a change use a Philips and adjust the water valve mixer from underneath .Ask Mike for help if needed .,8/7/2026
1918,EQ ID 1918,Mezzanine light bulbs,Maintenance,994,Closed without Action,0.00,0.00,Max,,0.00,3/31/2026,Sean Jennings - 03/27/26 10:24:11 AM: We will look into replacing these lights for LED bulbs,[],Look at the bulbs in the mezzanine if lots are starting to go out its time to replace them all total of 120 bulbs next replacement date is 4-1-23.Bulb type Sylvania F032/841/ECO,3/18/2026
1514,EQ ID 1514,2016 Hyundai tucson,Maintenance,910,Closed and Completed,0.00,0.25,Nick M,,0.00,6/17/2022,Nicholas Martinez - 06/17/22 12:26:17 PM: Odometer checked and currently showing 19475.,[],Log odometer readings quarterly,6/18/2022
1514,EQ ID 1514,2016 Hyundai tucson,Maintenance,2793,Closed without Action,0.00,0.00,md,,0.00,12/29/2022,,[],Log odometer readings quarterly,1/13/2023
1514,EQ ID 1514,2016 Hyundai tucson,Maintenance,3769,Closed and Completed,0.00,0.15,Primo & Max,,0.00,4/4/2023,"Maksim Bushka - 04/04/23 10:59:39 AM: The odometer reading as off today is 22,807 mi.",[],Log odometer readings quarterly,3/29/2023
1514,EQ ID 1514,2016 Hyundai tucson,Maintenance,5138,Closed without Action,0.00,0.00,,,0.00,7/10/2023,,[],Log odometer readings quarterly,7/4/2023
1514,EQ ID 1514,2016 Hyundai tucson,Maintenance,6458,Closed and Completed,0.00,0.20,PU&Max,,0.00,10/18/2023,Primo Uy - 10/31/23 10:20:39 AM: ODO: 25516,[],Log odometer readings quarterly,10/18/2023
1514,EQ ID 1514,2016 Hyundai tucson,Maintenance,7860,Closed and Completed,0.00,0.17,PU&Max,,0.00,1/31/2024,Primo Uy - 01/31/24  2:08:05 PM: 27024,[],Log odometer readings quarterly,1/31/2024
1514,EQ ID 1514,2016 Hyundai tucson,Maintenance,10188,Closed without Action,0.00,0.00,md,,0.00,4/9/2024,"Miguel Diaz - 04/09/24  1:22:05 PM: Check all panels especially the one location that always gets loose  also walk the parking structure and look for anything  that may need to get fixed .
*Check module mounting system 
*Checked module integrity and condition 
*Check for soiling 
*Check that no wire is laying on top of the roof surface 
*Check that all cables connections are fully engaged 
*Check for water ponding and or roof drain obstructions",[],Log odometer readings quarterly,4/30/2024
1514,EQ ID 1514,2016 Hyundai tucson,Maintenance,11054,Closed without Action,0.00,0.00,md,,0.00,7/15/2024,Miguel Diaz - 07/15/24  7:59:53 AM: office services to do this,[],Log odometer readings quarterly,7/9/2024
1515,EQ ID 1515,2016 Hyundai elantra,Maintenance,911,Closed and Completed,0.00,0.25,Nick M,,0.00,6/17/2022,Nicholas Martinez - 06/17/22 12:24:23 PM: Odometer checked and currently showing 11525.,[],Log odometer readings quarterly,6/18/2022
1515,EQ ID 1515,2016 Hyundai elantra,Maintenance,2794,Closed without Action,0.00,0.00,md,,0.00,12/29/2022,,[],Log odometer readings quarterly,1/13/2023
1515,EQ ID 1515,2016 Hyundai elantra,Maintenance,3770,Closed and Completed,0.00,15.00,Max,,0.00,4/3/2023,"Maksim Bushka - 04/03/23  8:51:38 AM: Odometer reading as of today 13,413 miles.",[],Log odometer readings quarterly,3/29/2023
1515,EQ ID 1515,2016 Hyundai elantra,Maintenance,5115,Closed without Action,0.00,0.00,,,0.00,7/17/2023,,[],Log odometer readings quarterly,7/3/2023
1515,EQ ID 1515,2016 Hyundai elantra,Maintenance,6457,Closed and Completed,0.00,0.00,PU&Max,,0.00,10/18/2023,Primo Uy - 10/31/23 10:19:50 AM: ODO: 14754,[],Log odometer readings quarterly,10/18/2023
1515,EQ ID 1515,2016 Hyundai elantra,Maintenance,7859,Closed and Completed,0.00,0.17,PU&Max,,0.00,1/31/2024,Primo Uy - 01/31/24  2:07:01 PM: 15351,[],Log odometer readings quarterly,1/31/2024
1515,EQ ID 1515,2016 Hyundai elantra,Maintenance,10187,Closed and Completed,0.00,0.10,md,,0.00,4/23/2024,Miguel Diaz - 04/23/24 11:45:13 AM: 18137,[],Log odometer readings quarterly,4/30/2024
1515,EQ ID 1515,2016 Hyundai elantra,Maintenance,11408,Closed without Action,0.00,0.00,md,,0.00,7/20/2024,Miguel Diaz - 07/20/24 12:18:43 PM: we do not do this we dont have a means of tieing off safely,[],Log odometer readings quarterly,7/23/2024
1593,EQ ID 1593,Shipping Lunchroom Filter Under sink,Maintenance,939,Closed and Completed,120.00,0.70,Mike D,,0.00,9/10/2022,Miguel Diaz - 09/15/22  6:31:03 AM: Replaced filter good for one year,[],"Replace 1 filter under sink 
Scotsman Cartridge 044-SSMRC1 Qty -1
Or Grainger item Part # 36P056",9/18/2022
1593,EQ ID 1593,Shipping Lunchroom Filter Under sink,Maintenance,2802,Closed and Completed,200.00,0.20,Miguel & Max,,0.00,4/5/2023,Maksim Bushka - 04/05/23 12:43:34 PM: Replaced the filter under the sink.,[],"Replace 1 filter under sink 
Scotsman Cartridge 044-SSMRC1 Qty -1
Or Grainger item Part # 36P056",4/13/2023
1593,EQ ID 1593,Shipping Lunchroom Filter Under sink,Maintenance,5164,Closed and Completed,0.00,1.00,Max,,0.00,10/12/2023,,[],"Replace 1 filter under sink 
Scotsman Cartridge 044-SSMRC1 Qty -1
Or Grainger item Part # 36P056",10/5/2023
1593,EQ ID 1593,Shipping Lunchroom Filter Under sink,Maintenance,7630,Closed without Action,0.00,0.00,Max,,0.00,4/9/2024,Maksim Bushka - 04/09/24  1:11:25 PM: We replaced the filter 2 months ago and will skip at this time,[],"Replace 1 filter under sink 
Scotsman Cartridge 044-SSMRC1 Qty -1
Or Grainger item Part # 36P056",4/12/2024
1593,EQ ID 1593,Shipping Lunchroom Filter Under sink,Maintenance,11051,Closed and Completed,100.00,1.00,Max,,0.00,10/8/2024,,[],"Replace 1 filter under sink 
Scotsman Cartridge 044-SSMRC1 Qty -1
Or Grainger item Part # 36P056",10/9/2024
1593,EQ ID 1593,Shipping Lunchroom Filter Under sink,Maintenance,13401,Closed and Completed,120.00,0.30,Max,,0.00,4/17/2025,,[],"Replace 1 filter under sink 
Scotsman Cartridge 044-SSMRC1 Qty -1
Or Grainger item Part # 36P056",4/14/2025
1593,EQ ID 1593,Shipping Lunchroom Filter Under sink,Maintenance,15418,Closed and Completed,0.00,1.00,Max,,0.00,10/22/2025,Maksim Bushka - 10/22/25 12:53:20 PM: Replaced the filter,[],"Replace 1 filter under sink 
Scotsman Cartridge 044-SSMRC1 Qty -1
Or Grainger item Part # 36P056",10/17/2025
1593,EQ ID 1593,Shipping Lunchroom Filter Under sink,Maintenance,17416,Closed and Completed,0.00,0.30,Max,,0.00,4/27/2026,Maksim Bushka - 04/27/26  7:13:42 PM: Replaced,[],"Replace 1 filter under sink 
Scotsman Cartridge 044-SSMRC1 Qty -1
Or Grainger item Part # 36P056",4/22/2026
1594,EQ ID 1594,Lunchroom Filters across from Sandy's office under sink,Maintenance,940,Closed and Completed,250.00,0.80,Mike D,,0.00,9/10/2022,Miguel Diaz - 09/15/22  6:31:52 AM: Replaced filters good for one year,[],"Replace all 3 filters under sink .
Hoshaki filtration Part # 4HC-H  Cartridge(EV9655-11) Qty -2 Or Grainger item Part# 31XC11
Ever-pure  20'' sediment filters EV9534-20 QTY-1 Or Grainger item part# 5WFG2",9/18/2022
1594,EQ ID 1594,Lunchroom Filters across from Sandy's office under sink,Maintenance,2803,Closed and Completed,300.00,1.00,Miguel & Max,,0.00,4/6/2023,Maksim Bushka - 04/06/23  9:20:47 AM: Replaced all filters under the sink.,[],"Replace all 3 filters under sink .
Hoshaki filtration Part # 4HC-H  Cartridge(EV9655-11) Qty -2 Or Grainger item Part# 31XC11
Ever-pure  20'' sediment filters EV9534-20 QTY-1 Or Grainger item part# 5WFG2",4/13/2023
1594,EQ ID 1594,Lunchroom Filters across from Sandy's office under sink,Maintenance,5178,Closed and Completed,800.00,1.00,Max,,0.00,10/12/2023,,[],"Replace all 3 filters under sink .
Hoshaki filtration Part # 4HC-H  Cartridge(EV9655-11) Qty -2 Or Grainger item Part# 31XC11
Ever-pure  20'' sediment filters EV9534-20 QTY-1 Or Grainger item part# 5WFG2",10/6/2023
1594,EQ ID 1594,Lunchroom Filters across from Sandy's office under sink,Maintenance,7631,Closed without Action,0.00,0.00,Max,,0.00,4/9/2024,Maksim Bushka - 04/09/24  1:12:54 PM: We replaced the filters 2 months ago and will skip this time,[],"Replace all 3 filters under sink .
Hoshaki filtration Part # 4HC-H  Cartridge(EV9655-11) Qty -2 Or Grainger item Part# 31XC11
Ever-pure  20'' sediment filters EV9534-20 QTY-1 Or Grainger item part# 5WFG2",4/12/2024
1594,EQ ID 1594,Lunchroom Filters across from Sandy's office under sink,Maintenance,11052,Closed and Completed,100.00,1.00,Max,,0.00,10/8/2024,,[],"Replace all 3 filters under sink .
Hoshaki filtration Part # 4HC-H  Cartridge(EV9655-11) Qty -2 Or Grainger item Part# 31XC11
Ever-pure  20'' sediment filters EV9534-20 QTY-1 Or Grainger item part# 5WFG2",10/9/2024
1594,EQ ID 1594,Lunchroom Filters across from Sandy's office under sink,Maintenance,13402,Closed and Completed,350.00,1.00,Max,,0.00,4/23/2025,Maksim Bushka - 04/23/25  7:14:40 PM: Replaced all 3 filters.,[],"Replace all 3 filters under sink .
Hoshaki filtration Part # 4HC-H  Cartridge(EV9655-11) Qty -2 Or Grainger item Part# 31XC11
Ever-pure  20'' sediment filters EV9534-20 QTY-1 Or Grainger item part# 5WFG2",4/14/2025
1594,EQ ID 1594,Lunchroom Filters across from Sandy's office under sink,Maintenance,15480,Closed and Completed,300.00,1.00,Max,,0.00,10/27/2025,Maksim Bushka - 10/27/25 12:49:52 PM: Replaced the filters.,[],"Replace all 3 filters under sink .
Hoshaki filtration Part # 4HC-H  Cartridge(EV9655-11) Qty -2 Or Grainger item Part# 31XC11
Ever-pure  20'' sediment filters EV9534-20 QTY-1 Or Grainger item part# 5WFG2",10/23/2025
1594,EQ ID 1594,Lunchroom Filters across from Sandy's office under sink,Maintenance,17479,Closed and Completed,250.00,1.00,Max,,0.00,4/27/2026,Maksim Bushka - 04/27/26  7:14:58 PM: Replaced the filters.,[],"Replace all 3 filters under sink .
Hoshaki filtration Part # 4HC-H  Cartridge(EV9655-11) Qty -2 Or Grainger item Part# 31XC11
Ever-pure  20'' sediment filters EV9534-20 QTY-1 Or Grainger item part# 5WFG2",4/27/2026
1595,EQ ID 1595,Main Lunchroom filters 2nd floor under sink,Maintenance,941,Closed and Completed,250.00,0.80,Mike D,,0.00,9/10/2022,Miguel Diaz - 09/15/22  6:32:26 AM: Replaced filters good for one year,[],"Replace all 3 filters under sink .
Hoshaki filtration Part # 4HC-H  Cartridge(EV9655-11) Qty -2 Or Grainger item part# 31XC11
Ever-pure  20'' sediment filters EV9534-20 QTY-1 Or Grainger item part# 5WFG2",9/18/2022
1595,EQ ID 1595,Main Lunchroom filters 2nd floor under sink,Maintenance,2804,Closed and Completed,300.00,1.00,Miguel & Max,,0.00,4/6/2023,Maksim Bushka - 04/06/23  9:22:26 AM: Replaced all 3 filters.,[],"Replace all 3 filters under sink .
Hoshaki filtration Part # 4HC-H  Cartridge(EV9655-11) Qty -2 Or Grainger item part# 31XC11
Ever-pure  20'' sediment filters EV9534-20 QTY-1 Or Grainger item part# 5WFG2",4/13/2023
1595,EQ ID 1595,Main Lunchroom filters 2nd floor under sink,Maintenance,5179,Closed and Completed,800.00,1.00,Max,,0.00,10/12/2023,,[],"Replace all 3 filters under sink .
Hoshaki filtration Part # 4HC-H  Cartridge(EV9655-11) Qty -2 Or Grainger item part# 31XC11
Ever-pure  20'' sediment filters EV9534-20 QTY-1 Or Grainger item part# 5WFG2",10/6/2023
1595,EQ ID 1595,Main Lunchroom filters 2nd floor under sink,Maintenance,7632,Closed without Action,0.00,0.00,Max,,0.00,4/9/2024,Maksim Bushka - 04/09/24  1:08:11 PM: We replaced the filters 2 month ago and we will skip the replacement.,[],"Replace all 3 filters under sink .
Hoshaki filtration Part # 4HC-H  Cartridge(EV9655-11) Qty -2 Or Grainger item part# 31XC11
Ever-pure  20'' sediment filters EV9534-20 QTY-1 Or Grainger item part# 5WFG2",4/12/2024
1595,EQ ID 1595,Main Lunchroom filters 2nd floor under sink,Maintenance,11049,Closed and Completed,100.00,1.00,Max,,0.00,10/8/2024,,[],"Replace all 3 filters under sink .
Hoshaki filtration Part # 4HC-H  Cartridge(EV9655-11) Qty -2 Or Grainger item part# 31XC11
Ever-pure  20'' sediment filters EV9534-20 QTY-1 Or Grainger item part# 5WFG2",10/9/2024
1595,EQ ID 1595,Main Lunchroom filters 2nd floor under sink,Maintenance,13403,Closed and Completed,350.00,1.00,Max,,0.00,4/23/2025,Maksim Bushka - 04/23/25  7:15:31 PM: Replaced all 3 filters.,[],"Replace all 3 filters under sink .
Hoshaki filtration Part # 4HC-H  Cartridge(EV9655-11) Qty -2 Or Grainger item part# 31XC11
Ever-pure  20'' sediment filters EV9534-20 QTY-1 Or Grainger item part# 5WFG2",4/14/2025
1595,EQ ID 1595,Main Lunchroom filters 2nd floor under sink,Maintenance,15481,Closed and Completed,300.00,1.00,Max,,0.00,10/27/2025,Maksim Bushka - 10/27/25 12:51:04 PM: Replaced the filters.,[],"Replace all 3 filters under sink .
Hoshaki filtration Part # 4HC-H  Cartridge(EV9655-11) Qty -2 Or Grainger item part# 31XC11
Ever-pure  20'' sediment filters EV9534-20 QTY-1 Or Grainger item part# 5WFG2",10/23/2025
1595,EQ ID 1595,Main Lunchroom filters 2nd floor under sink,Maintenance,17480,Closed and Completed,250.00,1.00,Max,,0.00,4/27/2026,Maksim Bushka - 04/27/26  7:15:59 PM: Replaced the filters.,[],"Replace all 3 filters under sink .
Hoshaki filtration Part # 4HC-H  Cartridge(EV9655-11) Qty -2 Or Grainger item part# 31XC11
Ever-pure  20'' sediment filters EV9534-20 QTY-1 Or Grainger item part# 5WFG2",4/27/2026
1607,EQ ID 1607,Scotsman ice maker Shipping lunchroom,Maintenance,942,Closed and Completed,0.00,1.00,Mike D,,0.00,9/16/2022,"Miguel Diaz - 09/17/22 10:25:03 AM: Dumped full buckets of ice 
Cleaned water tray inside machine and adjusted water height float 
Cleaned water metering rod probe 
Removed left side cover and used shop vac to cleaned the condensing unit .",[],"*Use a bucket and dump all the ice out of the ice chute .
*Turn off the water to the machine under sink
* Remove top and front panel from the machine 
*Turn the power off to the machine Switch is in the middle .
*Disconnect hoses and water metering rod (Carefully) its Glass get the drain hose and remove the cap and let all the water run down to the drain.
*Now remove the water container and clean it with scale remover from Scotsman rinse it free of chemicals and place back  .
*Wipe drum and all around the ice drum on top free of deposits  .
*Turn water back on and let it run to rise out the cleaner then cap drain hose and turn power back on .
*Place all panels back on and run water and ice chute to free it from the scale remover .",9/18/2022
1607,EQ ID 1607,Scotsman ice maker Shipping lunchroom,Maintenance,2805,Closed and Completed,0.00,0.00,Max,,0.00,4/15/2023,Maksim Bushka - 04/17/23  7:51:36 AM: Cleaned up the ice machine.,[],"*Use a bucket and dump all the ice out of the ice chute .
*Turn off the water to the machine under sink
* Remove top and front panel from the machine 
*Turn the power off to the machine Switch is in the middle .
*Disconnect hoses and water metering rod (Carefully) its Glass get the drain hose and remove the cap and let all the water run down to the drain.
*Now remove the water container and clean it with scale remover from Scotsman rinse it free of chemicals and place back  .
*Wipe drum and all around the ice drum on top free of deposits  .
*Turn water back on and let it run to rise out the cleaner then cap drain hose and turn power back on .
*Place all panels back on and run water and ice chute to free it from the scale remover .",4/13/2023
1607,EQ ID 1607,Scotsman ice maker Shipping lunchroom,Maintenance,5340,Closed and Completed,0.00,1.00,Mike d,,0.00,10/14/2023,,[],"*Use a bucket and dump all the ice out of the ice chute .
*Turn off the water to the machine under sink
* Remove top and front panel from the machine 
*Turn the power off to the machine Switch is in the middle .
*Disconnect hoses and water metering rod (Carefully) its Glass get the drain hose and remove the cap and let all the water run down to the drain.
*Now remove the water container and clean it with scale remover from Scotsman rinse it free of chemicals and place back  .
*Wipe drum and all around the ice drum on top free of deposits  .
*Turn water back on and let it run to rise out the cleaner then cap drain hose and turn power back on .
*Place all panels back on and run water and ice chute to free it from the scale remover .",10/17/2023
1607,EQ ID 1607,Scotsman ice maker Shipping lunchroom,Maintenance,7835,Closed and Completed,0.00,1.00,md,,0.00,5/4/2024,"Miguel Diaz - 05/04/24  7:37:17 AM: *Use a bucket and dump all the ice out of the ice chute .
*Turn off the water to the machine under sink
* Remove top and front panel from the machine 
*Turn the power off to the machine Switch is in the middle .
*Disconnect hoses and water metering rod (Carefully) its Glass get the drain hose and remove the cap and let all the water run down to the drain.",[],"*Use a bucket and dump all the ice out of the ice chute .
*Turn off the water to the machine under sink
* Remove top and front panel from the machine 
*Turn the power off to the machine Switch is in the middle .
*Disconnect hoses and water metering rod (Carefully) its Glass get the drain hose and remove the cap and let all the water run down to the drain.
*Now remove the water container and clean it with scale remover from Scotsman rinse it free of chemicals and place back  .
*Wipe drum and all around the ice drum on top free of deposits  .
*Turn water back on and let it run to rise out the cleaner then cap drain hose and turn power back on .
*Place all panels back on and run water and ice chute to free it from the scale remover .",4/30/2024
1607,EQ ID 1607,Scotsman ice maker Shipping lunchroom,Maintenance,11529,Closed and Completed,0.00,1.00,md,,0.00,10/12/2024,"Miguel Diaz - 10/28/24  1:20:50 PM: Use a bucket and dump all the ice out of the ice chute .
*Turn off the water to the machine under sink
* Remove top and front panel from the machine 
*Turn the power off to the machine Switch is in the middle .
*Disconnect hoses and water metering rod (Carefully) its Glass get the drain hose and remove the cap and let all the water run down to the drain.
*Now remove the water container and clean it with scale remover from Scotsman rinse it free of chemicals and place back  .
*Wipe drum and all around the ice drum on top free of deposits  .
*Turn water back on and let it run to rise out the cleaner then cap drain hose and turn power back on .
*Place all panels back on and run water and ice chute to free it from the scale remover .",[],"*Use a bucket and dump all the ice out of the ice chute .
*Turn off the water to the machine under sink
* Remove top and front panel from the machine 
*Turn the power off to the machine Switch is in the middle .
*Disconnect hoses and water metering rod (Carefully) its Glass get the drain hose and remove the cap and let all the water run down to the drain.
*Now remove the water container and clean it with scale remover from Scotsman rinse it free of chemicals and place back  .
*Wipe drum and all around the ice drum on top free of deposits  .
*Turn water back on and let it run to rise out the cleaner then cap drain hose and turn power back on .
*Place all panels back on and run water and ice chute to free it from the scale remover .",11/4/2024
1607,EQ ID 1607,Scotsman ice maker Shipping lunchroom,Maintenance,13623,Closed and Completed,0.00,0.15,Max,,0.00,4/30/2025,,[],"*Use a bucket and dump all the ice out of the ice chute .
*Turn off the water to the machine under sink
* Remove top and front panel from the machine 
*Turn the power off to the machine Switch is in the middle .
*Disconnect hoses and water metering rod (Carefully) its Glass get the drain hose and remove the cap and let all the water run down to the drain.
*Now remove the water container and clean it with scale remover from Scotsman rinse it free of chemicals and place back  .
*Wipe drum and all around the ice drum on top free of deposits  .
*Turn water back on and let it run to rise out the cleaner then cap drain hose and turn power back on .
*Place all panels back on and run water and ice chute to free it from the scale remover .",4/28/2025
1607,EQ ID 1607,Scotsman ice maker Shipping lunchroom,Maintenance,15562,Closed and Completed,0.00,0.30,Max,,0.00,10/27/2025,,[],"*Use a bucket and dump all the ice out of the ice chute .
*Turn off the water to the machine under sink
* Remove top and front panel from the machine 
*Turn the power off to the machine Switch is in the middle .
*Disconnect hoses and water metering rod (Carefully) its Glass get the drain hose and remove the cap and let all the water run down to the drain.
*Now remove the water container and clean it with scale remover from Scotsman rinse it free of chemicals and place back  .
*Wipe drum and all around the ice drum on top free of deposits  .
*Turn water back on and let it run to rise out the cleaner then cap drain hose and turn power back on .
*Place all panels back on and run water and ice chute to free it from the scale remover .",10/30/2025
1607,EQ ID 1607,Scotsman ice maker Shipping lunchroom,Maintenance,17484,Closed and Completed,0.00,1.00,Max,,0.00,5/4/2026,"Maksim Bushka - 05/05/26  3:03:52 PM: Scheduled Date: 04/27/2026
Parts Needed: NO
Parts Ordered: NO
Expected Delivery Date: N/A
General Notes: Cleaned up with solution ok",[],"*Use a bucket and dump all the ice out of the ice chute .
*Turn off the water to the machine under sink
* Remove top and front panel from the machine 
*Turn the power off to the machine Switch is in the middle .
*Disconnect hoses and water metering rod (Carefully) its Glass get the drain hose and remove the cap and let all the water run down to the drain.
*Now remove the water container and clean it with scale remover from Scotsman rinse it free of chemicals and place back  .
*Wipe drum and all around the ice drum on top free of deposits  .
*Turn water back on and let it run to rise out the cleaner then cap drain hose and turn power back on .
*Place all panels back on and run water and ice chute to free it from the scale remover .",4/27/2026
1608,EQ ID 1608,Scotsman ice maker Executive lunchroom,Maintenance,943,Closed and Completed,0.00,2.00,mike,,0.00,3/31/2022,,[],"Get a bucket and dump a full bucket of ice to keep the water circulating in the machine .
Chris to do",3/25/2022
1608,EQ ID 1608,Scotsman ice maker Executive lunchroom,Maintenance,944,Closed and Completed,0.00,1.00,Mike D,,0.00,9/16/2022,"Miguel Diaz - 09/17/22 10:25:33 AM: Dumped full buckets of ice 
Cleaned water tray inside machine and adjusted water height float 
Cleaned water metering rod probe 
Removed left side cover and used shop vac to cleaned the condensing unit .",[],"*Use a bucket and dump all the ice out of the ice chute .
*Turn off the water to the machine under sink
* Remove top and front panel from the machine 
*Turn the power off to the machine Switch is in the middle .
*Disconnect hoses and water metering rod (Carefully) its Glass get the drain hose and remove the cap and let all the water run down to the drain.
*Now remove the water container and clean it with scale remover from Scotsman rinse it free of chemicals and place back  .
*Wipe drum and all around the ice drum on top free of deposits  .
*Turn water back on and let it run to rise out the cleaner then cap drain hose and turn power back on .
*Place all panels back on and run water and ice chute to free it from the scale remover .",9/18/2022
1608,EQ ID 1608,Scotsman ice maker Executive lunchroom,Maintenance,2816,Closed and Completed,0.00,0.00,md,,0.00,10/13/2022,Miguel Diaz - 10/13/22 12:39:15 PM: this wad one last  month on the pms,[],"Get a bucket and dump a full bucket of ice to keep the water circulating in the machine .
Chris to do",10/20/2022
1608,EQ ID 1608,Scotsman ice maker Executive lunchroom,Maintenance,2900,Closed and Completed,0.00,0.00,md,,0.00,10/13/2022,Miguel Diaz - 10/13/22  1:17:58 PM: This was done already last month,[],"Get a bucket and dump a full bucket of ice to keep the water circulating in the machine .
Chris to do",10/20/2022
1608,EQ ID 1608,Scotsman ice maker Executive lunchroom,Maintenance,2902,Closed and Completed,0.00,0.00,dd,,0.00,10/13/2022,Miguel Diaz - 10/13/22  1:19:09 PM: not used,[],"Get a bucket and dump a full bucket of ice to keep the water circulating in the machine .
Chris to do",10/20/2022
1608,EQ ID 1608,Scotsman ice maker Executive lunchroom,Maintenance,2906,Closed and Completed,0.00,0.00,md,,0.00,10/13/2022,Miguel Diaz - 10/13/22  1:19:35 PM: wdwd,[],"Get a bucket and dump a full bucket of ice to keep the water circulating in the machine .
Chris to do",10/20/2022
1608,EQ ID 1608,Scotsman ice maker Executive lunchroom,Maintenance,2907,Closed and Completed,0.00,0.00,x,,0.00,10/13/2022,Miguel Diaz - 10/13/22  1:20:07 PM: wdwd,[],"Get a bucket and dump a full bucket of ice to keep the water circulating in the machine .
Chris to do",10/20/2022
1608,EQ ID 1608,Scotsman ice maker Executive lunchroom,Maintenance,2908,Closed and Completed,0.00,0.00,hgh,,0.00,10/14/2022,,[],"Get a bucket and dump a full bucket of ice to keep the water circulating in the machine .
Chris to do",10/20/2022
1608,EQ ID 1608,Scotsman ice maker Executive lunchroom,Maintenance,2911,Closed and Completed,0.00,0.00,f,,0.00,10/14/2022,,[],"Get a bucket and dump a full bucket of ice to keep the water circulating in the machine .
Chris to do",10/21/2022
1608,EQ ID 1608,Scotsman ice maker Executive lunchroom,Maintenance,2912,Closed and Completed,0.00,0.00,uiu,,0.00,10/14/2022,,[],"Get a bucket and dump a full bucket of ice to keep the water circulating in the machine .
Chris to do",10/21/2022
1608,EQ ID 1608,Scotsman ice maker Executive lunchroom,Maintenance,2928,Closed and Completed,0.00,0.00,ol,,0.00,10/14/2022,,[],"Get a bucket and dump a full bucket of ice to keep the water circulating in the machine .
Chris to do",10/21/2022
1608,EQ ID 1608,Scotsman ice maker Executive lunchroom,Maintenance,2929,Closed and Completed,0.00,0.20,md,,0.00,10/21/2022,Miguel Diaz - 10/21/22 11:05:18 AM: Done,[],"Get a bucket and dump a full bucket of ice to keep the water circulating in the machine .
Chris to do",10/21/2022
1608,EQ ID 1608,Scotsman ice maker Executive lunchroom,Maintenance,2998,Closed and Completed,0.00,0.00,md,,0.00,11/5/2022,Miguel Diaz - 11/07/22  7:32:41 AM: Found that when moving the battery connector lift turns on .Need to call in Raymond tech to replace the battery wire connectors they are worn out .Aligned cord so that it stays on for now till its fixed .,[],"Get a bucket and dump a full bucket of ice to keep the water circulating in the machine .
Chris to do",10/28/2022
1608,EQ ID 1608,Scotsman ice maker Executive lunchroom,Maintenance,3132,Closed and Completed,0.00,0.10,md,,0.00,11/8/2022,Miguel Diaz - 11/08/22  7:54:42 AM: done,[],"Get a bucket and dump a full bucket of ice to keep the water circulating in the machine .
Chris to do",11/14/2022
1608,EQ ID 1608,Scotsman ice maker Executive lunchroom,Maintenance,3168,Closed and Completed,0.00,0.10,md,,0.00,11/8/2022,Miguel Diaz - 11/08/22  7:55:01 AM: done,[],"Get a bucket and dump a full bucket of ice to keep the water circulating in the machine .
Chris to do",11/15/2022
1608,EQ ID 1608,Scotsman ice maker Executive lunchroom,Maintenance,3169,Closed and Completed,0.00,0.10,md,,0.00,11/8/2022,Miguel Diaz - 11/08/22  7:55:16 AM: done,[],"Get a bucket and dump a full bucket of ice to keep the water circulating in the machine .
Chris to do",11/15/2022
1608,EQ ID 1608,Scotsman ice maker Executive lunchroom,Maintenance,3170,Closed and Completed,0.00,0.00,,,0.00,11/23/2022,Miguel Diaz - 11/23/22  8:31:26 AM: done dumped ice for all 3 machines,[],"Get a bucket and dump a full bucket of ice to keep the water circulating in the machine .
Chris to do",11/15/2022
1608,EQ ID 1608,Scotsman ice maker Executive lunchroom,Maintenance,3336,Closed and Completed,0.00,0.00,v,,0.00,11/29/2022,,[],"Get a bucket and dump a full bucket of ice to keep the water circulating in the machine .
Chris to do",11/30/2022
1608,EQ ID 1608,Scotsman ice maker Executive lunchroom,Maintenance,3393,Closed and Completed,0.00,0.10,md,,0.00,12/6/2022,Miguel Diaz - 12/06/22  1:14:09 PM: dumped ice in the morning,[],"Get a bucket and dump a full bucket of ice to keep the water circulating in the machine .
Chris to do",12/8/2022
1608,EQ ID 1608,Scotsman ice maker Executive lunchroom,Maintenance,3463,Closed and Completed,0.00,0.00,md,,0.00,12/6/2022,Miguel Diaz - 12/06/22  1:14:59 PM: done,[],"Get a bucket and dump a full bucket of ice to keep the water circulating in the machine .
Chris to do",12/13/2022
1608,EQ ID 1608,Scotsman ice maker Executive lunchroom,Maintenance,3466,Closed and Completed,0.00,0.00,,,0.00,12/6/2022,Miguel Diaz - 12/06/22  1:15:14 PM: done,[],"Get a bucket and dump a full bucket of ice to keep the water circulating in the machine .
Chris to do",12/13/2022
1608,EQ ID 1608,Scotsman ice maker Executive lunchroom,Maintenance,3467,Closed and Completed,0.00,0.00,md,,0.00,12/10/2022,,[],"Get a bucket and dump a full bucket of ice to keep the water circulating in the machine .
Chris to do",12/13/2022
1608,EQ ID 1608,Scotsman ice maker Executive lunchroom,Maintenance,3573,Closed and Completed,0.00,0.20,Max,,0.00,12/13/2022,Maksim Bushka - 12/13/22  7:27:48 AM: Dumped 3 small buckets of ice,[],"Get a bucket and dump a full bucket of ice to keep the water circulating in the machine .
Chris to do",12/19/2022
1608,EQ ID 1608,Scotsman ice maker Executive lunchroom,Maintenance,3609,Closed and Completed,0.00,0.20,Max,,0.00,12/13/2022,Maksim Bushka - 12/13/22  7:30:36 AM: Dumped 3 buckets of ice from the icemaker.,[],"Get a bucket and dump a full bucket of ice to keep the water circulating in the machine .
Chris to do",12/20/2022
1608,EQ ID 1608,Scotsman ice maker Executive lunchroom,Maintenance,3610,Closed and Completed,0.00,2.00,Max,,0.00,12/13/2022,,[],"Get a bucket and dump a full bucket of ice to keep the water circulating in the machine .
Chris to do",12/20/2022
1608,EQ ID 1608,Scotsman ice maker Executive lunchroom,Maintenance,3619,Closed and Completed,0.00,0.00,md,,0.00,12/20/2022,,[],"Get a bucket and dump a full bucket of ice to keep the water circulating in the machine .
Chris to do",12/20/2022
1608,EQ ID 1608,Scotsman ice maker Executive lunchroom,Maintenance,3731,Closed and Completed,0.00,0.00,,,0.00,12/20/2022,,[],"Get a bucket and dump a full bucket of ice to keep the water circulating in the machine .
Chris to do",1/3/2023
1608,EQ ID 1608,Scotsman ice maker Executive lunchroom,Maintenance,3738,Closed and Completed,0.00,0.00,md,,0.00,12/29/2022,,[],"Get a bucket and dump a full bucket of ice to keep the water circulating in the machine .
Chris to do",1/3/2023
1608,EQ ID 1608,Scotsman ice maker Executive lunchroom,Maintenance,3766,Closed and Completed,0.00,0.00,md,,0.00,1/2/2023,,[],"Get a bucket and dump a full bucket of ice to keep the water circulating in the machine .
Chris to do",1/5/2023
1608,EQ ID 1608,Scotsman ice maker Executive lunchroom,Maintenance,3934,Closed and Completed,0.00,0.20,Primo & Max,,0.00,1/13/2023,Maksim Bushka - 01/13/23 10:37:31 AM: Did PM,[],"Get a bucket and dump a full bucket of ice to keep the water circulating in the machine .
Chris to do",1/19/2023
1608,EQ ID 1608,Scotsman ice maker Executive lunchroom,Maintenance,3979,Closed and Completed,0.00,0.00,md,,0.00,1/16/2023,,[],"Get a bucket and dump a full bucket of ice to keep the water circulating in the machine .
Chris to do",1/20/2023
1608,EQ ID 1608,Scotsman ice maker Executive lunchroom,Maintenance,4089,Closed and Completed,0.00,0.00,md,,0.00,1/16/2023,,[],"Get a bucket and dump a full bucket of ice to keep the water circulating in the machine .
Chris to do",1/30/2023
1608,EQ ID 1608,Scotsman ice maker Executive lunchroom,Maintenance,4092,Closed and Completed,0.00,15.00,Max,,0.00,1/31/2023,Maksim Bushka - 01/31/23  7:50:14 AM: Dumped 3 buckets of ice.,[],"Get a bucket and dump a full bucket of ice to keep the water circulating in the machine .
Chris to do",1/30/2023
1608,EQ ID 1608,Scotsman ice maker Executive lunchroom,Maintenance,4196,Closed and Completed,0.00,0.00,Lizbeth Hidalgo,,0.15,2/10/2023,,[],"Get a bucket and dump a full bucket of ice to keep the water circulating in the machine .
Chris to do",2/7/2023
1608,EQ ID 1608,Scotsman ice maker Executive lunchroom,Maintenance,4306,Closed and Completed,0.00,0.10,Max,,0.00,2/14/2023,Maksim Bushka - 02/14/23  8:10:41 AM: Dumped the ice for refreshing.,[],"Get a bucket and dump a full bucket of ice to keep the water circulating in the machine .
Chris to do",2/17/2023
1608,EQ ID 1608,Scotsman ice maker Executive lunchroom,Maintenance,4385,Closed and Completed,0.00,0.00,Max,,0.00,2/16/2023,"Miguel Diaz - 02/20/23  9:10:17 AM: Did maintenance below 
1)Check all safety devices.
2)Inspect drive belts, replace if cracking.
3)Top off cylinder oil if necessary.
4)Tighten pulleys and pillow blocks.
5)Lightly oil cylinder shafts.
6)Check cutting surfaces and back plates for wear.
7)Check saw blades for glue buildup and wear.
8)Check oilers for drills and add oil when needed.
9)Check for air leaks.
10)Place a test piece in the machine and notch the door *Check to
 see that the door does not move forward or side to side adjust clamps if needed or replace drills 
11)Replaced both drill 49/64 and 3/8  drills.",[],"Get a bucket and dump a full bucket of ice to keep the water circulating in the machine .
Chris to do",2/21/2023
1608,EQ ID 1608,Scotsman ice maker Executive lunchroom,Maintenance,4478,Closed and Completed,0.00,0.20,Max,,0.00,2/16/2023,Miguel Diaz - 02/20/23  9:11:50 AM: Removed and cleaned filter checked hardware for loose,[],"Get a bucket and dump a full bucket of ice to keep the water circulating in the machine .
Chris to do",2/27/2023
1608,EQ ID 1608,Scotsman ice maker Executive lunchroom,Maintenance,4481,Closed and Completed,0.00,0.00,md,,0.00,2/22/2023,,[],"Get a bucket and dump a full bucket of ice to keep the water circulating in the machine .
Chris to do",2/27/2023
1608,EQ ID 1608,Scotsman ice maker Executive lunchroom,Maintenance,4540,Closed and Completed,0.00,0.00,md,,0.00,2/27/2023,"Miguel Diaz - 02/27/23  7:46:28 AM: Emailed AAA Roofing to stop by and find  and repair the 3 leaks we have in the following areas .
*Outside of board room leaking from same skylight area this is the same leak they tried patching twice already .
*Above Yadiras desk .
*Outside small conference room walkway .",[],"Get a bucket and dump a full bucket of ice to keep the water circulating in the machine .
Chris to do",3/1/2023
1608,EQ ID 1608,Scotsman ice maker Executive lunchroom,Maintenance,4590,Closed and Completed,0.00,0.00,dd,,0.00,3/9/2023,,[],"Get a bucket and dump a full bucket of ice to keep the water circulating in the machine .
Chris to do",3/6/2023
1608,EQ ID 1608,Scotsman ice maker Executive lunchroom,Maintenance,4737,Closed and Completed,0.00,0.00,md,,0.00,3/15/2023,Miguel Diaz - 03/15/23 11:12:57 AM: Checked that all solenoid valves are activating all are working properly,[],"Get a bucket and dump a full bucket of ice to keep the water circulating in the machine .
Chris to do",3/16/2023
1608,EQ ID 1608,Scotsman ice maker Executive lunchroom,Maintenance,4829,Closed and Completed,0.00,0.00,md,,0.00,3/17/2023,Miguel Diaz - 03/17/23 11:54:39 AM: Wayne is aware leave here as a reminder,[],"Get a bucket and dump a full bucket of ice to keep the water circulating in the machine .
Chris to do",3/22/2023
1608,EQ ID 1608,Scotsman ice maker Executive lunchroom,Maintenance,4882,Closed without Action,0.00,0.00,md,,0.00,3/17/2023,Miguel Diaz - 03/17/23 11:55:13 AM: Wayne is aware leave here as a reminder,[],"Get a bucket and dump a full bucket of ice to keep the water circulating in the machine .
Chris to do",3/24/2023
1608,EQ ID 1608,Scotsman ice maker Executive lunchroom,Maintenance,4885,Closed without Action,0.00,0.00,md,,0.00,3/20/2023,Miguel Diaz - 03/20/23  6:34:07 AM: closing double work order showing with different dates systems is having issues,[],"Get a bucket and dump a full bucket of ice to keep the water circulating in the machine .
Chris to do",3/24/2023
1608,EQ ID 1608,Scotsman ice maker Executive lunchroom,Maintenance,4900,Closed without Action,0.00,0.00,md,,0.00,3/22/2023,Miguel Diaz - 03/20/23  6:34:24 AM: closing double work order showing with different dates systems is having issues,[],"Get a bucket and dump a full bucket of ice to keep the water circulating in the machine .
Chris to do",3/27/2023
1608,EQ ID 1608,Scotsman ice maker Executive lunchroom,Maintenance,4902,Closed and Completed,0.00,0.00,md,,0.00,3/28/2023,Miguel Diaz - 03/28/23 11:25:37 AM: done,[],"Get a bucket and dump a full bucket of ice to keep the water circulating in the machine .
Chris to do",3/27/2023
1608,EQ ID 1608,Scotsman ice maker Executive lunchroom,Maintenance,5048,Closed and Completed,0.00,0.20,Max,,0.00,3/30/2023,Maksim Bushka - 03/30/23  8:10:55 AM: Dumped ice from all icemakers.,[],"Get a bucket and dump a full bucket of ice to keep the water circulating in the machine .
Chris to do",4/4/2023
1608,EQ ID 1608,Scotsman ice maker Executive lunchroom,Maintenance,5067,Closed and Completed,0.00,0.00,mike,,0.00,4/10/2023,,[],"Get a bucket and dump a full bucket of ice to keep the water circulating in the machine .
Chris to do",4/6/2023
1608,EQ ID 1608,Scotsman ice maker Executive lunchroom,Maintenance,5202,Closed and Completed,0.00,0.00,d,,0.00,4/10/2023,,[],"Get a bucket and dump a full bucket of ice to keep the water circulating in the machine .
Chris to do",4/17/2023
1608,EQ ID 1608,Scotsman ice maker Executive lunchroom,Maintenance,2817,Closed and Completed,0.00,0.00,Max,,0.00,4/15/2023,Maksim Bushka - 04/17/23  7:53:48 AM: Cleaned up the ice machinr.,[],"*Use a bucket and dump all the ice out of the ice chute .
*Turn off the water to the machine under sink
* Remove top and front panel from the machine 
*Turn the power off to the machine Switch is in the middle .
*Disconnect hoses and water metering rod (Carefully) its Glass get the drain hose and remove the cap and let all the water run down to the drain.
*Now remove the water container and clean it with scale remover from Scotsman rinse it free of chemicals and place back  .
*Wipe drum and all around the ice drum on top free of deposits  .
*Turn water back on and let it run to rise out the cleaner then cap drain hose and turn power back on .
*Place all panels back on and run water and ice chute to free it from the scale remover .",4/13/2023
1608,EQ ID 1608,Scotsman ice maker Executive lunchroom,Maintenance,5206,Closed and Completed,0.00,0.20,Max,,0.00,4/28/2023,,[],"Get a bucket and dump a full bucket of ice to keep the water circulating in the machine .
Chris to do",4/17/2023
1608,EQ ID 1608,Scotsman ice maker Executive lunchroom,Maintenance,5511,Closed and Completed,0.00,0.20,Max,,0.00,5/2/2023,,[],"Get a bucket and dump a full bucket of ice to keep the water circulating in the machine .
Chris to do",5/9/2023
1608,EQ ID 1608,Scotsman ice maker Executive lunchroom,Maintenance,5522,Closed and Completed,0.00,0.20,Max,,0.00,5/2/2023,,[],"Get a bucket and dump a full bucket of ice to keep the water circulating in the machine .
Chris to do",5/9/2023
1608,EQ ID 1608,Scotsman ice maker Executive lunchroom,Maintenance,5523,Closed and Completed,0.00,0.00,,,0.00,5/4/2023,Miguel Diaz - 05/10/23 10:41:58 AM: This service was just done skipping this interval,[],"Get a bucket and dump a full bucket of ice to keep the water circulating in the machine .
Chris to do",5/9/2023
1608,EQ ID 1608,Scotsman ice maker Executive lunchroom,Maintenance,5626,Closed and Completed,0.00,0.00,,,0.00,5/10/2023,Miguel Diaz - 05/10/23 10:42:23 AM: This service was just done skipping this interval,[],"Get a bucket and dump a full bucket of ice to keep the water circulating in the machine .
Chris to do",5/17/2023
1608,EQ ID 1608,Scotsman ice maker Executive lunchroom,Maintenance,5759,Closed and Completed,0.00,0.15,Max,,0.00,5/16/2023,Maksim Bushka - 05/31/23  9:38:38 AM: Dumped the ice from 3 icemakers,[],"Get a bucket and dump a full bucket of ice to keep the water circulating in the machine .
Chris to do",5/30/2023
1608,EQ ID 1608,Scotsman ice maker Executive lunchroom,Maintenance,5628,Closed and Completed,0.00,0.30,,,0.00,5/23/2023,,[],"Get a bucket and dump a full bucket of ice to keep the water circulating in the machine .
Chris to do",5/17/2023
1608,EQ ID 1608,Scotsman ice maker Executive lunchroom,Maintenance,5831,Closed and Completed,0.00,0.00,Max,,0.00,6/8/2023,,[],"Get a bucket and dump a full bucket of ice to keep the water circulating in the machine .
Chris to do",6/7/2023
1608,EQ ID 1608,Scotsman ice maker Executive lunchroom,Maintenance,5937,Closed and Completed,0.00,0.20,Max,,0.00,6/21/2023,"Miguel Diaz - 06/22/23 10:25:06 AM: *Checked all panels especially the one location that always gets loose  also walk the parking structure and look for anything  that may need to get fixed .
*Checked module mounting system 
*Checked module integrity and condition 
*Checked for soiling 
*Checked that no wire is laying on top of the roof surface 
*Checked that all cables connections are fully engaged 
*Checked for water ponding and or roof drain obstructions",[],"Get a bucket and dump a full bucket of ice to keep the water circulating in the machine .
Chris to do",6/15/2023
1608,EQ ID 1608,Scotsman ice maker Executive lunchroom,Maintenance,6162,Closed and Completed,0.00,0.00,Max,,0.00,6/26/2023,Maksim Bushka - 06/26/23  9:36:02 AM: Dumped the ice.,[],"Get a bucket and dump a full bucket of ice to keep the water circulating in the machine .
Chris to do",6/29/2023
1608,EQ ID 1608,Scotsman ice maker Executive lunchroom,Maintenance,6218,Closed and Completed,0.00,0.00,Max,,0.00,7/5/2023,Maksim Bushka - 07/05/23 10:47:12 AM: OK,[],"Get a bucket and dump a full bucket of ice to keep the water circulating in the machine .
Chris to do",7/3/2023
1608,EQ ID 1608,Scotsman ice maker Executive lunchroom,Maintenance,6311,Closed and Completed,0.00,0.00,Max,,0.00,7/6/2023,Maksim Bushka - 07/10/23  8:37:12 AM: Serviced ok,[],"Get a bucket and dump a full bucket of ice to keep the water circulating in the machine .
Chris to do",7/12/2023
1608,EQ ID 1608,Scotsman ice maker Executive lunchroom,Maintenance,6363,Closed and Completed,0.00,0.10,maint,,0.00,7/17/2023,,[],"Get a bucket and dump a full bucket of ice to keep the water circulating in the machine .
Chris to do",7/17/2023
1608,EQ ID 1608,Scotsman ice maker Executive lunchroom,Maintenance,6455,Closed and Completed,0.00,0.20,md,,0.00,7/24/2023,,[],"Get a bucket and dump a full bucket of ice to keep the water circulating in the machine .
Chris to do",7/25/2023
1608,EQ ID 1608,Scotsman ice maker Executive lunchroom,Maintenance,6602,Closed and Completed,0.00,0.20,Max,,0.00,8/1/2023,,[],"Get a bucket and dump a full bucket of ice to keep the water circulating in the machine .
Chris to do",8/1/2023
1608,EQ ID 1608,Scotsman ice maker Executive lunchroom,Maintenance,6672,Closed and Completed,0.00,0.20,Max,,0.00,8/1/2023,,[],"Get a bucket and dump a full bucket of ice to keep the water circulating in the machine .
Chris to do",8/8/2023
1608,EQ ID 1608,Scotsman ice maker Executive lunchroom,Maintenance,6668,Closed and Completed,0.00,0.20,Max,,0.00,8/1/2023,,[],"Get a bucket and dump a full bucket of ice to keep the water circulating in the machine .
Chris to do",8/8/2023
1608,EQ ID 1608,Scotsman ice maker Executive lunchroom,Maintenance,6825,Closed and Completed,0.00,0.30,max,,0.00,8/14/2023,Miguel Diaz - 08/14/23  7:53:14 AM: added wd-40,[],"Get a bucket and dump a full bucket of ice to keep the water circulating in the machine .
Chris to do",8/21/2023
1608,EQ ID 1608,Scotsman ice maker Executive lunchroom,Maintenance,6687,Closed and Completed,0.00,0.00,max,,0.00,8/14/2023,Miguel Diaz - 08/14/23  7:52:27 AM: added wd-40,[],"Get a bucket and dump a full bucket of ice to keep the water circulating in the machine .
Chris to do",8/9/2023
1608,EQ ID 1608,Scotsman ice maker Executive lunchroom,Maintenance,6828,Closed and Completed,0.00,0.20,max,,0.00,8/21/2023,,[],"Get a bucket and dump a full bucket of ice to keep the water circulating in the machine .
Chris to do",8/21/2023
1608,EQ ID 1608,Scotsman ice maker Executive lunchroom,Maintenance,7002,Closed and Completed,0.00,0.20,md,,0.00,9/1/2023,,[],"Get a bucket and dump a full bucket of ice to keep the water circulating in the machine .
Chris to do",9/2/2023
1608,EQ ID 1608,Scotsman ice maker Executive lunchroom,Maintenance,7106,Closed and Completed,0.00,0.20,md,,0.00,9/11/2023,Miguel Diaz - 09/11/23  7:47:19 AM: gate closing properly,[],"Get a bucket and dump a full bucket of ice to keep the water circulating in the machine .
Chris to do",9/12/2023
1608,EQ ID 1608,Scotsman ice maker Executive lunchroom,Maintenance,7160,Closed and Completed,0.00,0.20,md,,0.00,9/20/2023,Miguel Diaz - 09/20/23  7:26:08 AM: Replaced drill,[],"Get a bucket and dump a full bucket of ice to keep the water circulating in the machine .
Chris to do",9/18/2023
1608,EQ ID 1608,Scotsman ice maker Executive lunchroom,Maintenance,7293,Closed and Completed,0.00,0.00,md max,,0.00,9/28/2023,Miguel Diaz - 09/28/23  8:33:45 AM: done today when placing ice machine back in after repairs,[],"Get a bucket and dump a full bucket of ice to keep the water circulating in the machine .
Chris to do",9/27/2023
1608,EQ ID 1608,Scotsman ice maker Executive lunchroom,Maintenance,7365,Closed and Completed,0.00,0.00,,,0.00,10/11/2023,,[],"Get a bucket and dump a full bucket of ice to keep the water circulating in the machine .
Chris to do",10/5/2023
1608,EQ ID 1608,Scotsman ice maker Executive lunchroom,Maintenance,5342,Closed and Completed,0.00,1.00,mike d,,0.00,10/14/2023,,[],"*Use a bucket and dump all the ice out of the ice chute .
*Turn off the water to the machine under sink
* Remove top and front panel from the machine 
*Turn the power off to the machine Switch is in the middle .
*Disconnect hoses and water metering rod (Carefully) its Glass get the drain hose and remove the cap and let all the water run down to the drain.
*Now remove the water container and clean it with scale remover from Scotsman rinse it free of chemicals and place back  .
*Wipe drum and all around the ice drum on top free of deposits  .
*Turn water back on and let it run to rise out the cleaner then cap drain hose and turn power back on .
*Place all panels back on and run water and ice chute to free it from the scale remover .",10/17/2023
1608,EQ ID 1608,Scotsman ice maker Executive lunchroom,Maintenance,7584,Closed and Completed,0.00,0.20,max,,0.00,10/18/2023,,[],"Get a bucket and dump a full bucket of ice to keep the water circulating in the machine .
Chris to do",10/18/2023
1608,EQ ID 1608,Scotsman ice maker Executive lunchroom,Maintenance,7841,Closed and Completed,0.00,0.20,md,,0.00,11/6/2023,Miguel Diaz - 11/08/23 12:39:26 PM: checked cutters they are clean will check if they need to be replaced,[],"Get a bucket and dump a full bucket of ice to keep the water circulating in the machine .
Chris to do",11/6/2023
1608,EQ ID 1608,Scotsman ice maker Executive lunchroom,Maintenance,7962,Closed and Completed,0.00,0.00,maint,,0.00,11/27/2023,Miguel Diaz - 11/27/23  8:00:10 AM: done,[],"Get a bucket and dump a full bucket of ice to keep the water circulating in the machine .
Chris to do",11/15/2023
1608,EQ ID 1608,Scotsman ice maker Executive lunchroom,Maintenance,8119,Closed and Completed,0.00,0.20,Max,,0.00,12/7/2023,Miguel Diaz - 12/08/23  7:45:10 AM: Done,[],"Get a bucket and dump a full bucket of ice to keep the water circulating in the machine .
Chris to do",12/4/2023
1608,EQ ID 1608,Scotsman ice maker Executive lunchroom,Maintenance,9278,Closed and Completed,0.00,0.30,MD,,0.00,12/15/2023,,[],"Get a bucket and dump a full bucket of ice to keep the water circulating in the machine .
Chris to do",12/15/2023
1608,EQ ID 1608,Scotsman ice maker Executive lunchroom,Maintenance,9365,Closed and Completed,0.00,0.20,Max,,0.00,12/22/2023,"Miguel Diaz - 12/29/23 11:19:01 AM: *Check edging table to be level and check underneath make sure both handles are tight and not loose .
* Feed gear motor
* Filter exhaust for control cabinet at infeed and outrun sides
*Place board in machine stop after cutters and measure with caliper from pads to board see if its at 30mm (If its not the same the feed guide moved )
*Lube side cutter rails with motor  oil blow off then wipe then lube and move motor up and down 
*Lube 1828 top and bottom cutter rods with lube blow then use wire brush then lube",[],"Get a bucket and dump a full bucket of ice to keep the water circulating in the machine .
Chris to do",12/22/2023
1608,EQ ID 1608,Scotsman ice maker Executive lunchroom,Maintenance,9488,Closed and Completed,0.00,0.00,max,,0.00,1/5/2024,"Miguel Diaz - 01/06/24 10:41:19 AM: Visually inspect the transporter motor for leaks 
-Check transporter chain oiler reservoir  for fluid level refill if needed with recommended lubricant mixture of 5:1 ratio of 140 WT gear oil and Tufoil- Voorwood part # 61504 or direct 1800 922-0075
-Check transporter chain for tension adjust if needed 
-Visually check shaper ball screws and slide rods for grease .Use TriGel -450 R ball screw lubricator and for the slides rods wipe with Acetone  move back and forth to clean .
-Remove build up debris from the shaper housing use air nozzle .
-Visually check the lower transporter feed chain tension .Proper tension is 1/2 to 1'' above the bottom edge of the electrical component area so that the chain does not show below this area .
Adjust if needed.",[],"Get a bucket and dump a full bucket of ice to keep the water circulating in the machine .
Chris to do",1/5/2024
1608,EQ ID 1608,Scotsman ice maker Executive lunchroom,Maintenance,9555,Closed and Completed,0.00,0.00,max,,0.00,1/17/2024,Miguel Diaz - 01/17/24 11:19:06 AM: done,[],"Get a bucket and dump a full bucket of ice to keep the water circulating in the machine .
Chris to do",1/13/2024
1608,EQ ID 1608,Scotsman ice maker Executive lunchroom,Maintenance,10010,Closed and Completed,0.00,0.30,maint,,0.00,2/6/2024,Miguel Diaz - 02/06/24 11:18:45 AM: not needed at this time,[],"Get a bucket and dump a full bucket of ice to keep the water circulating in the machine .
Chris to do",1/24/2024
1608,EQ ID 1608,Scotsman ice maker Executive lunchroom,Maintenance,10241,Closed and Completed,0.00,0.20,Max,,0.00,2/16/2024,,[],"Get a bucket and dump a full bucket of ice to keep the water circulating in the machine .
Chris to do",2/13/2024
1608,EQ ID 1608,Scotsman ice maker Executive lunchroom,Maintenance,10432,Closed and Completed,0.00,0.30,max,,0.00,2/26/2024,"Miguel Diaz - 02/27/24  7:00:21 AM: Check edging table to be level and check underneath make sure both handles are tight and not loose .
* Feed gear motor
* Filter exhaust for control cabinet at infeed and outrun sides
*Place board in machine stop after cutters and measure with caliper from pads to board see if its at 30mm (If its not the same the feed guide moved )
*Lube side cutter rails with motor  oil blow off then wipe then lube and move motor up and down 
*Lube 1828 top and bottom cutter rods with lube blow then use wire brush then lube",[],"Get a bucket and dump a full bucket of ice to keep the water circulating in the machine .
Chris to do",2/23/2024
1608,EQ ID 1608,Scotsman ice maker Executive lunchroom,Maintenance,10528,Closed without Action,0.00,0.00,md,,0.00,3/18/2024,Miguel Diaz - 03/18/24  9:33:38 AM: backflow was replaced and serviced since it was stolen,[],"Get a bucket and dump a full bucket of ice to keep the water circulating in the machine .
Chris to do",3/5/2024
1608,EQ ID 1608,Scotsman ice maker Executive lunchroom,Maintenance,10744,Closed and Completed,0.00,0.10,maint,,0.00,4/2/2024,Miguel Diaz - 04/02/24  9:37:09 AM: this is just a reminder it was done,[],"Get a bucket and dump a full bucket of ice to keep the water circulating in the machine .
Chris to do",3/25/2024
1608,EQ ID 1608,Scotsman ice maker Executive lunchroom,Maintenance,10911,Closed and Completed,0.00,0.20,maint,,0.00,4/9/2024,Miguel Diaz - 04/10/24  6:19:36 AM: DONE,[],"Get a bucket and dump a full bucket of ice to keep the water circulating in the machine .
Chris to do",4/9/2024
1608,EQ ID 1608,Scotsman ice maker Executive lunchroom,Maintenance,11061,Closed and Completed,0.00,0.30,Max,,0.00,4/23/2024,,[],"Get a bucket and dump a full bucket of ice to keep the water circulating in the machine .
Chris to do",4/17/2024
1608,EQ ID 1608,Scotsman ice maker Executive lunchroom,Maintenance,11410,Closed and Completed,0.00,0.30,Max,,0.00,4/23/2024,Miguel Diaz - 04/23/24 11:46:19 AM: machine filters were leaking so the ice was melted,[],"Get a bucket and dump a full bucket of ice to keep the water circulating in the machine .
Chris to do",4/30/2024
1608,EQ ID 1608,Scotsman ice maker Executive lunchroom,Maintenance,11412,Closed and Completed,0.00,0.30,Max,,0.00,4/23/2024,,[],"Get a bucket and dump a full bucket of ice to keep the water circulating in the machine .
Chris to do",4/30/2024
1608,EQ ID 1608,Scotsman ice maker Executive lunchroom,Maintenance,11413,Closed and Completed,0.00,0.20,Max,,0.00,4/30/2024,,[],"Get a bucket and dump a full bucket of ice to keep the water circulating in the machine .
Chris to do",4/30/2024
1608,EQ ID 1608,Scotsman ice maker Executive lunchroom,Maintenance,11469,Closed and Completed,0.00,0.00,Max,,0.00,5/3/2024,,[],"Get a bucket and dump a full bucket of ice to keep the water circulating in the machine .
Chris to do",5/7/2024
1608,EQ ID 1608,Scotsman ice maker Executive lunchroom,Maintenance,7837,Closed and Completed,0.00,1.00,Mike d,,0.00,5/4/2024,"Miguel Diaz - 05/04/24  7:36:36 AM: *Use a bucket and dump all the ice out of the ice chute .
*Turn off the water to the machine under sink
* Remove top and front panel from the machine 
*Turn the power off to the machine Switch is in the middle .
*Disconnect hoses and water metering rod (Carefully) its Glass get the drain hose and remove the cap and let all the water run down to the drain.",[],"*Use a bucket and dump all the ice out of the ice chute .
*Turn off the water to the machine under sink
* Remove top and front panel from the machine 
*Turn the power off to the machine Switch is in the middle .
*Disconnect hoses and water metering rod (Carefully) its Glass get the drain hose and remove the cap and let all the water run down to the drain.
*Now remove the water container and clean it with scale remover from Scotsman rinse it free of chemicals and place back  .
*Wipe drum and all around the ice drum on top free of deposits  .
*Turn water back on and let it run to rise out the cleaner then cap drain hose and turn power back on .
*Place all panels back on and run water and ice chute to free it from the scale remover .",4/30/2024
1608,EQ ID 1608,Scotsman ice maker Executive lunchroom,Maintenance,11547,Closed and Completed,0.00,0.00,md,,0.00,5/11/2024,,[],"Get a bucket and dump a full bucket of ice to keep the water circulating in the machine .
Chris to do",5/13/2024
1608,EQ ID 1608,Scotsman ice maker Executive lunchroom,Maintenance,11657,Closed and Completed,0.00,0.00,md,,0.00,5/11/2024,Miguel Diaz - 05/14/24  9:54:25 AM: done,[],"Get a bucket and dump a full bucket of ice to keep the water circulating in the machine .
Chris to do",5/21/2024
1608,EQ ID 1608,Scotsman ice maker Executive lunchroom,Maintenance,11658,Closed without Action,0.00,0.00,md,,0.00,5/14/2024,Miguel Diaz - 05/14/24  9:55:13 AM: done,[],"Get a bucket and dump a full bucket of ice to keep the water circulating in the machine .
Chris to do",5/21/2024
1608,EQ ID 1608,Scotsman ice maker Executive lunchroom,Maintenance,11591,Closed without Action,0.00,0.00,md,,0.00,5/14/2024,Miguel Diaz - 05/14/24  9:54:08 AM: truck was used last week,[],"Get a bucket and dump a full bucket of ice to keep the water circulating in the machine .
Chris to do",5/16/2024
1608,EQ ID 1608,Scotsman ice maker Executive lunchroom,Maintenance,11661,Closed without Action,0.00,0.00,md,,0.00,5/16/2024,"Miguel Diaz - 05/16/24  9:58:48 AM: Update: Opening the big door will not be needed .
Please have all big trash cans out by 3:30 pm as requested",[],"Get a bucket and dump a full bucket of ice to keep the water circulating in the machine .
Chris to do",5/21/2024
1608,EQ ID 1608,Scotsman ice maker Executive lunchroom,Maintenance,11701,Closed without Action,0.00,0.00,md,,0.00,5/16/2024,"Miguel Diaz - 05/16/24  9:59:34 AM: Update: Opening the big door will not be needed .
Please have all big trash cans out by 3:30 pm as requested",[],"Get a bucket and dump a full bucket of ice to keep the water circulating in the machine .
Chris to do",5/23/2024
1608,EQ ID 1608,Scotsman ice maker Executive lunchroom,Maintenance,11704,Closed and Completed,0.00,0.00,md,,0.00,5/20/2024,Miguel Diaz - 05/20/24  9:28:02 AM: Tech performed the scheduled maintenance,[],"Get a bucket and dump a full bucket of ice to keep the water circulating in the machine .
Chris to do",5/23/2024
1608,EQ ID 1608,Scotsman ice maker Executive lunchroom,Maintenance,11755,Closed and Completed,0.00,0.00,Max,,0.00,5/31/2024,,[],"Get a bucket and dump a full bucket of ice to keep the water circulating in the machine .
Chris to do",5/27/2024
1608,EQ ID 1608,Scotsman ice maker Executive lunchroom,Maintenance,11527,Closed and Completed,0.00,1.00,md,,0.00,10/12/2024,"Miguel Diaz - 10/28/24  1:20:11 PM: Use a bucket and dump all the ice out of the ice chute .
*Turn off the water to the machine under sink
* Remove top and front panel from the machine 
*Turn the power off to the machine Switch is in the middle .
*Disconnect hoses and water metering rod (Carefully) its Glass get the drain hose and remove the cap and let all the water run down to the drain.
*Now remove the water container and clean it with scale remover from Scotsman rinse it free of chemicals and place back  .
*Wipe drum and all around the ice drum on top free of deposits  .
*Turn water back on and let it run to rise out the cleaner then cap drain hose and turn power back on .
*Place all panels back on and run water and ice chute to free it from the scale remover .",[],"*Use a bucket and dump all the ice out of the ice chute .
*Turn off the water to the machine under sink
* Remove top and front panel from the machine 
*Turn the power off to the machine Switch is in the middle .
*Disconnect hoses and water metering rod (Carefully) its Glass get the drain hose and remove the cap and let all the water run down to the drain.
*Now remove the water container and clean it with scale remover from Scotsman rinse it free of chemicals and place back  .
*Wipe drum and all around the ice drum on top free of deposits  .
*Turn water back on and let it run to rise out the cleaner then cap drain hose and turn power back on .
*Place all panels back on and run water and ice chute to free it from the scale remover .",11/4/2024
1608,EQ ID 1608,Scotsman ice maker Executive lunchroom,Maintenance,13621,Closed and Completed,0.00,0.15,Max,,0.00,4/30/2025,,[],"*Use a bucket and dump all the ice out of the ice chute .
*Turn off the water to the machine under sink
* Remove top and front panel from the machine 
*Turn the power off to the machine Switch is in the middle .
*Disconnect hoses and water metering rod (Carefully) its Glass get the drain hose and remove the cap and let all the water run down to the drain.
*Now remove the water container and clean it with scale remover from Scotsman rinse it free of chemicals and place back  .
*Wipe drum and all around the ice drum on top free of deposits  .
*Turn water back on and let it run to rise out the cleaner then cap drain hose and turn power back on .
*Place all panels back on and run water and ice chute to free it from the scale remover .",4/28/2025
1608,EQ ID 1608,Scotsman ice maker Executive lunchroom,Maintenance,15560,Closed and Completed,0.00,0.30,Max,,0.00,10/27/2025,,[],"*Use a bucket and dump all the ice out of the ice chute .
*Turn off the water to the machine under sink
* Remove top and front panel from the machine 
*Turn the power off to the machine Switch is in the middle .
*Disconnect hoses and water metering rod (Carefully) its Glass get the drain hose and remove the cap and let all the water run down to the drain.
*Now remove the water container and clean it with scale remover from Scotsman rinse it free of chemicals and place back  .
*Wipe drum and all around the ice drum on top free of deposits  .
*Turn water back on and let it run to rise out the cleaner then cap drain hose and turn power back on .
*Place all panels back on and run water and ice chute to free it from the scale remover .",10/30/2025
1608,EQ ID 1608,Scotsman ice maker Executive lunchroom,Maintenance,17482,Closed and Completed,0.00,0.30,Max,,0.00,5/4/2026,"Maksim Bushka - 05/05/26  2:24:22 PM: Scheduled Date: 04/27/2026
Parts Needed: NO
Parts Ordered: NO
Expected Delivery Date: N/A
General Notes: Dumped the ice and checked the drain ok",[],"*Use a bucket and dump all the ice out of the ice chute .
*Turn off the water to the machine under sink
* Remove top and front panel from the machine 
*Turn the power off to the machine Switch is in the middle .
*Disconnect hoses and water metering rod (Carefully) its Glass get the drain hose and remove the cap and let all the water run down to the drain.
*Now remove the water container and clean it with scale remover from Scotsman rinse it free of chemicals and place back  .
*Wipe drum and all around the ice drum on top free of deposits  .
*Turn water back on and let it run to rise out the cleaner then cap drain hose and turn power back on .
*Place all panels back on and run water and ice chute to free it from the scale remover .",4/27/2026
1609,EQ ID 1609,Scotsman ice maker Main lunchroom 2nd floor,Maintenance,945,Closed and Completed,0.00,1.00,Mike D,,0.00,9/16/2022,"Miguel Diaz - 09/17/22 10:25:56 AM: Dumped full buckets of ice 
Cleaned water tray inside machine and adjusted water height float 
Cleaned water metering rod probe 
Removed left side cover and used shop vac to cleaned the condensing unit .",[],"*Use a bucket and dump all the ice out of the ice chute .
*Turn off the water to the machine under sink
* Remove top and front panel from the machine 
*Turn the power off to the machine Switch is in the middle .
*Disconnect hoses and water metering rod (Carefully) its Glass get the drain hose and remove the cap and let all the water run down to the drain.
*Now remove the water container and clean it with scale remover from Scotsman rinse it free of chemicals and place back  .
*Wipe drum and all around the ice drum on top free of deposits  .
*Turn water back on and let it run to rise out the cleaner then cap drain hose and turn power back on .
*Place all panels back on and run water and ice chute to free it from the scale remover .",9/18/2022
1609,EQ ID 1609,Scotsman ice maker Main lunchroom 2nd floor,Maintenance,2818,Closed and Completed,0.00,1.00,Max,,0.00,4/15/2023,Maksim Bushka - 04/17/23  7:52:38 AM: Cleaned up the ice machine.,[],"*Use a bucket and dump all the ice out of the ice chute .
*Turn off the water to the machine under sink
* Remove top and front panel from the machine 
*Turn the power off to the machine Switch is in the middle .
*Disconnect hoses and water metering rod (Carefully) its Glass get the drain hose and remove the cap and let all the water run down to the drain.
*Now remove the water container and clean it with scale remover from Scotsman rinse it free of chemicals and place back  .
*Wipe drum and all around the ice drum on top free of deposits  .
*Turn water back on and let it run to rise out the cleaner then cap drain hose and turn power back on .
*Place all panels back on and run water and ice chute to free it from the scale remover .",4/13/2023
1609,EQ ID 1609,Scotsman ice maker Main lunchroom 2nd floor,Maintenance,5341,Closed and Completed,0.00,1.00,mike d,,0.00,10/14/2023,,[],"*Use a bucket and dump all the ice out of the ice chute .
*Turn off the water to the machine under sink
* Remove top and front panel from the machine 
*Turn the power off to the machine Switch is in the middle .
*Disconnect hoses and water metering rod (Carefully) its Glass get the drain hose and remove the cap and let all the water run down to the drain.
*Now remove the water container and clean it with scale remover from Scotsman rinse it free of chemicals and place back  .
*Wipe drum and all around the ice drum on top free of deposits  .
*Turn water back on and let it run to rise out the cleaner then cap drain hose and turn power back on .
*Place all panels back on and run water and ice chute to free it from the scale remover .",10/17/2023
1609,EQ ID 1609,Scotsman ice maker Main lunchroom 2nd floor,Maintenance,7836,Closed and Completed,0.00,1.00,md,,0.00,5/4/2024,"Miguel Diaz - 05/04/24  7:37:01 AM: *Use a bucket and dump all the ice out of the ice chute .
*Turn off the water to the machine under sink
* Remove top and front panel from the machine 
*Turn the power off to the machine Switch is in the middle .
*Disconnect hoses and water metering rod (Carefully) its Glass get the drain hose and remove the cap and let all the water run down to the drain.",[],"*Use a bucket and dump all the ice out of the ice chute .
*Turn off the water to the machine under sink
* Remove top and front panel from the machine 
*Turn the power off to the machine Switch is in the middle .
*Disconnect hoses and water metering rod (Carefully) its Glass get the drain hose and remove the cap and let all the water run down to the drain.
*Now remove the water container and clean it with scale remover from Scotsman rinse it free of chemicals and place back  .
*Wipe drum and all around the ice drum on top free of deposits  .
*Turn water back on and let it run to rise out the cleaner then cap drain hose and turn power back on .
*Place all panels back on and run water and ice chute to free it from the scale remover .",4/30/2024
1609,EQ ID 1609,Scotsman ice maker Main lunchroom 2nd floor,Maintenance,11528,Closed and Completed,0.00,1.00,md,,0.00,10/12/2024,"Miguel Diaz - 10/28/24  1:20:35 PM: Use a bucket and dump all the ice out of the ice chute .
*Turn off the water to the machine under sink
* Remove top and front panel from the machine 
*Turn the power off to the machine Switch is in the middle .
*Disconnect hoses and water metering rod (Carefully) its Glass get the drain hose and remove the cap and let all the water run down to the drain.
*Now remove the water container and clean it with scale remover from Scotsman rinse it free of chemicals and place back  .
*Wipe drum and all around the ice drum on top free of deposits  .
*Turn water back on and let it run to rise out the cleaner then cap drain hose and turn power back on .
*Place all panels back on and run water and ice chute to free it from the scale remover .",[],"*Use a bucket and dump all the ice out of the ice chute .
*Turn off the water to the machine under sink
* Remove top and front panel from the machine 
*Turn the power off to the machine Switch is in the middle .
*Disconnect hoses and water metering rod (Carefully) its Glass get the drain hose and remove the cap and let all the water run down to the drain.
*Now remove the water container and clean it with scale remover from Scotsman rinse it free of chemicals and place back  .
*Wipe drum and all around the ice drum on top free of deposits  .
*Turn water back on and let it run to rise out the cleaner then cap drain hose and turn power back on .
*Place all panels back on and run water and ice chute to free it from the scale remover .",11/4/2024
1609,EQ ID 1609,Scotsman ice maker Main lunchroom 2nd floor,Maintenance,13622,Closed and Completed,0.00,0.15,Max,,0.00,4/30/2025,,[],"*Use a bucket and dump all the ice out of the ice chute .
*Turn off the water to the machine under sink
* Remove top and front panel from the machine 
*Turn the power off to the machine Switch is in the middle .
*Disconnect hoses and water metering rod (Carefully) its Glass get the drain hose and remove the cap and let all the water run down to the drain.
*Now remove the water container and clean it with scale remover from Scotsman rinse it free of chemicals and place back  .
*Wipe drum and all around the ice drum on top free of deposits  .
*Turn water back on and let it run to rise out the cleaner then cap drain hose and turn power back on .
*Place all panels back on and run water and ice chute to free it from the scale remover .",4/28/2025
1609,EQ ID 1609,Scotsman ice maker Main lunchroom 2nd floor,Maintenance,15561,Closed and Completed,0.00,0.30,Max,,0.00,10/27/2025,,[],"*Use a bucket and dump all the ice out of the ice chute .
*Turn off the water to the machine under sink
* Remove top and front panel from the machine 
*Turn the power off to the machine Switch is in the middle .
*Disconnect hoses and water metering rod (Carefully) its Glass get the drain hose and remove the cap and let all the water run down to the drain.
*Now remove the water container and clean it with scale remover from Scotsman rinse it free of chemicals and place back  .
*Wipe drum and all around the ice drum on top free of deposits  .
*Turn water back on and let it run to rise out the cleaner then cap drain hose and turn power back on .
*Place all panels back on and run water and ice chute to free it from the scale remover .",10/30/2025
1609,EQ ID 1609,Scotsman ice maker Main lunchroom 2nd floor,Maintenance,17483,Closed and Completed,0.00,1.00,Max,,0.00,5/4/2026,Maksim Bushka - 05/05/26  3:02:42 PM: Cleaned up with solution.,[],"*Use a bucket and dump all the ice out of the ice chute .
*Turn off the water to the machine under sink
* Remove top and front panel from the machine 
*Turn the power off to the machine Switch is in the middle .
*Disconnect hoses and water metering rod (Carefully) its Glass get the drain hose and remove the cap and let all the water run down to the drain.
*Now remove the water container and clean it with scale remover from Scotsman rinse it free of chemicals and place back  .
*Wipe drum and all around the ice drum on top free of deposits  .
*Turn water back on and let it run to rise out the cleaner then cap drain hose and turn power back on .
*Place all panels back on and run water and ice chute to free it from the scale remover .",4/27/2026
1615,EQ ID 1615,Urinals HYB-7000,Maintenance,19391,Pending,0.00,0.00,,Maintenance,0.00,,,[],"Replace urinal cartridges every two months.
2nd floor has three urinals 
1st floor has two urinals 
Supplies are in the maintenance mezzanine  area .
*Need gloves /Glasses
*Gown 
*5 Gallon bucket with hot water 
*Need 5 cartridges w/Blue packets 
*Need long brush scrubber",7/13/2026
1615,EQ ID 1615,Urinals HYB-7000,Maintenance,15041,Closed and Completed,0.00,0.00,"Mae, Gabe, Miguel",,2.00,3/13/2025,,[],"Replace urinal cartridges every two months.
2nd floor has three urinals 
1st floor has two urinals 
Supplies are in the maintenance mezzanine  area .
*Need gloves /Glasses
*Gown 
*5 Gallon bucket with hot water 
*Need 5 cartridges w/Blue packets 
*Need long brush scrubber",3/14/2025
1615,EQ ID 1615,Urinals HYB-7000,Maintenance,15115,Closed and Completed,0.00,2.00,"Ubaldo, Mae",,0.00,5/8/2025,"Gabriel Shinobi - 05/08/25  9:54:35 AM: Tech came to check, found one cell bad, will need to return to take cell to fix. should finish within a day, waiting on Al and Wayne to let me know what day is best to shut down lift and have tech replace bad cell. waiting on quote from tech as well.",[],"Replace urinal cartridges every two months.
2nd floor has three urinals 
1st floor has two urinals 
Supplies are in the maintenance mezzanine  area .
*Need gloves /Glasses
*Gown 
*5 Gallon bucket with hot water 
*Need 5 cartridges w/Blue packets 
*Need long brush scrubber",5/19/2025
1615,EQ ID 1615,Urinals HYB-7000,Maintenance,15677,Closed and Completed,0.00,0.00,Ubaldo and Dani,,2.00,7/16/2025,,[],"Replace urinal cartridges every two months.
2nd floor has three urinals 
1st floor has two urinals 
Supplies are in the maintenance mezzanine  area .
*Need gloves /Glasses
*Gown 
*5 Gallon bucket with hot water 
*Need 5 cartridges w/Blue packets 
*Need long brush scrubber",7/8/2025
1615,EQ ID 1615,Urinals HYB-7000,Maintenance,16548,Closed and Completed,0.00,0.00,ubaldo,,1.00,10/1/2025,,[],"Replace urinal cartridges every two months.
2nd floor has three urinals 
1st floor has two urinals 
Supplies are in the maintenance mezzanine  area .
*Need gloves /Glasses
*Gown 
*5 Gallon bucket with hot water 
*Need 5 cartridges w/Blue packets 
*Need long brush scrubber",9/30/2025
1615,EQ ID 1615,Urinals HYB-7000,Maintenance,17235,Closed and Completed,0.00,1.00,UBI,,0.00,12/9/2025,Primo Uy - 12/11/25  2:04:30 PM: 5 new urinals replaced.,[],"Replace urinal cartridges every two months.
2nd floor has three urinals 
1st floor has two urinals 
Supplies are in the maintenance mezzanine  area .
*Need gloves /Glasses
*Gown 
*5 Gallon bucket with hot water 
*Need 5 cartridges w/Blue packets 
*Need long brush scrubber",12/9/2025
1615,EQ ID 1615,Urinals HYB-7000,Maintenance,17928,Closed and Completed,0.00,1.00,Ubaldo,,0.00,2/11/2026,Sean Jennings - 03/27/26 10:21:59 AM: Ubaldo completed this before moving into his new role.,[],"Replace urinal cartridges every two months.
2nd floor has three urinals 
1st floor has two urinals 
Supplies are in the maintenance mezzanine  area .
*Need gloves /Glasses
*Gown 
*5 Gallon bucket with hot water 
*Need 5 cartridges w/Blue packets 
*Need long brush scrubber",2/11/2026
1615,EQ ID 1615,Urinals HYB-7000,Maintenance,18900,Closed and Completed,0.00,0.00,Colton & PU,,0.00,5/7/2026,,[],"Replace urinal cartridges every two months.
2nd floor has three urinals 
1st floor has two urinals 
Supplies are in the maintenance mezzanine  area .
*Need gloves /Glasses
*Gown 
*5 Gallon bucket with hot water 
*Need 5 cartridges w/Blue packets 
*Need long brush scrubber",5/27/2026
1618,EQ ID 1618,Storm drain location South west shipping Exit,Maintenance,947,Closed and Completed,0.00,0.70,mIKE pRIMO,,0.00,6/30/2022,"Miguel Diaz - 07/01/22  6:54:52 AM: Remove metal covers 
*Remove and clean trash collected inside use putty knife and wire brush to remove stuck dirt on the edges, corners and screens .
*Use broom to pick up any remaining trash on the bottom of the pit .
*Place everything back",[],"*Remove metal covers 
*Remove and clean trash collected inside use putty knife to remove stuck dirt on the edges, corners and screens .
*Use broom to pick up any remaining trash on the bottom of the pit .
*Place everything back",7/18/2022
1618,EQ ID 1618,Storm drain location South west shipping Exit,Maintenance,2819,Closed and Completed,0.00,1.00,Miguel & Max,,0.00,2/10/2023,Maksim Bushka - 02/13/23  8:41:45 AM: Remove the covers and clean up.,[],"*Remove metal covers 
*Remove and clean trash collected inside use putty knife to remove stuck dirt on the edges, corners and screens .
*Use broom to pick up any remaining trash on the bottom of the pit .
*Place everything back",2/13/2023
1618,EQ ID 1618,Storm drain location South west shipping Exit,Maintenance,4353,Closed and Completed,0.00,0.30,Primo & Max,,0.00,6/1/2023,Maksim Bushka - 06/01/23  9:45:01 AM: Cleaned up,[],"*Remove metal covers 
*Remove and clean trash collected inside use putty knife to remove stuck dirt on the edges, corners and screens .
*Use broom to pick up any remaining trash on the bottom of the pit .
*Place everything back",6/13/2023
1618,EQ ID 1618,Storm drain location South west shipping Exit,Maintenance,5853,Closed and Completed,0.00,1.00,Max,,0.00,8/29/2023,,[],"*Remove metal covers 
*Remove and clean trash collected inside use putty knife to remove stuck dirt on the edges, corners and screens .
*Use broom to pick up any remaining trash on the bottom of the pit .
*Place everything back",10/1/2023
1618,EQ ID 1618,Storm drain location South west shipping Exit,Maintenance,7430,Closed and Completed,0.00,1.00,Primo & Max,,0.00,1/31/2024,,[],"*Remove metal covers 
*Remove and clean trash collected inside use putty knife to remove stuck dirt on the edges, corners and screens .
*Use broom to pick up any remaining trash on the bottom of the pit .
*Place everything back",2/2/2024
1618,EQ ID 1618,Storm drain location South west shipping Exit,Maintenance,7988,Closed and Completed,0.00,1.00,Max,,0.00,2/28/2024,,[],"*Remove metal covers 
*Remove and clean trash collected inside use putty knife to remove stuck dirt on the edges, corners and screens .
*Use broom to pick up any remaining trash on the bottom of the pit .
*Place everything back",3/9/2024
1618,EQ ID 1618,Storm drain location South west shipping Exit,Maintenance,10189,Closed and Completed,0.00,0.00,Max,,0.00,5/29/2024,,[],"*Remove metal covers 
*Remove and clean trash collected inside use putty knife to remove stuck dirt on the edges, corners and screens .
*Use broom to pick up any remaining trash on the bottom of the pit .
*Place everything back",5/31/2024
1618,EQ ID 1618,Storm drain location South west shipping Exit,Maintenance,10604,Closed and Completed,0.00,1.00,Max & Primo,,0.00,7/10/2024,,[],"*Remove metal covers 
*Remove and clean trash collected inside use putty knife to remove stuck dirt on the edges, corners and screens .
*Use broom to pick up any remaining trash on the bottom of the pit .
*Place everything back",7/1/2024
1618,EQ ID 1618,Storm drain location South west shipping Exit,Maintenance,11910,Closed and Completed,0.00,0.00,Primo & Max,,0.00,10/14/2024,,[],"*Remove metal covers 
*Remove and clean trash collected inside use putty knife to remove stuck dirt on the edges, corners and screens .
*Use broom to pick up any remaining trash on the bottom of the pit .
*Place everything back",9/30/2024
1618,EQ ID 1618,Storm drain location South west shipping Exit,Maintenance,12359,Closed and Completed,0.00,1.00,Primo & Max,,0.00,10/16/2024,,[],"*Remove metal covers 
*Remove and clean trash collected inside use putty knife to remove stuck dirt on the edges, corners and screens .
*Use broom to pick up any remaining trash on the bottom of the pit .
*Place everything back",11/11/2024
1618,EQ ID 1618,Storm drain location South west shipping Exit,Maintenance,13536,Closed and Completed,0.00,0.30,Max,,0.00,2/14/2025,,[],"*Remove metal covers 
*Remove and clean trash collected inside use putty knife to remove stuck dirt on the edges, corners and screens .
*Use broom to pick up any remaining trash on the bottom of the pit .
*Place everything back",2/23/2025
1618,EQ ID 1618,Storm drain location South west shipping Exit,Maintenance,13389,Closed and Completed,0.00,2.00,Max,,0.00,2/21/2025,,[],"*Remove metal covers 
*Remove and clean trash collected inside use putty knife to remove stuck dirt on the edges, corners and screens .
*Use broom to pick up any remaining trash on the bottom of the pit .
*Place everything back",2/14/2025
1618,EQ ID 1618,Storm drain location South west shipping Exit,Maintenance,14693,Closed and Completed,0.00,1.00,Max,,0.00,6/11/2025,,[],"*Remove metal covers 
*Remove and clean trash collected inside use putty knife to remove stuck dirt on the edges, corners and screens .
*Use broom to pick up any remaining trash on the bottom of the pit .
*Place everything back",6/14/2025
1618,EQ ID 1618,Storm drain location South west shipping Exit,Maintenance,14785,Closed and Completed,0.00,1.00,Max,,0.00,6/16/2025,,[],"*Remove metal covers 
*Remove and clean trash collected inside use putty knife to remove stuck dirt on the edges, corners and screens .
*Use broom to pick up any remaining trash on the bottom of the pit .
*Place everything back",6/21/2025
1618,EQ ID 1618,Storm drain location South west shipping Exit,Maintenance,16099,Closed and Completed,0.00,1.00,Max,,0.00,10/16/2025,,[],"*Remove metal covers 
*Remove and clean trash collected inside use putty knife to remove stuck dirt on the edges, corners and screens .
*Use broom to pick up any remaining trash on the bottom of the pit .
*Place everything back",10/16/2025
1618,EQ ID 1618,Storm drain location South west shipping Exit,Maintenance,16221,Closed and Completed,0.00,2.00,Max,,0.00,10/16/2025,,[],"*Remove metal covers 
*Remove and clean trash collected inside use putty knife to remove stuck dirt on the edges, corners and screens .
*Use broom to pick up any remaining trash on the bottom of the pit .
*Place everything back",10/25/2025
1618,EQ ID 1618,Storm drain location South west shipping Exit,Maintenance,17324,Closed and Completed,0.00,1.00,Max,,0.00,2/28/2026,"Maksim Bushka - 03/03/26  2:06:55 PM: Scheduled Date: 02-16-2026
Parts Needed: NO
Parts Ordered: NO
Expected Delivery Date: N/A
General Notes:",[],"*Remove metal covers 
*Remove and clean trash collected inside use putty knife to remove stuck dirt on the edges, corners and screens .
*Use broom to pick up any remaining trash on the bottom of the pit .
*Place everything back",2/16/2026
1618,EQ ID 1618,Storm drain location South west shipping Exit,Maintenance,17395,Closed and Completed,0.00,1.00,Max,,0.00,2/28/2026,"Maksim Bushka - 03/03/26  2:08:08 PM: Scheduled Date: 02-21-2026
Parts Needed: NO
Parts Ordered: NO
Expected Delivery Date: N/A
General Notes:",[],"*Remove metal covers 
*Remove and clean trash collected inside use putty knife to remove stuck dirt on the edges, corners and screens .
*Use broom to pick up any remaining trash on the bottom of the pit .
*Place everything back",2/21/2026
1618,EQ ID 1618,Storm drain location South west shipping Exit,Maintenance,18637,Closed and Completed,0.00,0.70,PU,,0.00,8/5/2026,Primo Uy - 08/05/26 10:23:33 AM: Done,[],"*Remove metal covers 
*Remove and clean trash collected inside use putty knife to remove stuck dirt on the edges, corners and screens .
*Use broom to pick up any remaining trash on the bottom of the pit .
*Place everything back",7/3/2026
1618,EQ ID 1618,Storm drain location South west shipping Exit,Maintenance,18638,Closed and Completed,0.00,0.00,PU,,0.00,8/5/2026,Primo Uy - 08/05/26 10:24:03 AM: Done,[],"*Remove metal covers 
*Remove and clean trash collected inside use putty knife to remove stuck dirt on the edges, corners and screens .
*Use broom to pick up any remaining trash on the bottom of the pit .
*Place everything back",7/3/2026
1619,EQ ID 1619,Storm drain Location south east next to shipping elevator,Maintenance,948,Closed and Completed,0.00,0.70,"MIK,E",,0.00,6/30/2022,"Miguel Diaz - 07/01/22  6:55:15 AM: Remove metal covers 
*Remove and clean trash collected inside use putty knife and wire brush to remove stuck dirt on the edges, corners and screens .
*Use broom to pick up any remaining trash on the bottom of the pit .
*Place everything back",[],"*Remove metal covers 
*Remove and clean trash collected inside use putty knife to remove stuck dirt on the edges, corners and screens .
*Use broom to pick up any remaining trash on the bottom of the pit .
*Place everything back",7/18/2022
1619,EQ ID 1619,Storm drain Location south east next to shipping elevator,Maintenance,2820,Closed and Completed,0.00,1.00,Primo & Max,,0.00,2/13/2023,Maksim Bushka - 02/13/23  8:43:33 AM: Removed covers and clean up.,[],"*Remove metal covers 
*Remove and clean trash collected inside use putty knife to remove stuck dirt on the edges, corners and screens .
*Use broom to pick up any remaining trash on the bottom of the pit .
*Place everything back",2/13/2023
1619,EQ ID 1619,Storm drain Location south east next to shipping elevator,Maintenance,4354,Closed and Completed,0.00,0.30,Primo & Max,,0.00,6/1/2023,Maksim Bushka - 06/01/23  9:45:57 AM: Cleaned up,[],"*Remove metal covers 
*Remove and clean trash collected inside use putty knife to remove stuck dirt on the edges, corners and screens .
*Use broom to pick up any remaining trash on the bottom of the pit .
*Place everything back",6/13/2023
1619,EQ ID 1619,Storm drain Location south east next to shipping elevator,Maintenance,5855,Closed and Completed,0.00,0.00,Max,,0.00,9/29/2023,,[],"*Remove metal covers 
*Remove and clean trash collected inside use putty knife to remove stuck dirt on the edges, corners and screens .
*Use broom to pick up any remaining trash on the bottom of the pit .
*Place everything back",10/1/2023
1619,EQ ID 1619,Storm drain Location south east next to shipping elevator,Maintenance,7432,Closed and Completed,0.00,1.00,Primo & Max,,0.00,1/31/2024,,[],"*Remove metal covers 
*Remove and clean trash collected inside use putty knife to remove stuck dirt on the edges, corners and screens .
*Use broom to pick up any remaining trash on the bottom of the pit .
*Place everything back",2/2/2024
1619,EQ ID 1619,Storm drain Location south east next to shipping elevator,Maintenance,10190,Closed and Completed,0.00,0.00,Max,,0.00,5/16/2024,,[],"*Remove metal covers 
*Remove and clean trash collected inside use putty knife to remove stuck dirt on the edges, corners and screens .
*Use broom to pick up any remaining trash on the bottom of the pit .
*Place everything back",5/31/2024
1619,EQ ID 1619,Storm drain Location south east next to shipping elevator,Maintenance,11911,Closed and Completed,0.00,0.00,Primo & Max,,0.00,10/14/2024,,[],"*Remove metal covers 
*Remove and clean trash collected inside use putty knife to remove stuck dirt on the edges, corners and screens .
*Use broom to pick up any remaining trash on the bottom of the pit .
*Place everything back",9/30/2024
1619,EQ ID 1619,Storm drain Location south east next to shipping elevator,Maintenance,13390,Closed and Completed,0.00,2.00,Max,,0.00,2/21/2025,,[],"*Remove metal covers 
*Remove and clean trash collected inside use putty knife to remove stuck dirt on the edges, corners and screens .
*Use broom to pick up any remaining trash on the bottom of the pit .
*Place everything back",2/14/2025
1619,EQ ID 1619,Storm drain Location south east next to shipping elevator,Maintenance,14786,Closed and Completed,0.00,0.00,Max,,0.00,6/16/2025,,[],"*Remove metal covers 
*Remove and clean trash collected inside use putty knife to remove stuck dirt on the edges, corners and screens .
*Use broom to pick up any remaining trash on the bottom of the pit .
*Place everything back",6/21/2025
1619,EQ ID 1619,Storm drain Location south east next to shipping elevator,Maintenance,16225,Closed and Completed,0.00,2.00,Max,,0.00,10/16/2025,,[],"*Remove metal covers 
*Remove and clean trash collected inside use putty knife to remove stuck dirt on the edges, corners and screens .
*Use broom to pick up any remaining trash on the bottom of the pit .
*Place everything back",10/25/2025
1619,EQ ID 1619,Storm drain Location south east next to shipping elevator,Maintenance,17397,Closed and Completed,0.00,1.00,Max,,0.00,2/28/2026,"Maksim Bushka - 03/03/26  2:10:12 PM: Scheduled Date: 02-21-2026
Parts Needed: NO
Parts Ordered: NO
Expected Delivery Date: N/A
General Notes: Cleaned up",[],"*Remove metal covers 
*Remove and clean trash collected inside use putty knife to remove stuck dirt on the edges, corners and screens .
*Use broom to pick up any remaining trash on the bottom of the pit .
*Place everything back",2/21/2026
1619,EQ ID 1619,Storm drain Location south east next to shipping elevator,Maintenance,18640,Closed and Completed,0.00,0.50,PU,,0.00,8/5/2026,Primo Uy - 08/05/26 10:25:33 AM: Done,[],"*Remove metal covers 
*Remove and clean trash collected inside use putty knife to remove stuck dirt on the edges, corners and screens .
*Use broom to pick up any remaining trash on the bottom of the pit .
*Place everything back",7/3/2026
1620,EQ ID 1620,Storm drain Location near Dust colletor,Maintenance,949,Closed and Completed,0.00,0.70,MIKE,,0.00,6/30/2022,"Miguel Diaz - 07/01/22  6:55:32 AM: Remove metal covers 
*Remove and clean trash collected inside use putty knife and wire brush to remove stuck dirt on the edges, corners and screens .
*Use broom to pick up any remaining trash on the bottom of the pit .
*Place everything back",[],"*Remove metal covers 
*Remove and clean trash collected inside use putty knife to remove stuck dirt on the edges, corners and screens .
*Use broom to pick up any remaining trash on the bottom of the pit .
*Place everything back",7/18/2022
1620,EQ ID 1620,Storm drain Location near Dust colletor,Maintenance,2821,Closed and Completed,0.00,1.00,Miguel & Max,,0.00,2/9/2023,Maksim Bushka - 02/13/23  8:45:37 AM: Remove the covers and clean up.,[],"*Remove metal covers 
*Remove and clean trash collected inside use putty knife to remove stuck dirt on the edges, corners and screens .
*Use broom to pick up any remaining trash on the bottom of the pit .
*Place everything back",2/13/2023
1620,EQ ID 1620,Storm drain Location near Dust colletor,Maintenance,4355,Closed and Completed,0.00,0.30,Primo & Max,,0.00,6/1/2023,Maksim Bushka - 06/01/23  9:46:56 AM: cleaned up,[],"*Remove metal covers 
*Remove and clean trash collected inside use putty knife to remove stuck dirt on the edges, corners and screens .
*Use broom to pick up any remaining trash on the bottom of the pit .
*Place everything back",6/13/2023
1620,EQ ID 1620,Storm drain Location near Dust colletor,Maintenance,5856,Closed and Completed,0.00,0.00,Max,,0.00,9/29/2023,,[],"*Remove metal covers 
*Remove and clean trash collected inside use putty knife to remove stuck dirt on the edges, corners and screens .
*Use broom to pick up any remaining trash on the bottom of the pit .
*Place everything back",10/1/2023
1620,EQ ID 1620,Storm drain Location near Dust colletor,Maintenance,7431,Closed and Completed,0.00,1.00,Primo & Max,,0.00,1/31/2024,,[],"*Remove metal covers 
*Remove and clean trash collected inside use putty knife to remove stuck dirt on the edges, corners and screens .
*Use broom to pick up any remaining trash on the bottom of the pit .
*Place everything back",2/2/2024
1620,EQ ID 1620,Storm drain Location near Dust colletor,Maintenance,10191,Closed and Completed,0.00,0.00,Max,,0.00,5/16/2024,,[],"*Remove metal covers 
*Remove and clean trash collected inside use putty knife to remove stuck dirt on the edges, corners and screens .
*Use broom to pick up any remaining trash on the bottom of the pit .
*Place everything back",5/31/2024
1620,EQ ID 1620,Storm drain Location near Dust colletor,Maintenance,11912,Closed and Completed,0.00,2.00,Primo & Max,,0.00,10/14/2024,,[],"*Remove metal covers 
*Remove and clean trash collected inside use putty knife to remove stuck dirt on the edges, corners and screens .
*Use broom to pick up any remaining trash on the bottom of the pit .
*Place everything back",9/30/2024
1620,EQ ID 1620,Storm drain Location near Dust colletor,Maintenance,13391,Closed and Completed,0.00,2.00,Max,,0.00,2/21/2025,,[],"*Remove metal covers 
*Remove and clean trash collected inside use putty knife to remove stuck dirt on the edges, corners and screens .
*Use broom to pick up any remaining trash on the bottom of the pit .
*Place everything back",2/14/2025
1620,EQ ID 1620,Storm drain Location near Dust colletor,Maintenance,14787,Closed and Completed,0.00,1.00,Max,,0.00,6/16/2025,,[],"*Remove metal covers 
*Remove and clean trash collected inside use putty knife to remove stuck dirt on the edges, corners and screens .
*Use broom to pick up any remaining trash on the bottom of the pit .
*Place everything back",6/21/2025
1620,EQ ID 1620,Storm drain Location near Dust colletor,Maintenance,16224,Closed and Completed,0.00,2.00,Max,,0.00,10/16/2025,,[],"*Remove metal covers 
*Remove and clean trash collected inside use putty knife to remove stuck dirt on the edges, corners and screens .
*Use broom to pick up any remaining trash on the bottom of the pit .
*Place everything back",10/25/2025
1620,EQ ID 1620,Storm drain Location near Dust colletor,Maintenance,17396,Closed and Completed,0.00,1.00,Max,,0.00,2/28/2026,"Maksim Bushka - 03/03/26  2:09:10 PM: Scheduled Date: 02-21-2026
Parts Needed: NO
Parts Ordered: NO
Expected Delivery Date: N/A
General Notes: cleaned up",[],"*Remove metal covers 
*Remove and clean trash collected inside use putty knife to remove stuck dirt on the edges, corners and screens .
*Use broom to pick up any remaining trash on the bottom of the pit .
*Place everything back",2/21/2026
1620,EQ ID 1620,Storm drain Location near Dust colletor,Maintenance,18639,Closed and Completed,0.00,0.50,PU,,0.00,8/5/2026,Primo Uy - 08/05/26 10:24:36 AM: Done,[],"*Remove metal covers 
*Remove and clean trash collected inside use putty knife to remove stuck dirt on the edges, corners and screens .
*Use broom to pick up any remaining trash on the bottom of the pit .
*Place everything back",7/3/2026
1622,EQ ID 1622,East side skylights roof,Maintenance,950,Closed without Action,0.00,0.00,md,,0.00,5/31/2022,Miguel Diaz - 05/31/22  8:39:11 AM: this needs to be done outside the last time we cleaned it it was worse than it was being dirty its looked horrible this needs to be added to the outside vendor that comes in to clean all glass twice a year,[],use extended squeegee to scrub skylights and take a hose up to the roof every time to get all the extra dirt off the skylights.,6/18/2022
1622,EQ ID 1622,East side skylights roof,Maintenance,2822,Closed and Completed,0.00,0.00,md,,0.00,12/29/2022,Miguel Diaz - 12/29/22  1:35:44 PM: not safe to do so also last time we cleaned them it was worse than before,[],use extended squeegee to scrub skylights and take a hose up to the roof every time to get all the extra dirt off the skylights.,1/13/2023
1622,EQ ID 1622,East side skylights roof,Maintenance,3772,Closed without Action,0.00,0.00,md,,0.00,3/17/2023,Miguel Diaz - 03/17/23 11:19:20 AM: no procedure is in place for us to do this or any tie offs to be secured,[],use extended squeegee to scrub skylights and take a hose up to the roof every time to get all the extra dirt off the skylights.,3/29/2023
1622,EQ ID 1622,East side skylights roof,Maintenance,4875,Closed without Action,0.00,0.00,No one,,0.00,6/13/2023,Miguel Diaz - 06/13/23  1:35:29 PM: no procedure is in place,[],use extended squeegee to scrub skylights and take a hose up to the roof every time to get all the extra dirt off the skylights.,6/17/2023
1622,EQ ID 1622,East side skylights roof,Maintenance,6017,Closed and Completed,0.00,0.00,mike,,0.00,8/21/2023,Miguel Diaz - 08/26/23  7:00:10 AM: not approved to do this,[],use extended squeegee to scrub skylights and take a hose up to the roof every time to get all the extra dirt off the skylights.,9/13/2023
1622,EQ ID 1622,East side skylights roof,Maintenance,7003,Closed and Completed,0.00,0.00,.....,,0.00,11/7/2023,Miguel Diaz - 11/07/23  8:08:40 AM: NOT APPRPVED TO BE DONE IN HOUSE,[],use extended squeegee to scrub skylights and take a hose up to the roof every time to get all the extra dirt off the skylights.,11/26/2023
1622,EQ ID 1622,East side skylights roof,Maintenance,7938,Closed without Action,0.00,0.00,md,,0.00,2/6/2024,Miguel Diaz - 02/06/24 11:19:31 AM: rain cleaned the umbreallas,[],use extended squeegee to scrub skylights and take a hose up to the roof every time to get all the extra dirt off the skylights.,2/7/2024
1622,EQ ID 1622,East side skylights roof,Maintenance,10243,Closed without Action,0.00,0.00,md,,0.00,4/15/2024,Miguel Diaz - 04/15/24  9:36:24 AM: not safe to do so this needs to be removed but system keeps regenerating the pm,[],use extended squeegee to scrub skylights and take a hose up to the roof every time to get all the extra dirt off the skylights.,5/6/2024
1622,EQ ID 1622,East side skylights roof,Maintenance,11197,Closed without Action,0.00,0.00,md,,0.00,7/20/2024,Miguel Diaz - 07/20/24 12:18:16 PM: we do not do this we dont have a means of tieing off safely,[],use extended squeegee to scrub skylights and take a hose up to the roof every time to get all the extra dirt off the skylights.,7/15/2024
1625,EQ ID 1625,Backflow device by water meter #90398396,Maintenance,951,Closed without Action,0.00,0.00,md,,0.00,3/17/2023,Miguel Diaz - 03/17/23 11:27:40 AM: Wayne advised city calls us when its due leave here for reminders if needed,[],To be serviced and checked yearly,3/18/2023
1625,EQ ID 1625,Backflow device by water meter #90398396,Maintenance,4878,Closed and Completed,0.00,1.00,Anderson,,0.00,3/2/2024,Miguel Diaz - 03/18/24  9:32:41 AM: backflow was replaced and serviced since it was stolen,[],To be serviced and checked yearly,3/17/2024
1625,EQ ID 1625,Backflow device by water meter #90398396,Maintenance,10743,Closed and Completed,0.00,0.00,Suttles Plumbing,,0.00,5/22/2025,,[],To be serviced and checked yearly,3/18/2025
1625,EQ ID 1625,Backflow device by water meter #90398396,Maintenance,16376,Closed and Completed,0.00,1.50,outside vendor,,0.00,7/1/2026,,[],To be serviced and checked yearly,7/11/2026
1670,EQ ID 1670,Outside locks exposed to the elements,Maintenance,957,Closed and Completed,25.00,0.30,Max,,0.00,3/20/2023,Maksim Bushka - 03/20/23 12:28:16 PM: Applied graphite lubricant in all locks.,[],Puff powered graphite lubricant to all outside locks to keep them lubed and working properly free from sticking.,3/18/2023
1670,EQ ID 1670,Outside locks exposed to the elements,Maintenance,4930,Closed and Completed,0.20,1.00,Max,,0.00,3/19/2024,,[],Puff powered graphite lubricant to all outside locks to keep them lubed and working properly free from sticking.,3/20/2024
1670,EQ ID 1670,Outside locks exposed to the elements,Maintenance,10860,Closed and Completed,0.00,0.00,Max,,0.00,3/28/2025,,[],Puff powered graphite lubricant to all outside locks to keep them lubed and working properly free from sticking.,3/28/2025
1670,EQ ID 1670,Outside locks exposed to the elements,Maintenance,15219,Closed and Completed,0.00,0.20,Max,,0.00,4/8/2026,"Maksim Bushka - 04/09/26 12:52:06 PM: Scheduled Date: 03/31/2026
Parts Needed: NO
Parts Ordered: NO
Expected Delivery Date: N/A
General Notes: Lubed the locks",[],Puff powered graphite lubricant to all outside locks to keep them lubed and working properly free from sticking.,3/31/2026
1704,EQ ID 1704,Magnetic floor sweeper,Maintenance,961,Closed and Completed,0.00,1.00,Nicholas martinez,,0.00,4/13/2022,Miguel Diaz - 04/18/22  7:00:02 AM: Grabbed magnet walker and walked the rear yard picking up all metals on the floor,[],"Use magnetic floor sweeper outside west driveway pick up all visible nails ,metal staples ,especially in between the cracks of the cement .",4/18/2022
1704,EQ ID 1704,Magnetic floor sweeper,Maintenance,2807,Closed and Completed,0.00,1.00,mike Primo,,0.00,11/12/2022,Miguel Diaz - 11/14/22  6:35:49 AM: rear parking lot was fully swept this past Saturday we also had a machine scrub the floor,[],"Use magnetic floor sweeper outside west driveway pick up all visible nails ,metal staples ,especially in between the cracks of the cement .",11/13/2022
1704,EQ ID 1704,Magnetic floor sweeper,Maintenance,3241,Closed and Completed,0.00,0.30,Max,,0.00,12/12/2022,Maksim Bushka - 12/12/22  1:48:24 PM: Using magnetic floor sweeper outside  west driveway and checked up for metal debris,[],"Use magnetic floor sweeper outside west driveway pick up all visible nails ,metal staples ,especially in between the cracks of the cement .",12/14/2022
1704,EQ ID 1704,Magnetic floor sweeper,Maintenance,3602,Closed and Completed,0.00,1.00,Max,,0.00,2/6/2023,Maksim Bushka - 02/06/23 10:50:18 AM: Using the magnetic floor sweeper on the driveway and outside parking area.,[],"Use magnetic floor sweeper outside west driveway pick up all visible nails ,metal staples ,especially in between the cracks of the cement .",2/12/2023
1704,EQ ID 1704,Magnetic floor sweeper,Maintenance,4261,Closed and Completed,0.00,1.00,Max,,0.00,3/28/2023,Maksim Bushka - 03/28/23  1:03:31 PM: Sweeping the floors with magnetic sweeper.,[],"Use magnetic floor sweeper outside west driveway pick up all visible nails ,metal staples ,especially in between the cracks of the cement .",4/6/2023
1704,EQ ID 1704,Magnetic floor sweeper,Maintenance,5051,Closed and Completed,0.00,1.00,Max,,0.00,5/17/2023,Maksim Bushka - 05/18/23 12:21:19 PM: Sweeping the floors for metal debris.,[],"Use magnetic floor sweeper outside west driveway pick up all visible nails ,metal staples ,especially in between the cracks of the cement .",5/28/2023
1704,EQ ID 1704,Magnetic floor sweeper,Maintenance,5721,Closed and Completed,0.00,0.00,Max,,0.00,7/18/2023,Maksim Bushka - 07/18/23  8:06:50 AM: Swept the floor.,[],"Use magnetic floor sweeper outside west driveway pick up all visible nails ,metal staples ,especially in between the cracks of the cement .",7/18/2023
1704,EQ ID 1704,Magnetic floor sweeper,Maintenance,6479,Closed and Completed,0.00,0.00,Max,,0.00,9/20/2023,,[],"Use magnetic floor sweeper outside west driveway pick up all visible nails ,metal staples ,especially in between the cracks of the cement .",9/18/2023
1704,EQ ID 1704,Magnetic floor sweeper,Maintenance,7305,Closed and Completed,0.00,0.00,mAX,,0.00,11/20/2023,,[],"Use magnetic floor sweeper outside west driveway pick up all visible nails ,metal staples ,especially in between the cracks of the cement .",11/20/2023
1704,EQ ID 1704,Magnetic floor sweeper,Maintenance,8087,Closed and Completed,0.00,0.00,Max,,0.00,1/18/2024,,[],"Use magnetic floor sweeper outside west driveway pick up all visible nails ,metal staples ,especially in between the cracks of the cement .",1/20/2024
1704,EQ ID 1704,Magnetic floor sweeper,Maintenance,10034,Closed and Completed,0.00,1.00,Max,,0.00,3/18/2024,,[],"Use magnetic floor sweeper outside west driveway pick up all visible nails ,metal staples ,especially in between the cracks of the cement .",3/18/2024
1704,EQ ID 1704,Magnetic floor sweeper,Maintenance,10850,Closed and Completed,0.00,0.00,Max,,0.00,5/31/2024,,[],"Use magnetic floor sweeper outside west driveway pick up all visible nails ,metal staples ,especially in between the cracks of the cement .",5/28/2024
1704,EQ ID 1704,Magnetic floor sweeper,Maintenance,11905,Closed and Completed,0.00,0.30,Max,,0.00,7/25/2024,,[],"Use magnetic floor sweeper outside west driveway pick up all visible nails ,metal staples ,especially in between the cracks of the cement .",7/31/2024
1704,EQ ID 1704,Magnetic floor sweeper,Maintenance,12535,Closed and Completed,0.00,0.30,Max,,0.00,9/30/2024,,[],"Use magnetic floor sweeper outside west driveway pick up all visible nails ,metal staples ,especially in between the cracks of the cement .",9/25/2024
1704,EQ ID 1704,Magnetic floor sweeper,Maintenance,13222,Closed and Completed,0.00,0.00,Max,,0.00,12/2/2024,,[],"Use magnetic floor sweeper outside west driveway pick up all visible nails ,metal staples ,especially in between the cracks of the cement .",11/30/2024
1704,EQ ID 1704,Magnetic floor sweeper,Maintenance,13944,Closed and Completed,0.00,0.30,Max,,0.00,2/3/2025,,[],"Use magnetic floor sweeper outside west driveway pick up all visible nails ,metal staples ,especially in between the cracks of the cement .",2/2/2025
1704,EQ ID 1704,Magnetic floor sweeper,Maintenance,14575,Closed and Completed,0.00,0.30,Max,,0.00,4/9/2025,,[],"Use magnetic floor sweeper outside west driveway pick up all visible nails ,metal staples ,especially in between the cracks of the cement .",4/4/2025
1704,EQ ID 1704,Magnetic floor sweeper,Maintenance,15336,Closed and Completed,0.00,1.00,Max,,0.00,6/6/2025,,[],"Use magnetic floor sweeper outside west driveway pick up all visible nails ,metal staples ,especially in between the cracks of the cement .",6/9/2025
1704,EQ ID 1704,Magnetic floor sweeper,Maintenance,16060,Closed and Completed,0.00,1.00,Max,,0.00,7/22/2025,,[],"Use magnetic floor sweeper outside west driveway pick up all visible nails ,metal staples ,especially in between the cracks of the cement .",8/11/2025
1704,EQ ID 1704,Magnetic floor sweeper,Maintenance,16494,Closed and Completed,0.00,1.00,Max,,0.00,9/4/2025,,[],"Use magnetic floor sweeper outside west driveway pick up all visible nails ,metal staples ,especially in between the cracks of the cement .",9/25/2025
1704,EQ ID 1704,Magnetic floor sweeper,Maintenance,17040,Closed and Completed,0.00,1.00,Max,,0.00,11/5/2025,,[],"Use magnetic floor sweeper outside west driveway pick up all visible nails ,metal staples ,especially in between the cracks of the cement .",11/18/2025
1704,EQ ID 1704,Magnetic floor sweeper,Maintenance,17643,Closed and Completed,0.00,1.00,Max,,0.00,1/11/2026,"Maksim Bushka - 01/24/26  9:01:42 AM: Scheduled Date: 01/11/26
Parts Needed: NO
Parts Ordered: NO
Expected Delivery Date: N/A
General Notes: Used magnetic floor",[],"Use magnetic floor sweeper outside west driveway pick up all visible nails ,metal staples ,especially in between the cracks of the cement .",1/11/2026
1704,EQ ID 1704,Magnetic floor sweeper,Maintenance,18286,Closed and Completed,0.00,1.00,Max,,0.00,3/30/2026,"Maksim Bushka - 03/31/26  3:52:26 PM: Scheduled Date: 03/24/2026
Parts Needed: NO
Parts Ordered: NO
Expected Delivery Date: N/A
General Notes: Swapped the dry way.",[],"Use magnetic floor sweeper outside west driveway pick up all visible nails ,metal staples ,especially in between the cracks of the cement .",3/24/2026
1704,EQ ID 1704,Magnetic floor sweeper,Maintenance,18939,Closed and Completed,0.00,1.00,Max,,0.00,6/2/2026,"Maksim Bushka - 06/04/26  1:07:34 PM: Scheduled Date: 05/31/2026
Parts Needed: NO
Parts Ordered: NO
Expected Delivery Date: N/A
General Notes: Cleaned up",[],"Use magnetic floor sweeper outside west driveway pick up all visible nails ,metal staples ,especially in between the cracks of the cement .",5/31/2026
1704,EQ ID 1704,Magnetic floor sweeper,Maintenance,19707,Closed and Completed,0.00,0.30,Max,,0.00,8/4/2026,,[],"Use magnetic floor sweeper outside west driveway pick up all visible nails ,metal staples ,especially in between the cracks of the cement .",8/4/2026
1767,EQ ID 1767,DS-Oil/Water Seprator,Maintenance,969,Closed and Completed,550.00,2.00,Mike Max,,0.00,3/31/2023,Miguel Diaz - 03/31/23  8:45:48 AM: Replaced the full set filters and scavenger bags x 2 .Cleaned all inside the container .,[],"Check Donaldson carbon bags and see if they need to be replaced .Use glass cup fill up with  water from the separator and place next to etched glass if  it looks the same its time to replace the scavenger bags and filters .
Drain tank and wipe all walls free of residue and grease it should not have oil .
1C331039-63 Care-pac DS 0530  Replacement Donaldson Activated Carbon OWS Bag Kit.",3/18/2023
1767,EQ ID 1767,DS-Oil/Water Seprator,Maintenance,5089,Closed and Completed,600.00,1.50,Mike d,,0.00,4/23/2024,Miguel Diaz - 04/23/24  8:56:20 AM: Found the water test dirty with sheen on it replaced both filters .,[],"Check Donaldson carbon bags and see if they need to be replaced .Use glass cup fill up with  water from the separator and place next to etched glass if  it looks the same its time to replace the scavenger bags and filters .
Drain tank and wipe all walls free of residue and grease it should not have oil .
1C331039-63 Care-pac DS 0530  Replacement Donaldson Activated Carbon OWS Bag Kit.",3/31/2024
1767,EQ ID 1767,DS-Oil/Water Seprator,Maintenance,11401,Closed and Completed,0.00,0.30,Max,,0.00,4/30/2025,Maksim Bushka - 04/30/25  1:01:02 PM: Cleaned up the top filter and wiped out,[],"Check Donaldson carbon bags and see if they need to be replaced .Use glass cup fill up with  water from the separator and place next to etched glass if  it looks the same its time to replace the scavenger bags and filters .
Drain tank and wipe all walls free of residue and grease it should not have oil .
1C331039-63 Care-pac DS 0530  Replacement Donaldson Activated Carbon OWS Bag Kit.",4/23/2025
1767,EQ ID 1767,DS-Oil/Water Seprator,Maintenance,15558,Closed without Action,0.00,0.00,Max,,0.00,5/5/2026,Maksim Bushka - 05/05/26  3:12:43 PM: We replaced the oil separator,[],"Check Donaldson carbon bags and see if they need to be replaced .Use glass cup fill up with  water from the separator and place next to etched glass if  it looks the same its time to replace the scavenger bags and filters .
Drain tank and wipe all walls free of residue and grease it should not have oil .
1C331039-63 Care-pac DS 0530  Replacement Donaldson Activated Carbon OWS Bag Kit.",4/30/2026
1776,EQ ID 1776,Front gate Facing Tujunga street,Maintenance,970,Closed and Completed,0.00,1.00,MIKE,,0.00,4/6/2022,Miguel Diaz - 04/06/22 10:24:22 AM: gate is closing properly,[],Chris -Check front gate that it's closing properly all the way shut by itself .,4/18/2022
1776,EQ ID 1776,Front gate Facing Tujunga street,Maintenance,2863,Closed and Completed,0.00,0.30,mike d,,0.00,11/8/2022,Miguel Diaz - 11/08/22  7:54:02 AM: gate is closing properly,[],Chris -Check front gate that it's closing properly all the way shut by itself .,11/13/2022
1776,EQ ID 1776,Front gate Facing Tujunga street,Maintenance,3166,Closed and Completed,0.00,0.00,md,,0.00,12/5/2022,Miguel Diaz - 12/05/22 12:22:57 PM: gate closing properly,[],Chris -Check front gate that it's closing properly all the way shut by itself .,12/8/2022
1776,EQ ID 1776,Front gate Facing Tujunga street,Maintenance,3440,Closed and Completed,0.00,0.00,mike,,0.00,1/2/2023,,[],Chris -Check front gate that it's closing properly all the way shut by itself .,1/5/2023
1776,EQ ID 1776,Front gate Facing Tujunga street,Maintenance,3933,Closed and Completed,0.00,0.15,Max,,0.00,2/13/2023,Maksim Bushka - 02/14/23  8:25:23 AM: Check up the gate ok,[],Chris -Check front gate that it's closing properly all the way shut by itself .,2/12/2023
1776,EQ ID 1776,Front gate Facing Tujunga street,Maintenance,4387,Closed and Completed,0.00,0.00,md,,0.00,3/8/2023,Miguel Diaz - 03/09/23  7:38:02 AM: Gate is closing properly,[],Chris -Check front gate that it's closing properly all the way shut by itself .,3/14/2023
1776,EQ ID 1776,Front gate Facing Tujunga street,Maintenance,4739,Closed and Completed,0.00,1.00,Max,,0.00,3/30/2023,Maksim Bushka - 03/30/23 11:12:11 AM: Clean up the rail and lube the moving parts.,[],Chris -Check front gate that it's closing properly all the way shut by itself .,4/9/2023
1776,EQ ID 1776,Front gate Facing Tujunga street,Maintenance,5080,Closed and Completed,0.00,0.00,Max,,0.00,5/2/2023,,[],Chris -Check front gate that it's closing properly all the way shut by itself .,4/30/2023
1776,EQ ID 1776,Front gate Facing Tujunga street,Maintenance,5513,Closed and Completed,0.00,0.30,Primo & Max,,0.00,5/30/2023,Maksim Bushka - 05/31/23 10:10:16 AM: Cleaned the rails and lubed.,[],Chris -Check front gate that it's closing properly all the way shut by itself .,6/2/2023
1776,EQ ID 1776,Front gate Facing Tujunga street,Maintenance,5834,Closed and Completed,0.00,0.00,Max,,0.00,7/7/2023,,[],Chris -Check front gate that it's closing properly all the way shut by itself .,6/30/2023
1776,EQ ID 1776,Front gate Facing Tujunga street,Maintenance,6345,Closed and Completed,0.00,0.20,max,,0.00,8/9/2023,Miguel Diaz - 08/09/23  9:45:47 AM: Received quote from Thomas this has been passed to Sam from ME waiting for response .,[],Chris -Check front gate that it's closing properly all the way shut by itself .,8/7/2023
1776,EQ ID 1776,Front gate Facing Tujunga street,Maintenance,6771,Closed and Completed,0.00,0.20,md,,0.00,9/11/2023,Miguel Diaz - 09/11/23  7:46:54 AM: gate closing properly,[],Chris -Check front gate that it's closing properly all the way shut by itself .,9/9/2023
1776,EQ ID 1776,Front gate Facing Tujunga street,Maintenance,7158,Closed and Completed,0.00,0.00,Max,,0.00,9/29/2023,,[],Chris -Check front gate that it's closing properly all the way shut by itself .,10/11/2023
1776,EQ ID 1776,Front gate Facing Tujunga street,Maintenance,7438,Closed and Completed,0.00,0.20,Max,,0.00,11/2/2023,,[],Chris -Check front gate that it's closing properly all the way shut by itself .,11/2/2023
1776,EQ ID 1776,Front gate Facing Tujunga street,Maintenance,7941,Closed and Completed,0.00,0.20,Mike d,,0.00,12/8/2023,Miguel Diaz - 12/08/23  7:46:10 AM: Checked front gate on the shipping side its closing properly,[],Chris -Check front gate that it's closing properly all the way shut by itself .,12/7/2023
1776,EQ ID 1776,Front gate Facing Tujunga street,Maintenance,9280,Closed and Completed,0.00,0.20,mike d,,0.00,1/9/2024,Miguel Diaz - 01/09/24  8:31:49 AM: gate is closing properly,[],Chris -Check front gate that it's closing properly all the way shut by itself .,1/8/2024
1776,EQ ID 1776,Front gate Facing Tujunga street,Maintenance,9576,Closed and Completed,0.00,0.10,Max,,0.00,2/16/2024,,[],Chris -Check front gate that it's closing properly all the way shut by itself .,2/9/2024
1776,EQ ID 1776,Front gate Facing Tujunga street,Maintenance,10430,Closed and Completed,0.00,0.00,Primo,,0.00,3/8/2024,Miguel Diaz - 04/02/24  9:37:17 AM: this is just a reminder it was done,[],Chris -Check front gate that it's closing properly all the way shut by itself .,3/16/2024
1776,EQ ID 1776,Front gate Facing Tujunga street,Maintenance,10912,Closed and Completed,0.00,0.20,Max,,0.00,5/6/2024,,[],Chris -Check front gate that it's closing properly all the way shut by itself .,5/2/2024
1776,EQ ID 1776,Front gate Facing Tujunga street,Maintenance,11544,Closed and Completed,0.00,0.20,mike,,0.00,6/12/2024,Miguel Diaz - 06/12/24 10:44:03 AM: gate is closing properly,[],Chris -Check front gate that it's closing properly all the way shut by itself .,6/6/2024
1776,EQ ID 1776,Front gate Facing Tujunga street,Maintenance,12082,Closed and Completed,0.00,0.00,md,,0.00,6/20/2024,Miguel Diaz - 08/06/24  1:30:02 PM: Filters have been  ordered,[],Chris -Check front gate that it's closing properly all the way shut by itself .,7/12/2024
1776,EQ ID 1776,Front gate Facing Tujunga street,Maintenance,12676,Closed and Completed,0.00,0.10,Max,,0.00,9/10/2024,,[],Chris -Check front gate that it's closing properly all the way shut by itself .,9/6/2024
1776,EQ ID 1776,Front gate Facing Tujunga street,Maintenance,13022,Closed and Completed,0.00,0.20,Max,,0.00,10/18/2024,,[],Chris -Check front gate that it's closing properly all the way shut by itself .,10/10/2024
1776,EQ ID 1776,Front gate Facing Tujunga street,Maintenance,13460,Closed and Completed,0.00,0.30,Max,,0.00,11/20/2024,,[],Chris -Check front gate that it's closing properly all the way shut by itself .,11/18/2024
1776,EQ ID 1776,Front gate Facing Tujunga street,Maintenance,13874,Closed and Completed,0.00,0.20,Max,,0.00,12/17/2024,,[],Chris -Check front gate that it's closing properly all the way shut by itself .,12/20/2024
1776,EQ ID 1776,Front gate Facing Tujunga street,Maintenance,14134,Closed and Completed,0.00,1.00,Max Mike,,0.00,1/28/2025,Miguel Diaz - 01/28/25  7:05:35 AM: Gate are closing properly,[],Chris -Check front gate that it's closing properly all the way shut by itself .,1/17/2025
1776,EQ ID 1776,Front gate Facing Tujunga street,Maintenance,14490,Closed and Completed,0.00,0.20,MD,,0.00,3/3/2025,Miguel Diaz - 03/03/25 10:59:33 AM: Gate is closing by itself properly,[],Chris -Check front gate that it's closing properly all the way shut by itself .,2/28/2025
1776,EQ ID 1776,Front gate Facing Tujunga street,Maintenance,14922,Closed and Completed,0.00,0.30,Max,,0.00,4/2/2025,,[],Chris -Check front gate that it's closing properly all the way shut by itself .,4/3/2025
1776,EQ ID 1776,Front gate Facing Tujunga street,Maintenance,15265,Closed and Completed,0.00,0.10,Max,,0.00,4/24/2025,,[],Chris -Check front gate that it's closing properly all the way shut by itself .,5/2/2025
1776,EQ ID 1776,Front gate Facing Tujunga street,Maintenance,15563,Closed and Completed,0.00,0.15,Max,,0.00,5/13/2025,,[],Chris -Check front gate that it's closing properly all the way shut by itself .,5/30/2025
1776,EQ ID 1776,Front gate Facing Tujunga street,Maintenance,15747,Closed and Completed,0.00,0.10,Max,,0.00,6/16/2025,,[],Chris -Check front gate that it's closing properly all the way shut by itself .,6/14/2025
1776,EQ ID 1776,Front gate Facing Tujunga street,Maintenance,16098,Closed and Completed,0.00,0.30,Max,,0.00,7/15/2025,,[],Chris -Check front gate that it's closing properly all the way shut by itself .,7/16/2025
1776,EQ ID 1776,Front gate Facing Tujunga street,Maintenance,16412,Closed without Action,0.00,0.00,Max,,0.00,8/18/2025,,[],Chris -Check front gate that it's closing properly all the way shut by itself .,8/15/2025
1776,EQ ID 1776,Front gate Facing Tujunga street,Maintenance,16722,Closed and Completed,0.00,0.20,Max,,0.00,9/30/2025,,[],Chris -Check front gate that it's closing properly all the way shut by itself .,9/18/2025
1776,EQ ID 1776,Front gate Facing Tujunga street,Maintenance,17100,Closed and Completed,0.00,0.20,Max,,0.00,10/28/2025,,[],Chris -Check front gate that it's closing properly all the way shut by itself .,10/30/2025
1776,EQ ID 1776,Front gate Facing Tujunga street,Maintenance,17502,Closed and Completed,0.00,0.20,Max,,0.00,11/11/2025,,[],Chris -Check front gate that it's closing properly all the way shut by itself .,11/28/2025
1776,EQ ID 1776,Front gate Facing Tujunga street,Maintenance,17644,Closed and Completed,0.00,0.20,Max,,0.00,12/1/2025,,[],Chris -Check front gate that it's closing properly all the way shut by itself .,12/11/2025
1776,EQ ID 1776,Front gate Facing Tujunga street,Maintenance,17820,Closed and Completed,0.00,0.20,Max,,0.00,1/5/2026,,[],Chris -Check front gate that it's closing properly all the way shut by itself .,1/2/2026
1776,EQ ID 1776,Front gate Facing Tujunga street,Maintenance,18092,Closed and Completed,0.00,0.50,Max,,0.00,2/4/2026,"Maksim Bushka - 02/09/26 12:37:03 PM: Scheduled Date: 02/05/2026
Parts Needed: NO
Parts Ordered: NO
Expected Delivery Date: N/A
General Notes: checked up and lubed",[],Chris -Check front gate that it's closing properly all the way shut by itself .,2/5/2026
1776,EQ ID 1776,Front gate Facing Tujunga street,Maintenance,18409,Closed and Completed,0.00,0.30,Max,,0.00,3/10/2026,"Maksim Bushka - 03/13/26  2:27:50 PM: Scheduled Date: 03/09/2026
Parts Needed: NO
Parts Ordered: NO
Expected Delivery Date: N/A
General Notes: Checked up ok",[],Chris -Check front gate that it's closing properly all the way shut by itself .,3/9/2026
1776,EQ ID 1776,Front gate Facing Tujunga street,Maintenance,18757,Closed and Completed,0.00,0.15,Max,,0.00,4/14/2026,"Maksim Bushka - 04/15/26 12:29:24 PM: Scheduled Date: 04/13/2026
Parts Needed: NO
Parts Ordered: NO
Expected Delivery Date: N/A
General Notes: Checked up ok",[],Chris -Check front gate that it's closing properly all the way shut by itself .,4/13/2026
1776,EQ ID 1776,Front gate Facing Tujunga street,Maintenance,19115,Closed and Completed,0.00,0.20,Max,,0.00,5/15/2026,"Maksim Bushka - 05/20/26  1:18:38 PM: Scheduled Date: 05/15/2026
Parts Needed: NO
Parts Ordered: NO
Expected Delivery Date: N/A
General Notes: Checked up",[],Chris -Check front gate that it's closing properly all the way shut by itself .,5/15/2026
1785,EQ ID 1785,Terrazzo Floor,Maintenance,972,Closed without Action,0.00,0.00,md,,0.00,3/17/2023,Miguel Diaz - 03/17/23 11:53:50 AM: Wayne is aware leave here as a reminder,[],"Deep cleaning of the floor by outside vendor
Approximate cost $4,200",3/18/2023
1785,EQ ID 1785,Terrazzo Floor,Maintenance,4879,Closed without Action,0.00,0.00,md,,0.00,3/18/2024,Miguel Diaz - 03/18/24  9:35:01 AM: backflow was replaced and serviced since it was stolen,[],"Deep cleaning of the floor by outside vendor
Approximate cost $4,200",3/17/2024
1785,EQ ID 1785,Terrazzo Floor,Maintenance,10750,Closed and Completed,"4,500.00",9.00,George washing co,,0.00,6/21/2025,,[],"Deep cleaning of the floor by outside vendor
Approximate cost $4,200",3/18/2025
1785,EQ ID 1785,Terrazzo Floor,Maintenance,16283,Closed without Action,0.00,0.00,N/A,,0.00,8/7/2026,Sean Jennings - 08/03/26 11:26:11 AM: Waiting for next years budget to be approved. Will schedule by the end of the year.,[],"Deep cleaning of the floor by outside vendor
Approximate cost $4,200",7/2/2026
1786,EQ ID 1786,Exterior and indoor windows,Maintenance,973,Closed without Action,0.00,0.00,md,,0.00,3/17/2023,Miguel Diaz - 03/17/23 11:54:17 AM: Wayne is aware leave here as a reminder,[],Clean windows free of dirt and streaks,3/18/2023
1786,EQ ID 1786,Exterior and indoor windows,Maintenance,4880,Closed without Action,0.00,0.00,md,,0.00,3/18/2024,Miguel Diaz - 03/18/24  9:34:51 AM: backflow was replaced and serviced since it was stolen,[],Clean windows free of dirt and streaks,3/17/2024
1786,EQ ID 1786,Exterior and indoor windows,Maintenance,10749,Closed and Completed,0.00,0.00,Max,,0.00,6/7/2025,,[],Clean windows free of dirt and streaks,3/18/2025
1786,EQ ID 1786,Exterior and indoor windows,Maintenance,16054,Closed and Completed,0.00,0.00,SGM,,0.00,5/9/2026,Sean Jennings - 08/03/26 11:22:34 AM: Work completed by SGM Maintenance,[],Clean windows free of dirt and streaks,6/11/2026
1802,EQ ID 1802,Solar panels,Maintenance,19700,Pending,0.00,0.00,,Sr. Mechanic,0.00,,,[],"*Check all panels especially the one location that always gets loose  also walk the parking structure and look for anything  that may need to get fixed .
*Check module mounting system 
*Checked module integrity and condition 
*Check for soiling 
*Check that no wire is laying on top of the roof surface 
*Check that all cables connections are fully engaged 
*Check for water ponding and or roof drain obstructions",9/4/2026
1802,EQ ID 1802,Solar panels,Maintenance,976,Closed and Completed,0.00,0.40,mike,,0.00,5/31/2022,"Miguel Diaz - 05/31/22  8:40:56 AM: walked the parking structure checked for loose panels 
found no water ponding 
panels are dirty don't know if a outside vendor does any cleaning that we can bring in 
found no wires laying on surface or hanging down",[],"*Check all panels especially the one location that always gets loose  also walk the parking structure and look for anything  that may need to get fixed .
*Check module mounting system 
*Checked module integrity and condition 
*Check for soiling 
*Check that no wire is laying on top of the roof surface 
*Check that all cables connections are fully engaged 
*Check for water ponding and or roof drain obstructions",6/18/2022
1802,EQ ID 1802,Solar panels,Maintenance,2850,Closed and Completed,0.00,0.00,md,,0.00,1/2/2023,Miguel Diaz - 01/12/23  1:13:53 PM: checked all found no ponding all connections are in place found none loose or flapping in the wind,[],"*Check all panels especially the one location that always gets loose  also walk the parking structure and look for anything  that may need to get fixed .
*Check module mounting system 
*Checked module integrity and condition 
*Check for soiling 
*Check that no wire is laying on top of the roof surface 
*Check that all cables connections are fully engaged 
*Check for water ponding and or roof drain obstructions",1/13/2023
1802,EQ ID 1802,Solar panels,Maintenance,3938,Closed and Completed,0.00,0.00,Mike s,,0.00,3/22/2023,"Miguel Diaz - 03/22/23  1:42:20 PM: *Checked all panels especially the one location that always gets loose  also walk the parking structure and look for anything  that may need to get fixed .
*Checked module mounting system 
*Checked module integrity and condition 
*Checked for soiling 
*Checked that no wire is laying on top of the roof surface 
*Checked that all cables connections are fully engaged 
*Checked for water ponding and or roof drain obstructions",[],"*Check all panels especially the one location that always gets loose  also walk the parking structure and look for anything  that may need to get fixed .
*Check module mounting system 
*Checked module integrity and condition 
*Check for soiling 
*Check that no wire is laying on top of the roof surface 
*Check that all cables connections are fully engaged 
*Check for water ponding and or roof drain obstructions",4/12/2023
1802,EQ ID 1802,Solar panels,Maintenance,4974,Closed and Completed,0.00,1.00,mike,,0.00,6/22/2023,"Miguel Diaz - 06/22/23 10:24:52 AM: *Checked all panels especially the one location that always gets loose  also walk the parking structure and look for anything  that may need to get fixed .
*Checked module mounting system 
*Checked module integrity and condition 
*Checked for soiling 
*Checked that no wire is laying on top of the roof surface 
*Checked that all cables connections are fully engaged 
*Checked for water ponding and or roof drain obstructions",[],"*Check all panels especially the one location that always gets loose  also walk the parking structure and look for anything  that may need to get fixed .
*Check module mounting system 
*Checked module integrity and condition 
*Check for soiling 
*Check that no wire is laying on top of the roof surface 
*Check that all cables connections are fully engaged 
*Check for water ponding and or roof drain obstructions",6/22/2023
1802,EQ ID 1802,Solar panels,Maintenance,6161,Closed and Completed,0.00,0.00,md,,0.00,9/28/2023,"Miguel Diaz - 09/28/23  8:33:17 AM: Check all panels especially the one location that always gets loose  also walk the parking structure and look for anything  that may need to get fixed .
*Check module mounting system 
*Checked module integrity and condition 
*Check for soiling 
*Check that no wire is laying on top of the roof surface 
*Check that all cables connections are fully engaged 
*Check for water ponding and or roof drain obstructions",[],"*Check all panels especially the one location that always gets loose  also walk the parking structure and look for anything  that may need to get fixed .
*Check module mounting system 
*Checked module integrity and condition 
*Check for soiling 
*Check that no wire is laying on top of the roof surface 
*Check that all cables connections are fully engaged 
*Check for water ponding and or roof drain obstructions",9/22/2023
1802,EQ ID 1802,Solar panels,Maintenance,7364,Closed and Completed,0.00,0.00,Max,,0.00,1/2/2024,Maksim Bushka - 01/02/24  9:36:45 AM: Replaced the oil filter.,[],"*Check all panels especially the one location that always gets loose  also walk the parking structure and look for anything  that may need to get fixed .
*Check module mounting system 
*Checked module integrity and condition 
*Check for soiling 
*Check that no wire is laying on top of the roof surface 
*Check that all cables connections are fully engaged 
*Check for water ponding and or roof drain obstructions",12/28/2023
1802,EQ ID 1802,Solar panels,Maintenance,9502,Closed and Completed,0.00,1.00,md,,0.00,4/9/2024,"Miguel Diaz - 04/09/24  1:21:50 PM: Check all panels especially the one location that always gets loose  also walk the parking structure and look for anything  that may need to get fixed .
*Check module mounting system 
*Checked module integrity and condition 
*Check for soiling 
*Check that no wire is laying on top of the roof surface 
*Check that all cables connections are fully engaged 
*Check for water ponding and or roof drain obstructions",[],"*Check all panels especially the one location that always gets loose  also walk the parking structure and look for anything  that may need to get fixed .
*Check module mounting system 
*Checked module integrity and condition 
*Check for soiling 
*Check that no wire is laying on top of the roof surface 
*Check that all cables connections are fully engaged 
*Check for water ponding and or roof drain obstructions",4/2/2024
1802,EQ ID 1802,Solar panels,Maintenance,11053,Closed and Completed,0.00,0.00,Max,,0.00,7/11/2024,,[],"*Check all panels especially the one location that always gets loose  also walk the parking structure and look for anything  that may need to get fixed .
*Check module mounting system 
*Checked module integrity and condition 
*Check for soiling 
*Check that no wire is laying on top of the roof surface 
*Check that all cables connections are fully engaged 
*Check for water ponding and or roof drain obstructions",7/9/2024
1802,EQ ID 1802,Solar panels,Maintenance,12362,Closed and Completed,0.00,0.30,Max,,0.00,10/18/2024,,[],"*Check all panels especially the one location that always gets loose  also walk the parking structure and look for anything  that may need to get fixed .
*Check module mounting system 
*Checked module integrity and condition 
*Check for soiling 
*Check that no wire is laying on top of the roof surface 
*Check that all cables connections are fully engaged 
*Check for water ponding and or roof drain obstructions",10/11/2024
1802,EQ ID 1802,Solar panels,Maintenance,13462,Closed and Completed,0.00,1.00,Max,,0.00,1/21/2025,,[],"*Check all panels especially the one location that always gets loose  also walk the parking structure and look for anything  that may need to get fixed .
*Check module mounting system 
*Checked module integrity and condition 
*Check for soiling 
*Check that no wire is laying on top of the roof surface 
*Check that all cables connections are fully engaged 
*Check for water ponding and or roof drain obstructions",1/18/2025
1802,EQ ID 1802,Solar panels,Maintenance,14435,Closed and Completed,0.00,1.00,Max,,0.00,4/24/2025,,[],"*Check all panels especially the one location that always gets loose  also walk the parking structure and look for anything  that may need to get fixed .
*Check module mounting system 
*Checked module integrity and condition 
*Check for soiling 
*Check that no wire is laying on top of the roof surface 
*Check that all cables connections are fully engaged 
*Check for water ponding and or roof drain obstructions",4/21/2025
1802,EQ ID 1802,Solar panels,Maintenance,15522,Closed and Completed,0.00,1.00,Max,,0.00,8/7/2025,,[],"*Check all panels especially the one location that always gets loose  also walk the parking structure and look for anything  that may need to get fixed .
*Check module mounting system 
*Checked module integrity and condition 
*Check for soiling 
*Check that no wire is laying on top of the roof surface 
*Check that all cables connections are fully engaged 
*Check for water ponding and or roof drain obstructions",7/28/2025
1802,EQ ID 1802,Solar panels,Maintenance,16609,Closed and Completed,0.00,0.30,Max,,0.00,11/26/2025,,[],"*Check all panels especially the one location that always gets loose  also walk the parking structure and look for anything  that may need to get fixed .
*Check module mounting system 
*Checked module integrity and condition 
*Check for soiling 
*Check that no wire is laying on top of the roof surface 
*Check that all cables connections are fully engaged 
*Check for water ponding and or roof drain obstructions",11/7/2025
1802,EQ ID 1802,Solar panels,Maintenance,17796,Closed and Completed,0.00,0.00,Max,,0.00,6/4/2026,,[],"*Check all panels especially the one location that always gets loose  also walk the parking structure and look for anything  that may need to get fixed .
*Check module mounting system 
*Checked module integrity and condition 
*Check for soiling 
*Check that no wire is laying on top of the roof surface 
*Check that all cables connections are fully engaged 
*Check for water ponding and or roof drain obstructions",2/26/2026
743,EQ ID 743,General Maintenance Request,Maintenance,495,Closed and Completed,0.00,0.00,md,,0.00,4/5/2022,,[],turn on flat bed so the battery does not die out and water batter as needed.,3/25/2022
743,EQ ID 743,General Maintenance Request,Maintenance,496,Closed and Completed,0.00,2.00,janitor,,0.00,4/5/2022,,[],wipe down umbrellas in the patio area.,3/25/2022
743,EQ ID 743,General Maintenance Request,Maintenance,498,Closed and Completed,0.00,0.50,Nicholas martinez,,0.00,4/15/2022,Miguel Diaz - 04/18/22  6:59:14 AM: Picked up debris from drains,[],"Clean department drains free of dirt and debris .
Pour water down the drain",4/18/2022
743,EQ ID 743,General Maintenance Request,Maintenance,497,Closed and Completed,126.05,0.02,Nick Martinez,,0.00,5/18/2022,Nicholas Martinez - 05/18/22 11:30:10 AM: Taken cared of.,[],Replace all 5 urinal cartridges.,5/18/2022
743,EQ ID 743,General Maintenance Request,Maintenance,2727,Closed and Completed,0.00,0.00,,,0.00,10/13/2022,Miguel Diaz - 10/13/22 12:38:04 PM: Truck is not used  battery is dead,[],turn on flat bed so the battery does not die out and water batter as needed.,10/20/2022
743,EQ ID 743,General Maintenance Request,Maintenance,2898,Closed and Completed,0.00,0.00,,,0.00,10/13/2022,Miguel Diaz - 10/13/22 12:39:34 PM: should not be generating work orders this has been changed to no,[],turn on flat bed so the battery does not die out and water batter as needed.,10/20/2022
743,EQ ID 743,General Maintenance Request,Maintenance,2901,Closed without Action,0.00,0.00,md,,0.00,10/13/2022,Miguel Diaz - 10/13/22  1:18:17 PM: truck is not being used,[],turn on flat bed so the battery does not die out and water batter as needed.,10/20/2022
743,EQ ID 743,General Maintenance Request,Maintenance,2903,Closed and Completed,0.00,0.00,md,,0.00,10/13/2022,Miguel Diaz - 10/13/22  1:18:36 PM: not used currently,[],turn on flat bed so the battery does not die out and water batter as needed.,10/20/2022
743,EQ ID 743,General Maintenance Request,Maintenance,2904,Closed and Completed,0.00,0.00,md,,0.00,10/13/2022,Miguel Diaz - 10/13/22  1:18:56 PM: not used,[],turn on flat bed so the battery does not die out and water batter as needed.,10/20/2022
743,EQ ID 743,General Maintenance Request,Maintenance,2728,Closed and Completed,0.00,0.00,maint,,0.00,10/14/2022,,[],wipe down umbrellas in the patio area.,10/20/2022
743,EQ ID 743,General Maintenance Request,Maintenance,2905,Closed and Completed,0.00,0.00,fc,,0.00,10/14/2022,,[],turn on flat bed so the battery does not die out and water batter as needed.,10/20/2022
743,EQ ID 743,General Maintenance Request,Maintenance,2913,Closed and Completed,0.00,0.30,md,,0.00,10/20/2022,Miguel Diaz - 10/21/22 11:04:35 AM: done,[],turn on flat bed so the battery does not die out and water batter as needed.,10/21/2022
743,EQ ID 743,General Maintenance Request,Maintenance,2914,Closed and Completed,0.00,0.50,Lizbeth,,0.00,10/21/2022,Miguel Diaz - 10/21/22 11:04:58 AM: done,[],wipe down umbrellas in the patio area.,10/21/2022
743,EQ ID 743,General Maintenance Request,Maintenance,2997,Closed and Completed,0.00,0.00,md,,0.00,10/21/2022,,[],wipe down umbrellas in the patio area.,10/28/2022
743,EQ ID 743,General Maintenance Request,Maintenance,2999,Closed and Completed,0.00,0.00,md,,0.00,10/21/2022,,[],wipe down umbrellas in the patio area.,10/28/2022
743,EQ ID 743,General Maintenance Request,Maintenance,3000,Closed and Completed,0.00,0.00,md,,0.00,10/21/2022,,[],wipe down umbrellas in the patio area.,10/28/2022
743,EQ ID 743,General Maintenance Request,Maintenance,2996,Closed and Completed,0.00,0.00,md,,0.00,11/7/2022,Miguel Diaz - 11/07/22  7:32:30 AM: Found that when moving the battery connector lift turns on .Need to call in Raymond tech to replace the battery wire connectors they are worn out .Aligned cord so that it stays on for now till its fixed .,[],turn on flat bed so the battery does not die out and water batter as needed.,10/28/2022
743,EQ ID 743,General Maintenance Request,Maintenance,3001,Closed and Completed,0.00,0.00,md,,0.00,11/7/2022,Miguel Diaz - 11/07/22  7:32:50 AM: Found that when moving the battery connector lift turns on .Need to call in Raymond tech to replace the battery wire connectors they are worn out .Aligned cord so that it stays on for now till its fixed .,[],wipe down umbrellas in the patio area.,10/28/2022
743,EQ ID 743,General Maintenance Request,Maintenance,3131,Closed and Completed,0.00,0.00,,,0.00,11/8/2022,Miguel Diaz - 11/08/22  7:54:25 AM: truck is not used battery disconnected,[],turn on flat bed so the battery does not die out and water batter as needed.,11/14/2022
743,EQ ID 743,General Maintenance Request,Maintenance,3167,Closed and Completed,0.00,0.00,md,,0.00,11/11/2022,Maksim Bushka - 11/11/22  7:17:52 AM: battery is dead truck is not used,[],turn on flat bed so the battery does not die out and water batter as needed.,11/15/2022
743,EQ ID 743,General Maintenance Request,Maintenance,2730,Closed and Completed,0.00,2.00,MB,,0.00,11/11/2022,Maksim Bushka - 11/11/22  2:19:46 PM: Excuse the multiple entry. Job is already closed. i have to use Google Chrome to make THE PM works.,[],"Clean department drains free of dirt and debris .
Pour water down the drain",11/13/2022
743,EQ ID 743,General Maintenance Request,Maintenance,3221,Closed and Completed,0.00,0.00,md,,0.00,11/12/2022,"Miguel Diaz - 11/12/22 10:13:09 AM: PERFORMED THE FOLLWING 
Check lubrication of the following ,
*Refilled oil reservoir .
*Automatic lubricator of X Y Z axis guide rails .
*Wipe down and lubricate  guide rails for spindle .
*Lubricate vacuum pump
*Lubricate blower 
*Check all limit switches (There should be no resistance when moving each axis)
*Remove and blow out all 3 vacuum filters .
*Check tool touch off for loose hardware .
*Press the spindle tool button and use hand tool to clean inside the spindle after cleaning the spindle and the tool carousel needs to be referenced use trouble shooting notes .
*Check vacuum gauge  remove both sides of the hose to the gauge and the other end going to the pumps and blow it off till clean air comes out on both ends this needs to be done monthly    .",[],turn on flat bed so the battery does not die out and water batter as needed.,11/18/2022
743,EQ ID 743,General Maintenance Request,Maintenance,3236,Closed and Completed,0.00,0.00,,,0.00,11/12/2022,,[],turn on flat bed so the battery does not die out and water batter as needed.,11/19/2022
743,EQ ID 743,General Maintenance Request,Maintenance,3237,Closed and Completed,0.00,0.00,,,0.00,11/23/2022,Miguel Diaz - 11/23/22  8:31:43 AM: battery is diconnected,[],turn on flat bed so the battery does not die out and water batter as needed.,11/19/2022
743,EQ ID 743,General Maintenance Request,Maintenance,3133,Closed and Completed,0.00,0.00,,,0.00,11/23/2022,Miguel Diaz - 11/23/22  8:32:02 AM: rained cleaned them,[],wipe down umbrellas in the patio area.,11/14/2022
743,EQ ID 743,General Maintenance Request,Maintenance,3338,Closed and Completed,0.00,0.00,md,,0.00,11/29/2022,Miguel Diaz - 12/01/22  8:20:50 AM: rain cleaned them,[],wipe down umbrellas in the patio area.,11/30/2022
743,EQ ID 743,General Maintenance Request,Maintenance,3337,Closed and Completed,0.00,0.10,md,,0.00,11/29/2022,Miguel Diaz - 12/01/22  8:20:27 AM: done,[],turn on flat bed so the battery does not die out and water batter as needed.,11/30/2022
743,EQ ID 743,General Maintenance Request,Maintenance,2729,Closed and Completed,0.00,1.00,Alex B,,0.00,11/29/2022,,[],Replace all 5 urinal cartridges.,12/13/2022
743,EQ ID 743,General Maintenance Request,Maintenance,3391,Closed and Completed,0.00,0.00,,,0.00,11/30/2022,,[],wipe down umbrellas in the patio area.,12/8/2022
743,EQ ID 743,General Maintenance Request,Maintenance,3231,Closed and Completed,0.00,0.00,,,0.00,11/30/2022,,[],"Clean department drains free of dirt and debris .
Pour water down the drain",12/11/2022
743,EQ ID 743,General Maintenance Request,Maintenance,3232,Closed and Completed,0.00,0.00,,,0.00,12/1/2022,,[],"Clean department drains free of dirt and debris .
Pour water down the drain",12/11/2022
743,EQ ID 743,General Maintenance Request,Maintenance,3233,Closed and Completed,0.00,0.00,,,0.00,12/1/2022,,[],"Clean department drains free of dirt and debris .
Pour water down the drain",12/11/2022
743,EQ ID 743,General Maintenance Request,Maintenance,3229,Closed and Completed,0.00,0.00,,,0.00,12/1/2022,,[],"Clean department drains free of dirt and debris .
Pour water down the drain",12/11/2022
743,EQ ID 743,General Maintenance Request,Maintenance,3390,Closed and Completed,0.00,0.00,,,0.00,12/1/2022,Miguel Diaz - 12/01/22  8:23:27 AM: done,[],turn on flat bed so the battery does not die out and water batter as needed.,12/8/2022
743,EQ ID 743,General Maintenance Request,Maintenance,3396,Closed and Completed,0.00,0.00,maint,,0.00,12/2/2022,Miguel Diaz - 12/06/22  1:14:33 PM: rained cleaned them,[],wipe down umbrellas in the patio area.,12/8/2022
743,EQ ID 743,General Maintenance Request,Maintenance,3395,Closed and Completed,0.00,0.00,md,,0.00,12/5/2022,,[],turn on flat bed so the battery does not die out and water batter as needed.,12/8/2022
743,EQ ID 743,General Maintenance Request,Maintenance,3439,Closed and Completed,0.00,0.00,md,,0.00,12/5/2022,Miguel Diaz - 12/05/22 12:23:14 PM: gate closing properly,[],turn on flat bed so the battery does not die out and water batter as needed.,12/12/2022
743,EQ ID 743,General Maintenance Request,Maintenance,3441,Closed and Completed,0.00,0.00,d,,0.00,12/5/2022,Miguel Diaz - 12/05/22 12:23:24 PM: gate closing properly,[],turn on flat bed so the battery does not die out and water batter as needed.,12/12/2022
743,EQ ID 743,General Maintenance Request,Maintenance,3442,Closed and Completed,0.00,0.00,d,,0.00,12/6/2022,Miguel Diaz - 12/05/22 12:23:37 PM: gate closing properly,[],turn on flat bed so the battery does not die out and water batter as needed.,12/12/2022
743,EQ ID 743,General Maintenance Request,Maintenance,3443,Closed and Completed,0.00,0.00,,,0.00,12/6/2022,Miguel Diaz - 12/06/22  1:14:42 PM: rained cleaned them,[],turn on flat bed so the battery does not die out and water batter as needed.,12/12/2022
743,EQ ID 743,General Maintenance Request,Maintenance,3593,Closed and Completed,0.00,0.00,,,0.00,12/10/2022,"Miguel Diaz - 12/12/22 12:48:13 PM: Check edging table to be level and check underneath make sure both handles are tight and not loose .
* Feed gear motor
* Filter exhaust for control cabinet at infeed and outrun sides
*Place board in machine stop after cutters and measure with caliper from pads to board see if its at 30mm (If its not the same the feed guide moved )
*Lube side cutter rails with motor  oil blow off then wipe then lube and move motor up and down 
*Lube 1828 top and bottom cutter rods with lube blow then use wire brush then lube",[],turn on flat bed so the battery does not die out and water batter as needed.,12/19/2022
743,EQ ID 743,General Maintenance Request,Maintenance,3575,Closed and Completed,0.00,0.00,,,0.00,12/10/2022,"Miguel Diaz - 12/12/22 12:48:04 PM: Check edging table to be level and check underneath make sure both handles are tight and not loose .
* Feed gear motor
* Filter exhaust for control cabinet at infeed and outrun sides
*Place board in machine stop after cutters and measure with caliper from pads to board see if its at 30mm (If its not the same the feed guide moved )
*Lube side cutter rails with motor  oil blow off then wipe then lube and move motor up and down 
*Lube 1828 top and bottom cutter rods with lube blow then use wire brush then lube",[],turn on flat bed so the battery does not die out and water batter as needed.,12/19/2022
743,EQ ID 743,General Maintenance Request,Maintenance,3465,Closed and Completed,0.00,0.00,,,0.00,12/12/2022,,[],turn on flat bed so the battery does not die out and water batter as needed.,12/13/2022
743,EQ ID 743,General Maintenance Request,Maintenance,3572,Closed and Completed,0.00,0.00,d,,0.00,12/12/2022,,[],turn on flat bed so the battery does not die out and water batter as needed.,12/19/2022
743,EQ ID 743,General Maintenance Request,Maintenance,3597,Closed and Completed,0.00,0.00,,,0.00,12/12/2022,,[],turn on flat bed so the battery does not die out and water batter as needed.,12/19/2022
743,EQ ID 743,General Maintenance Request,Maintenance,3464,Closed and Completed,0.00,0.00,md,,0.00,12/12/2022,,[],wipe down umbrellas in the patio area.,12/13/2022
743,EQ ID 743,General Maintenance Request,Maintenance,3571,Closed and Completed,0.00,0.00,md,,0.00,12/12/2022,,[],wipe down umbrellas in the patio area.,12/19/2022
743,EQ ID 743,General Maintenance Request,Maintenance,3574,Closed and Completed,0.00,0.00,mike,,0.00,12/12/2022,,[],wipe down umbrellas in the patio area.,12/19/2022
743,EQ ID 743,General Maintenance Request,Maintenance,3595,Closed and Completed,0.00,0.00,,,0.00,12/12/2022,,[],wipe down umbrellas in the patio area.,12/19/2022
743,EQ ID 743,General Maintenance Request,Maintenance,3596,Closed and Completed,0.00,0.00,,,0.00,12/12/2022,,[],wipe down umbrellas in the patio area.,12/19/2022
743,EQ ID 743,General Maintenance Request,Maintenance,3598,Closed and Completed,0.00,0.00,,,0.00,12/12/2022,,[],wipe down umbrellas in the patio area.,12/19/2022
743,EQ ID 743,General Maintenance Request,Maintenance,3600,Closed and Completed,0.00,0.00,md,,0.00,12/13/2022,,[],turn on flat bed so the battery does not die out and water batter as needed.,12/19/2022
743,EQ ID 743,General Maintenance Request,Maintenance,3730,Closed and Completed,0.00,0.00,,,0.00,12/20/2022,,[],turn on flat bed so the battery does not die out and water batter as needed.,1/3/2023
743,EQ ID 743,General Maintenance Request,Maintenance,3594,Closed and Completed,0.00,0.00,md,,0.00,12/20/2022,"Miguel Diaz - 12/12/22 12:48:22 PM: Check edging table to be level and check underneath make sure both handles are tight and not loose .
* Feed gear motor
* Filter exhaust for control cabinet at infeed and outrun sides
*Place board in machine stop after cutters and measure with caliper from pads to board see if its at 30mm (If its not the same the feed guide moved )
*Lube side cutter rails with motor  oil blow off then wipe then lube and move motor up and down 
*Lube 1828 top and bottom cutter rods with lube blow then use wire brush then lube",[],turn on flat bed so the battery does not die out and water batter as needed.,12/19/2022
743,EQ ID 743,General Maintenance Request,Maintenance,3599,Closed and Completed,0.00,0.00,md,,0.00,12/20/2022,,[],wipe down umbrellas in the patio area.,12/19/2022
743,EQ ID 743,General Maintenance Request,Maintenance,3729,Closed and Completed,0.00,0.00,g,,0.00,12/20/2022,,[],wipe down umbrellas in the patio area.,1/3/2023
743,EQ ID 743,General Maintenance Request,Maintenance,3734,Closed and Completed,0.00,0.00,c,,0.00,12/20/2022,,[],wipe down umbrellas in the patio area.,1/3/2023
743,EQ ID 743,General Maintenance Request,Maintenance,3735,Closed without Action,0.00,0.00,md,,0.00,12/29/2022,,[],turn on flat bed so the battery does not die out and water batter as needed.,1/3/2023
743,EQ ID 743,General Maintenance Request,Maintenance,3765,Closed and Completed,0.00,0.00,ff,,0.00,12/29/2022,,[],turn on flat bed so the battery does not die out and water batter as needed.,1/5/2023
743,EQ ID 743,General Maintenance Request,Maintenance,3767,Closed and Completed,0.00,0.00,md,,0.00,1/2/2023,,[],turn on flat bed so the battery does not die out and water batter as needed.,1/5/2023
743,EQ ID 743,General Maintenance Request,Maintenance,3736,Closed and Completed,0.00,0.00,md,,0.00,1/2/2023,,[],wipe down umbrellas in the patio area.,1/3/2023
743,EQ ID 743,General Maintenance Request,Maintenance,3932,Closed without Action,0.00,0.00,md,,0.00,1/2/2023,Miguel Diaz - 01/12/23  1:14:07 PM: checked all found no ponding all connections are in place found none loose or flapping in the wind,[],wipe down umbrellas in the patio area.,1/19/2023
743,EQ ID 743,General Maintenance Request,Maintenance,3397,Closed without Action,0.00,0.00,md,,0.00,1/12/2023,Miguel Diaz - 01/12/23  1:18:00 PM: checked all found no ponding all connections are in place found none loose or flapping in the wind,[],"Clean department drains free of dirt and debris .
Pour water down the drain",2/1/2023
743,EQ ID 743,General Maintenance Request,Maintenance,3398,Closed and Completed,0.00,0.00,md,,0.00,1/12/2023,Miguel Diaz - 01/12/23  1:18:13 PM: checked all found no ponding all connections are in place found none loose or flapping in the wind,[],"Clean department drains free of dirt and debris .
Pour water down the drain",2/1/2023
743,EQ ID 743,General Maintenance Request,Maintenance,3399,Closed and Completed,0.00,0.00,md,,0.00,1/12/2023,Miguel Diaz - 01/12/23  1:18:22 PM: checked all found no ponding all connections are in place found none loose or flapping in the wind,[],"Clean department drains free of dirt and debris .
Pour water down the drain",2/1/2023
743,EQ ID 743,General Maintenance Request,Maintenance,3400,Closed and Completed,0.00,0.00,md,,0.00,1/12/2023,Miguel Diaz - 01/12/23  1:18:32 PM: checked all found no ponding all connections are in place found none loose or flapping in the wind,[],"Clean department drains free of dirt and debris .
Pour water down the drain",2/1/2023
743,EQ ID 743,General Maintenance Request,Maintenance,3935,Closed without Action,0.00,0.00,md,,0.00,1/12/2023,Miguel Diaz - 01/12/23  1:14:19 PM: checked all found no ponding all connections are in place found none loose or flapping in the wind,[],turn on flat bed so the battery does not die out and water batter as needed.,1/19/2023
743,EQ ID 743,General Maintenance Request,Maintenance,4012,Closed and Completed,0.00,0.00,md,,0.00,1/16/2023,,[],turn on flat bed so the battery does not die out and water batter as needed.,1/24/2023
743,EQ ID 743,General Maintenance Request,Maintenance,4014,Closed and Completed,0.00,0.00,d,,0.00,1/16/2023,,[],wipe down umbrellas in the patio area.,1/24/2023
743,EQ ID 743,General Maintenance Request,Maintenance,3939,Closed and Completed,0.00,0.00,MD,,0.00,1/17/2023,,[],wipe down umbrellas in the patio area.,1/19/2023
743,EQ ID 743,General Maintenance Request,Maintenance,4011,Closed and Completed,0.00,0.00,D,,0.00,1/17/2023,,[],wipe down umbrellas in the patio area.,1/24/2023
743,EQ ID 743,General Maintenance Request,Maintenance,4013,Closed and Completed,0.00,0.00,D,,0.00,1/17/2023,,[],wipe down umbrellas in the patio area.,1/24/2023
743,EQ ID 743,General Maintenance Request,Maintenance,3940,Closed and Completed,0.00,0.00,D,,0.00,1/17/2023,,[],turn on flat bed so the battery does not die out and water batter as needed.,1/19/2023
743,EQ ID 743,General Maintenance Request,Maintenance,4090,Closed and Completed,0.00,0.00,md,,0.00,2/1/2023,,[],turn on flat bed so the battery does not die out and water batter as needed.,1/30/2023
743,EQ ID 743,General Maintenance Request,Maintenance,4091,Closed and Completed,0.00,0.00,md,,0.00,2/1/2023,,[],wipe down umbrellas in the patio area.,1/30/2023
743,EQ ID 743,General Maintenance Request,Maintenance,3428,Closed and Completed,0.00,1.00,"Alex, Max and Lizbeth",,0.00,2/2/2023,,[],Replace all 5 urinal cartridges.,2/2/2023
743,EQ ID 743,General Maintenance Request,Maintenance,4211,Closed and Completed,0.00,0.00,md,,0.00,2/10/2023,,[],wipe down umbrellas in the patio area.,2/8/2023
743,EQ ID 743,General Maintenance Request,Maintenance,4308,Closed and Completed,0.00,0.00,md,,0.00,2/10/2023,,[],wipe down umbrellas in the patio area.,2/17/2023
743,EQ ID 743,General Maintenance Request,Maintenance,4210,Closed and Completed,0.00,0.00,md,,0.00,2/10/2023,,[],turn on flat bed so the battery does not die out and water batter as needed.,2/8/2023
743,EQ ID 743,General Maintenance Request,Maintenance,4307,Closed and Completed,0.00,0.00,md,,0.00,2/10/2023,,[],turn on flat bed so the battery does not die out and water batter as needed.,2/17/2023
743,EQ ID 743,General Maintenance Request,Maintenance,4310,Closed and Completed,0.00,0.00,md,,0.00,2/15/2023,,[],turn on flat bed so the battery does not die out and water batter as needed.,2/17/2023
743,EQ ID 743,General Maintenance Request,Maintenance,4311,Closed and Completed,0.00,0.00,md,,0.00,2/15/2023,,[],wipe down umbrellas in the patio area.,2/17/2023
743,EQ ID 743,General Maintenance Request,Maintenance,4413,Closed and Completed,0.00,0.00,md,,0.00,2/22/2023,,[],wipe down umbrellas in the patio area.,2/22/2023
743,EQ ID 743,General Maintenance Request,Maintenance,4539,Closed and Completed,0.00,0.00,md,,0.00,2/22/2023,,[],wipe down umbrellas in the patio area.,3/1/2023
743,EQ ID 743,General Maintenance Request,Maintenance,3945,Closed and Completed,0.00,0.00,md,,0.00,2/22/2023,,[],"Clean department drains free of dirt and debris .
Pour water down the drain",3/12/2023
743,EQ ID 743,General Maintenance Request,Maintenance,3946,Closed without Action,0.00,0.00,md,,0.00,2/22/2023,,[],"Clean department drains free of dirt and debris .
Pour water down the drain",3/12/2023
743,EQ ID 743,General Maintenance Request,Maintenance,3944,Closed and Completed,0.00,0.00,md,,0.00,2/22/2023,,[],"Clean department drains free of dirt and debris .
Pour water down the drain",3/12/2023
743,EQ ID 743,General Maintenance Request,Maintenance,4412,Closed and Completed,0.00,0.00,md,,0.00,2/22/2023,,[],turn on flat bed so the battery does not die out and water batter as needed.,2/22/2023
743,EQ ID 743,General Maintenance Request,Maintenance,4530,Closed and Completed,0.00,0.00,md,,0.00,2/22/2023,,[],turn on flat bed so the battery does not die out and water batter as needed.,3/1/2023
743,EQ ID 743,General Maintenance Request,Maintenance,4541,Closed and Completed,0.00,0.00,,,0.00,2/27/2023,"Miguel Diaz - 02/27/23  7:46:40 AM: Emailed AAA Roofing to stop by and find  and repair the 3 leaks we have in the following areas .
*Outside of board room leaking from same skylight area this is the same leak they tried patching twice already .
*Above Yadiras desk .
*Outside small conference room walkway .",[],turn on flat bed so the battery does not die out and water batter as needed.,3/1/2023
743,EQ ID 743,General Maintenance Request,Maintenance,4542,Closed and Completed,0.00,0.00,md,,0.00,2/27/2023,"Miguel Diaz - 02/27/23  7:46:19 AM: Emailed AAA Roofing to stop by and find  and repair the 3 leaks we have in the following areas .
*Outside of board room leaking from same skylight area this is the same leak they tried patching twice already .
*Above Yadiras desk .
*Outside small conference room walkway .",[],wipe down umbrellas in the patio area.,3/1/2023
743,EQ ID 743,General Maintenance Request,Maintenance,3943,Closed and Completed,0.00,0.30,Max,,0.00,2/27/2023,Maksim Bushka - 02/27/23  8:32:05 AM: Cleaned up all drains.,[],"Clean department drains free of dirt and debris .
Pour water down the drain",3/12/2023
743,EQ ID 743,General Maintenance Request,Maintenance,4589,Closed and Completed,0.00,0.00,md,,0.00,3/9/2023,,[],wipe down umbrellas in the patio area.,3/6/2023
743,EQ ID 743,General Maintenance Request,Maintenance,4736,Closed and Completed,0.00,0.00,md,,0.00,3/9/2023,Miguel Diaz - 03/09/23  7:38:45 AM: Found no sudden temp changes,[],wipe down umbrellas in the patio area.,3/16/2023
743,EQ ID 743,General Maintenance Request,Maintenance,4591,Closed and Completed,0.00,0.00,d,,0.00,3/9/2023,,[],turn on flat bed so the battery does not die out and water batter as needed.,3/6/2023
743,EQ ID 743,General Maintenance Request,Maintenance,4738,Closed and Completed,0.00,0.00,md,,0.00,3/9/2023,Miguel Diaz - 03/09/23  7:39:00 AM: Found no sudden temp changes,[],turn on flat bed so the battery does not die out and water batter as needed.,3/16/2023
743,EQ ID 743,General Maintenance Request,Maintenance,4742,Closed and Completed,0.00,0.00,md,,0.00,3/15/2023,Miguel Diaz - 03/15/23 11:13:17 AM: Checked that all solenoid valves are activating all are working properly,[],turn on flat bed so the battery does not die out and water batter as needed.,3/16/2023
743,EQ ID 743,General Maintenance Request,Maintenance,4741,Closed and Completed,0.00,0.00,md,,0.00,3/15/2023,Miguel Diaz - 03/15/23 11:13:05 AM: Checked that all solenoid valves are activating all are working properly,[],wipe down umbrellas in the patio area.,3/16/2023
743,EQ ID 743,General Maintenance Request,Maintenance,4830,Closed without Action,0.00,0.00,md,,0.00,3/17/2023,Miguel Diaz - 03/17/23 11:54:51 AM: Wayne is aware leave here as a reminder,[],wipe down umbrellas in the patio area.,3/22/2023
743,EQ ID 743,General Maintenance Request,Maintenance,4831,Closed without Action,0.00,0.00,md,,0.00,3/17/2023,Miguel Diaz - 03/17/23 11:55:03 AM: Wayne is aware leave here as a reminder,[],turn on flat bed so the battery does not die out and water batter as needed.,3/22/2023
743,EQ ID 743,General Maintenance Request,Maintenance,4884,Closed without Action,0.00,0.00,md,,0.00,3/20/2023,Miguel Diaz - 03/20/23  6:33:57 AM: closing double work order showing with different dates systems is having issues,[],turn on flat bed so the battery does not die out and water batter as needed.,3/24/2023
743,EQ ID 743,General Maintenance Request,Maintenance,4883,Closed and Completed,0.00,0.00,md,,0.00,3/20/2023,Miguel Diaz - 03/20/23  6:33:46 AM: closing double work order showing with different dates systems is having issues,[],wipe down umbrellas in the patio area.,3/24/2023
743,EQ ID 743,General Maintenance Request,Maintenance,4898,Closed without Action,0.00,0.00,g,,0.00,3/22/2023,Miguel Diaz - 03/20/23  6:34:14 AM: closing double work order showing with different dates systems is having issues,[],wipe down umbrellas in the patio area.,3/27/2023
743,EQ ID 743,General Maintenance Request,Maintenance,4899,Closed and Completed,0.00,0.40,Max primo,,0.00,3/24/2023,Miguel Diaz - 03/28/23 11:24:41 AM: turned truck on,[],turn on flat bed so the battery does not die out and water batter as needed.,3/27/2023
743,EQ ID 743,General Maintenance Request,Maintenance,5046,Closed and Completed,0.00,0.00,md,,0.00,3/28/2023,Miguel Diaz - 03/28/23 11:25:50 AM: done,[],turn on flat bed so the battery does not die out and water batter as needed.,4/4/2023
743,EQ ID 743,General Maintenance Request,Maintenance,4901,Closed and Completed,0.00,0.20,maint,,0.00,3/28/2023,Miguel Diaz - 03/28/23 11:25:05 AM: done,[],wipe down umbrellas in the patio area.,3/27/2023
743,EQ ID 743,General Maintenance Request,Maintenance,4233,Closed and Completed,0.00,0.20,Max,,0.00,3/30/2023,Maksim Bushka - 03/30/23 11:09:10 AM: Inspected all 5 units. Did not replaced cartridges they are still good.,[],Replace all 5 urinal cartridges.,4/2/2023
743,EQ ID 743,General Maintenance Request,Maintenance,6604,Closed and Completed,0.00,0.00,md,,0.00,4/2/2023,Miguel Diaz - 08/03/23  6:55:04 AM: Tech performed the scheduled maintenance,[],wipe down umbrellas in the patio area.,8/1/2023
743,EQ ID 743,General Maintenance Request,Maintenance,5049,Closed and Completed,0.00,25.00,Max,,0.00,4/3/2023,Maksim Bushka - 04/03/23  8:54:02 AM: Turn on the car and checked up the battery.,[],turn on flat bed so the battery does not die out and water batter as needed.,4/4/2023
743,EQ ID 743,General Maintenance Request,Maintenance,5116,Closed and Completed,0.00,0.00,max,,0.00,4/7/2023,,[],turn on flat bed so the battery does not die out and water batter as needed.,4/10/2023
743,EQ ID 743,General Maintenance Request,Maintenance,5203,Closed and Completed,0.00,0.00,maz,,0.00,4/10/2023,,[],turn on flat bed so the battery does not die out and water batter as needed.,4/17/2023
743,EQ ID 743,General Maintenance Request,Maintenance,5047,Closed and Completed,0.00,0.00,mke,,0.00,4/10/2023,,[],wipe down umbrellas in the patio area.,4/4/2023
743,EQ ID 743,General Maintenance Request,Maintenance,5201,Closed and Completed,0.00,0.00,d,,0.00,4/10/2023,,[],wipe down umbrellas in the patio area.,4/17/2023
743,EQ ID 743,General Maintenance Request,Maintenance,5205,Closed and Completed,0.00,0.00,md,,0.00,4/17/2023,Miguel Diaz - 04/17/23  7:00:26 AM: Batteries are getting replaced as its needed,[],wipe down umbrellas in the patio area.,4/17/2023
743,EQ ID 743,General Maintenance Request,Maintenance,5339,Closed and Completed,0.00,0.00,d,,0.00,4/20/2023,,[],wipe down umbrellas in the patio area.,4/24/2023
743,EQ ID 743,General Maintenance Request,Maintenance,5378,Closed and Completed,0.00,0.00,dd,,0.00,4/20/2023,,[],wipe down umbrellas in the patio area.,4/27/2023
743,EQ ID 743,General Maintenance Request,Maintenance,4535,Closed and Completed,0.00,0.20,Max,,0.00,4/24/2023,Maksim Bushka - 04/24/23 11:25:53 AM: Cleaned up the drains and poured water.,[],"Clean department drains free of dirt and debris .
Pour water down the drain",4/22/2023
743,EQ ID 743,General Maintenance Request,Maintenance,4536,Closed and Completed,0.00,0.20,Max,,0.00,4/24/2023,Maksim Bushka - 04/24/23 11:27:12 AM: Cleaned up the drain and poured water.,[],"Clean department drains free of dirt and debris .
Pour water down the drain",4/22/2023
743,EQ ID 743,General Maintenance Request,Maintenance,4537,Closed and Completed,0.00,0.20,Max,,0.00,4/24/2023,Maksim Bushka - 04/24/23 11:28:15 AM: Cleaned up the drain and poured water.,[],"Clean department drains free of dirt and debris .
Pour water down the drain",4/22/2023
743,EQ ID 743,General Maintenance Request,Maintenance,4596,Closed and Completed,0.00,0.20,Max,,0.00,4/24/2023,Maksim Bushka - 04/24/23 11:29:17 AM: Cleaned up the drain and poured water.,[],"Clean department drains free of dirt and debris .
Pour water down the drain",4/27/2023
743,EQ ID 743,General Maintenance Request,Maintenance,5514,Closed and Completed,0.00,0.00,.,,0.00,4/29/2023,Miguel Diaz - 05/02/23  7:47:33 AM: added lube,[],wipe down umbrellas in the patio area.,5/9/2023
743,EQ ID 743,General Maintenance Request,Maintenance,5517,Closed and Completed,0.00,0.00,.,,0.00,4/29/2023,Miguel Diaz - 05/02/23  7:47:44 AM: added lube,[],wipe down umbrellas in the patio area.,5/9/2023
743,EQ ID 743,General Maintenance Request,Maintenance,5519,Closed and Completed,0.00,0.30,mike,,0.00,5/1/2023,,[],wipe down umbrellas in the patio area.,5/9/2023
743,EQ ID 743,General Maintenance Request,Maintenance,5379,Closed and Completed,0.00,0.15,Max,,0.00,5/1/2023,,[],wipe down umbrellas in the patio area.,4/27/2023
743,EQ ID 743,General Maintenance Request,Maintenance,5518,Closed and Completed,0.00,0.30,Mike,,0.00,5/2/2023,Miguel Diaz - 05/02/23  7:48:00 AM: added lube,[],wipe down umbrellas in the patio area.,5/9/2023
743,EQ ID 743,General Maintenance Request,Maintenance,5207,Closed and Completed,0.00,0.20,Max,,0.00,5/2/2023,,[],turn on flat bed so the battery does not die out and water batter as needed.,4/17/2023
743,EQ ID 743,General Maintenance Request,Maintenance,5520,Closed and Completed,0.00,0.00,,,0.00,5/10/2023,Miguel Diaz - 05/10/23 10:41:40 AM: This service was just done skipping this interval,[],wipe down umbrellas in the patio area.,5/9/2023
743,EQ ID 743,General Maintenance Request,Maintenance,5625,Closed and Completed,0.00,0.00,,,0.00,5/10/2023,Miguel Diaz - 05/10/23 10:42:13 AM: This service was just done skipping this interval,[],wipe down umbrellas in the patio area.,5/17/2023
743,EQ ID 743,General Maintenance Request,Maintenance,5512,Closed and Completed,0.00,0.00,Primo,,0.00,5/12/2023,"Miguel Diaz - 05/12/23 11:30:31 AM: Inspect the Laminate process/machinery from saw all the way to finish good for chips, dents, and scratches
*Check that no machine covers are sticking up that could be in the way of the passing parts on the  edge bander
*Check tape on edge bander return system transition .
*Check Pop up table stopper to have rubber in front of it 
*Check tape on end cover of the return system 
*Check for Glue spreader infeed table stile supports rounded edges 
*Check rubber on Yellow L brackets .
*Check Edge trimmer electrical board to be covered with Rubber 
*Check tape on return system transition 
*Check wheels stopper to have rubber in the front 
*Check pop up table stile staging area replace rubber if needed .
*Check 1540 door notcher to have rounded edges and rubber on table top 
*Check stile clamp to have rounded edges and not sharp also blow down table top ,wipe and spray with silicone spray 
*Check Gannomatt machine it should  not have  hardware sticking up past the table top blow down table top  and wipe and spray with silicone spray ..",[],turn on flat bed so the battery does not die out and water batter as needed.,5/9/2023
743,EQ ID 743,General Maintenance Request,Maintenance,5659,Closed and Completed,0.00,0.30,primo max,,0.00,5/19/2023,,[],turn on flat bed so the battery does not die out and water batter as needed.,5/19/2023
743,EQ ID 743,General Maintenance Request,Maintenance,5627,Closed and Completed,0.00,0.20,,,0.00,5/23/2023,,[],wipe down umbrellas in the patio area.,5/17/2023
743,EQ ID 743,General Maintenance Request,Maintenance,5760,Closed and Completed,0.00,0.50,PU,,0.00,5/30/2023,Primo Uy - 05/30/23 12:44:42 PM: Done.,[],turn on flat bed so the battery does not die out and water batter as needed.,5/30/2023
743,EQ ID 743,General Maintenance Request,Maintenance,5758,Closed and Completed,0.00,0.00,Max,,0.00,5/30/2023,Maksim Bushka - 05/31/23 10:16:35 AM: Cleaned the rails and lubed.,[],wipe down umbrellas in the patio area.,5/30/2023
743,EQ ID 743,General Maintenance Request,Maintenance,5078,Closed and Completed,0.00,0.00,Max,,0.00,5/30/2023,Maksim Bushka - 05/30/23  1:29:13 PM: Checked up all fluids and washed up the car,[],Replace all 5 urinal cartridges.,5/30/2023
743,EQ ID 743,General Maintenance Request,Maintenance,5814,Closed and Completed,0.00,0.30,Miguel & Max,,0.00,6/6/2023,,[],turn on flat bed so the battery does not die out and water batter as needed.,6/6/2023
743,EQ ID 743,General Maintenance Request,Maintenance,5837,Closed and Completed,0.00,0.30,maint,,0.00,6/7/2023,,[],wipe down umbrellas in the patio area.,6/7/2023
743,EQ ID 743,General Maintenance Request,Maintenance,5914,Closed and Completed,0.00,0.30,Miguel & Max,,0.00,6/7/2023,,[],turn on flat bed so the battery does not die out and water batter as needed.,6/13/2023
743,EQ ID 743,General Maintenance Request,Maintenance,5938,Closed and Completed,0.00,0.50,PU,,0.00,6/14/2023,Primo Uy - 06/14/23  9:45:09 AM: Done,[],turn on flat bed so the battery does not die out and water batter as needed.,6/15/2023
743,EQ ID 743,General Maintenance Request,Maintenance,6033,Closed and Completed,0.00,0.30,Mike,,0.00,6/19/2023,"Miguel Diaz - 06/22/23 10:25:33 AM: *Checked all panels especially the one location that always gets loose  also walk the parking structure and look for anything  that may need to get fixed .
*Checked module mounting system 
*Checked module integrity and condition 
*Checked for soiling 
*Checked that no wire is laying on top of the roof surface 
*Checked that all cables connections are fully engaged 
*Checked for water ponding and or roof drain obstructions",[],turn on flat bed so the battery does not die out and water batter as needed.,6/21/2023
743,EQ ID 743,General Maintenance Request,Maintenance,5994,Closed and Completed,0.00,0.30,Maint,,0.00,6/19/2023,"Miguel Diaz - 06/22/23 10:25:20 AM: *Checked all panels especially the one location that always gets loose  also walk the parking structure and look for anything  that may need to get fixed .
*Checked module mounting system 
*Checked module integrity and condition 
*Checked for soiling 
*Checked that no wire is laying on top of the roof surface 
*Checked that all cables connections are fully engaged 
*Checked for water ponding and or roof drain obstructions",[],wipe down umbrellas in the patio area.,6/19/2023
743,EQ ID 743,General Maintenance Request,Maintenance,6603,Closed and Completed,0.00,0.00,MD,,0.00,6/23/2023,Miguel Diaz - 07/29/23  8:57:09 AM: REPLACED TRIM CUTTERS BOTH WITH NEW SET,[],turn on flat bed so the battery does not die out and water batter as needed.,8/1/2023
743,EQ ID 743,General Maintenance Request,Maintenance,6164,Closed and Completed,0.00,0.30,Primo & Max,,0.00,6/23/2023,,[],turn on flat bed so the battery does not die out and water batter as needed.,6/29/2023
743,EQ ID 743,General Maintenance Request,Maintenance,5431,Closed and Completed,0.00,0.10,Max,,0.00,6/26/2023,Maksim Bushka - 06/26/23  8:48:37 AM: Cleaned up.,[],"Clean department drains free of dirt and debris .
Pour water down the drain",6/24/2023
743,EQ ID 743,General Maintenance Request,Maintenance,5432,Closed and Completed,0.00,0.10,Max,,0.00,6/26/2023,Maksim Bushka - 06/26/23  8:49:31 AM: Cleaned up.,[],"Clean department drains free of dirt and debris .
Pour water down the drain",6/24/2023
743,EQ ID 743,General Maintenance Request,Maintenance,5433,Closed and Completed,0.00,0.10,Max,,0.00,6/26/2023,Maksim Bushka - 06/26/23  8:50:21 AM: Cleaned up.,[],"Clean department drains free of dirt and debris .
Pour water down the drain",6/24/2023
743,EQ ID 743,General Maintenance Request,Maintenance,5434,Closed and Completed,0.00,0.10,Max,,0.00,6/26/2023,Maksim Bushka - 06/26/23  8:51:03 AM: Cleaned up.,[],"Clean department drains free of dirt and debris .
Pour water down the drain",6/24/2023
743,EQ ID 743,General Maintenance Request,Maintenance,6217,Closed and Completed,0.00,0.20,miked,,0.00,7/6/2023,,[],turn on flat bed so the battery does not die out and water batter as needed.,7/3/2023
743,EQ ID 743,General Maintenance Request,Maintenance,6163,Closed and Completed,0.00,0.00,,,0.00,7/7/2023,,[],wipe down umbrellas in the patio area.,6/29/2023
743,EQ ID 743,General Maintenance Request,Maintenance,6344,Closed and Completed,0.00,0.00,,,0.00,7/7/2023,,[],wipe down umbrellas in the patio area.,7/14/2023
743,EQ ID 743,General Maintenance Request,Maintenance,5816,Closed and Completed,0.00,1.00,Alex,,0.00,7/7/2023,,[],Replace all 5 urinal cartridges.,7/30/2023
743,EQ ID 743,General Maintenance Request,Maintenance,6364,Closed and Completed,0.00,0.00,g,,0.00,7/10/2023,,[],wipe down umbrellas in the patio area.,7/17/2023
743,EQ ID 743,General Maintenance Request,Maintenance,6348,Closed and Completed,0.00,0.00,Max,,0.00,7/10/2023,Maksim Bushka - 07/10/23  8:37:57 AM: Serviced ok,[],wipe down umbrellas in the patio area.,7/14/2023
743,EQ ID 743,General Maintenance Request,Maintenance,6346,Closed and Completed,0.00,0.20,mike d,,0.00,7/14/2023,,[],turn on flat bed so the battery does not die out and water batter as needed.,7/14/2023
743,EQ ID 743,General Maintenance Request,Maintenance,6459,Closed and Completed,0.00,0.10,maint,,0.00,7/21/2023,,[],wipe down umbrellas in the patio area.,7/25/2023
743,EQ ID 743,General Maintenance Request,Maintenance,6454,Closed and Completed,0.00,0.20,primo,,0.00,7/24/2023,,[],turn on flat bed so the battery does not die out and water batter as needed.,7/25/2023
743,EQ ID 743,General Maintenance Request,Maintenance,6651,Closed and Completed,0.00,0.00,PRIMO,,0.00,8/1/2023,,[],turn on flat bed so the battery does not die out and water batter as needed.,8/5/2023
743,EQ ID 743,General Maintenance Request,Maintenance,6688,Closed and Completed,0.00,0.30,Primo,,0.00,8/7/2023,,[],turn on flat bed so the battery does not die out and water batter as needed.,8/9/2023
743,EQ ID 743,General Maintenance Request,Maintenance,6770,Closed and Completed,0.00,0.30,Primo,,0.00,8/7/2023,Maksim Bushka - 08/10/23 10:34:08 AM: Serviced the compressor.,[],turn on flat bed so the battery does not die out and water batter as needed.,8/16/2023
743,EQ ID 743,General Maintenance Request,Maintenance,6705,Closed and Completed,0.00,0.30,maint,,0.00,8/14/2023,Miguel Diaz - 08/14/23  7:52:16 AM: added wd-40,[],wipe down umbrellas in the patio area.,8/10/2023
743,EQ ID 743,General Maintenance Request,Maintenance,6213,Closed and Completed,0.00,0.00,v,,0.00,8/14/2023,Miguel Diaz - 08/14/23  7:53:31 AM: added wd-40,[],"Clean department drains free of dirt and debris .
Pour water down the drain",8/26/2023
743,EQ ID 743,General Maintenance Request,Maintenance,6214,Closed and Completed,0.00,0.00,v,,0.00,8/14/2023,Miguel Diaz - 08/14/23  7:53:40 AM: added wd-40,[],"Clean department drains free of dirt and debris .
Pour water down the drain",8/26/2023
743,EQ ID 743,General Maintenance Request,Maintenance,6216,Closed and Completed,0.00,0.00,v,,0.00,8/14/2023,Miguel Diaz - 08/14/23  7:53:51 AM: added wd-40,[],"Clean department drains free of dirt and debris .
Pour water down the drain",8/26/2023
743,EQ ID 743,General Maintenance Request,Maintenance,6824,Closed and Completed,0.00,0.50,lizbeth,,0.00,8/18/2023,,[],wipe down umbrellas in the patio area.,8/21/2023
743,EQ ID 743,General Maintenance Request,Maintenance,6785,Closed and Completed,0.00,0.30,max,,0.00,8/18/2023,,[],turn on flat bed so the battery does not die out and water batter as needed.,8/17/2023
743,EQ ID 743,General Maintenance Request,Maintenance,6215,Closed and Completed,0.00,0.30,Max,,0.00,8/24/2023,,[],"Clean department drains free of dirt and debris .
Pour water down the drain",8/26/2023
743,EQ ID 743,General Maintenance Request,Maintenance,6915,Closed and Completed,0.00,0.30,lizbeth,,0.00,8/25/2023,Miguel Diaz - 08/26/23  7:00:34 AM: not approved to do this,[],wipe down umbrellas in the patio area.,8/28/2023
743,EQ ID 743,General Maintenance Request,Maintenance,6914,Closed and Completed,0.00,0.30,max,,0.00,8/31/2023,,[],turn on flat bed so the battery does not die out and water batter as needed.,8/28/2023
743,EQ ID 743,General Maintenance Request,Maintenance,7004,Closed and Completed,0.00,0.30,lizbeth,,0.00,9/1/2023,,[],wipe down umbrellas in the patio area.,9/2/2023
743,EQ ID 743,General Maintenance Request,Maintenance,7107,Closed and Completed,0.00,0.20,lizbeth,,0.00,9/11/2023,Miguel Diaz - 09/11/23  7:47:32 AM: gate closing properly,[],wipe down umbrellas in the patio area.,9/12/2023
743,EQ ID 743,General Maintenance Request,Maintenance,7105,Closed and Completed,0.00,0.20,md,,0.00,9/11/2023,Miguel Diaz - 09/11/23  7:47:07 AM: gate closing properly,[],turn on flat bed so the battery does not die out and water batter as needed.,9/12/2023
743,EQ ID 743,General Maintenance Request,Maintenance,7159,Closed and Completed,0.00,0.20,maint,,0.00,9/18/2023,Miguel Diaz - 09/20/23  7:25:53 AM: Replaced drill,[],turn on flat bed so the battery does not die out and water batter as needed.,9/18/2023
743,EQ ID 743,General Maintenance Request,Maintenance,7161,Closed and Completed,0.00,0.10,md,,0.00,9/18/2023,Miguel Diaz - 09/20/23  7:26:22 AM: Replaced drill,[],wipe down umbrellas in the patio area.,9/18/2023
743,EQ ID 743,General Maintenance Request,Maintenance,6528,Closed and Completed,40.00,2.00,Alex,,0.00,9/22/2023,Miguel Diaz - 09/28/23  8:32:57 AM: replaced cartridge's,[],Replace all 5 urinal cartridges.,9/19/2023
743,EQ ID 743,General Maintenance Request,Maintenance,7294,Closed and Completed,0.00,0.30,Liz,,0.00,9/25/2023,,[],wipe down umbrellas in the patio area.,9/27/2023
743,EQ ID 743,General Maintenance Request,Maintenance,7292,Closed and Completed,0.00,0.50,Primo,,0.00,9/26/2023,,[],turn on flat bed so the battery does not die out and water batter as needed.,9/27/2023
743,EQ ID 743,General Maintenance Request,Maintenance,7366,Closed and Completed,0.00,0.10,,,0.00,10/9/2023,,[],turn on flat bed so the battery does not die out and water batter as needed.,10/5/2023
743,EQ ID 743,General Maintenance Request,Maintenance,7367,Closed and Completed,0.00,0.20,liz,,0.00,10/9/2023,,[],wipe down umbrellas in the patio area.,10/5/2023
743,EQ ID 743,General Maintenance Request,Maintenance,6829,Closed and Completed,0.00,30.00,Max,,0.00,10/11/2023,,[],"Clean department drains free of dirt and debris .
Pour water down the drain",10/14/2023
743,EQ ID 743,General Maintenance Request,Maintenance,6830,Closed and Completed,0.00,0.30,Max,,0.00,10/11/2023,,[],"Clean department drains free of dirt and debris .
Pour water down the drain",10/14/2023
743,EQ ID 743,General Maintenance Request,Maintenance,6831,Closed and Completed,0.00,0.30,Max,,0.00,10/11/2023,,[],"Clean department drains free of dirt and debris .
Pour water down the drain",10/14/2023
743,EQ ID 743,General Maintenance Request,Maintenance,7586,Closed and Completed,0.00,0.30,liz,,0.00,10/18/2023,,[],wipe down umbrellas in the patio area.,10/18/2023
743,EQ ID 743,General Maintenance Request,Maintenance,7585,Closed and Completed,0.00,0.30,primo,,0.00,10/18/2023,,[],turn on flat bed so the battery does not die out and water batter as needed.,10/18/2023
743,EQ ID 743,General Maintenance Request,Maintenance,7000,Closed and Completed,0.00,0.00,Max,,0.00,10/18/2023,,[],"Clean department drains free of dirt and debris .
Pour water down the drain",10/25/2023
743,EQ ID 743,General Maintenance Request,Maintenance,7839,Closed and Completed,0.00,0.30,Primo,,0.00,11/2/2023,Maksim Bushka - 11/07/23 10:16:37 AM: Performed regular maintenance.,[],turn on flat bed so the battery does not die out and water batter as needed.,11/6/2023
743,EQ ID 743,General Maintenance Request,Maintenance,7838,Closed and Completed,0.00,0.30,md,,0.00,11/6/2023,Miguel Diaz - 11/08/23 12:39:15 PM: checked cutters they are clean will check if they need to be replaced,[],wipe down umbrellas in the patio area.,11/6/2023
743,EQ ID 743,General Maintenance Request,Maintenance,7943,Closed and Completed,0.00,1.00,PU,,0.00,11/21/2023,Primo Uy - 11/21/23 10:13:48 AM: Done. Note: Warming up flatbed every week.,[],turn on flat bed so the battery does not die out and water batter as needed.,11/14/2023
743,EQ ID 743,General Maintenance Request,Maintenance,7961,Closed and Completed,0.00,0.00,maint,,0.00,11/27/2023,Miguel Diaz - 11/27/23  7:59:55 AM: done,[],wipe down umbrellas in the patio area.,11/15/2023
743,EQ ID 743,General Maintenance Request,Maintenance,8097,Closed and Completed,0.00,0.50,PRIMO uY,,0.00,11/30/2023,Miguel Diaz - 12/02/23  7:58:49 AM: floor was just sprayed not needed again at this time,[],turn on flat bed so the battery does not die out and water batter as needed.,11/28/2023
743,EQ ID 743,General Maintenance Request,Maintenance,8221,Closed and Completed,0.00,0.30,primo,,0.00,12/4/2023,Miguel Diaz - 12/08/23  7:47:12 AM: turned on truck last week battery was left disconnected so it stops draining the battery,[],turn on flat bed so the battery does not die out and water batter as needed.,12/9/2023
743,EQ ID 743,General Maintenance Request,Maintenance,8118,Closed and Completed,0.00,0.30,Ramon,,0.00,12/5/2023,Miguel Diaz - 12/08/23  7:45:29 AM: Done,[],wipe down umbrellas in the patio area.,12/4/2023
743,EQ ID 743,General Maintenance Request,Maintenance,7363,Closed and Completed,0.00,1.00,Alex and Ramon,,0.00,12/8/2023,,[],Replace all 5 urinal cartridges.,11/28/2023
743,EQ ID 743,General Maintenance Request,Maintenance,7590,Closed and Completed,0.00,0.30,max,,0.00,12/11/2023,,[],"Clean department drains free of dirt and debris .
Pour water down the drain",12/11/2023
743,EQ ID 743,General Maintenance Request,Maintenance,7729,Closed and Completed,0.00,0.30,Max,,0.00,12/11/2023,,[],"Clean department drains free of dirt and debris .
Pour water down the drain",12/18/2023
743,EQ ID 743,General Maintenance Request,Maintenance,7588,Closed and Completed,0.00,0.30,Max,,0.00,12/11/2023,,[],"Clean department drains free of dirt and debris .
Pour water down the drain",12/11/2023
743,EQ ID 743,General Maintenance Request,Maintenance,7589,Closed and Completed,0.00,0.30,Max,,0.00,12/11/2023,,[],"Clean department drains free of dirt and debris .
Pour water down the drain",12/11/2023
743,EQ ID 743,General Maintenance Request,Maintenance,9489,Closed without Action,0.00,0.00,Primo,,0.00,12/13/2023,Miguel Diaz - 01/06/24 10:41:44 AM: battery is disconnected,[],turn on flat bed so the battery does not die out and water batter as needed.,1/5/2024
743,EQ ID 743,General Maintenance Request,Maintenance,9282,Closed and Completed,0.00,0.30,pRIMO,,0.00,12/15/2023,Miguel Diaz - 12/15/23  7:21:46 AM: bATTERY IS DISCONNECTED,[],turn on flat bed so the battery does not die out and water batter as needed.,12/15/2023
743,EQ ID 743,General Maintenance Request,Maintenance,9279,Closed and Completed,0.00,0.30,rAMON,,0.00,12/15/2023,,[],wipe down umbrellas in the patio area.,12/15/2023
743,EQ ID 743,General Maintenance Request,Maintenance,9366,Closed and Completed,0.00,0.30,ramon,,0.00,12/29/2023,Miguel Diaz - 12/29/23 11:19:44 AM: tru8ck not used battery is disconnected,[],wipe down umbrellas in the patio area.,12/22/2023
743,EQ ID 743,General Maintenance Request,Maintenance,9367,Closed without Action,0.00,0.00,md,,0.00,12/29/2023,Miguel Diaz - 12/29/23 11:19:28 AM: tru8ck not used battery is disconnected,[],turn on flat bed so the battery does not die out and water batter as needed.,12/22/2023
743,EQ ID 743,General Maintenance Request,Maintenance,9490,Closed and Completed,0.00,0.20,md,,0.00,1/4/2024,"Miguel Diaz - 01/06/24 10:40:29 AM: Visually inspect the transporter motor for leaks 
-Check transporter chain oiler reservoir  for fluid level refill if needed with recommended lubricant mixture of 5:1 ratio of 140 WT gear oil and Tufoil- Voorwood part # 61504 or direct 1800 922-0075
-Check transporter chain for tension adjust if needed 
-Visually check shaper ball screws and slide rods for grease .Use TriGel -450 R ball screw lubricator and for the slides rods wipe with Acetone  move back and forth to clean .
-Remove build up debris from the shaper housing use air nozzle .
-Visually check the lower transporter feed chain tension .Proper tension is 1/2 to 1'' above the bottom edge of the electrical component area so that the chain does not show below this area .
Adjust if needed.",[],wipe down umbrellas in the patio area.,1/5/2024
743,EQ ID 743,General Maintenance Request,Maintenance,9556,Closed without Action,0.00,0.00,md,,0.00,1/11/2024,Miguel Diaz - 01/17/24 11:18:21 AM: closing double work order is showing on this month,[],turn on flat bed so the battery does not die out and water batter as needed.,1/13/2024
743,EQ ID 743,General Maintenance Request,Maintenance,9553,Closed and Completed,0.00,0.00,maint,,0.00,1/17/2024,Miguel Diaz - 01/17/24 11:18:37 AM: done,[],wipe down umbrellas in the patio area.,1/13/2024
743,EQ ID 743,General Maintenance Request,Maintenance,10007,Closed without Action,0.00,0.00,md,,0.00,1/23/2024,Miguel Diaz - 01/23/24  1:25:00 PM: truck not used battery is disconnected,[],turn on flat bed so the battery does not die out and water batter as needed.,1/24/2024
743,EQ ID 743,General Maintenance Request,Maintenance,10008,Closed and Completed,0.00,0.00,maint,,0.00,1/29/2024,Miguel Diaz - 01/29/24  7:25:31 AM: AC is back up and running on remaining fan motors tech is out purchasing the fan motor .,[],wipe down umbrellas in the patio area.,1/24/2024
743,EQ ID 743,General Maintenance Request,Maintenance,10089,Closed and Completed,0.00,0.25,PU&Max,,0.00,1/31/2024,"Primo Uy - 01/31/24  2:04:33 PM: Battery die. Remove battery and charge for now but the battery is old, Dated 4/18. We need a new battery.",[],turn on flat bed so the battery does not die out and water batter as needed.,1/30/2024
743,EQ ID 743,General Maintenance Request,Maintenance,10185,Closed and Completed,0.00,0.50,Max,,0.00,2/5/2024,Miguel Diaz - 02/08/24  8:47:43 AM: Charged battery and turned on truck,[],turn on flat bed so the battery does not die out and water batter as needed.,2/7/2024
743,EQ ID 743,General Maintenance Request,Maintenance,10128,Closed and Completed,0.00,0.50,maint,,0.00,2/5/2024,Miguel Diaz - 02/06/24 11:18:34 AM: not needed at this time,[],wipe down umbrellas in the patio area.,2/5/2024
743,EQ ID 743,General Maintenance Request,Maintenance,9302,Closed and Completed,0.00,0.00,Primo & Max,,0.00,2/6/2024,,[],"Clean department drains free of dirt and debris .
Pour water down the drain",2/11/2024
743,EQ ID 743,General Maintenance Request,Maintenance,9303,Closed and Completed,0.00,0.00,Primo & Max,,0.00,2/6/2024,,[],"Clean department drains free of dirt and debris .
Pour water down the drain",2/11/2024
743,EQ ID 743,General Maintenance Request,Maintenance,9301,Closed and Completed,0.00,0.00,Primo & Max,,0.00,2/6/2024,,[],"Clean department drains free of dirt and debris .
Pour water down the drain",2/11/2024
743,EQ ID 743,General Maintenance Request,Maintenance,9300,Closed and Completed,0.00,0.00,Primo & Max,,0.00,2/6/2024,,[],"Clean department drains free of dirt and debris .
Pour water down the drain",2/11/2024
743,EQ ID 743,General Maintenance Request,Maintenance,9299,Closed and Completed,0.00,1.00,Alex and Joseph,,0.00,2/9/2024,,[],Replace all 5 urinal cartridges.,2/11/2024
743,EQ ID 743,General Maintenance Request,Maintenance,10240,Closed without Action,0.00,0.00,md,,0.00,2/16/2024,Miguel Diaz - 02/16/24  9:08:09 AM: acco to do this service,[],wipe down umbrellas in the patio area.,2/13/2024
743,EQ ID 743,General Maintenance Request,Maintenance,10416,Closed without Action,0.00,0.00,md,,0.00,2/16/2024,Miguel Diaz - 02/16/24  9:08:32 AM: acco to do this service,[],wipe down umbrellas in the patio area.,2/23/2024
743,EQ ID 743,General Maintenance Request,Maintenance,10417,Closed and Completed,0.00,0.00,md,,0.00,2/16/2024,,[],wipe down umbrellas in the patio area.,2/23/2024
743,EQ ID 743,General Maintenance Request,Maintenance,10266,Closed without Action,0.00,0.00,md,,0.00,2/16/2024,Miguel Diaz - 02/16/24  9:15:23 AM: Battery disconnected,[],turn on flat bed so the battery does not die out and water batter as needed.,2/15/2024
743,EQ ID 743,General Maintenance Request,Maintenance,10420,Closed without Action,0.00,0.00,md,,0.00,2/16/2024,,[],turn on flat bed so the battery does not die out and water batter as needed.,2/23/2024
743,EQ ID 743,General Maintenance Request,Maintenance,10421,Closed and Completed,0.00,0.00,md,,0.00,2/16/2024,,[],turn on flat bed so the battery does not die out and water batter as needed.,2/23/2024
743,EQ ID 743,General Maintenance Request,Maintenance,10423,Closed without Action,0.00,0.00,md,,0.00,2/26/2024,"Miguel Diaz - 02/27/24  7:00:30 AM: Check edging table to be level and check underneath make sure both handles are tight and not loose .
* Feed gear motor
* Filter exhaust for control cabinet at infeed and outrun sides
*Place board in machine stop after cutters and measure with caliper from pads to board see if its at 30mm (If its not the same the feed guide moved )
*Lube side cutter rails with motor  oil blow off then wipe then lube and move motor up and down 
*Lube 1828 top and bottom cutter rods with lube blow then use wire brush then lube",[],turn on flat bed so the battery does not die out and water batter as needed.,2/23/2024
743,EQ ID 743,General Maintenance Request,Maintenance,10422,Closed and Completed,0.00,0.00,md,,0.00,2/26/2024,"Miguel Diaz - 02/27/24  7:00:39 AM: Check edging table to be level and check underneath make sure both handles are tight and not loose .
* Feed gear motor
* Filter exhaust for control cabinet at infeed and outrun sides
*Place board in machine stop after cutters and measure with caliper from pads to board see if its at 30mm (If its not the same the feed guide moved )
*Lube side cutter rails with motor  oil blow off then wipe then lube and move motor up and down 
*Lube 1828 top and bottom cutter rods with lube blow then use wire brush then lube",[],wipe down umbrellas in the patio area.,2/23/2024
743,EQ ID 743,General Maintenance Request,Maintenance,10529,Closed and Completed,0.00,1.00,Max,,0.00,3/5/2024,,[],turn on flat bed so the battery does not die out and water batter as needed.,3/5/2024
743,EQ ID 743,General Maintenance Request,Maintenance,10640,Closed and Completed,0.00,0.00,Max,,0.00,3/5/2024,,[],turn on flat bed so the battery does not die out and water batter as needed.,3/12/2024
743,EQ ID 743,General Maintenance Request,Maintenance,10643,Closed and Completed,0.00,0.00,Max,,0.00,3/11/2024,,[],turn on flat bed so the battery does not die out and water batter as needed.,3/12/2024
743,EQ ID 743,General Maintenance Request,Maintenance,10530,Closed without Action,0.00,0.00,dd,,0.00,3/18/2024,Miguel Diaz - 03/18/24  9:33:46 AM: backflow was replaced and serviced since it was stolen,[],wipe down umbrellas in the patio area.,3/5/2024
743,EQ ID 743,General Maintenance Request,Maintenance,10703,Closed and Completed,0.00,0.00,Max,,0.00,3/18/2024,,[],turn on flat bed so the battery does not die out and water batter as needed.,3/18/2024
743,EQ ID 743,General Maintenance Request,Maintenance,10757,Closed and Completed,0.00,0.00,Primo,,0.00,3/22/2024,,[],turn on flat bed so the battery does not die out and water batter as needed.,3/25/2024
743,EQ ID 743,General Maintenance Request,Maintenance,10745,Closed and Completed,0.00,0.00,maint,,0.00,4/2/2024,Miguel Diaz - 04/02/24  9:36:52 AM: this is just a reminder it was done,[],wipe down umbrellas in the patio area.,3/25/2024
743,EQ ID 743,General Maintenance Request,Maintenance,10283,Closed and Completed,0.00,1.00,Max,,0.00,4/8/2024,,[],"Clean department drains free of dirt and debris .
Pour water down the drain",4/8/2024
743,EQ ID 743,General Maintenance Request,Maintenance,10284,Closed and Completed,0.00,0.00,Max,,0.00,4/8/2024,,[],"Clean department drains free of dirt and debris .
Pour water down the drain",4/8/2024
743,EQ ID 743,General Maintenance Request,Maintenance,10285,Closed and Completed,0.00,1.00,Max,,0.00,4/8/2024,,[],"Clean department drains free of dirt and debris .
Pour water down the drain",4/8/2024
743,EQ ID 743,General Maintenance Request,Maintenance,10286,Closed and Completed,0.00,1.00,Max,,0.00,4/8/2024,,[],"Clean department drains free of dirt and debris .
Pour water down the drain",4/8/2024
743,EQ ID 743,General Maintenance Request,Maintenance,10910,Closed and Completed,0.00,0.00,Maint,,0.00,4/9/2024,Miguel Diaz - 04/10/24  6:19:15 AM: DONE,[],wipe down umbrellas in the patio area.,4/9/2024
743,EQ ID 743,General Maintenance Request,Maintenance,10857,Closed and Completed,0.00,0.00,md,,0.00,4/9/2024,Miguel Diaz - 04/08/24 11:48:50 AM: Replaced all three bulbs,[],turn on flat bed so the battery does not die out and water batter as needed.,4/4/2024
743,EQ ID 743,General Maintenance Request,Maintenance,10335,Closed and Completed,0.00,2.00,Alex and Joseph,,0.00,4/11/2024,,[],Replace all 5 urinal cartridges.,4/13/2024
743,EQ ID 743,General Maintenance Request,Maintenance,10983,Closed without Action,0.00,0.00,md,,0.00,4/15/2024,Miguel Diaz - 04/15/24  9:34:50 AM: already checked per supervisor found nothing inside provided pictures,[],turn on flat bed so the battery does not die out and water batter as needed.,4/15/2024
743,EQ ID 743,General Maintenance Request,Maintenance,11060,Closed and Completed,0.00,0.00,maint,,0.00,4/15/2024,Miguel Diaz - 04/15/24  9:35:19 AM: rained cleaned them,[],wipe down umbrellas in the patio area.,4/17/2024
743,EQ ID 743,General Maintenance Request,Maintenance,11194,Closed and Completed,0.00,0.00,maint,,0.00,4/23/2024,Miguel Diaz - 04/23/24 11:44:23 AM: dont by maint,[],wipe down umbrellas in the patio area.,4/22/2024
743,EQ ID 743,General Maintenance Request,Maintenance,11193,Closed and Completed,0.00,0.00,maint,,0.00,4/23/2024,Miguel Diaz - 04/23/24 11:44:04 AM: battery is disconnected,[],turn on flat bed so the battery does not die out and water batter as needed.,4/22/2024
743,EQ ID 743,General Maintenance Request,Maintenance,11406,Closed and Completed,0.00,0.00,md,,0.00,4/23/2024,Miguel Diaz - 04/23/24 11:45:32 AM: battery is disconnected,[],turn on flat bed so the battery does not die out and water batter as needed.,4/30/2024
743,EQ ID 743,General Maintenance Request,Maintenance,11409,Closed without Action,0.00,0.00,,,0.00,4/23/2024,Miguel Diaz - 04/23/24 11:45:44 AM: battery is disconnected,[],turn on flat bed so the battery does not die out and water batter as needed.,4/30/2024
743,EQ ID 743,General Maintenance Request,Maintenance,11407,Closed and Completed,0.00,0.00,maint,,0.00,5/3/2024,"Miguel Diaz - 05/04/24  7:37:35 AM: *Use a bucket and dump all the ice out of the ice chute .
*Turn off the water to the machine under sink
* Remove top and front panel from the machine 
*Turn the power off to the machine Switch is in the middle .
*Disconnect hoses and water metering rod (Carefully) its Glass get the drain hose and remove the cap and let all the water run down to the drain.",[],wipe down umbrellas in the patio area.,4/30/2024
743,EQ ID 743,General Maintenance Request,Maintenance,11411,Closed and Completed,0.00,0.00,maint,,0.00,5/4/2024,"Miguel Diaz - 05/04/24  7:37:27 AM: *Use a bucket and dump all the ice out of the ice chute .
*Turn off the water to the machine under sink
* Remove top and front panel from the machine 
*Turn the power off to the machine Switch is in the middle .
*Disconnect hoses and water metering rod (Carefully) its Glass get the drain hose and remove the cap and let all the water run down to the drain.",[],turn on flat bed so the battery does not die out and water batter as needed.,4/30/2024
743,EQ ID 743,General Maintenance Request,Maintenance,11530,Closed and Completed,0.00,0.00,Primo,,0.00,5/6/2024,,[],turn on flat bed so the battery does not die out and water batter as needed.,5/11/2024
743,EQ ID 743,General Maintenance Request,Maintenance,11531,Closed without Action,0.00,0.00,md,,0.00,5/9/2024,,[],wipe down umbrellas in the patio area.,5/11/2024
743,EQ ID 743,General Maintenance Request,Maintenance,11590,Closed without Action,0.00,0.00,md,,0.00,5/9/2024,,[],wipe down umbrellas in the patio area.,5/16/2024
743,EQ ID 743,General Maintenance Request,Maintenance,11592,Closed without Action,0.00,0.00,md,,0.00,5/14/2024,Miguel Diaz - 05/14/24  9:53:58 AM: truck was used last week,[],wipe down umbrellas in the patio area.,5/16/2024
743,EQ ID 743,General Maintenance Request,Maintenance,11656,Closed without Action,0.00,0.00,md,,0.00,5/14/2024,Miguel Diaz - 05/14/24  9:54:40 AM: done,[],wipe down umbrellas in the patio area.,5/21/2024
743,EQ ID 743,General Maintenance Request,Maintenance,11548,Closed and Completed,0.00,1.00,Primo,,0.00,5/14/2024,Miguel Diaz - 05/14/24  9:53:48 AM: truck was used last week,[],turn on flat bed so the battery does not die out and water batter as needed.,5/13/2024
743,EQ ID 743,General Maintenance Request,Maintenance,11655,Closed and Completed,0.00,0.00,md,,0.00,5/14/2024,Miguel Diaz - 05/14/24  9:55:03 AM: done,[],turn on flat bed so the battery does not die out and water batter as needed.,5/21/2024
743,EQ ID 743,General Maintenance Request,Maintenance,11660,Closed without Action,0.00,0.00,md,,0.00,5/16/2024,"Miguel Diaz - 05/16/24  9:59:02 AM: Update: Opening the big door will not be needed .
Please have all big trash cans out by 3:30 pm as requested",[],turn on flat bed so the battery does not die out and water batter as needed.,5/21/2024
743,EQ ID 743,General Maintenance Request,Maintenance,11702,Closed without Action,0.00,0.00,md,,0.00,5/16/2024,"Miguel Diaz - 05/16/24  9:59:42 AM: Update: Opening the big door will not be needed .
Please have all big trash cans out by 3:30 pm as requested",[],turn on flat bed so the battery does not die out and water batter as needed.,5/23/2024
743,EQ ID 743,General Maintenance Request,Maintenance,11659,Closed without Action,0.00,0.00,md,,0.00,5/16/2024,"Miguel Diaz - 05/16/24  9:59:16 AM: Update: Opening the big door will not be needed .
Please have all big trash cans out by 3:30 pm as requested",[],wipe down umbrellas in the patio area.,5/21/2024
743,EQ ID 743,General Maintenance Request,Maintenance,11703,Closed and Completed,0.00,0.00,md,,0.00,5/16/2024,"Miguel Diaz - 05/16/24  9:59:52 AM: Update: Opening the big door will not be needed .
Please have all big trash cans out by 3:30 pm as requested",[],wipe down umbrellas in the patio area.,5/23/2024
743,EQ ID 743,General Maintenance Request,Maintenance,11706,Closed without Action,0.00,0.00,md,,0.00,5/20/2024,Miguel Diaz - 05/20/24  9:27:49 AM: Tech performed the scheduled maintenance,[],wipe down umbrellas in the patio area.,5/23/2024
743,EQ ID 743,General Maintenance Request,Maintenance,11705,Closed and Completed,0.00,0.00,md,,0.00,5/20/2024,Miguel Diaz - 05/20/24  9:28:13 AM: Tech performed the scheduled maintenance,[],turn on flat bed so the battery does not die out and water batter as needed.,5/23/2024
743,EQ ID 743,General Maintenance Request,Maintenance,11756,Closed and Completed,0.00,0.00,Primo,,0.00,5/31/2024,,[],turn on flat bed so the battery does not die out and water batter as needed.,5/27/2024
743,EQ ID 743,General Maintenance Request,Maintenance,11754,Closed and Completed,0.00,0.00,maint,,0.00,5/31/2024,,[],wipe down umbrellas in the patio area.,5/27/2024
743,EQ ID 743,General Maintenance Request,Maintenance,11104,Closed and Completed,0.00,1.00,Joseph,,0.00,6/3/2024,Miguel Diaz - 06/05/24 11:17:56 AM: Replaced all 5 filters,[],Replace all 5 urinal cartridges.,6/12/2024
743,EQ ID 743,General Maintenance Request,Maintenance,10996,Closed and Completed,0.00,0.30,Max,,0.00,6/10/2024,,[],"Clean department drains free of dirt and debris .
Pour water down the drain",6/8/2024
743,EQ ID 743,General Maintenance Request,Maintenance,10997,Closed and Completed,0.00,0.30,Max,,0.00,6/10/2024,,[],"Clean department drains free of dirt and debris .
Pour water down the drain",6/8/2024
743,EQ ID 743,General Maintenance Request,Maintenance,10998,Closed and Completed,0.00,0.30,Max,,0.00,6/10/2024,,[],"Clean department drains free of dirt and debris .
Pour water down the drain",6/8/2024
743,EQ ID 743,General Maintenance Request,Maintenance,10999,Closed and Completed,0.00,0.30,Max,,0.00,6/10/2024,,[],"Clean department drains free of dirt and debris .
Pour water down the drain",6/8/2024
743,EQ ID 743,General Maintenance Request,Maintenance,11965,Closed and Completed,0.00,2.00,Joseph,,0.00,7/19/2024,Miguel Diaz - 07/20/24 12:16:51 PM: all 5 have been replaced,[],Replace all 5 urinal cartridges.,8/5/2024
743,EQ ID 743,General Maintenance Request,Maintenance,12060,Closed and Completed,0.00,0.00,Max,,0.00,8/5/2024,,[],"Clean department drains free of dirt and debris .
Pour water down the drain",8/10/2024
743,EQ ID 743,General Maintenance Request,Maintenance,12061,Closed and Completed,0.00,1.00,Max,,0.00,8/5/2024,,[],"Clean department drains free of dirt and debris .
Pour water down the drain",8/10/2024
743,EQ ID 743,General Maintenance Request,Maintenance,12062,Closed and Completed,0.00,1.00,Max,,0.00,8/5/2024,,[],"Clean department drains free of dirt and debris .
Pour water down the drain",8/10/2024
743,EQ ID 743,General Maintenance Request,Maintenance,12063,Closed and Completed,0.00,0.00,Max,,0.00,8/5/2024,,[],"Clean department drains free of dirt and debris .
Pour water down the drain",8/10/2024
743,EQ ID 743,General Maintenance Request,Maintenance,12764,Closed and Completed,0.00,0.00,Max,,0.00,8/19/2024,,[],"*Check toilet seats for loose hardware 
*Check cabinets in single restroom for slated door or loose 
*Check exhaust fans to be cleaned use vacuum to clean if needed 
*Make sure all lights are working replace bulbs if needed",8/16/2024
743,EQ ID 743,General Maintenance Request,Maintenance,12816,Closed and Completed,0.00,0.00,Max,,0.00,8/19/2024,,[],"*Check toilet seats for loose hardware 
*Check cabinets in single restroom for slated door or loose 
*Check exhaust fans to be cleaned use vacuum to clean if needed 
*Make sure all lights are working replace bulbs if needed",8/26/2024
743,EQ ID 743,General Maintenance Request,Maintenance,12819,Closed and Completed,0.00,0.00,Max,,0.00,8/19/2024,,[],"*Check toilet seats for loose hardware 
*Check cabinets in single restroom for slated door or loose 
*Check exhaust fans to be cleaned use vacuum to clean if needed 
*Make sure all lights are working replace bulbs if needed",8/26/2024
743,EQ ID 743,General Maintenance Request,Maintenance,12820,Closed and Completed,0.00,0.30,Max,,0.00,8/26/2024,,[],"*Check toilet seats for loose hardware 
*Check cabinets in single restroom for slated door or loose 
*Check exhaust fans to be cleaned use vacuum to clean if needed 
*Make sure all lights are working replace bulbs if needed",8/26/2024
743,EQ ID 743,General Maintenance Request,Maintenance,12881,Closed and Completed,0.00,0.00,Max,,0.00,9/5/2024,,[],"*Check toilet seats for loose hardware 
*Check cabinets in single restroom for slated door or loose 
*Check exhaust fans to be cleaned use vacuum to clean if needed 
*Make sure all lights are working replace bulbs if needed",9/3/2024
743,EQ ID 743,General Maintenance Request,Maintenance,12983,Closed and Completed,0.00,0.00,Max,,0.00,9/13/2024,,[],"*Check toilet seats for loose hardware 
*Check cabinets in single restroom for slated door or loose 
*Check exhaust fans to be cleaned use vacuum to clean if needed 
*Make sure all lights are working replace bulbs if needed",9/13/2024
743,EQ ID 743,General Maintenance Request,Maintenance,13066,Closed and Completed,0.00,0.00,Max,,0.00,9/13/2024,,[],"*Check toilet seats for loose hardware 
*Check cabinets in single restroom for slated door or loose 
*Check exhaust fans to be cleaned use vacuum to clean if needed 
*Make sure all lights are working replace bulbs if needed",9/23/2024
743,EQ ID 743,General Maintenance Request,Maintenance,13067,Closed and Completed,0.00,0.20,Max,,0.00,9/20/2024,,[],"*Check toilet seats for loose hardware 
*Check cabinets in single restroom for slated door or loose 
*Check exhaust fans to be cleaned use vacuum to clean if needed 
*Make sure all lights are working replace bulbs if needed",9/23/2024
743,EQ ID 743,General Maintenance Request,Maintenance,12464,Closed and Completed,0.00,2.00,Joseph,,0.00,9/26/2024,Miguel Diaz - 09/26/24 12:54:43 PM: Urinals were replaced not long ago skipping this interval,[],Replace all 5 urinal cartridges.,9/20/2024
743,EQ ID 743,General Maintenance Request,Maintenance,13232,Closed and Completed,0.00,0.30,Max,,0.00,10/10/2024,,[],"*Check toilet seats for loose hardware 
*Check cabinets in single restroom for slated door or loose 
*Check exhaust fans to be cleaned use vacuum to clean if needed 
*Make sure all lights are working replace bulbs if needed",10/7/2024
743,EQ ID 743,General Maintenance Request,Maintenance,12647,Closed and Completed,0.00,1.00,Max,,0.00,10/14/2024,,[],"Clean department drains free of dirt and debris .
Pour water down the drain",10/5/2024
743,EQ ID 743,General Maintenance Request,Maintenance,12648,Closed and Completed,0.00,0.30,Max,,0.00,10/14/2024,,[],"Clean department drains free of dirt and debris .
Pour water down the drain",10/5/2024
743,EQ ID 743,General Maintenance Request,Maintenance,12649,Closed and Completed,0.00,0.30,Max,,0.00,10/14/2024,,[],"Clean department drains free of dirt and debris .
Pour water down the drain",10/5/2024
743,EQ ID 743,General Maintenance Request,Maintenance,12650,Closed and Completed,0.00,0.30,Max,,0.00,10/14/2024,,[],"Clean department drains free of dirt and debris .
Pour water down the drain",10/5/2024
743,EQ ID 743,General Maintenance Request,Maintenance,13399,Closed and Completed,0.00,0.30,Max,,0.00,10/16/2024,,[],"*Check toilet seats for loose hardware 
*Check cabinets in single restroom for slated door or loose 
*Check exhaust fans to be cleaned use vacuum to clean if needed 
*Make sure all lights are working replace bulbs if needed",10/21/2024
743,EQ ID 743,General Maintenance Request,Maintenance,13422,Closed and Completed,0.00,0.30,Max,,0.00,10/16/2024,,[],"*Check toilet seats for loose hardware 
*Check cabinets in single restroom for slated door or loose 
*Check exhaust fans to be cleaned use vacuum to clean if needed 
*Make sure all lights are working replace bulbs if needed",10/23/2024
743,EQ ID 743,General Maintenance Request,Maintenance,13208,Closed and Completed,0.00,1.50,"Mae, Joseph",,0.00,11/18/2024,,[],Replace all 5 urinal cartridges.,11/26/2024
743,EQ ID 743,General Maintenance Request,Maintenance,13396,Closed and Completed,0.00,0.30,Max,,0.00,12/11/2024,,[],"Clean department drains free of dirt and debris .
Pour water down the drain",12/14/2024
743,EQ ID 743,General Maintenance Request,Maintenance,13397,Closed and Completed,0.00,0.30,Max,,0.00,12/11/2024,,[],"Clean department drains free of dirt and debris .
Pour water down the drain",12/14/2024
743,EQ ID 743,General Maintenance Request,Maintenance,13398,Closed and Completed,0.00,0.30,Max,,0.00,12/11/2024,,[],"Clean department drains free of dirt and debris .
Pour water down the drain",12/14/2024
743,EQ ID 743,General Maintenance Request,Maintenance,13395,Closed and Completed,0.00,0.30,Max,,0.00,12/11/2024,,[],"Clean department drains free of dirt and debris .
Pour water down the drain",12/14/2024
743,EQ ID 743,General Maintenance Request,Maintenance,13446,Closed and Completed,0.00,0.25,Max,,0.00,1/13/2025,,[],"*Check toilet seats for loose hardware 
*Check cabinets in single restroom for slated door or loose 
*Check exhaust fans to be cleaned use vacuum to clean if needed 
*Make sure all lights are working replace bulbs if needed",1/18/2025
743,EQ ID 743,General Maintenance Request,Maintenance,13849,Closed and Completed,0.00,1.00,"Joseph, Mae",,0.00,1/20/2025,,[],Replace all 5 urinal cartridges.,1/18/2025
743,EQ ID 743,General Maintenance Request,Maintenance,14069,Closed and Completed,0.00,0.30,Max,,0.00,2/13/2025,,[],"Clean department drains free of dirt and debris .
Pour water down the drain",2/12/2025
743,EQ ID 743,General Maintenance Request,Maintenance,14071,Closed and Completed,0.00,0.30,Max,,0.00,2/13/2025,,[],"Clean department drains free of dirt and debris .
Pour water down the drain",2/12/2025
743,EQ ID 743,General Maintenance Request,Maintenance,14072,Closed and Completed,0.00,0.30,Max,,0.00,2/13/2025,,[],"Clean department drains free of dirt and debris .
Pour water down the drain",2/12/2025
743,EQ ID 743,General Maintenance Request,Maintenance,14070,Closed and Completed,0.00,0.30,Max,,0.00,2/13/2025,,[],"Clean department drains free of dirt and debris .
Pour water down the drain",2/12/2025
743,EQ ID 743,General Maintenance Request,Maintenance,14440,Closed and Completed,0.00,0.20,"Mae, G Shinobi",,0.00,3/13/2025,"Gabriel Shinobi - 03/28/25 11:36:14 AM: checked base, retighten all screws, working properly",[],Replace all 5 urinal cartridges.,3/21/2025
743,EQ ID 743,General Maintenance Request,Maintenance,14333,Closed and Completed,0.00,0.30,Max,,0.00,4/11/2025,,[],"*Check toilet seats for loose hardware 
*Check cabinets in single restroom for slated door or loose 
*Check exhaust fans to be cleaned use vacuum to clean if needed 
*Make sure all lights are working replace bulbs if needed",4/13/2025
743,EQ ID 743,General Maintenance Request,Maintenance,14687,Closed and Completed,0.00,0.30,Max,,0.00,4/16/2025,,[],"Clean department drains free of dirt and debris .
Pour water down the drain",4/14/2025
743,EQ ID 743,General Maintenance Request,Maintenance,14688,Closed and Completed,0.00,0.30,Max,,0.00,4/16/2025,,[],"Clean department drains free of dirt and debris .
Pour water down the drain",4/14/2025
743,EQ ID 743,General Maintenance Request,Maintenance,14689,Closed and Completed,0.00,0.30,Max,,0.00,4/16/2025,,[],"Clean department drains free of dirt and debris .
Pour water down the drain",4/14/2025
743,EQ ID 743,General Maintenance Request,Maintenance,14690,Closed and Completed,0.00,0.00,Max,,0.00,4/16/2025,,[],"Clean department drains free of dirt and debris .
Pour water down the drain",4/14/2025
743,EQ ID 743,General Maintenance Request,Maintenance,15410,Closed and Completed,0.00,1.00,Max,,0.00,6/16/2025,,[],"Clean department drains free of dirt and debris .
Pour water down the drain",6/16/2025
743,EQ ID 743,General Maintenance Request,Maintenance,15407,Closed and Completed,0.00,1.00,Max,,0.00,6/25/2025,,[],"Clean department drains free of dirt and debris .
Pour water down the drain",6/16/2025
743,EQ ID 743,General Maintenance Request,Maintenance,15408,Closed and Completed,0.00,1.00,Max,,0.00,6/25/2025,,[],"Clean department drains free of dirt and debris .
Pour water down the drain",6/16/2025
743,EQ ID 743,General Maintenance Request,Maintenance,15409,Closed and Completed,0.00,1.00,Max,,0.00,6/25/2025,,[],"Clean department drains free of dirt and debris .
Pour water down the drain",6/16/2025
743,EQ ID 743,General Maintenance Request,Maintenance,15369,Closed and Completed,0.00,1.00,Max,,0.00,7/15/2025,,[],"*Check toilet seats for loose hardware 
*Check cabinets in single restroom for slated door or loose 
*Check exhaust fans to be cleaned use vacuum to clean if needed 
*Make sure all lights are working replace bulbs if needed",7/14/2025
743,EQ ID 743,General Maintenance Request,Maintenance,16220,Closed and Completed,0.00,1.00,Max,,0.00,9/2/2025,,[],"Clean department drains free of dirt and debris .
Pour water down the drain",8/25/2025
743,EQ ID 743,General Maintenance Request,Maintenance,16222,Closed and Completed,0.00,1.00,Max,,0.00,9/2/2025,,[],"Clean department drains free of dirt and debris .
Pour water down the drain",8/25/2025
743,EQ ID 743,General Maintenance Request,Maintenance,16223,Closed and Completed,0.00,1.00,Max,,0.00,9/2/2025,,[],"Clean department drains free of dirt and debris .
Pour water down the drain",8/25/2025
743,EQ ID 743,General Maintenance Request,Maintenance,16227,Closed and Completed,0.00,1.00,Max,,0.00,9/2/2025,,[],"Clean department drains free of dirt and debris .
Pour water down the drain",8/25/2025
743,EQ ID 743,General Maintenance Request,Maintenance,16410,Closed and Completed,0.00,0.20,Max,,0.00,10/16/2025,,[],"*Check toilet seats for loose hardware 
*Check cabinets in single restroom for slated door or loose 
*Check exhaust fans to be cleaned use vacuum to clean if needed 
*Make sure all lights are working replace bulbs if needed",10/15/2025
743,EQ ID 743,General Maintenance Request,Maintenance,16892,Closed and Completed,0.00,1.00,Max,,0.00,10/31/2025,,[],"Clean department drains free of dirt and debris .
Pour water down the drain",11/2/2025
743,EQ ID 743,General Maintenance Request,Maintenance,16893,Closed and Completed,0.00,1.00,Max,,0.00,10/31/2025,,[],"Clean department drains free of dirt and debris .
Pour water down the drain",11/2/2025
743,EQ ID 743,General Maintenance Request,Maintenance,16894,Closed and Completed,0.00,1.00,Max,,0.00,10/31/2025,,[],"Clean department drains free of dirt and debris .
Pour water down the drain",11/2/2025
743,EQ ID 743,General Maintenance Request,Maintenance,16895,Closed and Completed,0.00,1.00,Max,,0.00,10/31/2025,,[],"Clean department drains free of dirt and debris .
Pour water down the drain",11/2/2025
743,EQ ID 743,General Maintenance Request,Maintenance,17529,Closed and Completed,0.00,1.00,Max,,0.00,12/15/2025,"Maksim Bushka - 12/31/25 11:12:00 AM: Scheduled Date: [12/31/2024]
Parts Needed: [ No]
Parts Ordered: [No]
Expected Delivery Date: [ N/A]
Cleaned up all 4 soap dispensary drains and 1 TPF drain",[],"Clean department drains free of dirt and debris .
Pour water down the drain",12/31/2025
743,EQ ID 743,General Maintenance Request,Maintenance,17530,Closed and Completed,0.00,1.00,Max,,0.00,12/15/2025,"Maksim Bushka - 12/31/25 11:15:20 AM: Scheduled Date: [12/31/2025]
Parts Needed:  No
Parts Ordered: [ No]
Expected Delivery Date: [ N/A]
General Notes Cleaned up all department drains",[],"Clean department drains free of dirt and debris .
Pour water down the drain",12/31/2025
743,EQ ID 743,General Maintenance Request,Maintenance,17531,Closed and Completed,0.00,1.00,Max,,0.00,12/15/2025,"Maksim Bushka - 12/31/25 11:17:59 AM: Scheduled Date: [12/31/2025]
Parts Needed: No
Parts Ordered:  No
Expected Delivery Date:  N/A
General Notes: Cleaned up all departments drains.",[],"Clean department drains free of dirt and debris .
Pour water down the drain",12/31/2025
743,EQ ID 743,General Maintenance Request,Maintenance,17528,Closed and Completed,0.00,0.30,Max,,0.00,12/22/2025,"Maksim Bushka - 12/22/25  1:55:05 PM: Scheduled Date: [12/22/25]
Parts Needed: [No]
Parts Ordered: [No]
Expected Delivery Date: [N/A]
General Notes:",[],"Clean department drains free of dirt and debris .
Pour water down the drain",12/31/2025
743,EQ ID 743,General Maintenance Request,Maintenance,17325,Closed and Completed,0.00,1.00,Max,,0.00,1/16/2026,"Maksim Bushka - 01/24/26  9:09:24 AM: Scheduled Date: 01-16-26
Parts Needed: NO
Parts Ordered: NO
Expected Delivery Date: N/A
General Notes: Checked up",[],"*Check toilet seats for loose hardware 
*Check cabinets in single restroom for slated door or loose 
*Check exhaust fans to be cleaned use vacuum to clean if needed 
*Make sure all lights are working replace bulbs if needed",1/16/2026
743,EQ ID 743,General Maintenance Request,Maintenance,18020,Closed and Completed,0.00,0.30,Max,,0.00,2/25/2026,"Maksim Bushka - 02/25/26  1:11:58 PM: Scheduled Date: 02-23-2026
Parts Needed: NO
Parts Ordered: NO
Expected Delivery Date: N/A
General Notes: 
Cleaned up all drains and poured water",[],"Clean department drains free of dirt and debris .
Pour water down the drain",2/23/2026
743,EQ ID 743,General Maintenance Request,Maintenance,18066,Closed and Completed,0.00,1.00,Max,,0.00,3/11/2026,"Maksim Bushka - 03/13/26  2:24:33 PM: Scheduled Date: 02/28/2026
Parts Needed: NO
Parts Ordered: NO
Expected Delivery Date: N/A
General Notes: Cleaned up",[],"Clean department drains free of dirt and debris .
Pour water down the drain",2/28/2026
743,EQ ID 743,General Maintenance Request,Maintenance,18067,Closed and Completed,0.00,1.00,Max,,0.00,3/11/2026,"Maksim Bushka - 03/13/26  2:25:33 PM: Scheduled Date: 02/28/2026
Parts Needed: NO
Parts Ordered: NO
Expected Delivery Date: N/A
General Notes: Cleaned up",[],"Clean department drains free of dirt and debris .
Pour water down the drain",2/28/2026
743,EQ ID 743,General Maintenance Request,Maintenance,18068,Closed and Completed,0.00,1.00,Max,,0.00,3/11/2026,"Maksim Bushka - 03/13/26  2:26:24 PM: Scheduled Date: 02/28/2026
Parts Needed: NO
Parts Ordered: NO
Expected Delivery Date: N/A
General Notes: Cleaned up",[],"Clean department drains free of dirt and debris .
Pour water down the drain",2/28/2026
743,EQ ID 743,General Maintenance Request,Maintenance,18290,Closed and Completed,0.00,0.30,Max,,0.00,4/27/2026,,[],"*Check toilet seats for loose hardware 
*Check cabinets in single restroom for slated door or loose 
*Check exhaust fans to be cleaned use vacuum to clean if needed 
*Make sure all lights are working replace bulbs if needed",4/24/2026
743,EQ ID 743,General Maintenance Request,Maintenance,18570,Closed and Completed,0.00,0.30,Max,,0.00,5/1/2026,"Maksim Bushka - 05/05/26  2:21:01 PM: Scheduled Date: 04/24/2026
Parts Needed: NO
Parts Ordered: NO
Expected Delivery Date: N/A
General Notes:  Cleaned up ok",[],"Clean department drains free of dirt and debris .
Pour water down the drain",4/25/2026
743,EQ ID 743,General Maintenance Request,Maintenance,18753,Closed and Completed,0.00,0.00,Max,,0.00,5/13/2026,"Maksim Bushka - 05/20/26  1:11:21 PM: Scheduled Date: 05/132026
Parts Needed: NO
Parts Ordered: NO
Expected Delivery Date: N/A
General Notes: Cleaned up",[],"Clean department drains free of dirt and debris .
Pour water down the drain",5/13/2026
743,EQ ID 743,General Maintenance Request,Maintenance,18755,Closed and Completed,0.00,1.00,Max,,0.00,5/13/2026,"Maksim Bushka - 05/20/26  1:14:25 PM: Scheduled Date: 05/13/2026
Parts Needed: NO
Parts Ordered: NO
Expected Delivery Date: N/A
General Notes: Cleaned up",[],"Clean department drains free of dirt and debris .
Pour water down the drain",5/13/2026
743,EQ ID 743,General Maintenance Request,Maintenance,18754,Closed and Completed,0.00,1.00,Max,,0.00,5/13/2026,"Maksim Bushka - 05/20/26  1:12:08 PM: Scheduled Date: 05/13/2026
Parts Needed: NO
Parts Ordered: NO
Expected Delivery Date: N/A
General Notes: Cleaned up",[],"Clean department drains free of dirt and debris .
Pour water down the drain",5/13/2026
1465,EQ ID 1465,Parking structure elevator,Maintenance,19701,Pending,0.00,0.00,,Technician,0.00,,,[],Put zone  on test  for one hour and go up on the roof remove top hatch with 1/4 driver remove smoke sensor carefully and bring down and clean .After coming down go to the Control panel  silence it while you clean it .,9/4/2026
1465,EQ ID 1465,Parking structure elevator,Maintenance,890,Closed and Completed,0.00,1.00,MIKE,,0.00,3/31/2022,Miguel Diaz - 04/06/22 10:23:49 AM: CHECKED ALL BUTTON FOR OPERATION,[],"Go inside the elevator and press the button that says push for help .
It will summon an elevator company to respond  when they respond tell them this is a test and you are Just checking to see the phone is contacting someone  and working  .",4/18/2022
1465,EQ ID 1465,Parking structure elevator,Maintenance,891,Closed and Completed,0.00,1.00,mike,,0.00,4/6/2022,Miguel Diaz - 04/06/22 10:26:25 AM: unit is working properly,[],"Clean door rails 
Clean optical sensors -wipe down with clean damp cloth 
Verify lights are functional at each button inside car and outside each landing.
Chris to do ....",4/18/2022
1465,EQ ID 1465,Parking structure elevator,Maintenance,889,Closed and Completed,0.00,0.40,Mike,,0.00,6/1/2022,"Miguel Diaz - 06/01/22  7:51:06 AM:  Placed fire system on test and climbed to the roof and replaced the smoke alarm for this elevator .
Open dirty smoke alarm and cleaned it for the next swap",[],Put zone  on test  for one hour and go up on the roof remove top hatch with 1/4 driver remove smoke sensor carefully and bring down and clean .After coming down go to the Control panel  silence it while you clean it .,6/18/2022
1465,EQ ID 1465,Parking structure elevator,Maintenance,2868,Closed and Completed,0.00,0.30,Miguel & Max,,0.00,1/13/2023,Maksim Bushka - 01/13/23  9:47:43 AM: Did PM,[],Put zone  on test  for one hour and go up on the roof remove top hatch with 1/4 driver remove smoke sensor carefully and bring down and clean .After coming down go to the Control panel  silence it while you clean it .,1/13/2023
1465,EQ ID 1465,Parking structure elevator,Maintenance,3975,Closed and Completed,0.00,0.30,Max,,0.00,4/3/2023,Maksim Bushka - 04/03/23  2:28:30 PM: Removed the smock detector from parking elevator cleaned up and installed.,[],Put zone  on test  for one hour and go up on the roof remove top hatch with 1/4 driver remove smoke sensor carefully and bring down and clean .After coming down go to the Control panel  silence it while you clean it .,4/13/2023
1465,EQ ID 1465,Parking structure elevator,Maintenance,5125,Closed and Completed,0.00,0.20,Max,,0.00,7/5/2023,Maksim Bushka - 07/05/23 10:44:28 AM: Dane ok,[],Put zone  on test  for one hour and go up on the roof remove top hatch with 1/4 driver remove smoke sensor carefully and bring down and clean .After coming down go to the Control panel  silence it while you clean it .,7/3/2023
1465,EQ ID 1465,Parking structure elevator,Maintenance,6309,Closed and Completed,0.00,1.00,Max,,0.00,10/10/2023,,[],Put zone  on test  for one hour and go up on the roof remove top hatch with 1/4 driver remove smoke sensor carefully and bring down and clean .After coming down go to the Control panel  silence it while you clean it .,10/5/2023
1465,EQ ID 1465,Parking structure elevator,Maintenance,7573,Closed and Completed,0.00,1.00,Max,,0.00,1/9/2024,,[],Put zone  on test  for one hour and go up on the roof remove top hatch with 1/4 driver remove smoke sensor carefully and bring down and clean .After coming down go to the Control panel  silence it while you clean it .,1/10/2024
1465,EQ ID 1465,Parking structure elevator,Maintenance,9597,Closed and Completed,0.00,1.00,Max,,0.00,4/9/2024,,[],Put zone  on test  for one hour and go up on the roof remove top hatch with 1/4 driver remove smoke sensor carefully and bring down and clean .After coming down go to the Control panel  silence it while you clean it .,4/9/2024
1465,EQ ID 1465,Parking structure elevator,Maintenance,11043,Closed and Completed,0.00,1.00,Max,,0.00,7/12/2024,,[],Put zone  on test  for one hour and go up on the roof remove top hatch with 1/4 driver remove smoke sensor carefully and bring down and clean .After coming down go to the Control panel  silence it while you clean it .,7/9/2024
1465,EQ ID 1465,Parking structure elevator,Maintenance,12365,Closed and Completed,0.00,1.00,Max,,0.00,10/18/2024,,[],Put zone  on test  for one hour and go up on the roof remove top hatch with 1/4 driver remove smoke sensor carefully and bring down and clean .After coming down go to the Control panel  silence it while you clean it .,10/12/2024
1465,EQ ID 1465,Parking structure elevator,Maintenance,13463,Closed and Completed,0.00,1.00,Max,,0.00,1/20/2025,,[],Put zone  on test  for one hour and go up on the roof remove top hatch with 1/4 driver remove smoke sensor carefully and bring down and clean .After coming down go to the Control panel  silence it while you clean it .,1/18/2025
1465,EQ ID 1465,Parking structure elevator,Maintenance,14433,Closed and Completed,0.00,1.00,Max,,0.00,4/25/2025,,[],Put zone  on test  for one hour and go up on the roof remove top hatch with 1/4 driver remove smoke sensor carefully and bring down and clean .After coming down go to the Control panel  silence it while you clean it .,4/21/2025
1465,EQ ID 1465,Parking structure elevator,Maintenance,15520,Closed and Completed,0.00,1.00,Max & Gabriel,,0.00,8/7/2025,,[],Put zone  on test  for one hour and go up on the roof remove top hatch with 1/4 driver remove smoke sensor carefully and bring down and clean .After coming down go to the Control panel  silence it while you clean it .,7/28/2025
1465,EQ ID 1465,Parking structure elevator,Maintenance,16606,Closed and Completed,0.00,1.00,Max,,0.00,11/3/2025,,[],Put zone  on test  for one hour and go up on the roof remove top hatch with 1/4 driver remove smoke sensor carefully and bring down and clean .After coming down go to the Control panel  silence it while you clean it .,11/7/2025
1465,EQ ID 1465,Parking structure elevator,Maintenance,17545,Closed and Completed,0.00,1.00,Max,,0.00,2/11/2026,"Maksim Bushka - 02/20/26  4:47:12 PM: Scheduled Date: 02-03-2026
Parts Needed: NO
Parts Ordered: NO
Expected Delivery Date: N/A
General Notes: swapped and cleaned",[],Put zone  on test  for one hour and go up on the roof remove top hatch with 1/4 driver remove smoke sensor carefully and bring down and clean .After coming down go to the Control panel  silence it while you clean it .,2/3/2026
1465,EQ ID 1465,Parking structure elevator,Maintenance,18529,Closed and Completed,0.00,0.00,Max,,0.00,6/1/2026,"Maksim Bushka - 06/04/26  1:00:55 PM: Scheduled Date: 03/13/2006
Parts Needed: NO
Parts Ordered: NO
Expected Delivery Date: N/A
General Notes: Swapped and cleaned.",[],Put zone  on test  for one hour and go up on the roof remove top hatch with 1/4 driver remove smoke sensor carefully and bring down and clean .After coming down go to the Control panel  silence it while you clean it .,5/20/2026
1466,EQ ID 1466,Employee elevator 1 Zone 42,Maintenance,19702,Pending,0.00,0.00,,Technician,0.00,,,[],Put zone 42 on test  for one hour and go up on the roof remove top hatch with 1/4 driver remove smoke sensor carefully and bring down and clean .After coming down go to the Control panel  silence it while you clean it .,9/4/2026
1466,EQ ID 1466,Employee elevator 1 Zone 42,Maintenance,892,Closed and Completed,0.00,1.00,MIKE,,0.00,3/31/2022,Miguel Diaz - 04/06/22 10:23:26 AM: CHECKED ALL BUTTON FOR OPERATION,[],"Clean door rails 
Clean optical sensors -wipe down with clean damp cloth 
Verify lights are functional at each button inside car and outside each landing.
Chris to do ....",4/18/2022
1466,EQ ID 1466,Employee elevator 1 Zone 42,Maintenance,893,Closed and Completed,0.00,1.00,mike,,0.00,3/31/2022,Miguel Diaz - 04/06/22 10:25:01 AM: CHECKED ALL BUTTON FOR OPERATION,[],"Go inside the elevator and press the button that says push for help .
It will summon an elevator company to respond  when they respond tell them this is a test and you are Just checking to see the phone is contacting someone  and working  .",4/18/2022
1466,EQ ID 1466,Employee elevator 1 Zone 42,Maintenance,894,Closed and Completed,0.00,0.40,mike,,0.00,6/1/2022,"Miguel Diaz - 06/01/22  7:51:46 AM:  Placed fire system on test and climbed to the roof and replaced the smoke alarm for this elevator .
Open dirty smoke alarm and cleaned it for the next swap",[],Put zone 42 on test  for one hour and go up on the roof remove top hatch with 1/4 driver remove smoke sensor carefully and bring down and clean .After coming down go to the Control panel  silence it while you clean it .,6/18/2022
1466,EQ ID 1466,Employee elevator 1 Zone 42,Maintenance,2869,Closed and Completed,0.00,0.00,md,,0.00,12/20/2022,,[],"Clean door rails 
Clean optical sensors -wipe down with clean damp cloth 
Verify lights are functional at each button inside car and outside each landing.
Chris to do ....",1/13/2023
1466,EQ ID 1466,Employee elevator 1 Zone 42,Maintenance,2870,Closed and Completed,0.00,0.30,Miguel & Max,,0.00,1/13/2023,Maksim Bushka - 01/13/23  9:48:56 AM: Did PM,[],Put zone 42 on test  for one hour and go up on the roof remove top hatch with 1/4 driver remove smoke sensor carefully and bring down and clean .After coming down go to the Control panel  silence it while you clean it .,1/13/2023
1466,EQ ID 1466,Employee elevator 1 Zone 42,Maintenance,3737,Closed and Completed,0.00,0.00,md,,0.00,3/17/2023,Miguel Diaz - 03/17/23 10:57:02 AM: company checks for proper operation janitor cleans rails,[],"Clean door rails 
Clean optical sensors -wipe down with clean damp cloth 
Verify lights are functional at each button inside car and outside each landing.
Chris to do ....",3/27/2023
1466,EQ ID 1466,Employee elevator 1 Zone 42,Maintenance,3977,Closed and Completed,0.00,0.30,Max,,0.00,4/3/2023,Maksim Bushka - 04/03/23  2:26:49 PM: Removed smock detector elevator # 1 cleaned up and installed.,[],Put zone 42 on test  for one hour and go up on the roof remove top hatch with 1/4 driver remove smoke sensor carefully and bring down and clean .After coming down go to the Control panel  silence it while you clean it .,4/13/2023
1466,EQ ID 1466,Employee elevator 1 Zone 42,Maintenance,4874,Closed and Completed,0.00,1.00,Max,,0.00,6/13/2023,Maksim Bushka - 06/13/23 10:42:39 AM: Vacuumed all 3 elevators bottom track doors,[],"Clean door rails 
Clean optical sensors -wipe down with clean damp cloth 
Verify lights are functional at each button inside car and outside each landing.
Chris to do ....",6/17/2023
1466,EQ ID 1466,Employee elevator 1 Zone 42,Maintenance,5124,Closed and Completed,0.00,0.20,Max,,0.00,7/5/2023,Maksim Bushka - 07/05/23 10:43:32 AM: Dane ok,[],Put zone 42 on test  for one hour and go up on the roof remove top hatch with 1/4 driver remove smoke sensor carefully and bring down and clean .After coming down go to the Control panel  silence it while you clean it .,7/3/2023
1466,EQ ID 1466,Employee elevator 1 Zone 42,Maintenance,6014,Closed without Action,0.00,0.00,kone tech,,0.00,9/11/2023,"Miguel Diaz - 09/11/23  7:46:35 AM: Full gate operator motor with bracket and covers has been replaced and tested .
Door can now be used .Closing LA #00051329",[],"Clean door rails 
Clean optical sensors -wipe down with clean damp cloth 
Verify lights are functional at each button inside car and outside each landing.
Chris to do ....",9/13/2023
1466,EQ ID 1466,Employee elevator 1 Zone 42,Maintenance,6308,Closed and Completed,0.00,1.00,Max,,0.00,10/10/2023,,[],Put zone 42 on test  for one hour and go up on the roof remove top hatch with 1/4 driver remove smoke sensor carefully and bring down and clean .After coming down go to the Control panel  silence it while you clean it .,10/5/2023
1466,EQ ID 1466,Employee elevator 1 Zone 42,Maintenance,7157,Closed and Completed,0.00,0.30,mAX,,0.00,12/15/2023,,[],"Clean door rails 
Clean optical sensors -wipe down with clean damp cloth 
Verify lights are functional at each button inside car and outside each landing.
Chris to do ....",12/11/2023
1466,EQ ID 1466,Employee elevator 1 Zone 42,Maintenance,7572,Closed and Completed,0.00,1.00,Max,,0.00,1/9/2024,,[],Put zone 42 on test  for one hour and go up on the roof remove top hatch with 1/4 driver remove smoke sensor carefully and bring down and clean .After coming down go to the Control panel  silence it while you clean it .,1/10/2024
1466,EQ ID 1466,Employee elevator 1 Zone 42,Maintenance,9364,Closed and Completed,0.00,0.00,maint,,0.00,3/18/2024,Miguel Diaz - 03/18/24  9:34:22 AM: backflow was replaced and serviced since it was stolen,[],"Clean door rails 
Clean optical sensors -wipe down with clean damp cloth 
Verify lights are functional at each button inside car and outside each landing.
Chris to do ....",3/15/2024
1466,EQ ID 1466,Employee elevator 1 Zone 42,Maintenance,9598,Closed and Completed,0.00,1.00,Max,,0.00,4/9/2024,,[],Put zone 42 on test  for one hour and go up on the roof remove top hatch with 1/4 driver remove smoke sensor carefully and bring down and clean .After coming down go to the Control panel  silence it while you clean it .,4/9/2024
1466,EQ ID 1466,Employee elevator 1 Zone 42,Maintenance,10747,Closed and Completed,0.00,0.00,Max,,0.00,6/17/2024,,[],"Clean door rails 
Clean optical sensors -wipe down with clean damp cloth 
Verify lights are functional at each button inside car and outside each landing.
Chris to do ....",6/18/2024
1466,EQ ID 1466,Employee elevator 1 Zone 42,Maintenance,11044,Closed and Completed,0.00,1.00,Max,,0.00,7/12/2024,,[],Put zone 42 on test  for one hour and go up on the roof remove top hatch with 1/4 driver remove smoke sensor carefully and bring down and clean .After coming down go to the Control panel  silence it while you clean it .,7/9/2024
1466,EQ ID 1466,Employee elevator 1 Zone 42,Maintenance,12136,Closed without Action,0.00,0.00,md,,0.00,9/26/2024,Miguel Diaz - 09/26/24 12:54:05 PM: This work order should be delated the kone tech checks for this,[],"Clean door rails 
Clean optical sensors -wipe down with clean damp cloth 
Verify lights are functional at each button inside car and outside each landing.
Chris to do ....",9/17/2024
1466,EQ ID 1466,Employee elevator 1 Zone 42,Maintenance,12366,Closed and Completed,0.00,1.00,Max,,0.00,10/18/2024,,[],Put zone 42 on test  for one hour and go up on the roof remove top hatch with 1/4 driver remove smoke sensor carefully and bring down and clean .After coming down go to the Control panel  silence it while you clean it .,10/12/2024
1466,EQ ID 1466,Employee elevator 1 Zone 42,Maintenance,13207,Closed and Completed,0.00,0.30,Max,,0.00,12/16/2024,,[],"Clean door rails 
Clean optical sensors -wipe down with clean damp cloth 
Verify lights are functional at each button inside car and outside each landing.
Chris to do ....",12/26/2024
1466,EQ ID 1466,Employee elevator 1 Zone 42,Maintenance,13465,Closed and Completed,0.00,1.00,Max,,0.00,1/20/2025,,[],Put zone 42 on test  for one hour and go up on the roof remove top hatch with 1/4 driver remove smoke sensor carefully and bring down and clean .After coming down go to the Control panel  silence it while you clean it .,1/18/2025
1466,EQ ID 1466,Employee elevator 1 Zone 42,Maintenance,14137,Closed and Completed,0.00,0.20,md,,0.00,3/3/2025,Miguel Diaz - 03/03/25 11:00:15 AM: closing work order,[],"Clean door rails 
Clean optical sensors -wipe down with clean damp cloth 
Verify lights are functional at each button inside car and outside each landing.
Chris to do ....",3/17/2025
1466,EQ ID 1466,Employee elevator 1 Zone 42,Maintenance,14434,Closed and Completed,0.00,1.00,Max,,0.00,4/25/2025,,[],Put zone 42 on test  for one hour and go up on the roof remove top hatch with 1/4 driver remove smoke sensor carefully and bring down and clean .After coming down go to the Control panel  silence it while you clean it .,4/21/2025
1466,EQ ID 1466,Employee elevator 1 Zone 42,Maintenance,14923,Closed and Completed,0.00,0.30,Max,,0.00,6/11/2025,,[],"Clean door rails 
Clean optical sensors -wipe down with clean damp cloth 
Verify lights are functional at each button inside car and outside each landing.
Chris to do ....",6/3/2025
1466,EQ ID 1466,Employee elevator 1 Zone 42,Maintenance,15521,Closed and Completed,0.00,1.00,Max & Gabriel,,0.00,8/7/2025,,[],Put zone 42 on test  for one hour and go up on the roof remove top hatch with 1/4 driver remove smoke sensor carefully and bring down and clean .After coming down go to the Control panel  silence it while you clean it .,7/28/2025
1466,EQ ID 1466,Employee elevator 1 Zone 42,Maintenance,16055,Closed and Completed,0.00,0.20,Max,,0.00,9/8/2025,,[],"Clean door rails 
Clean optical sensors -wipe down with clean damp cloth 
Verify lights are functional at each button inside car and outside each landing.
Chris to do ....",9/11/2025
1466,EQ ID 1466,Employee elevator 1 Zone 42,Maintenance,16607,Closed and Completed,0.00,1.00,Max,,0.00,11/3/2025,,[],Put zone 42 on test  for one hour and go up on the roof remove top hatch with 1/4 driver remove smoke sensor carefully and bring down and clean .After coming down go to the Control panel  silence it while you clean it .,11/7/2025
1466,EQ ID 1466,Employee elevator 1 Zone 42,Maintenance,16932,Closed and Completed,0.00,0.30,Max,,0.00,12/8/2025,,[],"Clean door rails 
Clean optical sensors -wipe down with clean damp cloth 
Verify lights are functional at each button inside car and outside each landing.
Chris to do ....",12/8/2025
1466,EQ ID 1466,Employee elevator 1 Zone 42,Maintenance,17546,Closed and Completed,0.00,1.00,Max,,0.00,2/11/2026,"Maksim Bushka - 02/20/26  4:48:44 PM: Scheduled Date: 02-03-2026
Parts Needed: NO
Parts Ordered: NO
Expected Delivery Date: N/A
General Notes: Swapped and cleaned",[],Put zone 42 on test  for one hour and go up on the roof remove top hatch with 1/4 driver remove smoke sensor carefully and bring down and clean .After coming down go to the Control panel  silence it while you clean it .,2/3/2026
1466,EQ ID 1466,Employee elevator 1 Zone 42,Maintenance,17887,Closed and Completed,0.00,0.20,Max,,0.00,3/10/2026,"Maksim Bushka - 03/13/26  2:29:11 PM: Scheduled Date: 
Parts Needed: NO
Parts Ordered: NO
Expected Delivery Date: N/A
General Notes: cleaned up ok",[],"Clean door rails 
Clean optical sensors -wipe down with clean damp cloth 
Verify lights are functional at each button inside car and outside each landing.
Chris to do ....",3/9/2026
1466,EQ ID 1466,Employee elevator 1 Zone 42,Maintenance,18530,Closed and Completed,0.00,1.00,Max,,0.00,6/1/2026,"Maksim Bushka - 06/04/26  1:02:11 PM: Scheduled Date: 05/20/2026
Parts Needed: NO
Parts Ordered: NO
Expected Delivery Date: N/A
General Notes: Swapped and cleaned.",[],Put zone 42 on test  for one hour and go up on the roof remove top hatch with 1/4 driver remove smoke sensor carefully and bring down and clean .After coming down go to the Control panel  silence it while you clean it .,5/20/2026
1466,EQ ID 1466,Employee elevator 1 Zone 42,Maintenance,18756,Closed and Completed,0.00,0.30,Max,,0.00,8/3/2026,,[],"Clean door rails 
Clean optical sensors -wipe down with clean damp cloth 
Verify lights are functional at each button inside car and outside each landing.
Chris to do ....",6/13/2026
1467,EQ ID 1467,Maintenance elevator 2 Zone 43,Maintenance,19703,Pending,0.00,0.00,,Technician,0.00,,,[],Put zone 43 on test  for one hour and go up on the roof remove top hatch with 1/4 driver remove smoke sensor carefully and bring down and clean .After coming down go to the Control panel  silence it while you clean it .,9/4/2026
1467,EQ ID 1467,Maintenance elevator 2 Zone 43,Maintenance,895,Closed and Completed,0.00,1.00,mike,,0.00,3/31/2022,Miguel Diaz - 04/06/22 10:24:43 AM: gate is closing properly,[],"Clean door rails 
Clean optical sensors -wipe down with clean damp cloth 
Verify lights are functional at each button inside car and outside each landing.
Chris to do ....",4/18/2022
1467,EQ ID 1467,Maintenance elevator 2 Zone 43,Maintenance,896,Closed and Completed,0.00,1.00,MIKE,,0.00,3/31/2022,Miguel Diaz - 04/06/22 10:23:04 AM: CHECKED ALL BUTTON FOR OPERATION,[],"Go inside the elevator and press the button that says push for help .
It will summon an elevator company to respond  when they respond tell them this is a test and you are Just checking to see the phone is contacting someone  and working  .",4/18/2022
1467,EQ ID 1467,Maintenance elevator 2 Zone 43,Maintenance,897,Closed and Completed,0.00,0.40,mike,,0.00,6/1/2022,"Miguel Diaz - 06/01/22  7:51:28 AM:  Placed fire system on test and climbed to the roof and replaced the smoke alarm for this elevator .
Open dirty smoke alarm and cleaned it for the next swap",[],Put zone 43 on test  for one hour and go up on the roof remove top hatch with 1/4 driver remove smoke sensor carefully and bring down and clean .After coming down go to the Control panel  silence it while you clean it .,6/18/2022
1467,EQ ID 1467,Maintenance elevator 2 Zone 43,Maintenance,2788,Closed and Completed,0.00,0.30,Miguel & Max,,0.00,1/13/2023,Maksim Bushka - 01/13/23  9:46:19 AM: Did PM,[],Put zone 43 on test  for one hour and go up on the roof remove top hatch with 1/4 driver remove smoke sensor carefully and bring down and clean .After coming down go to the Control panel  silence it while you clean it .,1/13/2023
1467,EQ ID 1467,Maintenance elevator 2 Zone 43,Maintenance,3974,Closed and Completed,0.00,0.30,Max,,0.00,4/3/2023,Maksim Bushka - 04/03/23  2:24:46 PM: Removed the smock detector for elevator # 2 cleaned up.,[],Put zone 43 on test  for one hour and go up on the roof remove top hatch with 1/4 driver remove smoke sensor carefully and bring down and clean .After coming down go to the Control panel  silence it while you clean it .,4/13/2023
1467,EQ ID 1467,Maintenance elevator 2 Zone 43,Maintenance,5123,Closed and Completed,0.00,0.20,Max,,0.00,7/5/2023,Maksim Bushka - 07/05/23 10:42:38 AM: Dane ok,[],Put zone 43 on test  for one hour and go up on the roof remove top hatch with 1/4 driver remove smoke sensor carefully and bring down and clean .After coming down go to the Control panel  silence it while you clean it .,7/3/2023
1467,EQ ID 1467,Maintenance elevator 2 Zone 43,Maintenance,6307,Closed and Completed,0.00,1.00,Max,,0.00,10/10/2023,,[],Put zone 43 on test  for one hour and go up on the roof remove top hatch with 1/4 driver remove smoke sensor carefully and bring down and clean .After coming down go to the Control panel  silence it while you clean it .,10/5/2023
1467,EQ ID 1467,Maintenance elevator 2 Zone 43,Maintenance,7571,Closed and Completed,0.00,1.00,Max,,0.00,1/9/2024,,[],Put zone 43 on test  for one hour and go up on the roof remove top hatch with 1/4 driver remove smoke sensor carefully and bring down and clean .After coming down go to the Control panel  silence it while you clean it .,1/10/2024
1467,EQ ID 1467,Maintenance elevator 2 Zone 43,Maintenance,9599,Closed and Completed,0.00,1.00,Max,,0.00,4/9/2024,,[],Put zone 43 on test  for one hour and go up on the roof remove top hatch with 1/4 driver remove smoke sensor carefully and bring down and clean .After coming down go to the Control panel  silence it while you clean it .,4/9/2024
1467,EQ ID 1467,Maintenance elevator 2 Zone 43,Maintenance,11045,Closed and Completed,0.00,1.00,Max,,0.00,7/12/2024,,[],Put zone 43 on test  for one hour and go up on the roof remove top hatch with 1/4 driver remove smoke sensor carefully and bring down and clean .After coming down go to the Control panel  silence it while you clean it .,7/9/2024
1467,EQ ID 1467,Maintenance elevator 2 Zone 43,Maintenance,12367,Closed and Completed,0.00,1.00,Max,,0.00,10/18/2024,,[],Put zone 43 on test  for one hour and go up on the roof remove top hatch with 1/4 driver remove smoke sensor carefully and bring down and clean .After coming down go to the Control panel  silence it while you clean it .,10/12/2024
1467,EQ ID 1467,Maintenance elevator 2 Zone 43,Maintenance,13466,Closed and Completed,0.00,1.00,Max,,0.00,1/20/2025,,[],Put zone 43 on test  for one hour and go up on the roof remove top hatch with 1/4 driver remove smoke sensor carefully and bring down and clean .After coming down go to the Control panel  silence it while you clean it .,1/18/2025
1467,EQ ID 1467,Maintenance elevator 2 Zone 43,Maintenance,14432,Closed and Completed,0.00,1.00,Max,,0.00,4/25/2025,,[],Put zone 43 on test  for one hour and go up on the roof remove top hatch with 1/4 driver remove smoke sensor carefully and bring down and clean .After coming down go to the Control panel  silence it while you clean it .,4/21/2025
1467,EQ ID 1467,Maintenance elevator 2 Zone 43,Maintenance,15519,Closed and Completed,0.00,1.00,Max & Gabriel,,0.00,8/7/2025,,[],Put zone 43 on test  for one hour and go up on the roof remove top hatch with 1/4 driver remove smoke sensor carefully and bring down and clean .After coming down go to the Control panel  silence it while you clean it .,7/28/2025
1467,EQ ID 1467,Maintenance elevator 2 Zone 43,Maintenance,16608,Closed and Completed,0.00,1.00,Max,,0.00,11/3/2025,,[],Put zone 43 on test  for one hour and go up on the roof remove top hatch with 1/4 driver remove smoke sensor carefully and bring down and clean .After coming down go to the Control panel  silence it while you clean it .,11/7/2025
1467,EQ ID 1467,Maintenance elevator 2 Zone 43,Maintenance,17547,Closed and Completed,0.00,1.00,Max,,0.00,2/11/2026,"Maksim Bushka - 02/20/26  4:50:32 PM: Scheduled Date: 02-03-2026
Parts Needed: NO
Parts Ordered: NO
Expected Delivery Date: N/A
General Notes: Swapped and cleaned",[],Put zone 43 on test  for one hour and go up on the roof remove top hatch with 1/4 driver remove smoke sensor carefully and bring down and clean .After coming down go to the Control panel  silence it while you clean it .,2/3/2026
1467,EQ ID 1467,Maintenance elevator 2 Zone 43,Maintenance,18531,Closed and Completed,0.00,1.00,Max,,0.00,6/1/2026,"Maksim Bushka - 06/04/26  1:03:15 PM: Scheduled Date: 05/20/2026
Parts Needed: NO
Parts Ordered: NO
Expected Delivery Date: N/A
General Notes: Swapped and cleaned.",[],Put zone 43 on test  for one hour and go up on the roof remove top hatch with 1/4 driver remove smoke sensor carefully and bring down and clean .After coming down go to the Control panel  silence it while you clean it .,5/20/2026
1468,EQ ID 1468,Emergency eye wash /shower stations,Maintenance,898,Closed and Completed,0.00,2.00,janitors,,0.00,4/4/2022,,[],"Weekly -
Wipe down all nozzles ,basin and paddles .
Operate each paddle and allow water to flush for at least 2 seconds to ensure unit is functional .
Sign off inspection tag .
Chris to do ..",3/25/2022
1468,EQ ID 1468,Emergency eye wash /shower stations,Maintenance,2789,Closed and Completed,0.00,0.30,maint,,0.00,10/20/2022,Miguel Diaz - 10/21/22 11:04:21 AM: done,[],"Weekly -
Wipe down all nozzles ,basin and paddles .
Operate each paddle and allow water to flush for at least 2 seconds to ensure unit is functional .
Sign off inspection tag .
Chris to do ..",10/20/2022
1468,EQ ID 1468,Emergency eye wash /shower stations,Maintenance,2995,Closed and Completed,0.00,0.30,maint dept,,0.00,11/1/2022,Miguel Diaz - 11/07/22  7:32:21 AM: Found that when moving the battery connector lift turns on .Need to call in Raymond tech to replace the battery wire connectors they are worn out .Aligned cord so that it stays on for now till its fixed .,[],"Weekly -
Wipe down all nozzles ,basin and paddles .
Operate each paddle and allow water to flush for at least 2 seconds to ensure unit is functional .
Sign off inspection tag .
Chris to do ..",10/28/2022
1468,EQ ID 1468,Emergency eye wash /shower stations,Maintenance,3130,Closed and Completed,0.00,0.00,,,0.00,11/23/2022,Miguel Diaz - 11/23/22  8:31:03 AM: this is already part of their list,[],"Weekly -
Wipe down all nozzles ,basin and paddles .
Operate each paddle and allow water to flush for at least 2 seconds to ensure unit is functional .
Sign off inspection tag .
Chris to do ..",11/14/2022
1468,EQ ID 1468,Emergency eye wash /shower stations,Maintenance,3335,Closed and Completed,0.00,0.00,,,0.00,11/23/2022,Miguel Diaz - 11/23/22  8:32:28 AM: done,[],"Weekly -
Wipe down all nozzles ,basin and paddles .
Operate each paddle and allow water to flush for at least 2 seconds to ensure unit is functional .
Sign off inspection tag .
Chris to do ..",11/30/2022
1468,EQ ID 1468,Emergency eye wash /shower stations,Maintenance,3340,Closed and Completed,0.00,0.00,maint,,0.00,11/29/2022,Miguel Diaz - 12/01/22  8:19:34 AM: done,[],"Weekly -
Wipe down all nozzles ,basin and paddles .
Operate each paddle and allow water to flush for at least 2 seconds to ensure unit is functional .
Sign off inspection tag .
Chris to do ..",11/30/2022
1468,EQ ID 1468,Emergency eye wash /shower stations,Maintenance,3389,Closed and Completed,0.00,0.00,md,,0.00,12/20/2022,,[],"Weekly -
Wipe down all nozzles ,basin and paddles .
Operate each paddle and allow water to flush for at least 2 seconds to ensure unit is functional .
Sign off inspection tag .
Chris to do ..",1/1/2023
1468,EQ ID 1468,Emergency eye wash /shower stations,Maintenance,3732,Closed and Completed,0.00,0.00,md,,0.00,1/12/2023,Miguel Diaz - 01/12/23  1:14:40 PM: checked all found no ponding all connections are in place found none loose or flapping in the wind,[],"Weekly -
Wipe down all nozzles ,basin and paddles .
Operate each paddle and allow water to flush for at least 2 seconds to ensure unit is functional .
Sign off inspection tag .
Chris to do ..",1/27/2023
1468,EQ ID 1468,Emergency eye wash /shower stations,Maintenance,3941,Closed and Completed,0.00,0.20,Miguel & Max,,0.00,2/14/2023,Maksim Bushka - 02/14/23  8:28:25 AM: Check up the stations operate and clean up,[],"Weekly -
Wipe down all nozzles ,basin and paddles .
Operate each paddle and allow water to flush for at least 2 seconds to ensure unit is functional .
Sign off inspection tag .
Chris to do ..",2/12/2023
1468,EQ ID 1468,Emergency eye wash /shower stations,Maintenance,4389,Closed and Completed,0.00,0.00,md,,0.00,3/15/2023,Miguel Diaz - 03/15/23 11:12:47 AM: Checked that all solenoid valves are activating all are working properly,[],"Weekly -
Wipe down all nozzles ,basin and paddles .
Operate each paddle and allow water to flush for at least 2 seconds to ensure unit is functional .
Sign off inspection tag .
Chris to do ..",3/14/2023
1468,EQ ID 1468,Emergency eye wash /shower stations,Maintenance,4828,Closed and Completed,0.00,0.00,Max,,0.00,5/1/2023,,[],"Weekly -
Wipe down all nozzles ,basin and paddles .
Operate each paddle and allow water to flush for at least 2 seconds to ensure unit is functional .
Sign off inspection tag .
Chris to do ..",4/15/2023
1468,EQ ID 1468,Emergency eye wash /shower stations,Maintenance,5510,Closed and Completed,0.00,0.00,Max,,0.00,6/5/2023,Maksim Bushka - 06/05/23 11:14:11 AM: Removed graphite's on the emergency exit stairway east side.,[],"Weekly -
Wipe down all nozzles ,basin and paddles .
Operate each paddle and allow water to flush for at least 2 seconds to ensure unit is functional .
Sign off inspection tag .
Chris to do ..",6/2/2023
1468,EQ ID 1468,Emergency eye wash /shower stations,Maintenance,5892,Closed and Completed,0.00,0.00,Max,,0.00,7/7/2023,,[],"Weekly -
Wipe down all nozzles ,basin and paddles .
Operate each paddle and allow water to flush for at least 2 seconds to ensure unit is functional .
Sign off inspection tag .
Chris to do ..",7/5/2023
1468,EQ ID 1468,Emergency eye wash /shower stations,Maintenance,6352,Closed and Completed,0.00,0.30,max,,0.00,8/7/2023,Miguel Diaz - 08/14/23  7:52:43 AM: added wd-40,[],"Weekly -
Wipe down all nozzles ,basin and paddles .
Operate each paddle and allow water to flush for at least 2 seconds to ensure unit is functional .
Sign off inspection tag .
Chris to do ..",8/7/2023
1468,EQ ID 1468,Emergency eye wash /shower stations,Maintenance,6826,Closed and Completed,0.00,0.00,Max,,0.00,9/20/2023,,[],"Weekly -
Wipe down all nozzles ,basin and paddles .
Operate each paddle and allow water to flush for at least 2 seconds to ensure unit is functional .
Sign off inspection tag .
Chris to do ..",9/14/2023
1468,EQ ID 1468,Emergency eye wash /shower stations,Maintenance,7306,Closed and Completed,0.00,0.00,Max,,0.00,10/23/2023,,[],"Weekly -
Wipe down all nozzles ,basin and paddles .
Operate each paddle and allow water to flush for at least 2 seconds to ensure unit is functional .
Sign off inspection tag .
Chris to do ..",10/20/2023
1468,EQ ID 1468,Emergency eye wash /shower stations,Maintenance,7764,Closed and Completed,0.00,0.30,Max,,0.00,11/27/2023,Maksim Bushka - 11/27/23  8:57:56 AM: Replaced the front low wheal on stalker # 19,[],"Weekly -
Wipe down all nozzles ,basin and paddles .
Operate each paddle and allow water to flush for at least 2 seconds to ensure unit is functional .
Sign off inspection tag .
Chris to do ..",11/23/2023
1468,EQ ID 1468,Emergency eye wash /shower stations,Maintenance,8124,Closed and Completed,0.00,0.20,Max,,0.00,12/29/2023,,[],"Weekly -
Wipe down all nozzles ,basin and paddles .
Operate each paddle and allow water to flush for at least 2 seconds to ensure unit is functional .
Sign off inspection tag .
Chris to do ..",12/27/2023
1468,EQ ID 1468,Emergency eye wash /shower stations,Maintenance,9493,Closed and Completed,0.00,0.20,Max,,0.00,1/31/2024,,[],"Weekly -
Wipe down all nozzles ,basin and paddles .
Operate each paddle and allow water to flush for at least 2 seconds to ensure unit is functional .
Sign off inspection tag .
Chris to do ..",1/29/2024
1468,EQ ID 1468,Emergency eye wash /shower stations,Maintenance,10184,Closed and Completed,0.00,0.20,Max,,0.00,3/1/2024,,[],"Weekly -
Wipe down all nozzles ,basin and paddles .
Operate each paddle and allow water to flush for at least 2 seconds to ensure unit is functional .
Sign off inspection tag .
Chris to do ..",2/29/2024
1468,EQ ID 1468,Emergency eye wash /shower stations,Maintenance,10601,Closed and Completed,0.00,0.20,Max,,0.00,4/1/2024,,[],"Weekly -
Wipe down all nozzles ,basin and paddles .
Operate each paddle and allow water to flush for at least 2 seconds to ensure unit is functional .
Sign off inspection tag .
Chris to do ..",4/1/2024
1468,EQ ID 1468,Emergency eye wash /shower stations,Maintenance,10878,Closed and Completed,0.00,0.20,Max,,0.00,4/30/2024,,[],"Weekly -
Wipe down all nozzles ,basin and paddles .
Operate each paddle and allow water to flush for at least 2 seconds to ensure unit is functional .
Sign off inspection tag .
Chris to do ..",5/1/2024
1468,EQ ID 1468,Emergency eye wash /shower stations,Maintenance,11477,Closed and Completed,0.00,0.00,Max,,0.00,5/22/2024,,[],"Weekly -
Wipe down all nozzles ,basin and paddles .
Operate each paddle and allow water to flush for at least 2 seconds to ensure unit is functional .
Sign off inspection tag .
Chris to do ..",5/30/2024
1468,EQ ID 1468,Emergency eye wash /shower stations,Maintenance,11909,Closed and Completed,0.00,0.00,Max,,0.00,7/11/2024,,[],"Weekly -
Wipe down all nozzles ,basin and paddles .
Operate each paddle and allow water to flush for at least 2 seconds to ensure unit is functional .
Sign off inspection tag .
Chris to do ..",6/30/2024
1468,EQ ID 1468,Emergency eye wash /shower stations,Maintenance,12358,Closed and Completed,0.00,0.30,Max,,0.00,8/6/2024,,[],"Weekly -
Wipe down all nozzles ,basin and paddles .
Operate each paddle and allow water to flush for at least 2 seconds to ensure unit is functional .
Sign off inspection tag .
Chris to do ..",8/11/2024
1468,EQ ID 1468,Emergency eye wash /shower stations,Maintenance,12680,Closed and Completed,0.00,0.20,Max,,0.00,9/10/2024,,[],"Weekly -
Wipe down all nozzles ,basin and paddles .
Operate each paddle and allow water to flush for at least 2 seconds to ensure unit is functional .
Sign off inspection tag .
Chris to do ..",9/6/2024
1468,EQ ID 1468,Emergency eye wash /shower stations,Maintenance,13021,Closed and Completed,0.00,0.20,Max,,0.00,10/9/2024,,[],"Weekly -
Wipe down all nozzles ,basin and paddles .
Operate each paddle and allow water to flush for at least 2 seconds to ensure unit is functional .
Sign off inspection tag .
Chris to do ..",10/10/2024
1468,EQ ID 1468,Emergency eye wash /shower stations,Maintenance,13404,Closed and Completed,0.00,0.20,Max,,0.00,11/20/2024,,[],"Weekly -
Wipe down all nozzles ,basin and paddles .
Operate each paddle and allow water to flush for at least 2 seconds to ensure unit is functional .
Sign off inspection tag .
Chris to do ..",11/14/2024
1468,EQ ID 1468,Emergency eye wash /shower stations,Maintenance,13873,Closed and Completed,0.00,0.00,Max,,0.00,12/12/2024,,[],"Weekly -
Wipe down all nozzles ,basin and paddles .
Operate each paddle and allow water to flush for at least 2 seconds to ensure unit is functional .
Sign off inspection tag .
Chris to do ..",12/20/2024
1468,EQ ID 1468,Emergency eye wash /shower stations,Maintenance,14073,Closed and Completed,0.00,0.20,Max,,0.00,12/31/2024,,[],"Weekly -
Wipe down all nozzles ,basin and paddles .
Operate each paddle and allow water to flush for at least 2 seconds to ensure unit is functional .
Sign off inspection tag .
Chris to do ..",1/12/2025
1468,EQ ID 1468,Emergency eye wash /shower stations,Maintenance,14233,Closed and Completed,0.00,0.30,Max,,0.00,1/13/2025,,[],"Weekly -
Wipe down all nozzles ,basin and paddles .
Operate each paddle and allow water to flush for at least 2 seconds to ensure unit is functional .
Sign off inspection tag .
Chris to do ..",2/2/2025
1468,EQ ID 1468,Emergency eye wash /shower stations,Maintenance,14334,Closed and Completed,0.00,0.30,Max,,0.00,2/14/2025,,[],"Weekly -
Wipe down all nozzles ,basin and paddles .
Operate each paddle and allow water to flush for at least 2 seconds to ensure unit is functional .
Sign off inspection tag .
Chris to do ..",2/13/2025
1468,EQ ID 1468,Emergency eye wash /shower stations,Maintenance,14691,Closed and Completed,0.00,0.30,Max,,0.00,3/18/2025,,[],"Weekly -
Wipe down all nozzles ,basin and paddles .
Operate each paddle and allow water to flush for at least 2 seconds to ensure unit is functional .
Sign off inspection tag .
Chris to do ..",3/14/2025
1468,EQ ID 1468,Emergency eye wash /shower stations,Maintenance,15092,Closed and Completed,0.00,0.30,Max,,0.00,4/17/2025,Maksim Bushka - 04/23/25  7:17:24 PM: Replaced all 3 filters.,[],"Weekly -
Wipe down all nozzles ,basin and paddles .
Operate each paddle and allow water to flush for at least 2 seconds to ensure unit is functional .
Sign off inspection tag .
Chris to do ..",4/18/2025
1468,EQ ID 1468,Emergency eye wash /shower stations,Maintenance,15485,Closed and Completed,0.00,0.30,Max,,0.00,5/29/2025,,[],"Weekly -
Wipe down all nozzles ,basin and paddles .
Operate each paddle and allow water to flush for at least 2 seconds to ensure unit is functional .
Sign off inspection tag .
Chris to do ..",5/23/2025
1468,EQ ID 1468,Emergency eye wash /shower stations,Maintenance,15895,Closed and Completed,0.00,1.00,Max,,0.00,6/25/2025,,[],"Weekly -
Wipe down all nozzles ,basin and paddles .
Operate each paddle and allow water to flush for at least 2 seconds to ensure unit is functional .
Sign off inspection tag .
Chris to do ..",6/29/2025
1468,EQ ID 1468,Emergency eye wash /shower stations,Maintenance,16229,Closed and Completed,0.00,0.20,Max,,0.00,7/22/2025,,[],"Weekly -
Wipe down all nozzles ,basin and paddles .
Operate each paddle and allow water to flush for at least 2 seconds to ensure unit is functional .
Sign off inspection tag .
Chris to do ..",7/25/2025
1468,EQ ID 1468,Emergency eye wash /shower stations,Maintenance,16462,Closed and Completed,0.00,0.30,Max,,0.00,8/13/2025,,[],"Weekly -
Wipe down all nozzles ,basin and paddles .
Operate each paddle and allow water to flush for at least 2 seconds to ensure unit is functional .
Sign off inspection tag .
Chris to do ..",8/22/2025
1468,EQ ID 1468,Emergency eye wash /shower stations,Maintenance,16692,Closed and Completed,0.00,0.30,Max,,0.00,9/8/2025,,[],"Weekly -
Wipe down all nozzles ,basin and paddles .
Operate each paddle and allow water to flush for at least 2 seconds to ensure unit is functional .
Sign off inspection tag .
Chris to do ..",9/14/2025
1468,EQ ID 1468,Emergency eye wash /shower stations,Maintenance,16933,Closed and Completed,0.00,0.30,Max,,0.00,10/7/2025,,[],"Weekly -
Wipe down all nozzles ,basin and paddles .
Operate each paddle and allow water to flush for at least 2 seconds to ensure unit is functional .
Sign off inspection tag .
Chris to do ..",10/8/2025
1468,EQ ID 1468,Emergency eye wash /shower stations,Maintenance,17183,Closed and Completed,0.00,0.20,Max,,0.00,11/11/2025,,[],"Weekly -
Wipe down all nozzles ,basin and paddles .
Operate each paddle and allow water to flush for at least 2 seconds to ensure unit is functional .
Sign off inspection tag .
Chris to do ..",11/7/2025
1468,EQ ID 1468,Emergency eye wash /shower stations,Maintenance,17642,Closed and Completed,0.00,0.20,Max,,0.00,12/12/2025,,[],"Weekly -
Wipe down all nozzles ,basin and paddles .
Operate each paddle and allow water to flush for at least 2 seconds to ensure unit is functional .
Sign off inspection tag .
Chris to do ..",12/11/2025
1468,EQ ID 1468,Emergency eye wash /shower stations,Maintenance,17949,Closed and Completed,0.00,0.50,Max,,0.00,1/15/2026,"Maksim Bushka - 01/24/26  9:05:54 AM: Scheduled Date: 01-16-26
Parts Needed: NO
Parts Ordered: NO
Expected Delivery Date: N/A
General Notes: Cline up all stations",[],"Weekly -
Wipe down all nozzles ,basin and paddles .
Operate each paddle and allow water to flush for at least 2 seconds to ensure unit is functional .
Sign off inspection tag .
Chris to do ..",1/15/2026
1468,EQ ID 1468,Emergency eye wash /shower stations,Maintenance,18288,Closed and Completed,0.00,0.30,Max,,0.00,3/2/2026,"Maksim Bushka - 03/03/26  2:12:32 PM: Scheduled Date: 02-24-2026
Parts Needed: NO
Parts Ordered: NO
Expected Delivery Date: N/A
General Notes: Cleaned up and operated",[],"Weekly -
Wipe down all nozzles ,basin and paddles .
Operate each paddle and allow water to flush for at least 2 seconds to ensure unit is functional .
Sign off inspection tag .
Chris to do ..",2/24/2026
1468,EQ ID 1468,Emergency eye wash /shower stations,Maintenance,18641,Closed and Completed,0.00,0.20,Max,,0.00,4/6/2026,"Maksim Bushka - 04/09/26 12:54:34 PM: Scheduled Date: 04/03/2026
Parts Needed: NO
Parts Ordered: NO
Expected Delivery Date: N/A
General Notes: Maintenance performed",[],"Weekly -
Wipe down all nozzles ,basin and paddles .
Operate each paddle and allow water to flush for at least 2 seconds to ensure unit is functional .
Sign off inspection tag .
Chris to do ..",4/3/2026
1468,EQ ID 1468,Emergency eye wash /shower stations,Maintenance,19045,Closed and Completed,0.00,0.20,Max,,0.00,5/7/2026,"Maksim Bushka - 05/07/26 12:58:55 PM: Scheduled Date: 05/09/2026
Parts Needed: NO
Parts Ordered: NO
Expected Delivery Date: N/A
General Notes: Checked up and noted the 1 1/2 union is leaking on emergency eye wash and will be fixed on Saturday.",[],"Weekly -
Wipe down all nozzles ,basin and paddles .
Operate each paddle and allow water to flush for at least 2 seconds to ensure unit is functional .
Sign off inspection tag .
Chris to do ..",5/9/2026
1468,EQ ID 1468,Emergency eye wash /shower stations,Maintenance,19343,Closed and Completed,0.00,0.20,Max,,0.00,6/16/2026,,[],"Weekly -
Wipe down all nozzles ,basin and paddles .
Operate each paddle and allow water to flush for at least 2 seconds to ensure unit is functional .
Sign off inspection tag .
Chris to do ..",6/7/2026
1468,EQ ID 1468,Emergency eye wash /shower stations,Maintenance,19887,Closed and Completed,0.00,0.30,Max,,0.00,8/10/2026,,[],"Weekly -
Wipe down all nozzles ,basin and paddles .
Operate each paddle and allow water to flush for at least 2 seconds to ensure unit is functional .
Sign off inspection tag .
Chris to do ..",7/17/2026
73,EQ ID 73,"FRL - Filter, Regulator, Lubricator",Maintenance,53,Closed and Completed,0.00,1.00,Mike,,0.00,4/6/2022,Miguel Diaz - 04/06/22 10:25:28 AM: all air regulator have oil in them and are working properly,[],Fill all department FRL's,4/18/2022
73,EQ ID 73,"FRL - Filter, Regulator, Lubricator",Maintenance,2613,Closed and Completed,0.00,0.80,md,,0.00,9/26/2022,Miguel Diaz - 11/07/22  7:34:00 AM: checked all regulators,[],Fill all department FRL's,11/13/2022
73,EQ ID 73,"FRL - Filter, Regulator, Lubricator",Maintenance,3135,Closed and Completed,0.00,0.00,md,,0.00,12/1/2022,Miguel Diaz - 12/01/22  8:19:10 AM: done,[],Fill all department FRL's,12/7/2022
73,EQ ID 73,"FRL - Filter, Regulator, Lubricator",Maintenance,3388,Closed and Completed,0.00,0.00,MD,,0.00,1/17/2023,,[],Fill all department FRL's,2/1/2023
73,EQ ID 73,"FRL - Filter, Regulator, Lubricator",Maintenance,4015,Closed and Completed,0.00,0.00,md,,0.00,3/6/2023,Miguel Diaz - 03/06/23 10:23:20 AM: all regulators have oil,[],Fill all department FRL's,3/17/2023
73,EQ ID 73,"FRL - Filter, Regulator, Lubricator",Maintenance,4656,Closed and Completed,0.00,0.50,md,,0.00,4/15/2023,Miguel Diaz - 04/17/23  7:01:01 AM: checked regulators all are working properly,[],Fill all department FRL's,5/6/2023
73,EQ ID 73,"FRL - Filter, Regulator, Lubricator",Maintenance,5376,Closed without Action,0.00,0.00,,,0.00,6/14/2023,,[],Fill all department FRL's,6/20/2023
73,EQ ID 73,"FRL - Filter, Regulator, Lubricator",Maintenance,6032,Closed and Completed,0.00,0.00,maint,,0.00,8/3/2023,Miguel Diaz - 08/03/23  6:55:51 AM: all regulators have been checked,[],Fill all department FRL's,8/14/2023
73,EQ ID 73,"FRL - Filter, Regulator, Lubricator",Maintenance,6707,Closed and Completed,0.00,0.00,Max,,0.00,10/2/2023,,[],Fill all department FRL's,10/3/2023
73,EQ ID 73,"FRL - Filter, Regulator, Lubricator",Maintenance,7437,Closed and Completed,0.00,0.10,Miked,,0.00,12/8/2023,Miguel Diaz - 12/08/23  7:44:51 AM: lubed rotary valve with air lube,[],Fill all department FRL's,12/2/2023
73,EQ ID 73,"FRL - Filter, Regulator, Lubricator",Maintenance,9277,Closed and Completed,0.00,0.30,md,,0.00,2/7/2024,Miguel Diaz - 02/08/24  8:48:24 AM: all are at good levels,[],Fill all department FRL's,2/8/2024
73,EQ ID 73,"FRL - Filter, Regulator, Lubricator",Maintenance,10267,Closed and Completed,0.00,0.00,md,,0.00,4/8/2024,Miguel Diaz - 04/08/24 11:48:11 AM: Replaced all three bulbs,[],Fill all department FRL's,4/8/2024
73,EQ ID 73,"FRL - Filter, Regulator, Lubricator",Maintenance,10982,Closed and Completed,0.00,0.00,maint,,0.00,6/12/2024,Miguel Diaz - 06/12/24 10:43:32 AM: done checked unit s,[],Fill all department FRL's,6/8/2024
1336,EQ ID 1336,Gate by south east side of shipping,Maintenance,840,Closed and Completed,0.00,1.00,mike,,0.00,4/6/2022,Miguel Diaz - 04/06/22 10:26:10 AM: unit is working properly,[],"Chris to do....
Gate - Hart street 
Gate -Tujunga south 
Gate -Tujunga north 
Gate  roll up -Parking south 
Gate roll up -parking north 
Door roll up -TPF exterior 
Door roll up -Assembly /TPF
Door roll up -Assembly/warehouse
Door roll up -TPF /warehouse
All above visually inspect optical sensors for debris/ wipe down with clean damp towel .Open cabinet to access motor and blow out using compressed air (for exterior gates only ,safety glasses required.)",4/18/2022
1336,EQ ID 1336,Gate by south east side of shipping,Maintenance,841,Closed and Completed,0.00,0.40,Mike bart,,0.00,5/31/2022,Miguel Diaz - 05/31/22  8:35:57 AM: sprayed all moving areas with wd-40 cannot grease nipples are smalls grease falls out Bart cleaned the box,[],"Grease the gate swing arms 
Total of four nipples",6/18/2022
1336,EQ ID 1336,Gate by south east side of shipping,Maintenance,2770,Closed and Completed,10.00,0.30,Max,,0.00,1/13/2023,Maksim Bushka - 01/13/23  9:41:56 AM: Did PM,[],"Grease the gate swing arms 
Total of four nipples",1/13/2023
1336,EQ ID 1336,Gate by south east side of shipping,Maintenance,3970,Closed and Completed,10.00,0.30,Max,,0.00,3/30/2023,Maksim Bushka - 03/30/23 11:13:59 AM: Greased the gate arms.,[],"Grease the gate swing arms 
Total of four nipples",4/13/2023
1336,EQ ID 1336,Gate by south east side of shipping,Maintenance,3971,Closed and Completed,10.00,0.20,Max,,0.00,3/30/2023,Maksim Bushka - 03/30/23 11:15:42 AM: Greased the gate swing arms.,[],"Grease the gate swing arms 
Total of four nipples",4/13/2023
1336,EQ ID 1336,Gate by south east side of shipping,Maintenance,5081,Closed and Completed,0.00,0.30,Max,,0.00,6/26/2023,Maksim Bushka - 06/26/23  9:58:14 AM: Clean up and grease.,[],"Grease the gate swing arms 
Total of four nipples",6/30/2023
1336,EQ ID 1336,Gate by south east side of shipping,Maintenance,5082,Closed and Completed,0.00,0.30,Max,,0.00,6/26/2023,Maksim Bushka - 06/26/23  9:59:17 AM: Clean up and grease.,[],"Grease the gate swing arms 
Total of four nipples",6/30/2023
1336,EQ ID 1336,Gate by south east side of shipping,Maintenance,6219,Closed and Completed,0.00,0.20,Max,,0.00,9/25/2023,,[],"Grease the gate swing arms 
Total of four nipples",9/26/2023
1336,EQ ID 1336,Gate by south east side of shipping,Maintenance,6220,Closed and Completed,0.00,0.20,Max,,0.00,9/25/2023,,[],"Grease the gate swing arms 
Total of four nipples",9/26/2023
1336,EQ ID 1336,Gate by south east side of shipping,Maintenance,7340,Closed and Completed,0.00,0.00,Max,,0.00,12/19/2023,,[],"Grease the gate swing arms 
Total of four nipples",12/25/2023
1336,EQ ID 1336,Gate by south east side of shipping,Maintenance,7341,Closed and Completed,0.00,0.20,Max,,0.00,12/19/2023,,[],"Grease the gate swing arms 
Total of four nipples",12/25/2023
1336,EQ ID 1336,Gate by south east side of shipping,Maintenance,9440,Closed and Completed,0.20,1.00,Max,,0.00,3/14/2024,,[],"Grease the gate swing arms 
Total of four nipples",3/21/2024
1336,EQ ID 1336,Gate by south east side of shipping,Maintenance,9441,Closed and Completed,0.00,0.00,Max,,0.00,3/14/2024,,[],"Grease the gate swing arms 
Total of four nipples",3/21/2024
1336,EQ ID 1336,Gate by south east side of shipping,Maintenance,10852,Closed and Completed,0.00,0.30,Max,,0.00,6/26/2024,,[],"Grease the gate swing arms 
Total of four nipples",6/28/2024
1336,EQ ID 1336,Gate by south east side of shipping,Maintenance,10851,Closed and Completed,0.00,0.30,Max,,0.00,6/26/2024,,[],"Grease the gate swing arms 
Total of four nipples",6/28/2024
1336,EQ ID 1336,Gate by south east side of shipping,Maintenance,12237,Closed and Completed,0.00,1.00,Max,,0.00,9/30/2024,,[],"Grease the gate swing arms 
Total of four nipples",9/26/2024
1336,EQ ID 1336,Gate by south east side of shipping,Maintenance,12238,Closed and Completed,0.00,1.00,Max,,0.00,9/30/2024,,[],"Grease the gate swing arms 
Total of four nipples",9/26/2024
1336,EQ ID 1336,Gate by south east side of shipping,Maintenance,13226,Closed and Completed,0.00,1.00,Max,,0.00,1/2/2025,,[],"Grease the gate swing arms 
Total of four nipples",12/30/2024
1336,EQ ID 1336,Gate by south east side of shipping,Maintenance,13227,Closed and Completed,0.00,1.00,Max,,0.00,1/2/2025,,[],"Grease the gate swing arms 
Total of four nipples",12/30/2024
1336,EQ ID 1336,Gate by south east side of shipping,Maintenance,14226,Closed and Completed,0.00,0.00,Max,,0.00,4/2/2025,,[],"Grease the gate swing arms 
Total of four nipples",4/2/2025
1336,EQ ID 1336,Gate by south east side of shipping,Maintenance,14227,Closed and Completed,0.00,0.30,Max,,0.00,4/2/2025,,[],"Grease the gate swing arms 
Total of four nipples",4/2/2025
1336,EQ ID 1336,Gate by south east side of shipping,Maintenance,15261,Closed and Completed,0.00,1.00,Max,,0.00,7/9/2025,,[],"Grease the gate swing arms 
Total of four nipples",7/2/2025
1336,EQ ID 1336,Gate by south east side of shipping,Maintenance,15262,Closed and Completed,0.00,1.00,Max,,0.00,7/9/2025,,[],"Grease the gate swing arms 
Total of four nipples",7/2/2025
1336,EQ ID 1336,Gate by south east side of shipping,Maintenance,16407,Closed and Completed,0.00,0.30,Max,,0.00,10/3/2025,,[],"Grease the gate swing arms 
Total of four nipples",10/15/2025
1336,EQ ID 1336,Gate by south east side of shipping,Maintenance,16408,Closed and Completed,0.00,0.30,Max,,0.00,10/3/2025,,[],"Grease the gate swing arms 
Total of four nipples",10/15/2025
1336,EQ ID 1336,Gate by south east side of shipping,Maintenance,17188,Closed and Completed,0.00,1.00,Max,,0.00,1/7/2026,"Maksim Bushka - 01/24/26  8:57:33 AM: Scheduled Date: 01-07-26
Parts Needed: NO
Parts Ordered: NO
Expected Delivery Date: N/A
General Notes: Checked up and lubed",[],"Grease the gate swing arms 
Total of four nipples",1/7/2026
1336,EQ ID 1336,Gate by south east side of shipping,Maintenance,17187,Closed and Completed,0.00,1.00,Max,,0.00,1/7/2026,"Maksim Bushka - 01/24/26  8:56:04 AM: Scheduled Date: 01-07-2026
Parts Needed: NO
Parts Ordered: NO
Expected Delivery Date: N/A
General Notes: Checked up and lubed",[],"Grease the gate swing arms 
Total of four nipples",1/7/2026
1336,EQ ID 1336,Gate by south east side of shipping,Maintenance,18283,Closed and Completed,0.00,0.20,Max,,0.00,4/16/2026,Maksim Bushka - 04/29/26  7:44:58 PM: Checked up and lubed,[],"Grease the gate swing arms 
Total of four nipples",4/24/2026
1336,EQ ID 1336,Gate by south east side of shipping,Maintenance,18284,Closed and Completed,0.00,0.30,Max,,0.00,5/1/2026,"Maksim Bushka - 05/05/26  2:16:59 PM: Scheduled Date: 04/24/2026
Parts Needed: NO
Parts Ordered: NO
Expected Delivery Date: N/A   Lubed ok",[],"Grease the gate swing arms 
Total of four nipples",4/24/2026
1336,EQ ID 1336,Gate by south east side of shipping,Maintenance,19257,Closed and Completed,0.00,0.20,Max,,0.00,8/4/2026,,[],"Grease the gate swing arms 
Total of four nipples",7/29/2026
1336,EQ ID 1336,Gate by south east side of shipping,Maintenance,19309,Closed and Completed,0.00,0.35,PU,,0.00,8/5/2026,Primo Uy - 08/06/26 10:00:27 AM: Done. Clean the control box as well and sorounding.,[],"Grease the gate swing arms 
Total of four nipples",8/5/2026
1360,EQ ID 1360,Hot loop building central plant,Maintenance,854,Closed and Completed,0.00,1.00,Acco tech,,0.00,9/6/2022,Miguel Diaz - 09/15/22  6:30:05 AM: Acco did stop by and added a special oil t the water hot loop line,[],Hot loop treatment by ACCO  Every 6 months,9/18/2022
1360,EQ ID 1360,Hot loop building central plant,Maintenance,2872,Closed and Completed,0.00,0.50,ACCO,,0.00,4/13/2023,Miguel Diaz - 06/13/23  1:37:09 PM: no procedure is in place,[],Hot loop treatment by ACCO  Every 6 months,4/13/2023
1360,EQ ID 1360,Hot loop building central plant,Maintenance,5961,Closed and Completed,0.00,1.00,Max,,0.00,10/10/2023,,[],"Check boiler for proper operation 
Remove air filter and wash with water  make sure to air dry  good it cannot go back in WET .
Check the temp and report any findings .",10/9/2023
1360,EQ ID 1360,Hot loop building central plant,Maintenance,6018,Closed and Completed,0.00,0.00,acco,,0.00,12/4/2023,Miguel Diaz - 01/09/24  8:32:24 AM: gate is closing properly,[],Hot loop treatment by ACCO  Every 6 months,12/13/2023
1360,EQ ID 1360,Hot loop building central plant,Maintenance,9578,Closed and Completed,0.00,0.00,md,,0.00,7/15/2024,Miguel Diaz - 07/15/24  8:00:15 AM: acco to do this closing reminder,[],Hot loop treatment by ACCO  Every 6 months,7/9/2024
1360,EQ ID 1360,Hot loop building central plant,Maintenance,12393,Closed and Completed,0.00,1.50,Acco tech,,0.00,2/28/2025,Miguel Diaz - 03/03/25 10:56:36 AM: ACCO Came by and did the hot loop treatment they added 1 gallon of juice .,[],Hot loop treatment by ACCO  Every 6 months,1/15/2025
1360,EQ ID 1360,Hot loop building central plant,Maintenance,14921,Closed and Completed,0.00,0.00,Acco,,0.00,8/21/2025,Sean Jennings - 12/30/25 10:17:34 AM: Work completed by Acco on 8/21.,[],Hot loop treatment by ACCO  Every 6 months,9/3/2025
1360,EQ ID 1360,Hot loop building central plant,Maintenance,18041,Closed and Completed,0.00,1.00,Acco,,0.00,4/29/2026,Sean Jennings - 08/07/26  1:00:23 PM: Work completed by Acco.,[],Hot loop treatment by ACCO  Every 6 months,6/30/2026
1376,EQ ID 1376,AC units on the roof,Maintenance,866,Closed and Completed,0.00,4.00,Chris from acco,,0.00,6/22/2022,Miguel Diaz - 06/28/22  1:55:53 PM: acco just replaced all AC filters on the roof and server room,[],Acco to replace all AC filters up on the roof quarterly,6/18/2022
1376,EQ ID 1376,AC units on the roof,Maintenance,2773,Closed and Completed,0.00,0.00,acco tech,,0.00,1/6/2023,Miguel Diaz - 12/29/22  1:36:27 PM: not safe to do so also last time we cleaned them it was worse than before,[],Acco to replace all AC filters up on the roof quarterly,1/13/2023
1376,EQ ID 1376,AC units on the roof,Maintenance,3773,Closed and Completed,0.00,0.00,Chris from acco,,0.00,3/22/2023,Miguel Diaz - 03/22/23  1:41:20 PM: ACCOis scheduled to replace the filters this Friday 3-22-23,[],Acco to replace all AC filters up on the roof quarterly,3/29/2023
1376,EQ ID 1376,AC units on the roof,Maintenance,4973,Closed and Completed,0.00,0.00,ACCO,,0.00,6/23/2023,Miguel Diaz - 07/29/23  8:56:51 AM: REPLACED TRIM CUTTERS BOTH WITH NEW SET,[],Acco to replace all AC filters up on the roof quarterly,6/22/2023
1376,EQ ID 1376,AC units on the roof,Maintenance,6650,Closed and Completed,0.00,4.00,acco,,0.00,10/11/2023,,[],Acco to replace all AC filters up on the roof quarterly,10/29/2023
1376,EQ ID 1376,AC units on the roof,Maintenance,7834,Closed and Completed,0.00,4.00,acco,,0.00,1/30/2024,Miguel Diaz - 02/06/24 11:18:18 AM: not needed at this time,[],Acco to replace all AC filters up on the roof quarterly,1/30/2024
1376,EQ ID 1376,AC units on the roof,Maintenance,10239,Closed without Action,0.00,0.00,md,,0.00,5/31/2024,,[],Acco to replace all AC filters up on the roof quarterly,5/6/2024
1376,EQ ID 1376,AC units on the roof,Maintenance,11921,Closed and Completed,0.00,0.00,Acco,,0.00,8/9/2024,Miguel Diaz - 08/28/24  7:31:34 AM: Filters have been replaced,[],Acco to replace all AC filters up on the roof quarterly,9/3/2024
1376,EQ ID 1376,AC units on the roof,Maintenance,12896,Closed and Completed,0.00,0.00,md,,0.00,12/2/2024,,[],Acco to replace all AC filters up on the roof quarterly,11/28/2024
1376,EQ ID 1376,AC units on the roof,Maintenance,13941,Closed and Completed,0.00,0.00,ACCO,,0.00,4/23/2025,,[],Acco to replace all AC filters up on the roof quarterly,3/2/2025
1376,EQ ID 1376,AC units on the roof,Maintenance,15553,Closed without Action,0.00,0.00,ACCO,,0.00,8/5/2025,Maksim Bushka - 08/18/25  6:36:40 PM: ACCO already replaced the filters,[],Acco to replace all AC filters up on the roof quarterly,7/30/2025
1376,EQ ID 1376,AC units on the roof,Maintenance,16719,Closed and Completed,0.00,0.00,Acco,,0.00,12/15/2025,Sean Jennings - 12/30/25 10:25:08 AM: Work started on 12/10 and completed on 12/15.,[],Acco to replace all AC filters up on the roof quarterly,11/18/2025
1376,EQ ID 1376,AC units on the roof,Maintenance,18043,Closed and Completed,0.00,0.00,ACCO,,0.00,3/30/2026,Maksim Bushka - 03/31/26  3:53:23 PM: Replaced ok,[],Acco to replace all AC filters up on the roof quarterly,3/30/2026
1376,EQ ID 1376,AC units on the roof,Maintenance,18940,Closed and Completed,0.00,2.00,ACCO,,0.00,7/15/2026,,[],Acco to replace all AC filters up on the roof quarterly,6/30/2026
1384,EQ ID 1384,"A/C Unit for Electrical room, parking structure",Maintenance,868,Closed and Completed,0.00,0.50,md,,0.00,8/19/2022,Miguel Diaz - 09/07/22  7:12:47 AM: used shop vac to clean ac unit coils outside by parking structure,[],"Check coils on out side unit if they need to be cleaned.
use shop vac. with brush attachment to vacuum coils.",9/18/2022
1384,EQ ID 1384,"A/C Unit for Electrical room, parking structure",Maintenance,2775,Closed and Completed,0.00,0.30,Max,,0.00,4/3/2023,Maksim Bushka - 04/03/23 10:15:13 AM: Clean up the A/C unit using vacuum and brash.,[],"Check coils on out side unit if they need to be cleaned.
use shop vac. with brush attachment to vacuum coils.",4/13/2023
1384,EQ ID 1384,"A/C Unit for Electrical room, parking structure",Maintenance,5119,Closed and Completed,0.00,0.00,Max,,0.00,10/2/2023,,[],"Check coils on out side unit if they need to be cleaned.
use shop vac. with brush attachment to vacuum coils.",10/3/2023
1384,EQ ID 1384,"A/C Unit for Electrical room, parking structure",Maintenance,7436,Closed and Completed,0.00,0.20,Max,,0.00,4/3/2024,,[],"Check coils on out side unit if they need to be cleaned.
use shop vac. with brush attachment to vacuum coils.",4/2/2024
1384,EQ ID 1384,"A/C Unit for Electrical room, parking structure",Maintenance,10923,Closed and Completed,0.00,0.30,Max,,0.00,10/10/2024,,[],"Check coils on out side unit if they need to be cleaned.
use shop vac. with brush attachment to vacuum coils.",10/3/2024
1384,EQ ID 1384,"A/C Unit for Electrical room, parking structure",Maintenance,14206,Closed and Completed,0.00,1.00,Max,,0.00,1/2/2025,,[],"Check coils on out side unit if they need to be cleaned.
use shop vac. with brush attachment to vacuum coils.",1/3/2025
1384,EQ ID 1384,"A/C Unit for Electrical room, parking structure",Maintenance,14208,Closed and Completed,0.00,1.00,Max,,0.00,1/2/2025,,[],Clean AC filter and wipe all vents to  prevent it from getting moldy .,1/3/2025
1384,EQ ID 1384,"A/C Unit for Electrical room, parking structure",Maintenance,14207,Closed and Completed,0.00,1.00,Max,,0.00,1/2/2025,,[],"*Get water hose connect by back up Generator  water connection by bricks .
*Remove covers and wash out condenser from the inside out push all the dirt out .
This needs to be done to keep the unit running at its best ..",1/3/2025
1384,EQ ID 1384,"A/C Unit for Electrical room, parking structure",Maintenance,14232,Closed and Completed,0.00,0.30,Max,,0.00,4/2/2025,,[],Clean AC filter and wipe all vents to  prevent it from getting moldy .,4/2/2025
1384,EQ ID 1384,"A/C Unit for Electrical room, parking structure",Maintenance,13393,Closed and Completed,0.00,0.30,Max,,0.00,4/2/2025,,[],"Check coils on out side unit if they need to be cleaned.
use shop vac. with brush attachment to vacuum coils.",4/14/2025
1384,EQ ID 1384,"A/C Unit for Electrical room, parking structure",Maintenance,14229,Closed and Completed,0.00,0.30,Max,,0.00,5/5/2025,,[],"Check coils on out side unit if they need to be cleaned.
use shop vac. with brush attachment to vacuum coils.",5/2/2025
1384,EQ ID 1384,"A/C Unit for Electrical room, parking structure",Maintenance,15264,Closed and Completed,0.00,0.30,Max,,0.00,7/15/2025,,[],Clean AC filter and wipe all vents to  prevent it from getting moldy .,7/2/2025
1384,EQ ID 1384,"A/C Unit for Electrical room, parking structure",Maintenance,6971,Closed and Completed,0.00,0.30,Max,,0.00,8/25/2025,,[],"*Get water hose connect by back up Generator  water connection by bricks .
*Remove covers and wash out condenser from the inside out push all the dirt out .
This needs to be done to keep the unit running at its best ..",8/23/2025
1384,EQ ID 1384,"A/C Unit for Electrical room, parking structure",Maintenance,15633,Closed and Completed,0.00,0.30,Max,,0.00,9/8/2025,,[],"Check coils on out side unit if they need to be cleaned.
use shop vac. with brush attachment to vacuum coils.",9/5/2025
1384,EQ ID 1384,"A/C Unit for Electrical room, parking structure",Maintenance,16411,Closed and Completed,0.00,0.30,Max,,0.00,10/15/2025,,[],Clean AC filter and wipe all vents to  prevent it from getting moldy .,10/15/2025
1384,EQ ID 1384,"A/C Unit for Electrical room, parking structure",Maintenance,14230,Closed and Completed,0.00,0.30,Max,,0.00,1/5/2026,"Maksim Bushka - 01/07/26  6:46:34 PM: Scheduled Date: 01-02-2026
Parts Needed: No
Parts Ordered: No
Expected Delivery Date: N/a
General Notes: Cleaned up the coil. Checked up the filter OK",[],"*Get water hose connect by back up Generator  water connection by bricks .
*Remove covers and wash out condenser from the inside out push all the dirt out .
This needs to be done to keep the unit running at its best ..",1/2/2026
1384,EQ ID 1384,"A/C Unit for Electrical room, parking structure",Maintenance,16931,Closed and Completed,0.00,1.00,Max,,0.00,1/8/2026,"Maksim Bushka - 01/24/26  8:59:26 AM: Scheduled Date: 01-08-26
Parts Needed: NO
Parts Ordered: NO
Expected Delivery Date: N/A
General Notes: Checked up and cleaned the filter and coil",[],"Check coils on out side unit if they need to be cleaned.
use shop vac. with brush attachment to vacuum coils.",1/8/2026
1384,EQ ID 1384,"A/C Unit for Electrical room, parking structure",Maintenance,17322,Closed and Completed,0.00,1.00,Max,,0.00,1/16/2026,"Maksim Bushka - 01/24/26  9:07:19 AM: Scheduled Date: 01-16-26
Parts Needed: NO
Parts Ordered: NO
Expected Delivery Date: N/A
General Notes: Cleaned up",[],Clean AC filter and wipe all vents to  prevent it from getting moldy .,1/16/2026
1384,EQ ID 1384,"A/C Unit for Electrical room, parking structure",Maintenance,18289,Closed and Completed,0.00,0.20,Max,,0.00,4/29/2026,Maksim Bushka - 04/29/26  7:46:24 PM: Cleaned up,[],Clean AC filter and wipe all vents to  prevent it from getting moldy .,4/24/2026
1384,EQ ID 1384,"A/C Unit for Electrical room, parking structure",Maintenance,18285,Closed and Completed,0.00,0.30,Max,,0.00,6/10/2026,"Maksim Bushka - 06/10/26  3:01:54 PM: Scheduled Date: 05/24/2026
Parts Needed: NO
Parts Ordered: NO
Expected Delivery Date: N/A
General Notes: Cleaned up with water ok",[],"Check coils on out side unit if they need to be cleaned.
use shop vac. with brush attachment to vacuum coils.",5/24/2026
1384,EQ ID 1384,"A/C Unit for Electrical room, parking structure",Maintenance,19258,Closed and Completed,0.00,0.30,Max,,0.00,8/3/2026,,[],Clean AC filter and wipe all vents to  prevent it from getting moldy .,7/29/2026
1388,EQ ID 1388,Lift Master Rolling Gate,Maintenance,870,Closed and Completed,0.00,0.40,mike bart,,0.00,5/31/2022,Miguel Diaz - 05/31/22  8:37:01 AM: Lubed the full chain sprayed all moving areas with wd-40  Bart cleaned the box,[],"Check and clean both chains
Lube both chains with dry lube 
Visually check top rollers  and track 
Report any findings",6/18/2022
1388,EQ ID 1388,Lift Master Rolling Gate,Maintenance,2777,Closed and Completed,10.00,0.20,Max,,0.00,1/13/2023,Maksim Bushka - 01/13/23  9:43:14 AM: Did PM,[],"Check and clean both chains
Lube both chains with dry lube 
Visually check top rollers  and track 
Report any findings",1/13/2023
1388,EQ ID 1388,Lift Master Rolling Gate,Maintenance,3972,Closed and Completed,10.00,0.30,Max,,0.00,3/30/2023,Maksim Bushka - 03/31/23  2:57:34 PM: Checked and lubed.,[],"Check and clean both chains
Lube both chains with dry lube 
Visually check top rollers  and track 
Report any findings",4/13/2023
1388,EQ ID 1388,Lift Master Rolling Gate,Maintenance,5097,Closed and Completed,0.00,0.20,Max,,0.00,6/26/2023,Maksim Bushka - 06/26/23 10:40:41 AM: Serviced ok.,[],"Check and clean both chains
Lube both chains with dry lube 
Visually check top rollers  and track 
Report any findings",6/30/2023
1388,EQ ID 1388,Lift Master Rolling Gate,Maintenance,6222,Closed and Completed,0.00,0.20,Max,,0.00,9/25/2023,,[],"Check and clean both chains
Lube both chains with dry lube 
Visually check top rollers  and track 
Report any findings",9/26/2023
1388,EQ ID 1388,Lift Master Rolling Gate,Maintenance,7343,Closed and Completed,0.00,0.00,Max,,0.00,12/19/2023,,[],"Check and clean both chains
Lube both chains with dry lube 
Visually check top rollers  and track 
Report any findings",12/25/2023
1388,EQ ID 1388,Lift Master Rolling Gate,Maintenance,9439,Closed and Completed,0.00,0.00,Max,,0.00,3/14/2024,,[],"Check and clean both chains
Lube both chains with dry lube 
Visually check top rollers  and track 
Report any findings",3/21/2024
1388,EQ ID 1388,Lift Master Rolling Gate,Maintenance,10853,Closed and Completed,0.00,0.30,Max,,0.00,6/26/2024,,[],"Check and clean both chains
Lube both chains with dry lube 
Visually check top rollers  and track 
Report any findings",6/28/2024
1388,EQ ID 1388,Lift Master Rolling Gate,Maintenance,12239,Closed and Completed,0.00,1.00,Max,,0.00,9/30/2024,,[],"Check and clean both chains
Lube both chains with dry lube 
Visually check top rollers  and track 
Report any findings",9/26/2024
1388,EQ ID 1388,Lift Master Rolling Gate,Maintenance,13224,Closed and Completed,0.00,1.00,Max,,0.00,1/2/2025,,[],"Check and clean both chains
Lube both chains with dry lube 
Visually check top rollers  and track 
Report any findings",12/30/2024
1388,EQ ID 1388,Lift Master Rolling Gate,Maintenance,14228,Closed and Completed,0.00,0.30,Max,,0.00,4/2/2025,,[],"Check and clean both chains
Lube both chains with dry lube 
Visually check top rollers  and track 
Report any findings",4/2/2025
1388,EQ ID 1388,Lift Master Rolling Gate,Maintenance,15263,Closed and Completed,0.00,1.00,Max,,0.00,7/9/2025,,[],"Check and clean both chains
Lube both chains with dry lube 
Visually check top rollers  and track 
Report any findings",7/2/2025
1388,EQ ID 1388,Lift Master Rolling Gate,Maintenance,16409,Closed and Completed,0.00,1.00,Max,,0.00,10/14/2025,,[],"Check and clean both chains
Lube both chains with dry lube 
Visually check top rollers  and track 
Report any findings",10/15/2025
1388,EQ ID 1388,Lift Master Rolling Gate,Maintenance,17291,Closed and Completed,0.00,1.00,Max,,0.00,1/14/2026,"Maksim Bushka - 01/24/26  9:03:53 AM: Scheduled Date: 01-14-26
Parts Needed: NO
Parts Ordered: NO
Expected Delivery Date: N/A
General Notes: Checked up and lubed",[],"Check and clean both chains
Lube both chains with dry lube 
Visually check top rollers  and track 
Report any findings",1/14/2026
1388,EQ ID 1388,Lift Master Rolling Gate,Maintenance,18287,Closed and Completed,0.00,0.20,Max,,0.00,5/1/2026,"Maksim Bushka - 05/05/26  2:18:20 PM: Scheduled Date: 04/24/2026
Parts Needed: NO
Parts Ordered: NO
Expected Delivery Date: N/A
General Notes: Checked up and lubed ok",[],"Check and clean both chains
Lube both chains with dry lube 
Visually check top rollers  and track 
Report any findings",4/24/2026
1388,EQ ID 1388,Lift Master Rolling Gate,Maintenance,19310,Closed and Completed,0.00,0.30,Max,,0.00,8/11/2026,,[],"Check and clean both chains
Lube both chains with dry lube 
Visually check top rollers  and track 
Report any findings",8/5/2026
1389,EQ ID 1389,Tujunga Rolling Doors,Maintenance,871,Closed and Completed,0.00,0.40,md,,0.00,8/26/2022,Miguel Diaz - 09/07/22  7:18:00 AM: sprayed all rolling gates with wd-40 on the rollers and checked for any issues it may have found none,[],"Inspect  and clean track on both rolling doors left & right side
Spray chain with dry lube (Location of chain on top)",9/18/2022
1389,EQ ID 1389,Tujunga Rolling Doors,Maintenance,2778,Closed and Completed,0.00,0.30,Max,,0.00,4/3/2023,Maksim Bushka - 04/04/23  9:33:34 AM: Cleaned up the tracks and lube.,[],"Inspect  and clean track on both rolling doors left & right side
Spray chain with dry lube (Location of chain on top)",4/13/2023
1389,EQ ID 1389,Tujunga Rolling Doors,Maintenance,5129,Closed and Completed,0.00,0.00,Max,,0.00,9/29/2023,,[],"Inspect  and clean track on both rolling doors left & right side
Spray chain with dry lube (Location of chain on top)",10/4/2023
1389,EQ ID 1389,Tujunga Rolling Doors,Maintenance,7429,Closed and Completed,0.00,0.20,Max,,0.00,4/3/2024,,[],"Inspect  and clean track on both rolling doors left & right side
Spray chain with dry lube (Location of chain on top)",4/2/2024
1389,EQ ID 1389,Tujunga Rolling Doors,Maintenance,10922,Closed and Completed,0.00,1.00,Max,,0.00,9/30/2024,,[],"Inspect  and clean track on both rolling doors left & right side
Spray chain with dry lube (Location of chain on top)",10/3/2024
1389,EQ ID 1389,Tujunga Rolling Doors,Maintenance,13233,Closed and Completed,0.00,0.30,Max,,0.00,4/2/2025,,[],"Inspect  and clean track on both rolling doors left & right side
Spray chain with dry lube (Location of chain on top)",3/30/2025
1389,EQ ID 1389,Tujunga Rolling Doors,Maintenance,15259,Closed and Completed,0.00,0.30,Max,,0.00,10/7/2025,,[],"Inspect  and clean track on both rolling doors left & right side
Spray chain with dry lube (Location of chain on top)",10/2/2025
1389,EQ ID 1389,Tujunga Rolling Doors,Maintenance,17184,Closed and Completed,0.00,0.30,Max,,0.00,4/2/2026,Maksim Bushka - 04/09/26  1:03:39 PM: Checked and lubed,[],"Inspect  and clean track on both rolling doors left & right side
Spray chain with dry lube (Location of chain on top)",4/7/2026
1390,EQ ID 1390,Lift Master Swinging Gates,Maintenance,872,Closed and Completed,0.00,0.50,Mike bart,,0.00,5/31/2022,Miguel Diaz - 05/31/22  8:38:01 AM: sprayed all moving areas with wd-40  Bart cleaned the box checked magnet its working,[],"*Visually check hinges on frame
*Grease knuckles on both swinging gates
*Lube all moving parts 
*Check magnets that hold the door closed located in the middle of the gate check for missing or loose hardware and tighten .",6/18/2022
1390,EQ ID 1390,Lift Master Swinging Gates,Maintenance,2779,Closed and Completed,10.00,0.30,Max,,0.00,1/13/2023,Maksim Bushka - 01/13/23  9:44:20 AM: Did PM,[],"*Visually check hinges on frame
*Grease knuckles on both swinging gates
*Lube all moving parts 
*Check magnets that hold the door closed located in the middle of the gate check for missing or loose hardware and tighten .",1/13/2023
1390,EQ ID 1390,Lift Master Swinging Gates,Maintenance,3973,Closed and Completed,10.00,0.30,Max,,0.00,3/30/2023,Maksim Bushka - 03/31/23  1:46:44 PM: Checked up lubed and greased.,[],"*Visually check hinges on frame
*Grease knuckles on both swinging gates
*Lube all moving parts 
*Check magnets that hold the door closed located in the middle of the gate check for missing or loose hardware and tighten .",4/13/2023
1390,EQ ID 1390,Lift Master Swinging Gates,Maintenance,5094,Closed and Completed,0.00,0.20,Max,,0.00,6/26/2023,Maksim Bushka - 06/26/23 10:39:44 AM: Serviced ok.,[],"*Visually check hinges on frame
*Grease knuckles on both swinging gates
*Lube all moving parts 
*Check magnets that hold the door closed located in the middle of the gate check for missing or loose hardware and tighten .",6/30/2023
1390,EQ ID 1390,Lift Master Swinging Gates,Maintenance,6221,Closed and Completed,0.00,0.20,Max,,0.00,9/25/2023,,[],"*Visually check hinges on frame
*Grease knuckles on both swinging gates
*Lube all moving parts 
*Check magnets that hold the door closed located in the middle of the gate check for missing or loose hardware and tighten .",9/26/2023
1390,EQ ID 1390,Lift Master Swinging Gates,Maintenance,7342,Closed and Completed,0.00,0.00,Max,,0.00,12/19/2023,,[],"*Visually check hinges on frame
*Grease knuckles on both swinging gates
*Lube all moving parts 
*Check magnets that hold the door closed located in the middle of the gate check for missing or loose hardware and tighten .",12/25/2023
1390,EQ ID 1390,Lift Master Swinging Gates,Maintenance,9438,Closed and Completed,0.00,1.00,Max,,0.00,3/14/2024,,[],"*Visually check hinges on frame
*Grease knuckles on both swinging gates
*Lube all moving parts 
*Check magnets that hold the door closed located in the middle of the gate check for missing or loose hardware and tighten .",3/21/2024
1390,EQ ID 1390,Lift Master Swinging Gates,Maintenance,10859,Closed and Completed,0.00,0.30,Max,,0.00,6/26/2024,,[],"*Visually check hinges on frame
*Grease knuckles on both swinging gates
*Lube all moving parts 
*Check magnets that hold the door closed located in the middle of the gate check for missing or loose hardware and tighten .",6/28/2024
1390,EQ ID 1390,Lift Master Swinging Gates,Maintenance,12236,Closed and Completed,0.00,1.00,Max,,0.00,9/30/2024,,[],"*Visually check hinges on frame
*Grease knuckles on both swinging gates
*Lube all moving parts 
*Check magnets that hold the door closed located in the middle of the gate check for missing or loose hardware and tighten .",9/26/2024
1390,EQ ID 1390,Lift Master Swinging Gates,Maintenance,13225,Closed and Completed,0.00,1.00,Max,,0.00,1/2/2025,,[],"*Visually check hinges on frame
*Grease knuckles on both swinging gates
*Lube all moving parts 
*Check magnets that hold the door closed located in the middle of the gate check for missing or loose hardware and tighten .",12/30/2024
1390,EQ ID 1390,Lift Master Swinging Gates,Maintenance,14225,Closed and Completed,0.00,0.30,Max,,0.00,4/2/2025,,[],"*Visually check hinges on frame
*Grease knuckles on both swinging gates
*Lube all moving parts 
*Check magnets that hold the door closed located in the middle of the gate check for missing or loose hardware and tighten .",4/2/2025
1390,EQ ID 1390,Lift Master Swinging Gates,Maintenance,15260,Closed and Completed,0.00,1.00,Max,,0.00,7/9/2025,,[],"*Visually check hinges on frame
*Grease knuckles on both swinging gates
*Lube all moving parts 
*Check magnets that hold the door closed located in the middle of the gate check for missing or loose hardware and tighten .",7/2/2025
1390,EQ ID 1390,Lift Master Swinging Gates,Maintenance,16406,Closed and Completed,0.00,1.00,Max,,0.00,10/2/2025,,[],"*Visually check hinges on frame
*Grease knuckles on both swinging gates
*Lube all moving parts 
*Check magnets that hold the door closed located in the middle of the gate check for missing or loose hardware and tighten .",10/15/2025
1390,EQ ID 1390,Lift Master Swinging Gates,Maintenance,17186,Closed and Completed,0.00,1.00,Max,,0.00,1/5/2026,"Maksim Bushka - 01/07/26  7:01:49 PM: Scheduled Date: 01-07-2026
Parts Needed: No
Parts Ordered: No
Expected Delivery Date: N/A
General Notes: Greased and lubed moving parts and checked out the belts OK",[],"*Visually check hinges on frame
*Grease knuckles on both swinging gates
*Lube all moving parts 
*Check magnets that hold the door closed located in the middle of the gate check for missing or loose hardware and tighten .",1/7/2026
1390,EQ ID 1390,Lift Master Swinging Gates,Maintenance,18113,Closed and Completed,0.00,0.30,Max,,0.00,3/30/2026,"Maksim Bushka - 04/09/26  1:02:19 PM: Scheduled Date: 04/07/2026
Parts Needed: NO
Parts Ordered: NO
Expected Delivery Date: N/A
General Notes: Checked and lubed",[],"*Visually check hinges on frame
*Grease knuckles on both swinging gates
*Lube all moving parts 
*Check magnets that hold the door closed located in the middle of the gate check for missing or loose hardware and tighten .",4/7/2026
1390,EQ ID 1390,Lift Master Swinging Gates,Maintenance,19050,Closed and Completed,0.00,0.40,PU,,0.00,6/9/2026,Primo Uy - 08/04/26  2:59:19 PM: Done. Checking every morning.,[],"*Visually check hinges on frame
*Grease knuckles on both swinging gates
*Lube all moving parts 
*Check magnets that hold the door closed located in the middle of the gate check for missing or loose hardware and tighten .",7/9/2026
1393,EQ ID 1393,Backup Genset Generator,Maintenance,20392,Pending,0.00,0.00,,Maintenance Mechanic,0.00,,,[],"To stay in compliance with AQMD, we need to record all run hours in the generator logbook. Since the generator runs every Monday morning at 7am for 15 minutes, we will need to start logging that as maintenance and testing.
•	Every Monday after 7:15 AM make a new log entry in the binder inside the generator.
•	Take the start time from the previous weeks end time.
•	Fill out the rest of the sections that are outlined on the log sheet and make a comment that the reason the generator is running is due to maintenance and testing.
•	Check the fuel level of the generator. If it is below 50% full, schedule for a refuel.
Please note that if there is more than a 15-minute discrepancy between last weeks end time and the current weeks end time, that indicates that the generator ran outside its normal weekly run. In that case, please notify your supervisor.",8/24/2026
1393,EQ ID 1393,Backup Genset Generator,Maintenance,873,Closed and Completed,0.00,0.00,md,,0.00,3/17/2023,Miguel Diaz - 03/17/23 11:27:05 AM: no due till 12-7-23,[],Call Collicutt for a yearly service @ 1-562 944-4413 to be done by an Outside Mechanic .,3/18/2023
1393,EQ ID 1393,Backup Genset Generator,Maintenance,4877,Closed and Completed,0.00,4.00,Collicut,,0.00,2/15/2024,Miguel Diaz - 04/02/24  9:36:33 AM: this is just a reminder it was done,[],Call Collicutt for a yearly service @ 1-562 944-4413 to be done by an Outside Mechanic .,3/17/2024
1393,EQ ID 1393,Backup Genset Generator,Maintenance,10043,Closed and Completed,400.00,4.00,Collicutt,,0.00,1/23/2025,Miguel Diaz - 01/28/25  7:05:07 AM: Yearly Generator service was done,[],Call Collicutt for a yearly service @ 1-562 944-4413 to be done by an Outside Mechanic .,1/19/2025
1393,EQ ID 1393,Backup Genset Generator,Maintenance,10909,Closed and Completed,0.00,0.00,Max,,0.00,4/10/2025,Maksim Bushka - 04/10/25  1:52:58 PM: The service was performed,[],Call Collicutt for a yearly service @ 1-562 944-4413 to be done by an Outside Mechanic .,4/2/2025
1393,EQ ID 1393,Backup Genset Generator,Maintenance,17992,Closed and Completed,0.00,0.00,Sean Jennings,,0.00,12/22/2025,Sean Jennings - 12/22/25  2:55:19 PM: Annotated the log.,[],"To stay in compliance with AQMD, we need to record all run hours in the generator logbook. Since the generator runs every Monday morning at 7am for 15 minutes, we will need to start logging that as maintenance and testing.
•	Every Monday after 7:15 AM make a new log entry in the binder inside the generator.
•	Take the start time from the previous weeks end time.
•	Fill out the rest of the sections that are outlined on the log sheet and make a comment that the reason the generator is running is due to maintenance and testing.
•	Check the fuel level of the generator. If it is below 50% full, schedule for a refuel.
Please note that if there is more than a 15-minute discrepancy between last weeks end time and the current weeks end time, that indicates that the generator ran outside its normal weekly run. In that case, please notify your supervisor.",12/22/2025
1393,EQ ID 1393,Backup Genset Generator,Maintenance,18017,Closed and Completed,0.00,0.00,PU,,0.00,12/29/2025,,[],"To stay in compliance with AQMD, we need to record all run hours in the generator logbook. Since the generator runs every Monday morning at 7am for 15 minutes, we will need to start logging that as maintenance and testing.
•	Every Monday after 7:15 AM make a new log entry in the binder inside the generator.
•	Take the start time from the previous weeks end time.
•	Fill out the rest of the sections that are outlined on the log sheet and make a comment that the reason the generator is running is due to maintenance and testing.
•	Check the fuel level of the generator. If it is below 50% full, schedule for a refuel.
Please note that if there is more than a 15-minute discrepancy between last weeks end time and the current weeks end time, that indicates that the generator ran outside its normal weekly run. In that case, please notify your supervisor.",12/29/2025
1393,EQ ID 1393,Backup Genset Generator,Maintenance,14489,Closed and Completed,0.00,2.00,Collicutt,,0.00,1/5/2026,Sean Jennings - 01/09/26 11:26:37 AM: Annual service was completed on 1/5/2026. No issues were reported.,[],Call Collicutt for a yearly service @ 1-562 944-4413 to be done by an Outside Mechanic .,1/28/2026
1393,EQ ID 1393,Backup Genset Generator,Maintenance,15348,Closed and Completed,0.00,0.00,Sean,,0.00,1/5/2026,Sean Jennings - 05/06/26  8:56:56 AM: Yearly PM completed. I also signed a new 3 year PM contract with them,[],Call Collicutt for a yearly service @ 1-562 944-4413 to be done by an Outside Mechanic .,4/10/2026
1393,EQ ID 1393,Backup Genset Generator,Maintenance,19152,Closed and Completed,0.00,0.00,Sean,,0.00,1/5/2026,,[],"To stay in compliance with AQMD, we need to record all run hours in the generator logbook. Since the generator runs every Monday morning at 7am for 15 minutes, we will need to start logging that as maintenance and testing.
•	Every Monday after 7:15 AM make a new log entry in the binder inside the generator.
•	Take the start time from the previous weeks end time.
•	Fill out the rest of the sections that are outlined on the log sheet and make a comment that the reason the generator is running is due to maintenance and testing.
•	Check the fuel level of the generator. If it is below 50% full, schedule for a refuel.
Please note that if there is more than a 15-minute discrepancy between last weeks end time and the current weeks end time, that indicates that the generator ran outside its normal weekly run. In that case, please notify your supervisor.",4/27/2026
1393,EQ ID 1393,Backup Genset Generator,Maintenance,18142,Closed and Completed,0.00,0.00,sean,,0.00,3/9/2026,,[],"To stay in compliance with AQMD, we need to record all run hours in the generator logbook. Since the generator runs every Monday morning at 7am for 15 minutes, we will need to start logging that as maintenance and testing.
•	Every Monday after 7:15 AM make a new log entry in the binder inside the generator.
•	Take the start time from the previous weeks end time.
•	Fill out the rest of the sections that are outlined on the log sheet and make a comment that the reason the generator is running is due to maintenance and testing.
•	Check the fuel level of the generator. If it is below 50% full, schedule for a refuel.
Please note that if there is more than a 15-minute discrepancy between last weeks end time and the current weeks end time, that indicates that the generator ran outside its normal weekly run. In that case, please notify your supervisor.",1/16/2026
1393,EQ ID 1393,Backup Genset Generator,Maintenance,18718,Closed and Completed,0.00,0.00,PU,,0.00,3/23/2026,Sean Jennings - 03/27/26 10:25:45 AM: Run time was logged.,[],"To stay in compliance with AQMD, we need to record all run hours in the generator logbook. Since the generator runs every Monday morning at 7am for 15 minutes, we will need to start logging that as maintenance and testing.
•	Every Monday after 7:15 AM make a new log entry in the binder inside the generator.
•	Take the start time from the previous weeks end time.
•	Fill out the rest of the sections that are outlined on the log sheet and make a comment that the reason the generator is running is due to maintenance and testing.
•	Check the fuel level of the generator. If it is below 50% full, schedule for a refuel.
Please note that if there is more than a 15-minute discrepancy between last weeks end time and the current weeks end time, that indicates that the generator ran outside its normal weekly run. In that case, please notify your supervisor.",3/19/2026
1393,EQ ID 1393,Backup Genset Generator,Maintenance,18901,Closed and Completed,0.00,0.00,SJ,,0.00,4/20/2026,,[],"To stay in compliance with AQMD, we need to record all run hours in the generator logbook. Since the generator runs every Monday morning at 7am for 15 minutes, we will need to start logging that as maintenance and testing.
•	Every Monday after 7:15 AM make a new log entry in the binder inside the generator.
•	Take the start time from the previous weeks end time.
•	Fill out the rest of the sections that are outlined on the log sheet and make a comment that the reason the generator is running is due to maintenance and testing.
•	Check the fuel level of the generator. If it is below 50% full, schedule for a refuel.
Please note that if there is more than a 15-minute discrepancy between last weeks end time and the current weeks end time, that indicates that the generator ran outside its normal weekly run. In that case, please notify your supervisor.",4/3/2026
1393,EQ ID 1393,Backup Genset Generator,Maintenance,19325,Closed and Completed,0.00,0.00,SJ,,0.00,5/25/2026,,[],"To stay in compliance with AQMD, we need to record all run hours in the generator logbook. Since the generator runs every Monday morning at 7am for 15 minutes, we will need to start logging that as maintenance and testing.
•	Every Monday after 7:15 AM make a new log entry in the binder inside the generator.
•	Take the start time from the previous weeks end time.
•	Fill out the rest of the sections that are outlined on the log sheet and make a comment that the reason the generator is running is due to maintenance and testing.
•	Check the fuel level of the generator. If it is below 50% full, schedule for a refuel.
Please note that if there is more than a 15-minute discrepancy between last weeks end time and the current weeks end time, that indicates that the generator ran outside its normal weekly run. In that case, please notify your supervisor.",5/13/2026
1393,EQ ID 1393,Backup Genset Generator,Maintenance,19723,Closed and Completed,0.00,0.00,SJ,,0.00,6/8/2026,Sean Jennings - 06/08/26  2:43:04 PM: Not running due to being down for alternator end repair.,[],"To stay in compliance with AQMD, we need to record all run hours in the generator logbook. Since the generator runs every Monday morning at 7am for 15 minutes, we will need to start logging that as maintenance and testing.
•	Every Monday after 7:15 AM make a new log entry in the binder inside the generator.
•	Take the start time from the previous weeks end time.
•	Fill out the rest of the sections that are outlined on the log sheet and make a comment that the reason the generator is running is due to maintenance and testing.
•	Check the fuel level of the generator. If it is below 50% full, schedule for a refuel.
Please note that if there is more than a 15-minute discrepancy between last weeks end time and the current weeks end time, that indicates that the generator ran outside its normal weekly run. In that case, please notify your supervisor.",6/12/2026
1393,EQ ID 1393,Backup Genset Generator,Maintenance,19741,Closed without Action,0.00,0.00,SJ,,0.00,6/15/2026,Sean Jennings - 06/17/26 12:20:22 PM: Backup generator is still down waiting repair.,[],"To stay in compliance with AQMD, we need to record all run hours in the generator logbook. Since the generator runs every Monday morning at 7am for 15 minutes, we will need to start logging that as maintenance and testing.
•	Every Monday after 7:15 AM make a new log entry in the binder inside the generator.
•	Take the start time from the previous weeks end time.
•	Fill out the rest of the sections that are outlined on the log sheet and make a comment that the reason the generator is running is due to maintenance and testing.
•	Check the fuel level of the generator. If it is below 50% full, schedule for a refuel.
Please note that if there is more than a 15-minute discrepancy between last weeks end time and the current weeks end time, that indicates that the generator ran outside its normal weekly run. In that case, please notify your supervisor.",6/15/2026
1393,EQ ID 1393,Backup Genset Generator,Maintenance,19885,Closed and Completed,0.00,0.00,Sean,,0.00,8/3/2026,,[],"To stay in compliance with AQMD, we need to record all run hours in the generator logbook. Since the generator runs every Monday morning at 7am for 15 minutes, we will need to start logging that as maintenance and testing.
•	Every Monday after 7:15 AM make a new log entry in the binder inside the generator.
•	Take the start time from the previous weeks end time.
•	Fill out the rest of the sections that are outlined on the log sheet and make a comment that the reason the generator is running is due to maintenance and testing.
•	Check the fuel level of the generator. If it is below 50% full, schedule for a refuel.
Please note that if there is more than a 15-minute discrepancy between last weeks end time and the current weeks end time, that indicates that the generator ran outside its normal weekly run. In that case, please notify your supervisor.",6/24/2026
1393,EQ ID 1393,Backup Genset Generator,Maintenance,20198,Closed and Completed,0.00,0.15,SJ,,0.00,8/10/2026,Sean Jennings - 08/14/26  9:56:13 AM: Recorded generator run hours in log,[],"To stay in compliance with AQMD, we need to record all run hours in the generator logbook. Since the generator runs every Monday morning at 7am for 15 minutes, we will need to start logging that as maintenance and testing.
•	Every Monday after 7:15 AM make a new log entry in the binder inside the generator.
•	Take the start time from the previous weeks end time.
•	Fill out the rest of the sections that are outlined on the log sheet and make a comment that the reason the generator is running is due to maintenance and testing.
•	Check the fuel level of the generator. If it is below 50% full, schedule for a refuel.
Please note that if there is more than a 15-minute discrepancy between last weeks end time and the current weeks end time, that indicates that the generator ran outside its normal weekly run. In that case, please notify your supervisor.",8/10/2026
1393,EQ ID 1393,Backup Genset Generator,Maintenance,20374,Closed and Completed,0.00,0.15,SJ,,0.00,8/17/2026,Sean Jennings - 08/17/26 10:45:31 AM: Hours were logged,[],"To stay in compliance with AQMD, we need to record all run hours in the generator logbook. Since the generator runs every Monday morning at 7am for 15 minutes, we will need to start logging that as maintenance and testing.
•	Every Monday after 7:15 AM make a new log entry in the binder inside the generator.
•	Take the start time from the previous weeks end time.
•	Fill out the rest of the sections that are outlined on the log sheet and make a comment that the reason the generator is running is due to maintenance and testing.
•	Check the fuel level of the generator. If it is below 50% full, schedule for a refuel.
Please note that if there is more than a 15-minute discrepancy between last weeks end time and the current weeks end time, that indicates that the generator ran outside its normal weekly run. In that case, please notify your supervisor.",8/21/2026
1396,EQ ID 1396,Smart grid 225 Solar System,Maintenance,874,Closed and Completed,0.00,0.50,md,,0.00,9/7/2022,Miguel Diaz - 09/07/22  7:13:37 AM: used shop vac to clean grills covered in dust /lint,[],Cleaned the outside of the invertor located in the bottom of the parking structure take a drill/ Phillips and a vacuum and vacuum the grill behind the hoods .,9/18/2022
1396,EQ ID 1396,Smart grid 225 Solar System,Maintenance,2780,Closed and Completed,0.00,0.30,Primo & Max,,0.00,4/4/2023,Maksim Bushka - 04/04/23 11:02:45 AM: Cleaned up and vacuumed the grills.,[],Cleaned the outside of the invertor located in the bottom of the parking structure take a drill/ Phillips and a vacuum and vacuum the grill behind the hoods .,4/13/2023
1396,EQ ID 1396,Smart grid 225 Solar System,Maintenance,5139,Closed and Completed,0.00,0.30,Max & Primo,,0.00,10/6/2023,,[],Cleaned the outside of the invertor located in the bottom of the parking structure take a drill/ Phillips and a vacuum and vacuum the grill behind the hoods .,10/4/2023
1396,EQ ID 1396,Smart grid 225 Solar System,Maintenance,7500,Closed and Completed,0.00,1.00,Max,,0.00,2/8/2024,,[],Cleaned the outside of the invertor located in the bottom of the parking structure take a drill/ Phillips and a vacuum and vacuum the grill behind the hoods .,2/6/2024
1396,EQ ID 1396,Smart grid 225 Solar System,Maintenance,10287,Closed and Completed,0.00,0.30,Primo & Max,,0.00,6/5/2024,,[],Cleaned the outside of the invertor located in the bottom of the parking structure take a drill/ Phillips and a vacuum and vacuum the grill behind the hoods .,6/8/2024
1396,EQ ID 1396,Smart grid 225 Solar System,Maintenance,11966,Closed and Completed,0.00,1.00,Max,,0.00,10/9/2024,,[],Cleaned the outside of the invertor located in the bottom of the parking structure take a drill/ Phillips and a vacuum and vacuum the grill behind the hoods .,10/5/2024
1396,EQ ID 1396,Smart grid 225 Solar System,Maintenance,13394,Closed and Completed,0.00,0.30,Max,,0.00,2/19/2025,,[],Cleaned the outside of the invertor located in the bottom of the parking structure take a drill/ Phillips and a vacuum and vacuum the grill behind the hoods .,2/14/2025
1396,EQ ID 1396,Smart grid 225 Solar System,Maintenance,14788,Closed and Completed,0.00,1.00,Max,,0.00,6/24/2025,,[],Cleaned the outside of the invertor located in the bottom of the parking structure take a drill/ Phillips and a vacuum and vacuum the grill behind the hoods .,6/21/2025
1396,EQ ID 1396,Smart grid 225 Solar System,Maintenance,16230,Closed and Completed,0.00,0.30,Max,,0.00,10/28/2025,,[],Cleaned the outside of the invertor located in the bottom of the parking structure take a drill/ Phillips and a vacuum and vacuum the grill behind the hoods .,10/25/2025
1396,EQ ID 1396,Smart grid 225 Solar System,Maintenance,17501,Closed and Completed,0.00,0.30,Max,,0.00,3/2/2026,"Maksim Bushka - 03/13/26  2:21:54 PM: Scheduled Date: 02/28/2026
Parts Needed: NO
Parts Ordered: NO
Expected Delivery Date: N/A
General Notes: Cleaned up",[],Cleaned the outside of the invertor located in the bottom of the parking structure take a drill/ Phillips and a vacuum and vacuum the grill behind the hoods .,2/28/2026
1396,EQ ID 1396,Smart grid 225 Solar System,Maintenance,18751,Closed and Completed,0.00,0.50,PU,,0.00,7/13/2026,Primo Uy - 08/07/26  2:23:49 PM: Done,[],Cleaned the outside of the invertor located in the bottom of the parking structure take a drill/ Phillips and a vacuum and vacuum the grill behind the hoods .,7/13/2026
1399,EQ ID 1399,Exhaust Fan # 3,Maintenance,875,Closed without Action,0.00,0.00,md,,0.00,2/27/2023,Miguel Diaz - 02/27/23  7:47:41 AM: acco does this,[],"Add bearing grease to all exhaust fans on the roof  .
Each fan has 2 bearings each so total of 16 bearings need to be greased once a year.",3/18/2023
1399,EQ ID 1399,Exhaust Fan # 3,Maintenance,4592,Closed without Action,0.00,0.00,md,,0.00,2/16/2024,Miguel Diaz - 02/16/24  9:07:37 AM: acco to do this service,[],"Add bearing grease to all exhaust fans on the roof  .
Each fan has 2 bearings each so total of 16 bearings need to be greased once a year.",2/27/2024
1399,EQ ID 1399,Exhaust Fan # 3,Maintenance,10414,Closed and Completed,0.00,1.00,Max,,0.00,2/25/2025,,[],"Add bearing grease to all exhaust fans on the roof  .
Each fan has 2 bearings each so total of 16 bearings need to be greased once a year.",2/16/2025
1399,EQ ID 1399,Exhaust Fan # 3,Maintenance,14821,Closed and Completed,0.00,1.00,Max,,0.00,3/17/2026,"Maksim Bushka - 03/17/26  2:58:12 PM: Scheduled Date: 02/25/2026
Parts Needed: NO
Parts Ordered: NO
Expected Delivery Date: N/A
General Notes: Inspected and lubed",[],"Add bearing grease to all exhaust fans on the roof  .
Each fan has 2 bearings each so total of 16 bearings need to be greased once a year.",2/25/2026
1437,EQ ID 1437,"High Speed Door, TPF/Shipping (south)",Maintenance,4971,Closed and Completed,0.00,0.15,Max,,0.00,9/25/2023,,[],Use scissor lift and add blue grease to the one side of the roll up door .,9/22/2023
1438,EQ ID 1438,"High Speed Door, Shipping/Assembly dep.",Maintenance,4969,Closed and Completed,0.00,0.15,Max,,0.00,9/25/2023,,[],Use scissor lift and add blue grease to the one side of the roll up door .,9/22/2023
1439,EQ ID 1439,"High Speed Door, TPF/Assembly dep. (east)",Maintenance,4970,Closed and Completed,0.00,0.15,Max,,0.00,9/25/2023,,[],Use scissor lift and add blue grease to the one side of the roll up door .,9/22/2023
1440,EQ ID 1440,"High Speed Door, TPF/Yard (west wall)",Maintenance,4972,Closed and Completed,0.00,0.15,Max,,0.00,9/25/2023,,[],Use scissor lift and add blue grease to the one side of the roll up door .,9/22/2023
1441,EQ ID 1441,Semaphore unit #1,Maintenance,879,Closed and Completed,0.00,0.30,md,,0.00,8/22/2022,Miguel Diaz - 09/07/22  7:14:24 AM: Checked belt for wear no adjustment needed its tight,[],"Check belt for wear replace if needed .
Vacuum if dirty .",9/18/2022
1441,EQ ID 1441,Semaphore unit #1,Maintenance,878,Closed and Completed,0.00,0.30,Max,,0.00,3/17/2023,Maksim Bushka - 03/17/23 11:21:07 AM: Greased all 4 bearings and spray WD - 40 on moving arms.,[],Grease Semaphore  bearings inside units 1-4  use blue grease,3/18/2023
1441,EQ ID 1441,Semaphore unit #1,Maintenance,2782,Closed and Completed,0.00,0.15,Max,,0.00,3/30/2023,Maksim Bushka - 04/04/23  9:35:18 AM: Checked and lubed.,[],"Check belt for wear replace if needed .
Vacuum if dirty .",4/13/2023
1441,EQ ID 1441,Semaphore unit #1,Maintenance,5130,Closed and Completed,0.00,0.00,Max,,0.00,9/25/2023,,[],"Check belt for wear replace if needed .
Vacuum if dirty .",10/4/2023
1441,EQ ID 1441,Semaphore unit #1,Maintenance,7344,Closed and Completed,0.00,0.00,Max,,0.00,3/14/2024,,[],"Check belt for wear replace if needed .
Vacuum if dirty .",3/25/2024
1441,EQ ID 1441,Semaphore unit #1,Maintenance,4876,Closed and Completed,0.00,1.00,Max,,0.00,3/14/2024,,[],Grease Semaphore  bearings inside units 1-4  use blue grease,3/17/2024
1441,EQ ID 1441,Semaphore unit #1,Maintenance,10854,Closed and Completed,0.00,1.00,Max,,0.00,9/30/2024,,[],"Check belt for wear replace if needed .
Vacuum if dirty .",9/28/2024
1441,EQ ID 1441,Semaphore unit #1,Maintenance,13230,Closed and Completed,0.00,1.00,Max,,0.00,2/4/2025,,[],"Check belt for wear replace if needed .
Vacuum if dirty .",1/30/2025
1441,EQ ID 1441,Semaphore unit #1,Maintenance,10725,Closed and Completed,0.00,1.00,Max,,0.00,3/17/2025,,[],Grease Semaphore  bearings inside units 1-4  use blue grease,3/14/2025
1441,EQ ID 1441,Semaphore unit #1,Maintenance,14572,Closed and Completed,0.00,1.00,Max,,0.00,6/5/2025,,[],"Check belt for wear replace if needed .
Vacuum if dirty .",6/4/2025
1441,EQ ID 1441,Semaphore unit #1,Maintenance,16057,Closed and Completed,0.00,1.00,Max,,0.00,10/14/2025,,[],"Check belt for wear replace if needed .
Vacuum if dirty .",10/11/2025
1441,EQ ID 1441,Semaphore unit #1,Maintenance,17288,Closed and Completed,0.00,1.00,Max,,0.00,2/20/2026,"Maksim Bushka - 02/20/26  4:54:25 PM: Scheduled Date: 02-14-2026
Parts Needed: NO
Parts Ordered: NO
Expected Delivery Date: N/A
General Notes: Checked and lubed",[],"Check belt for wear replace if needed .
Vacuum if dirty .",2/14/2026
1441,EQ ID 1441,Semaphore unit #1,Maintenance,15093,Closed and Completed,0.00,1.00,Max,,0.00,3/31/2026,"Maksim Bushka - 03/31/26  3:50:52 PM: Scheduled Date: 03/18/2026
Parts Needed: NO
Parts Ordered: NO
Expected Delivery Date: N/A
General Notes: Checked up and lubed.",[],Grease Semaphore  bearings inside units 1-4  use blue grease,3/18/2026
1441,EQ ID 1441,Semaphore unit #1,Maintenance,18533,Closed and Completed,0.00,0.20,Max,,0.00,7/31/2026,,[],"Check belt for wear replace if needed .
Vacuum if dirty .",6/20/2026
1442,EQ ID 1442,Semaphore unit # 2,Maintenance,880,Closed and Completed,0.00,0.30,md,,0.00,8/22/2022,Miguel Diaz - 09/07/22  7:14:41 AM: Checked belt for wear no adjustment needed its tight,[],Check belt for wear replace if needed,9/18/2022
1442,EQ ID 1442,Semaphore unit # 2,Maintenance,2783,Closed and Completed,0.00,0.15,Max,,0.00,3/30/2023,Maksim Bushka - 04/04/23  9:36:59 AM: Checked and lubed.,[],Check belt for wear replace if needed,4/13/2023
1442,EQ ID 1442,Semaphore unit # 2,Maintenance,5131,Closed and Completed,0.00,0.20,Max,,0.00,9/25/2023,,[],Check belt for wear replace if needed,10/4/2023
1442,EQ ID 1442,Semaphore unit # 2,Maintenance,7345,Closed and Completed,0.00,0.00,Max,,0.00,3/14/2024,,[],Check belt for wear replace if needed,3/25/2024
1442,EQ ID 1442,Semaphore unit # 2,Maintenance,10856,Closed and Completed,0.00,1.00,Max,,0.00,9/30/2024,,[],Check belt for wear replace if needed,9/28/2024
1442,EQ ID 1442,Semaphore unit # 2,Maintenance,13228,Closed and Completed,0.00,1.00,Max,,0.00,2/4/2025,,[],Check belt for wear replace if needed,1/30/2025
1442,EQ ID 1442,Semaphore unit # 2,Maintenance,12852,Closed and Completed,0.00,1.00,Max,,0.00,3/17/2025,,[],Grease Semaphore  bearings inside units 1-4  use blue grease,3/14/2025
1442,EQ ID 1442,Semaphore unit # 2,Maintenance,14574,Closed and Completed,0.00,1.00,Max,,0.00,6/5/2025,,[],Check belt for wear replace if needed,6/4/2025
1442,EQ ID 1442,Semaphore unit # 2,Maintenance,16059,Closed and Completed,0.00,1.00,Max,,0.00,10/14/2025,,[],Check belt for wear replace if needed,10/11/2025
1442,EQ ID 1442,Semaphore unit # 2,Maintenance,17290,Closed and Completed,0.00,1.00,Max,,0.00,2/20/2026,"Maksim Bushka - 02/20/26  4:57:51 PM: Scheduled Date: 02-14-2026
Parts Needed: NO
Parts Ordered: NO
Expected Delivery Date: N/A
General Notes: Checked and lubed",[],Check belt for wear replace if needed,2/14/2026
1442,EQ ID 1442,Semaphore unit # 2,Maintenance,15089,Closed and Completed,0.00,1.00,Max,,0.00,3/31/2026,"Maksim Bushka - 03/31/26  3:34:12 PM: Scheduled Date: 03/18/2026
Parts Needed: NO
Parts Ordered: NO
Expected Delivery Date: N/A
General Notes: Checked up and lubed.",[],Grease Semaphore  bearings inside units 1-4  use blue grease,3/18/2026
1442,EQ ID 1442,Semaphore unit # 2,Maintenance,18535,Closed and Completed,0.00,0.50,Max,,0.00,8/3/2026,,[],Check belt for wear replace if needed,6/20/2026
1443,EQ ID 1443,Semaphore unit #3,Maintenance,881,Closed and Completed,0.00,0.30,md,,0.00,8/22/2022,Miguel Diaz - 09/07/22  7:14:56 AM: Checked belt for wear no adjustment needed its tight,[],Check belt for wear replace if needed,9/18/2022
1443,EQ ID 1443,Semaphore unit #3,Maintenance,2784,Closed and Completed,0.00,0.15,Max,,0.00,3/30/2023,Maksim Bushka - 04/04/23  9:38:08 AM: Checked and lubed.,[],Check belt for wear replace if needed,4/13/2023
1443,EQ ID 1443,Semaphore unit #3,Maintenance,5132,Closed and Completed,0.00,0.20,Max,,0.00,9/25/2023,,[],Check belt for wear replace if needed,10/4/2023
1443,EQ ID 1443,Semaphore unit #3,Maintenance,7346,Closed and Completed,0.00,0.00,Max,,0.00,3/14/2024,,[],Check belt for wear replace if needed,3/25/2024
1443,EQ ID 1443,Semaphore unit #3,Maintenance,10855,Closed and Completed,0.00,1.00,Max,,0.00,9/30/2024,,[],Check belt for wear replace if needed,9/28/2024
1443,EQ ID 1443,Semaphore unit #3,Maintenance,13231,Closed and Completed,0.00,1.00,Max,,0.00,2/4/2025,,[],Check belt for wear replace if needed,1/30/2025
1443,EQ ID 1443,Semaphore unit #3,Maintenance,12853,Closed and Completed,0.00,1.00,Max,,0.00,3/17/2025,,[],Grease Semaphore  bearings inside units 1-4  use blue grease,3/14/2025
1443,EQ ID 1443,Semaphore unit #3,Maintenance,14573,Closed and Completed,0.00,1.00,Max,,0.00,6/5/2025,,[],Check belt for wear replace if needed,6/4/2025
1443,EQ ID 1443,Semaphore unit #3,Maintenance,16058,Closed and Completed,0.00,1.00,Max,,0.00,10/14/2025,,[],Check belt for wear replace if needed,10/11/2025
1443,EQ ID 1443,Semaphore unit #3,Maintenance,17289,Closed and Completed,0.00,1.00,Max,,0.00,2/20/2026,"Maksim Bushka - 02/20/26  4:56:06 PM: Scheduled Date: 02-14-2026
Parts Needed: NO
Parts Ordered: NO
Expected Delivery Date: N/A
General Notes: Checked and lubed",[],Check belt for wear replace if needed,2/14/2026
1443,EQ ID 1443,Semaphore unit #3,Maintenance,15091,Closed and Completed,0.00,1.00,Max,,0.00,3/31/2026,"Maksim Bushka - 03/31/26  3:36:19 PM: Scheduled Date: 03/18/2026
Parts Needed: NO
Parts Ordered: NO
Expected Delivery Date: N/A
General Notes: Checked up and lubed",[],Grease Semaphore  bearings inside units 1-4  use blue grease,3/18/2026
1443,EQ ID 1443,Semaphore unit #3,Maintenance,18534,Closed and Completed,0.00,0.50,Max,,0.00,7/31/2026,,[],Check belt for wear replace if needed,6/20/2026
1444,EQ ID 1444,Semaphore unit #4,Maintenance,882,Closed and Completed,0.00,0.30,md,,0.00,8/22/2022,Miguel Diaz - 09/07/22  7:15:17 AM: Checked belt for wear no adjustment needed its tight,[],"Check belt for wear replace if needed 
Vacuum if its dirty inside",9/18/2022
1444,EQ ID 1444,Semaphore unit #4,Maintenance,2785,Closed and Completed,0.00,0.15,Max,,0.00,3/30/2023,Maksim Bushka - 04/04/23  9:39:04 AM: Checked and lubed.,[],"Check belt for wear replace if needed 
Vacuum if its dirty inside",4/13/2023
1444,EQ ID 1444,Semaphore unit #4,Maintenance,5134,Closed and Completed,0.00,0.20,Max,,0.00,9/25/2023,,[],"Check belt for wear replace if needed 
Vacuum if its dirty inside",10/4/2023
1444,EQ ID 1444,Semaphore unit #4,Maintenance,7347,Closed and Completed,0.00,0.00,Max,,0.00,3/14/2024,,[],"Check belt for wear replace if needed 
Vacuum if its dirty inside",3/25/2024
1444,EQ ID 1444,Semaphore unit #4,Maintenance,10858,Closed and Completed,0.00,1.00,Max,,0.00,9/30/2024,,[],"Check belt for wear replace if needed 
Vacuum if its dirty inside",9/28/2024
1444,EQ ID 1444,Semaphore unit #4,Maintenance,13229,Closed and Completed,0.00,1.00,Max,,0.00,2/4/2025,,[],"Check belt for wear replace if needed 
Vacuum if its dirty inside",1/30/2025
1444,EQ ID 1444,Semaphore unit #4,Maintenance,12854,Closed and Completed,0.00,1.00,Max,,0.00,3/17/2025,,[],Grease Semaphore  bearings inside units 1-4  use blue grease,3/14/2025
1444,EQ ID 1444,Semaphore unit #4,Maintenance,14576,Closed and Completed,0.00,1.00,Max,,0.00,6/5/2025,,[],"Check belt for wear replace if needed 
Vacuum if its dirty inside",6/4/2025
1444,EQ ID 1444,Semaphore unit #4,Maintenance,16056,Closed and Completed,0.00,1.00,Max,,0.00,10/14/2025,,[],"Check belt for wear replace if needed 
Vacuum if its dirty inside",10/11/2025
1444,EQ ID 1444,Semaphore unit #4,Maintenance,17287,Closed and Completed,0.00,1.00,Max,,0.00,2/20/2026,"Maksim Bushka - 02/20/26  4:52:38 PM: Scheduled Date: 02-14-2026
Parts Needed: NO
Parts Ordered: NO
Expected Delivery Date: N/A
General Notes: Checked up and lubed",[],"Check belt for wear replace if needed 
Vacuum if its dirty inside",2/14/2026
1444,EQ ID 1444,Semaphore unit #4,Maintenance,15090,Closed and Completed,0.00,1.00,Max,,0.00,3/31/2026,"Maksim Bushka - 03/31/26  3:35:19 PM: Scheduled Date: 03/18/2026
Parts Needed: NO
Parts Ordered: NO
Expected Delivery Date: N/A
General Notes: Checked up and lubed",[],Grease Semaphore  bearings inside units 1-4  use blue grease,3/18/2026
1444,EQ ID 1444,Semaphore unit #4,Maintenance,18532,Closed and Completed,0.00,0.50,Max,,0.00,7/31/2026,,[],"Check belt for wear replace if needed 
Vacuum if its dirty inside",6/20/2026
1445,EQ ID 1445,ANDERSON ELEVATOR SMOKE ALARMS,Maintenance,883,Closed and Completed,0.00,0.50,md,,0.00,9/7/2022,Miguel Diaz - 09/07/22  7:15:58 AM: cleaned all elevator smoke alarms and replaced them,[],"Clean both elevator sensors by removing the lid(5/16) nut and use the yellow portable vacuum to remove the accumulated dust .
Location of sensors is on the roof north east of the building .",9/18/2022
1445,EQ ID 1445,ANDERSON ELEVATOR SMOKE ALARMS,Maintenance,2786,Closed and Completed,0.00,0.00,Max,,0.00,4/3/2023,Maksim Bushka - 04/06/23  9:23:36 AM: cleaned up and installed.,[],"Clean both elevator sensors by removing the lid(5/16) nut and use the yellow portable vacuum to remove the accumulated dust .
Location of sensors is on the roof north east of the building .",4/13/2023
1445,EQ ID 1445,ANDERSON ELEVATOR SMOKE ALARMS,Maintenance,5180,Closed and Completed,0.00,1.00,Max,,0.00,10/10/2023,,[],"Clean both elevator sensors by removing the lid(5/16) nut and use the yellow portable vacuum to remove the accumulated dust .
Location of sensors is on the roof north east of the building .",10/6/2023
1445,EQ ID 1445,ANDERSON ELEVATOR SMOKE ALARMS,Maintenance,7574,Closed and Completed,0.00,0.00,Max,,0.00,4/9/2024,,[],"Clean both elevator sensors by removing the lid(5/16) nut and use the yellow portable vacuum to remove the accumulated dust .
Location of sensors is on the roof north east of the building .",4/10/2024
1445,EQ ID 1445,ANDERSON ELEVATOR SMOKE ALARMS,Maintenance,11047,Closed without Action,0.00,0.00,md,,0.00,10/12/2024,Miguel Diaz - 10/12/24 12:06:39 PM: obsolete work order another is already in the system rotation,[],"Clean both elevator sensors by removing the lid(5/16) nut and use the yellow portable vacuum to remove the accumulated dust .
Location of sensors is on the roof north east of the building .",10/9/2024
1447,EQ ID 1447,Roof Drains,Maintenance,885,Closed and Completed,0.00,0.30,mike,,0.00,4/7/2022,Miguel Diaz - 04/08/22  9:57:35 AM: Checked all drains found them all  cleaned,[],"Clean all 10 roof drains free of dirt and trash (Monthly)
Please note if you push the dirt down the drain then the bottom needs to be swept up free of dirt /trash 
1 drain -North West of the building 
2 drains -North East of the building 
2 drains -South East of the building 
2 drains -East Middle of the building
1 drain -South West of the building
2 drains -West Middle of the building",4/18/2022
1447,EQ ID 1447,Roof Drains,Maintenance,2787,Closed and Completed,0.00,2.00,MAX,,0.00,11/11/2022,Maksim Bushka - 11/11/22  1:52:28 PM: Cleaned up 10 roof drains and swiped the roof floors as needed,[],"Clean all 10 roof drains free of dirt and trash (Monthly)
Please note if you push the dirt down the drain then the bottom needs to be swept up free of dirt /trash 
1 drain -North West of the building 
2 drains -North East of the building 
2 drains -South East of the building 
2 drains -East Middle of the building
1 drain -South West of the building
2 drains -West Middle of the building",11/13/2022
1447,EQ ID 1447,Roof Drains,Maintenance,3230,Closed and Completed,0.00,2.00,Max,,0.00,11/28/2022,Maksim Bushka - 12/06/22  7:51:54 AM: Clean up all drains and check up the roof,[],"Clean all 10 roof drains free of dirt and trash (Monthly)
Please note if you push the dirt down the drain then the bottom needs to be swept up free of dirt /trash 
1 drain -North West of the building 
2 drains -North East of the building 
2 drains -South East of the building 
2 drains -East Middle of the building
1 drain -South West of the building
2 drains -West Middle of the building",12/11/2022
1447,EQ ID 1447,Roof Drains,Maintenance,3453,Closed and Completed,0.00,0.00,md Max,,0.00,1/23/2023,Miguel Diaz - 01/23/23  9:52:29 AM: all have been checked all are clean,[],"Clean all 10 roof drains free of dirt and trash (Monthly)
Please note if you push the dirt down the drain then the bottom needs to be swept up free of dirt /trash 
1 drain -North West of the building 
2 drains -North East of the building 
2 drains -South East of the building 
2 drains -East Middle of the building
1 drain -South West of the building
2 drains -West Middle of the building",2/6/2023
1447,EQ ID 1447,Roof Drains,Maintenance,4093,Closed and Completed,0.00,1.00,Max,,0.00,3/13/2023,Maksim Bushka - 03/15/23 11:34:21 AM: Cleaned up all drains on the roof.,[],"Clean all 10 roof drains free of dirt and trash (Monthly)
Please note if you push the dirt down the drain then the bottom needs to be swept up free of dirt /trash 
1 drain -North West of the building 
2 drains -North East of the building 
2 drains -South East of the building 
2 drains -East Middle of the building
1 drain -South West of the building
2 drains -West Middle of the building",3/23/2023
1447,EQ ID 1447,Roof Drains,Maintenance,4832,Closed and Completed,0.00,1.00,Max,,0.00,5/15/2023,Maksim Bushka - 05/15/23  8:59:52 AM: Cleaned up all roof drains.,[],"Clean all 10 roof drains free of dirt and trash (Monthly)
Please note if you push the dirt down the drain then the bottom needs to be swept up free of dirt /trash 
1 drain -North West of the building 
2 drains -North East of the building 
2 drains -South East of the building 
2 drains -East Middle of the building
1 drain -South West of the building
2 drains -West Middle of the building",5/15/2023
1447,EQ ID 1447,Roof Drains,Maintenance,5681,Closed and Completed,0.00,0.00,Max,,0.00,7/13/2023,Maksim Bushka - 07/13/23  9:52:14 AM: Done ok,[],"Clean all 10 roof drains free of dirt and trash (Monthly)
Please note if you push the dirt down the drain then the bottom needs to be swept up free of dirt /trash 
1 drain -North West of the building 
2 drains -North East of the building 
2 drains -South East of the building 
2 drains -East Middle of the building
1 drain -South West of the building
2 drains -West Middle of the building",7/15/2023
1447,EQ ID 1447,Roof Drains,Maintenance,6409,Closed and Completed,0.00,1.00,Max,,0.00,9/14/2023,,[],"Clean all 10 roof drains free of dirt and trash (Monthly)
Please note if you push the dirt down the drain then the bottom needs to be swept up free of dirt /trash 
1 drain -North West of the building 
2 drains -North East of the building 
2 drains -South East of the building 
2 drains -East Middle of the building
1 drain -South West of the building
2 drains -West Middle of the building",9/13/2023
1447,EQ ID 1447,Roof Drains,Maintenance,7224,Closed and Completed,0.00,1.00,Max,,0.00,11/15/2023,,[],"Clean all 10 roof drains free of dirt and trash (Monthly)
Please note if you push the dirt down the drain then the bottom needs to be swept up free of dirt /trash 
1 drain -North West of the building 
2 drains -North East of the building 
2 drains -South East of the building 
2 drains -East Middle of the building
1 drain -South West of the building
2 drains -West Middle of the building",11/14/2023
1447,EQ ID 1447,Roof Drains,Maintenance,8048,Closed and Completed,0.00,0.00,Max,,0.00,1/9/2024,,[],"Clean all 10 roof drains free of dirt and trash (Monthly)
Please note if you push the dirt down the drain then the bottom needs to be swept up free of dirt /trash 
1 drain -North West of the building 
2 drains -North East of the building 
2 drains -South East of the building 
2 drains -East Middle of the building
1 drain -South West of the building
2 drains -West Middle of the building",1/15/2024
1447,EQ ID 1447,Roof Drains,Maintenance,9600,Closed and Completed,0.00,1.00,Max,,0.00,3/5/2024,,[],"Clean all 10 roof drains free of dirt and trash (Monthly)
Please note if you push the dirt down the drain then the bottom needs to be swept up free of dirt /trash 
1 drain -North West of the building 
2 drains -North East of the building 
2 drains -South East of the building 
2 drains -East Middle of the building
1 drain -South West of the building
2 drains -West Middle of the building",3/9/2024
1447,EQ ID 1447,Roof Drains,Maintenance,10641,Closed and Completed,0.00,1.00,Max,,0.00,5/6/2024,,[],"Clean all 10 roof drains free of dirt and trash (Monthly)
Please note if you push the dirt down the drain then the bottom needs to be swept up free of dirt /trash 
1 drain -North West of the building 
2 drains -North East of the building 
2 drains -South East of the building 
2 drains -East Middle of the building
1 drain -South West of the building
2 drains -West Middle of the building",5/5/2024
1447,EQ ID 1447,Roof Drains,Maintenance,11545,Closed and Completed,0.00,1.00,Max,,0.00,7/11/2024,,[],"Clean all 10 roof drains free of dirt and trash (Monthly)
Please note if you push the dirt down the drain then the bottom needs to be swept up free of dirt /trash 
1 drain -North West of the building 
2 drains -North East of the building 
2 drains -South East of the building 
2 drains -East Middle of the building
1 drain -South West of the building
2 drains -West Middle of the building",7/6/2024
1447,EQ ID 1447,Roof Drains,Maintenance,12360,Closed and Completed,0.00,1.00,Max,,0.00,9/12/2024,,[],"Clean all 10 roof drains free of dirt and trash (Monthly)
Please note if you push the dirt down the drain then the bottom needs to be swept up free of dirt /trash 
1 drain -North West of the building 
2 drains -North East of the building 
2 drains -South East of the building 
2 drains -East Middle of the building
1 drain -South West of the building
2 drains -West Middle of the building",9/11/2024
1447,EQ ID 1447,Roof Drains,Maintenance,13047,Closed and Completed,0.00,1.00,Max,,0.00,10/28/2024,,[],"Clean all 10 roof drains free of dirt and trash (Monthly)
Please note if you push the dirt down the drain then the bottom needs to be swept up free of dirt /trash 
1 drain -North West of the building 
2 drains -North East of the building 
2 drains -South East of the building 
2 drains -East Middle of the building
1 drain -South West of the building
2 drains -West Middle of the building",11/12/2024
1447,EQ ID 1447,Roof Drains,Maintenance,13624,Closed and Completed,0.00,1.00,Max,,0.00,1/2/2025,,[],"Clean all 10 roof drains free of dirt and trash (Monthly)
Please note if you push the dirt down the drain then the bottom needs to be swept up free of dirt /trash 
1 drain -North West of the building 
2 drains -North East of the building 
2 drains -South East of the building 
2 drains -East Middle of the building
1 drain -South West of the building
2 drains -West Middle of the building",12/28/2024
1447,EQ ID 1447,Roof Drains,Maintenance,14223,Closed and Completed,0.00,1.00,Max,,0.00,2/25/2025,,[],"Clean all 10 roof drains free of dirt and trash (Monthly)
Please note if you push the dirt down the drain then the bottom needs to be swept up free of dirt /trash 
1 drain -North West of the building 
2 drains -North East of the building 
2 drains -South East of the building 
2 drains -East Middle of the building
1 drain -South West of the building
2 drains -West Middle of the building",3/2/2025
1447,EQ ID 1447,Roof Drains,Maintenance,14822,Closed and Completed,0.00,1.00,Max,,0.00,4/30/2025,,[],"Clean all 10 roof drains free of dirt and trash (Monthly)
Please note if you push the dirt down the drain then the bottom needs to be swept up free of dirt /trash 
1 drain -North West of the building 
2 drains -North East of the building 
2 drains -South East of the building 
2 drains -East Middle of the building
1 drain -South West of the building
2 drains -West Middle of the building",4/25/2025
1447,EQ ID 1447,Roof Drains,Maintenance,15556,Closed and Completed,0.00,1.00,Max,,0.00,7/2/2025,,[],"Clean all 10 roof drains free of dirt and trash (Monthly)
Please note if you push the dirt down the drain then the bottom needs to be swept up free of dirt /trash 
1 drain -North West of the building 
2 drains -North East of the building 
2 drains -South East of the building 
2 drains -East Middle of the building
1 drain -South West of the building
2 drains -West Middle of the building",6/30/2025
1447,EQ ID 1447,Roof Drains,Maintenance,16282,Closed and Completed,0.00,1.00,Max,,0.00,9/2/2025,,[],"Clean all 10 roof drains free of dirt and trash (Monthly)
Please note if you push the dirt down the drain then the bottom needs to be swept up free of dirt /trash 
1 drain -North West of the building 
2 drains -North East of the building 
2 drains -South East of the building 
2 drains -East Middle of the building
1 drain -South West of the building
2 drains -West Middle of the building",9/2/2025
1447,EQ ID 1447,Roof Drains,Maintenance,16897,Closed and Completed,0.00,1.00,Max,,0.00,11/3/2025,,[],"Clean all 10 roof drains free of dirt and trash (Monthly)
Please note if you push the dirt down the drain then the bottom needs to be swept up free of dirt /trash 
1 drain -North West of the building 
2 drains -North East of the building 
2 drains -South East of the building 
2 drains -East Middle of the building
1 drain -South West of the building
2 drains -West Middle of the building",11/2/2025
1447,EQ ID 1447,Roof Drains,Maintenance,17544,Closed and Completed,0.00,1.00,Max,,0.00,1/5/2026,"Maksim Bushka - 01/07/26  6:49:05 PM: Scheduled Date: 01-03-2026
Parts Needed: No
Parts Ordered: No
Expected Delivery Date: N/A
General Notes: Cleaned up all roof drains",[],"Clean all 10 roof drains free of dirt and trash (Monthly)
Please note if you push the dirt down the drain then the bottom needs to be swept up free of dirt /trash 
1 drain -North West of the building 
2 drains -North East of the building 
2 drains -South East of the building 
2 drains -East Middle of the building
1 drain -South West of the building
2 drains -West Middle of the building",1/3/2026
1447,EQ ID 1447,Roof Drains,Maintenance,18112,Closed and Completed,0.00,1.00,Max,,0.00,3/17/2026,"Maksim Bushka - 03/17/26  3:01:05 PM: Scheduled Date: 03/07/2026
Parts Needed: NO
Parts Ordered: NO
Expected Delivery Date: N/A
General Notes: Checked up and cleaned.",[],"Clean all 10 roof drains free of dirt and trash (Monthly)
Please note if you push the dirt down the drain then the bottom needs to be swept up free of dirt /trash 
1 drain -North West of the building 
2 drains -North East of the building 
2 drains -South East of the building 
2 drains -East Middle of the building
1 drain -South West of the building
2 drains -West Middle of the building",3/7/2026
1447,EQ ID 1447,Roof Drains,Maintenance,18802,Closed and Completed,0.00,1.00,Max,,0.00,5/18/2026,"Maksim Bushka - 05/20/26  1:22:28 PM: Scheduled Date: 05/17/2026
Parts Needed: NO
Parts Ordered: NO
Expected Delivery Date: N/A
General Notes: Cleaned up ok",[],"Clean all 10 roof drains free of dirt and trash (Monthly)
Please note if you push the dirt down the drain then the bottom needs to be swept up free of dirt /trash 
1 drain -North West of the building 
2 drains -North East of the building 
2 drains -South East of the building 
2 drains -East Middle of the building
1 drain -South West of the building
2 drains -West Middle of the building",5/17/2026
1447,EQ ID 1447,Roof Drains,Maintenance,19517,Closed and Completed,0.00,0.20,Max,,0.00,8/4/2026,,[],"Clean all 10 roof drains free of dirt and trash (Monthly)
Please note if you push the dirt down the drain then the bottom needs to be swept up free of dirt /trash 
1 drain -North West of the building 
2 drains -North East of the building 
2 drains -South East of the building 
2 drains -East Middle of the building
1 drain -South West of the building
2 drains -West Middle of the building",7/20/2026
1448,EQ ID 1448,Roof condensation drains,Maintenance,886,Closed and Completed,0.00,0.20,mike,,0.00,4/7/2022,Miguel Diaz - 04/08/22  9:58:25 AM: Checked all drains found them all  cleaned,[],"Clean 3 roof condensation  drains by removing any trash around them  .
Location of drains below
1 Drain  -In-between AC 1-1 and AC 2-1    
1 Drain -in-between AC 2-1 AND AC 1-2 
1 Drain next to the red tank by boilers",4/18/2022
1448,EQ ID 1448,Roof condensation drains,Maintenance,3245,Closed and Completed,0.00,2.00,Max,,0.00,11/1/2022,Maksim Bushka - 12/06/22  7:53:43 AM: Clean up the condensation drains on the roof,[],"Clean 3 roof condensation  drains by removing any trash around them  .
Location of drains below
1 Drain  -In-between AC 1-1 and AC 2-1    
1 Drain -in-between AC 2-1 AND AC 1-2 
1 Drain next to the red tank by boilers",12/14/2022
1448,EQ ID 1448,Roof condensation drains,Maintenance,2865,Closed and Completed,0.00,0.50,Max,,0.00,11/11/2022,Maksim Bushka - 11/14/22  7:07:51 AM: cleaned all drains,[],"Clean 3 roof condensation  drains by removing any trash around them  .
Location of drains below
1 Drain  -In-between AC 1-1 and AC 2-1    
1 Drain -in-between AC 2-1 AND AC 1-2 
1 Drain next to the red tank by boilers",11/13/2022
1448,EQ ID 1448,Roof condensation drains,Maintenance,3454,Closed and Completed,0.00,0.00,mike max,,0.00,1/23/2023,Miguel Diaz - 01/23/23  9:52:49 AM: all have been checked all are clean,[],"Clean 3 roof condensation  drains by removing any trash around them  .
Location of drains below
1 Drain  -In-between AC 1-1 and AC 2-1    
1 Drain -in-between AC 2-1 AND AC 1-2 
1 Drain next to the red tank by boilers",2/6/2023
1448,EQ ID 1448,Roof condensation drains,Maintenance,4094,Closed and Completed,0.00,0.20,Max,,0.00,3/13/2023,Maksim Bushka - 03/15/23 11:36:21 AM: Cleaned up all 3 roof condensation drains.,[],"Clean 3 roof condensation  drains by removing any trash around them  .
Location of drains below
1 Drain  -In-between AC 1-1 and AC 2-1    
1 Drain -in-between AC 2-1 AND AC 1-2 
1 Drain next to the red tank by boilers",3/23/2023
1448,EQ ID 1448,Roof condensation drains,Maintenance,4834,Closed and Completed,0.00,0.20,Max,,0.00,5/15/2023,Maksim Bushka - 05/15/23  9:01:20 AM: Cleaned up the roof condensation drains.,[],"Clean 3 roof condensation  drains by removing any trash around them  .
Location of drains below
1 Drain  -In-between AC 1-1 and AC 2-1    
1 Drain -in-between AC 2-1 AND AC 1-2 
1 Drain next to the red tank by boilers",5/15/2023
1448,EQ ID 1448,Roof condensation drains,Maintenance,5682,Closed and Completed,0.00,0.00,Max,,0.00,7/13/2023,Maksim Bushka - 07/13/23 10:15:38 AM: Ok completed.,[],"Clean 3 roof condensation  drains by removing any trash around them  .
Location of drains below
1 Drain  -In-between AC 1-1 and AC 2-1    
1 Drain -in-between AC 2-1 AND AC 1-2 
1 Drain next to the red tank by boilers",7/15/2023
1448,EQ ID 1448,Roof condensation drains,Maintenance,6410,Closed and Completed,0.00,1.00,Max,,0.00,9/14/2023,,[],"Clean 3 roof condensation  drains by removing any trash around them  .
Location of drains below
1 Drain  -In-between AC 1-1 and AC 2-1    
1 Drain -in-between AC 2-1 AND AC 1-2 
1 Drain next to the red tank by boilers",9/13/2023
1448,EQ ID 1448,Roof condensation drains,Maintenance,7225,Closed and Completed,0.00,1.00,Max,,0.00,11/15/2023,,[],"Clean 3 roof condensation  drains by removing any trash around them  .
Location of drains below
1 Drain  -In-between AC 1-1 and AC 2-1    
1 Drain -in-between AC 2-1 AND AC 1-2 
1 Drain next to the red tank by boilers",11/14/2023
1448,EQ ID 1448,Roof condensation drains,Maintenance,8049,Closed and Completed,0.00,1.00,Max,,0.00,1/9/2024,,[],"Clean 3 roof condensation  drains by removing any trash around them  .
Location of drains below
1 Drain  -In-between AC 1-1 and AC 2-1    
1 Drain -in-between AC 2-1 AND AC 1-2 
1 Drain next to the red tank by boilers",1/15/2024
1448,EQ ID 1448,Roof condensation drains,Maintenance,9601,Closed and Completed,0.00,1.00,Max,,0.00,3/5/2024,,[],"Clean 3 roof condensation  drains by removing any trash around them  .
Location of drains below
1 Drain  -In-between AC 1-1 and AC 2-1    
1 Drain -in-between AC 2-1 AND AC 1-2 
1 Drain next to the red tank by boilers",3/9/2024
1448,EQ ID 1448,Roof condensation drains,Maintenance,10642,Closed and Completed,0.00,1.00,Max,,0.00,5/6/2024,,[],"Clean 3 roof condensation  drains by removing any trash around them  .
Location of drains below
1 Drain  -In-between AC 1-1 and AC 2-1    
1 Drain -in-between AC 2-1 AND AC 1-2 
1 Drain next to the red tank by boilers",5/5/2024
1448,EQ ID 1448,Roof condensation drains,Maintenance,11546,Closed and Completed,0.00,1.00,Max,,0.00,7/11/2024,,[],"Clean 3 roof condensation  drains by removing any trash around them  .
Location of drains below
1 Drain  -In-between AC 1-1 and AC 2-1    
1 Drain -in-between AC 2-1 AND AC 1-2 
1 Drain next to the red tank by boilers",7/6/2024
1448,EQ ID 1448,Roof condensation drains,Maintenance,12361,Closed and Completed,0.00,1.00,Max,,0.00,9/11/2024,,[],"Clean 3 roof condensation  drains by removing any trash around them  .
Location of drains below
1 Drain  -In-between AC 1-1 and AC 2-1    
1 Drain -in-between AC 2-1 AND AC 1-2 
1 Drain next to the red tank by boilers",9/11/2024
1448,EQ ID 1448,Roof condensation drains,Maintenance,13048,Closed and Completed,0.00,1.00,Max,,0.00,10/28/2024,,[],"Clean 3 roof condensation  drains by removing any trash around them  .
Location of drains below
1 Drain  -In-between AC 1-1 and AC 2-1    
1 Drain -in-between AC 2-1 AND AC 1-2 
1 Drain next to the red tank by boilers",11/12/2024
1448,EQ ID 1448,Roof condensation drains,Maintenance,13625,Closed and Completed,0.00,1.00,Max,,0.00,1/2/2025,,[],"Clean 3 roof condensation  drains by removing any trash around them  .
Location of drains below
1 Drain  -In-between AC 1-1 and AC 2-1    
1 Drain -in-between AC 2-1 AND AC 1-2 
1 Drain next to the red tank by boilers",12/28/2024
1448,EQ ID 1448,Roof condensation drains,Maintenance,14224,Closed and Completed,0.00,1.00,Max,,0.00,2/25/2025,,[],"Clean 3 roof condensation  drains by removing any trash around them  .
Location of drains below
1 Drain  -In-between AC 1-1 and AC 2-1    
1 Drain -in-between AC 2-1 AND AC 1-2 
1 Drain next to the red tank by boilers",3/2/2025
1448,EQ ID 1448,Roof condensation drains,Maintenance,14823,Closed and Completed,0.00,1.00,Max,,0.00,4/30/2025,,[],"Clean 3 roof condensation  drains by removing any trash around them  .
Location of drains below
1 Drain  -In-between AC 1-1 and AC 2-1    
1 Drain -in-between AC 2-1 AND AC 1-2 
1 Drain next to the red tank by boilers",4/25/2025
1448,EQ ID 1448,Roof condensation drains,Maintenance,15557,Closed and Completed,0.00,1.00,Max,,0.00,7/2/2025,,[],"Clean 3 roof condensation  drains by removing any trash around them  .
Location of drains below
1 Drain  -In-between AC 1-1 and AC 2-1    
1 Drain -in-between AC 2-1 AND AC 1-2 
1 Drain next to the red tank by boilers",6/30/2025
1448,EQ ID 1448,Roof condensation drains,Maintenance,16281,Closed and Completed,0.00,1.00,Max,,0.00,9/2/2025,,[],"Clean 3 roof condensation  drains by removing any trash around them  .
Location of drains below
1 Drain  -In-between AC 1-1 and AC 2-1    
1 Drain -in-between AC 2-1 AND AC 1-2 
1 Drain next to the red tank by boilers",9/2/2025
1448,EQ ID 1448,Roof condensation drains,Maintenance,16896,Closed and Completed,0.00,1.00,Max,,0.00,11/3/2025,,[],"Clean 3 roof condensation  drains by removing any trash around them  .
Location of drains below
1 Drain  -In-between AC 1-1 and AC 2-1    
1 Drain -in-between AC 2-1 AND AC 1-2 
1 Drain next to the red tank by boilers",11/2/2025
1448,EQ ID 1448,Roof condensation drains,Maintenance,17543,Closed and Completed,0.00,0.30,Max,,0.00,1/5/2026,"Maksim Bushka - 01/05/26  2:39:44 PM: Scheduled Date: 01-05-2026
Parts Needed:  No
Parts Ordered: No
Expected Delivery Date: [MM/DD/YYYY or N/A]
General Notes: Cleaned up the drains",[],"Clean 3 roof condensation  drains by removing any trash around them  .
Location of drains below
1 Drain  -In-between AC 1-1 and AC 2-1    
1 Drain -in-between AC 2-1 AND AC 1-2 
1 Drain next to the red tank by boilers",1/3/2026
1448,EQ ID 1448,Roof condensation drains,Maintenance,18091,Closed and Completed,0.00,1.00,Max,,0.00,3/17/2026,"Maksim Bushka - 03/17/26  2:59:39 PM: Scheduled Date: 03/05/2026
Parts Needed: NO
Parts Ordered: NO
Expected Delivery Date: N/A
General Notes: Cleaned up",[],"Clean 3 roof condensation  drains by removing any trash around them  .
Location of drains below
1 Drain  -In-between AC 1-1 and AC 2-1    
1 Drain -in-between AC 2-1 AND AC 1-2 
1 Drain next to the red tank by boilers",3/5/2026
1448,EQ ID 1448,Roof condensation drains,Maintenance,18801,Closed and Completed,0.00,1.00,Max,,0.00,5/18/2026,"Maksim Bushka - 05/20/26  1:21:22 PM: Scheduled Date: 05/17/2026
Parts Needed: NO
Parts Ordered: NO
Expected Delivery Date: N/A
General Notes: Cleaned up",[],"Clean 3 roof condensation  drains by removing any trash around them  .
Location of drains below
1 Drain  -In-between AC 1-1 and AC 2-1    
1 Drain -in-between AC 2-1 AND AC 1-2 
1 Drain next to the red tank by boilers",5/17/2026
1448,EQ ID 1448,Roof condensation drains,Maintenance,19516,Closed and Completed,0.00,0.50,Max,,0.00,8/3/2026,,[],"Clean 3 roof condensation  drains by removing any trash around them  .
Location of drains below
1 Drain  -In-between AC 1-1 and AC 2-1    
1 Drain -in-between AC 2-1 AND AC 1-2 
1 Drain next to the red tank by boilers",7/20/2026
754,EQ ID 754,Gardner Denver 54hp Compressor,Maintenance,504,Closed and Completed,0.00,0.00,,,0.00,10/13/2022,Miguel Diaz - 10/13/22 12:38:40 PM: tech changes the filter no us this will wait till the maintenance is due,[],"Replace oil filter.
Reference hour meter for change time.",10/18/2022
754,EQ ID 754,Gardner Denver 54hp Compressor,Maintenance,2899,Closed and Completed,0.00,0.00,,,0.00,5/23/2023,,[],"Replace oil filter.
Reference hour meter for change time.",5/13/2023
754,EQ ID 754,Gardner Denver 54hp Compressor,Maintenance,5757,Closed and Completed,50.00,0.30,Miguel & Max,,0.00,12/29/2023,Maksim Bushka - 01/02/24  9:36:08 AM: Replaced the oil filter.,[],"Replace oil filter.
Reference hour meter for change time.",12/23/2023
754,EQ ID 754,Gardner Denver 54hp Compressor,Maintenance,9501,Closed without Action,0.00,0.00,mike d,,0.00,7/20/2024,Miguel Diaz - 07/20/24 12:17:28 PM: skipping this it was replaced not long ago still good to use,[],"Replace oil filter.
Reference hour meter for change time.",8/2/2024
754,EQ ID 754,Gardner Denver 54hp Compressor,Maintenance,12465,Closed and Completed,0.00,0.00,md,,0.00,2/25/2025,Miguel Diaz - 02/25/25  6:44:46 AM: Skipping till next service interval,[],"Replace oil filter.
Reference hour meter for change time.",2/20/2025
754,EQ ID 754,Gardner Denver 54hp Compressor,Maintenance,14806,Closed and Completed,0.00,0.00,Atlas Copco,,0.00,12/13/2025,Sean Jennings - 12/30/25 10:22:34 AM: Work completed by Atlas Copco. Things that were found during service was that the automatic condensate drain valve was not operational. The bulk air tank beside the compressor was halfway full of water but was drained. We have the replacement of the drain tentatively scheduled for 1/10/26.,[],"Replace oil filter.
Reference hour meter for change time.",9/25/2025
754,EQ ID 754,Gardner Denver 54hp Compressor,Maintenance,18042,Closed and Completed,0.00,0.20,Max,,0.00,8/3/2026,,[],"Replace oil filter.
Reference hour meter for change time.",7/30/2026
762,EQ ID 762,"Scissor Lift, Optimus LK, 2111/2112 Line",Maintenance,507,Closed without Action,0.00,0.00,md,,0.00,2/27/2023,,[],"Lift table to highest position and lock in place with maintenance hooks.
Inspect all mechanical components for wear and alignment. Repair or replace as needed.
Inspect hydraulic system for leaks, repair if needed.
Check hydraulic fluid level, refill if needed.
Return maintenance hooks to operating position.",3/18/2023
762,EQ ID 762,"Scissor Lift, Optimus LK, 2111/2112 Line",Maintenance,4593,Closed without Action,0.00,0.00,md,,0.00,2/8/2024,Miguel Diaz - 02/08/24  8:49:11 AM: equipment is not here,[],"Lift table to highest position and lock in place with maintenance hooks.
Inspect all mechanical components for wear and alignment. Repair or replace as needed.
Inspect hydraulic system for leaks, repair if needed.
Check hydraulic fluid level, refill if needed.
Return maintenance hooks to operating position.",2/27/2024
762,EQ ID 762,"Scissor Lift, Optimus LK, 2111/2112 Line",Maintenance,10268,Closed without Action,0.00,0.00,.,,0.00,2/1/2025,"Miguel Diaz - 02/01/25 11:08:46 AM: 1)Check the variable speed motor and gear box oil levels.
2)Lubrication of all moving elements and rack support units.
3) Inspect feed belt tension guides and sprockets.
4) Vac. out control cabinets and clean fan filters.
5) Inspect all trim and cutter motors.
6) Inspect top roller guide wheels for proper operation.
7)Lube with air lube both sides of the feed track on the bottom .
8)Use tooth brush and brush the rod for the automatic buffer 
9)Spray the rod with LPS 1 make sure auto function is working properly.
10)Check hardware that is holding the camera sensor make sure its not sticking up where the part can crash it .
tighten all hardware make sure to check .",[],"Lift table to highest position and lock in place with maintenance hooks.
Inspect all mechanical components for wear and alignment. Repair or replace as needed.
Inspect hydraulic system for leaks, repair if needed.
Check hydraulic fluid level, refill if needed.
Return maintenance hooks to operating position.",2/8/2025
783,EQ ID 783,2111 2112 Scissor Lift,Maintenance,518,Closed without Action,0.00,0.00,md,,0.00,2/27/2023,,[],"Lift table to highest position and lock in place with maintenance hooks.
Inspect all mechanical components for wear and alignment. Repair or replace as needed.
Inspect hydraulic system for leaks, repair if needed.
Check hydraulic fluid level, refill if needed.
Return maintenance hooks to operating position",3/18/2023
783,EQ ID 783,2111 2112 Scissor Lift,Maintenance,4594,Closed without Action,0.00,0.00,md,,0.00,2/8/2024,Miguel Diaz - 02/08/24  8:49:27 AM: equipment not here,[],"Lift table to highest position and lock in place with maintenance hooks.
Inspect all mechanical components for wear and alignment. Repair or replace as needed.
Inspect hydraulic system for leaks, repair if needed.
Check hydraulic fluid level, refill if needed.
Return maintenance hooks to operating position",2/27/2024
783,EQ ID 783,2111 2112 Scissor Lift,Maintenance,10269,Closed without Action,0.00,0.00,.,,0.00,2/1/2025,"Miguel Diaz - 02/01/25 11:09:01 AM: 1)Check the variable speed motor and gear box oil levels.
2)Lubrication of all moving elements and rack support units.
3) Inspect feed belt tension guides and sprockets.
4) Vac. out control cabinets and clean fan filters.
5) Inspect all trim and cutter motors.
6) Inspect top roller guide wheels for proper operation.
7)Lube with air lube both sides of the feed track on the bottom .
8)Use tooth brush and brush the rod for the automatic buffer 
9)Spray the rod with LPS 1 make sure auto function is working properly.
10)Check hardware that is holding the camera sensor make sure its not sticking up where the part can crash it .
tighten all hardware make sure to check .",[],"Lift table to highest position and lock in place with maintenance hooks.
Inspect all mechanical components for wear and alignment. Repair or replace as needed.
Inspect hydraulic system for leaks, repair if needed.
Check hydraulic fluid level, refill if needed.
Return maintenance hooks to operating position",2/8/2025
