equipment_id,equipment_eq_id,equipment_name,department,wo_id,audit_item,status,due_date,work_performed_by,labor_time,material_cost,downtime_hours,completed_datetime,comments,attachments
5393,EQ ID 5393,Foam Soap Dispensers (at sinks),Maintenance,19884,"• Remove Nozzle Tip with mesh screen and run under warm water.
     • To remove Nozzle Tip for cleaning, cover the Sensor area with
        your finger to prevent dispensing of soap. Turn Nozzle to the left to
        loosen. Rinse Nozzle under hot water to loosen any soap residue and
        replace. Turn Nozzle to the right to tighten
• Place hand under Nozzle Tip to be sure soap is properly dispensed
• Gently wipe the dispenser with a cloth moistened with warm water and a diluted
neutral detergent
• Clean area between Lid and Spout to keep Lid swing free of soap residue
• Flush the system when minimal amount of soap is left in the bottle
       • Open the top-fill door using the BobKey, rotate door clockwise
       • Fill the dispenser with warm water.
       • Press the Automatic Flush Button located on the bottom housing assembly, just
          above the Partition Control Knob.
       • Once unit is flushed, Press the Automatic Flush Button again to stop dispensing.
       • Fill unit with fresh soap.
• Place hand under Nozzle Tip to be sure soap is properly dispensed.

I found this information online (Advisory Bulletin). https://www.bobrick.com/wp-content/uploads/TB-99.pdf

NOTES:
Please be concerned with the traffic on the sink usage, PM will take about ten to twenty mins for each unit. Depending on the soap amount inside the container.
If possible, perform the PM partially to allow the traffic to use the other sink. 
To save soap, it's best to perform the PM when the soap is at low level. Maybe early morning or late afternoon.",Closed and Completed,6/17/2026,"Colton, PU",0.00,0.00,0.00,6/19/2026,,[]
5390,EQ ID 5390,Office Chairs,Maintenance,19704,"Check the condition of the office chair arm pads. This includes all of the chairs inside of the conference, training and offices. Replace the arm pads as needed.",Pending,7/4/2026,,0.00,0.00,0.00,,,[]
5390,EQ ID 5390,Office Chairs,Maintenance,19439,"This includes all chairs in the building (open office, conference, office, training, lunch room, etc). 
ALL CHAIRS:
Check to make sure all hardware is tight 
Check to see if there are signs of any cracking on the structural frame
Check to make sure chairs are level (no rocking back and forth)
Check cleanliness (stains, tears, etc)
ROLLING CHAIRS:
Clean and check casters as needed
Make sure cylinder is working
Check the tilt and other functions
BREAK ROOM CHAIRS:
Check the chairs feet (they are level and they have glides)
Look for cracks or deforming",Closed and Completed,5/29/2026,Max,0.30,0.00,0.00,6/3/2026,"Maksim Bushka - 06/04/26  1:06:16 PM: Scheduled Date: 05/29/2026
Parts Needed: NO
Parts Ordered: NO
Expected Delivery Date: N/A
General Notes: Checked out ok",[]
5390,EQ ID 5390,Office Chairs,Maintenance,19438,"Check the condition of the office chair arm pads. This includes all of the chairs inside of the conference, training and offices. Replace the arm pads as needed.",Closed and Completed,5/29/2026,Max,0.30,0.00,0.00,6/3/2026,"Maksim Bushka - 06/04/26  1:04:43 PM: Scheduled Date: 05/29/2026
Parts Needed: NO
Parts Ordered: NO
Expected Delivery Date: N/A
General Notes: Checked up ok",[]
36,EQ ID 36,Air compressor 75 HP,Maintenance,29,"(1) Check Safety Devices (Red E-stop button)
(2) Check Separator Differ. Indicator (Listen for blow by)
(3) Check Sump Oil Level-Warm (Check gauge Arrow pointed towards the green)
(4) Check Air filter (make sure  unit is off  before checking filter)
Open side cover & remove and blow off. (Check for foreign matter)
(5) Check radiator. Make sure it's clean and blow off if needed .",Closed and Completed,4/18/2022,mike,0.50,0.00,0.00,4/7/2022,Miguel Diaz - 04/08/22  9:59:11 AM: checked unit all is working,[]
36,EQ ID 36,Air compressor 75 HP,Maintenance,2604,"(1) Check Safety Devices (Red E-stop button)
(2) Check Separator Differ. Indicator (Listen for blow by)
(3) Check Sump Oil Level-Warm (Check gauge Arrow pointed towards the green)
(4) Check Air filter (make sure  unit is off  before checking filter)
Open side cover & remove and blow off. (Check for foreign matter)
(5) Check radiator. Make sure it's clean and blow off if needed .",Closed and Completed,11/13/2022,Gardner denver,0.50,0.00,0.00,10/31/2022,Miguel Diaz - 11/07/22  7:33:40 AM: compressor was just serviced for an annual service,[]
36,EQ ID 36,Air compressor 75 HP,Maintenance,3134,"(1) Check Safety Devices (Red E-stop button)
(2) Check Separator Differ. Indicator (Listen for blow by)
(3) Check Sump Oil Level-Warm (Check gauge Arrow pointed towards the green)
(4) Check Air filter (make sure  unit is off  before checking filter)
Open side cover & remove and blow off. (Check for foreign matter)
(5) Check radiator. Make sure it's clean and blow off if needed .",Closed and Completed,12/7/2022,md,0.40,0.00,0.00,12/1/2022,"Miguel Diaz - 12/01/22  8:18:55 AM: checked e stop 
checked oil level when on 
removed and cleaned air filter",[]
36,EQ ID 36,Air compressor 75 HP,Maintenance,3387,"(1) Check Safety Devices (Red E-stop button)
(2) Check Separator Differ. Indicator (Listen for blow by)
(3) Check Sump Oil Level-Warm (Check gauge Arrow pointed towards the green)
(4) Check Air filter (make sure  unit is off  before checking filter)
Open side cover & remove and blow off. (Check for foreign matter)
(5) Check radiator. Make sure it's clean and blow off if needed .",Closed and Completed,1/1/2023,mike,0.50,0.00,0.00,1/2/2023,,[]
36,EQ ID 36,Air compressor 75 HP,Maintenance,3931,"(1) Check Safety Devices (Red E-stop button)
(2) Check Separator Differ. Indicator (Listen for blow by)
(3) Check Sump Oil Level-Warm (Check gauge Arrow pointed towards the green)
(4) Check Air filter (make sure  unit is off  before checking filter)
Open side cover & remove and blow off. (Check for foreign matter)
(5) Check radiator. Make sure it's clean and blow off if needed .",Closed and Completed,2/12/2023,md,0.00,0.00,0.00,1/23/2023,,[]
36,EQ ID 36,Air compressor 75 HP,Maintenance,4095,"(1) Check Safety Devices (Red E-stop button)
(2) Check Separator Differ. Indicator (Listen for blow by)
(3) Check Sump Oil Level-Warm (Check gauge Arrow pointed towards the green)
(4) Check Air filter (make sure  unit is off  before checking filter)
Open side cover & remove and blow off. (Check for foreign matter)
(5) Check radiator. Make sure it's clean and blow off if needed .",Closed and Completed,2/23/2023,md,0.50,0.00,0.00,2/10/2023,"Miguel Diaz - 02/10/23 11:24:21 AM: 1) Check Safety Devices (Red E-stop button)
(2) Check Separator Differ. Indicator (Listen for blow by)
(3) Check Sump Oil Level-Warm (Check gauge Arrow pointed towards the green)
(4) Check Air filter (make sure  unit is off  before checking filter)
Open side cover & remove and blow off. (Check for foreign matter)
(5) Check radiator. Make sure it's clean and blow off if needed .",[]
36,EQ ID 36,Air compressor 75 HP,Maintenance,4312,"(1) Check Safety Devices (Red E-stop button)
(2) Check Separator Differ. Indicator (Listen for blow by)
(3) Check Sump Oil Level-Warm (Check gauge Arrow pointed towards the green)
(4) Check Air filter (make sure  unit is off  before checking filter)
Open side cover & remove and blow off. (Check for foreign matter)
(5) Check radiator. Make sure it's clean and blow off if needed .",Closed and Completed,3/10/2023,Mike ingersol rand tech,0.50,0.00,0.00,2/16/2023,"Miguel Diaz - 02/20/23  9:13:36 AM: Tech replaced separator and did a rebuilt kit 
checked oil level 
air filter was cleaned",[]
36,EQ ID 36,Air compressor 75 HP,Maintenance,4482,"(1) Check Safety Devices (Red E-stop button)
(2) Check Separator Differ. Indicator (Listen for blow by)
(3) Check Sump Oil Level-Warm (Check gauge Arrow pointed towards the green)
(4) Check Air filter (make sure  unit is off  before checking filter)
Open side cover & remove and blow off. (Check for foreign matter)
(5) Check radiator. Make sure it's clean and blow off if needed .",Closed and Completed,3/20/2023,Mike,0.50,0.00,0.00,3/17/2023,"Miguel Diaz - 03/17/23 10:55:16 AM: 1) Check Safety Devices (Red E-stop button)
(2) Check Separator Differ. Indicator (Listen for blow by)
(3) Check Sump Oil Level-Warm (Check gauge Arrow pointed towards the green)
(4) Check Air filter (make sure  unit is off  before checking filter)
Open side cover & remove and blow off. (Check for foreign matter)
(5) Check radiator. Make sure it's clean and blow off if needed .
all working cleaned air filter",[]
36,EQ ID 36,Air compressor 75 HP,Maintenance,4873,"(1) Check Safety Devices (Red E-stop button)
(2) Check Separator Differ. Indicator (Listen for blow by)
(3) Check Sump Oil Level-Warm (Check gauge Arrow pointed towards the green)
(4) Check Air filter (make sure  unit is off  before checking filter)
Open side cover & remove and blow off. (Check for foreign matter)
(5) Check radiator. Make sure it's clean and blow off if needed .",Closed and Completed,4/17/2023,Miguel & Max,1.00,30.00,0.00,4/18/2023,Maksim Bushka - 04/18/23 10:04:29 AM: Check up all points. Cleaned up the filter and radiator. Added one quarts oil.,[]
36,EQ ID 36,Air compressor 75 HP,Maintenance,5360,"(1) Check Safety Devices (Red E-stop button)
(2) Check Separator Differ. Indicator (Listen for blow by)
(3) Check Sump Oil Level-Warm (Check gauge Arrow pointed towards the green)
(4) Check Air filter (make sure  unit is off  before checking filter)
Open side cover & remove and blow off. (Check for foreign matter)
(5) Check radiator. Make sure it's clean and blow off if needed .",Closed and Completed,5/18/2023,mike,0.00,0.00,0.00,5/10/2023,Miguel Diaz - 05/10/23 10:41:11 AM: This service was just done skipping this interval,[]
36,EQ ID 36,Air compressor 75 HP,Maintenance,5624,"(1) Check Safety Devices (Red E-stop button)
(2) Check Separator Differ. Indicator (Listen for blow by)
(3) Check Sump Oil Level-Warm (Check gauge Arrow pointed towards the green)
(4) Check Air filter (make sure  unit is off  before checking filter)
Open side cover & remove and blow off. (Check for foreign matter)
(5) Check radiator. Make sure it's clean and blow off if needed .",Closed and Completed,6/10/2023,Max,1.00,0.00,0.00,6/12/2023,Maksim Bushka - 06/12/23  8:35:30 AM: Checked up and cleaned up the filter and coil,[]
36,EQ ID 36,Air compressor 75 HP,Maintenance,5982,"(1) Check Safety Devices (Red E-stop button)
(2) Check Separator Differ. Indicator (Listen for blow by)
(3) Check Sump Oil Level-Warm (Check gauge Arrow pointed towards the green)
(4) Check Air filter (make sure  unit is off  before checking filter)
Open side cover & remove and blow off. (Check for foreign matter)
(5) Check radiator. Make sure it's clean and blow off if needed .",Closed and Completed,7/12/2023,Max,0.00,0.00,0.00,7/10/2023,Maksim Bushka - 07/10/23  8:36:28 AM: Serviced ok,[]
36,EQ ID 36,Air compressor 75 HP,Maintenance,6362,"(1) Check Safety Devices (Red E-stop button)
(2) Check Separator Differ. Indicator (Listen for blow by)
(3) Check Sump Oil Level-Warm (Check gauge Arrow pointed towards the green)
(4) Check Air filter (make sure  unit is off  before checking filter)
Open side cover & remove and blow off. (Check for foreign matter)
(5) Check radiator. Make sure it's clean and blow off if needed .",Closed and Completed,8/10/2023,Max,1.00,0.00,0.00,8/10/2023,Maksim Bushka - 08/10/23 10:33:21 AM: Serviced the compressor.,[]
36,EQ ID 36,Air compressor 75 HP,Maintenance,6784,"(1) Check Safety Devices (Red E-stop button)
(2) Check Separator Differ. Indicator (Listen for blow by)
(3) Check Sump Oil Level-Warm (Check gauge Arrow pointed towards the green)
(4) Check Air filter (make sure  unit is off  before checking filter)
Open side cover & remove and blow off. (Check for foreign matter)
(5) Check radiator. Make sure it's clean and blow off if needed .",Closed and Completed,9/10/2023,Max,1.00,50.00,0.00,9/7/2023,Maksim Bushka - 09/07/23 11:19:32 AM: Added oil around two quart.,[]
36,EQ ID 36,Air compressor 75 HP,Maintenance,7141,"(1) Check Safety Devices (Red E-stop button)
(2) Check Separator Differ. Indicator (Listen for blow by)
(3) Check Sump Oil Level-Warm (Check gauge Arrow pointed towards the green)
(4) Check Air filter (make sure  unit is off  before checking filter)
Open side cover & remove and blow off. (Check for foreign matter)
(5) Check radiator. Make sure it's clean and blow off if needed .",Closed and Completed,10/7/2023,Max,0.00,0.00,0.00,10/11/2023,,[]
36,EQ ID 36,Air compressor 75 HP,Maintenance,7579,"(1) Check Safety Devices (Red E-stop button)
(2) Check Separator Differ. Indicator (Listen for blow by)
(3) Check Sump Oil Level-Warm (Check gauge Arrow pointed towards the green)
(4) Check Air filter (make sure  unit is off  before checking filter)
Open side cover & remove and blow off. (Check for foreign matter)
(5) Check radiator. Make sure it's clean and blow off if needed .",Closed and Completed,11/11/2023,Max,1.00,0.00,0.00,11/7/2023,Maksim Bushka - 11/07/23 10:15:55 AM: Performed regular maintenance.,[]
36,EQ ID 36,Air compressor 75 HP,Maintenance,7942,"(1) Check Safety Devices (Red E-stop button)
(2) Check Separator Differ. Indicator (Listen for blow by)
(3) Check Sump Oil Level-Warm (Check gauge Arrow pointed towards the green)
(4) Check Air filter (make sure  unit is off  before checking filter)
Open side cover & remove and blow off. (Check for foreign matter)
(5) Check radiator. Make sure it's clean and blow off if needed .",Closed and Completed,12/7/2023,Max,1.00,0.00,0.00,11/8/2023,,[]
36,EQ ID 36,Air compressor 75 HP,Maintenance,8128,"(1) Check Safety Devices (Red E-stop button)
(2) Check Separator Differ. Indicator (Listen for blow by)
(3) Check Sump Oil Level-Warm (Check gauge Arrow pointed towards the green)
(4) Check Air filter (make sure  unit is off  before checking filter)
Open side cover & remove and blow off. (Check for foreign matter)
(5) Check radiator. Make sure it's clean and blow off if needed .",Closed and Completed,12/27/2023,Max,1.00,0.00,0.00,1/2/2024,,[]
36,EQ ID 36,Air compressor 75 HP,Maintenance,9504,"(1) Check Safety Devices (Red E-stop button)
(2) Check Separator Differ. Indicator (Listen for blow by)
(3) Check Sump Oil Level-Warm (Check gauge Arrow pointed towards the green)
(4) Check Air filter (make sure  unit is off  before checking filter)
Open side cover & remove and blow off. (Check for foreign matter)
(5) Check radiator. Make sure it's clean and blow off if needed .",Closed and Completed,2/2/2024,Max,1.00,0.00,0.00,1/31/2024,,[]
36,EQ ID 36,Air compressor 75 HP,Maintenance,10208,"(1) Check Safety Devices (Red E-stop button)
(2) Check Separator Differ. Indicator (Listen for blow by)
(3) Check Sump Oil Level-Warm (Check gauge Arrow pointed towards the green)
(4) Check Air filter (make sure  unit is off  before checking filter)
Open side cover & remove and blow off. (Check for foreign matter)
(5) Check radiator. Make sure it's clean and blow off if needed .",Closed and Completed,3/2/2024,Max,1.00,0.00,0.00,3/1/2024,,[]
36,EQ ID 36,Air compressor 75 HP,Maintenance,30,"Major Service; Every 24th-Month $3,805 Per Visit
? Same As The Above Minor Service
? Replace Air/Oil Separator Element
? Replace Ultra Coolant Compressor Lubricant
? Grease Fan & Main Motor Bearings (If applicable)
? Advise of Any Issues",Closed and Completed,3/18/2024,Max,1.00,0.00,0.00,3/4/2024,,[]
36,EQ ID 36,Air compressor 75 HP,Maintenance,10600,"(1) Check Safety Devices (Red E-stop button)
(2) Check Separator Differ. Indicator (Listen for blow by)
(3) Check Sump Oil Level-Warm (Check gauge Arrow pointed towards the green)
(4) Check Air filter (make sure  unit is off  before checking filter)
Open side cover & remove and blow off. (Check for foreign matter)
(5) Check radiator. Make sure it's clean and blow off if needed .",Closed and Completed,4/1/2024,Max,0.45,0.00,0.00,4/1/2024,Maksim Bushka - 04/01/24  2:47:31 PM: Replaced 4 rollers on a drywall cart.,[]
36,EQ ID 36,Air compressor 75 HP,Maintenance,10883,"(1) Check Safety Devices (Red E-stop button)
(2) Check Separator Differ. Indicator (Listen for blow by)
(3) Check Sump Oil Level-Warm (Check gauge Arrow pointed towards the green)
(4) Check Air filter (make sure  unit is off  before checking filter)
Open side cover & remove and blow off. (Check for foreign matter)
(5) Check radiator. Make sure it's clean and blow off if needed .",Closed and Completed,5/1/2024,Max,1.00,0.00,0.00,4/30/2024,,[]
36,EQ ID 36,Air compressor 75 HP,Maintenance,11476,"(1) Check Safety Devices (Red E-stop button)
(2) Check Separator Differ. Indicator (Listen for blow by)
(3) Check Sump Oil Level-Warm (Check gauge Arrow pointed towards the green)
(4) Check Air filter (make sure  unit is off  before checking filter)
Open side cover & remove and blow off. (Check for foreign matter)
(5) Check radiator. Make sure it's clean and blow off if needed .",Closed and Completed,5/30/2024,Max,0.00,0.00,0.00,5/14/2024,,[]
36,EQ ID 36,Air compressor 75 HP,Maintenance,11906,"(1) Check Safety Devices (Red E-stop button)
(2) Check Separator Differ. Indicator (Listen for blow by)
(3) Check Sump Oil Level-Warm (Check gauge Arrow pointed towards the green)
(4) Check Air filter (make sure  unit is off  before checking filter)
Open side cover & remove and blow off. (Check for foreign matter)
(5) Check radiator. Make sure it's clean and blow off if needed .",Closed and Completed,6/30/2024,Max,0.30,0.00,0.00,6/6/2024,,[]
36,EQ ID 36,Air compressor 75 HP,Maintenance,12064,"(1) Check Safety Devices (Red E-stop button)
(2) Check Separator Differ. Indicator (Listen for blow by)
(3) Check Sump Oil Level-Warm (Check gauge Arrow pointed towards the green)
(4) Check Air filter (make sure  unit is off  before checking filter)
Open side cover & remove and blow off. (Check for foreign matter)
(5) Check radiator. Make sure it's clean and blow off if needed .",Closed and Completed,7/10/2024,Max,1.00,0.00,0.00,7/9/2024,,[]
36,EQ ID 36,Air compressor 75 HP,Maintenance,12368,"(1) Check Safety Devices (Red E-stop button)
(2) Check Separator Differ. Indicator (Listen for blow by)
(3) Check Sump Oil Level-Warm (Check gauge Arrow pointed towards the green)
(4) Check Air filter (make sure  unit is off  before checking filter)
Open side cover & remove and blow off. (Check for foreign matter)
(5) Check radiator. Make sure it's clean and blow off if needed .",Closed and Completed,8/12/2024,Max & Primo,1.00,0.00,0.00,8/6/2024,,[]
36,EQ ID 36,Air compressor 75 HP,Maintenance,12681,"(1) Check Safety Devices (Red E-stop button)
(2) Check Separator Differ. Indicator (Listen for blow by)
(3) Check Sump Oil Level-Warm (Check gauge Arrow pointed towards the green)
(4) Check Air filter (make sure  unit is off  before checking filter)
Open side cover & remove and blow off. (Check for foreign matter)
(5) Check radiator. Make sure it's clean and blow off if needed .",Closed and Completed,9/6/2024,Max & Primo,1.00,0.00,0.00,9/5/2024,,[]
36,EQ ID 36,Air compressor 75 HP,Maintenance,12984,"(1) Check Safety Devices (Red E-stop button)
(2) Check Separator Differ. Indicator (Listen for blow by)
(3) Check Sump Oil Level-Warm (Check gauge Arrow pointed towards the green)
(4) Check Air filter (make sure  unit is off  before checking filter)
Open side cover & remove and blow off. (Check for foreign matter)
(5) Check radiator. Make sure it's clean and blow off if needed .",Closed and Completed,10/6/2024,Max,1.00,0.00,0.00,10/14/2024,,[]
36,EQ ID 36,Air compressor 75 HP,Maintenance,13405,"(1) Check Safety Devices (Red E-stop button)
(2) Check Separator Differ. Indicator (Listen for blow by)
(3) Check Sump Oil Level-Warm (Check gauge Arrow pointed towards the green)
(4) Check Air filter (make sure  unit is off  before checking filter)
Open side cover & remove and blow off. (Check for foreign matter)
(5) Check radiator. Make sure it's clean and blow off if needed .",Closed and Completed,11/14/2024,Max,1.00,0.00,0.00,10/29/2024,,[]
36,EQ ID 36,Air compressor 75 HP,Maintenance,13914,"*User water hose and water down coils from inside out every 6 months .
This will prevent the machine from over heating",Closed and Completed,11/25/2024,Max,1.00,0.00,0.00,12/2/2024,,[]
36,EQ ID 36,Air compressor 75 HP,Maintenance,13639,"(1) Check Safety Devices (Red E-stop button)
(2) Check Separator Differ. Indicator (Listen for blow by)
(3) Check Sump Oil Level-Warm (Check gauge Arrow pointed towards the green)
(4) Check Air filter (make sure  unit is off  before checking filter)
Open side cover & remove and blow off. (Check for foreign matter)
(5) Check radiator. Make sure it's clean and blow off if needed .",Closed and Completed,11/29/2024,Max,1.00,0.00,0.00,12/2/2024,,[]
36,EQ ID 36,Air compressor 75 HP,Maintenance,13943,"(1) Check Safety Devices (Red E-stop button)
(2) Check Separator Differ. Indicator (Listen for blow by)
(3) Check Sump Oil Level-Warm (Check gauge Arrow pointed towards the green)
(4) Check Air filter (make sure  unit is off  before checking filter)
Open side cover & remove and blow off. (Check for foreign matter)
(5) Check radiator. Make sure it's clean and blow off if needed .",Closed and Completed,1/2/2025,Max,1.00,0.00,0.00,1/7/2025,Maksim Bushka - 01/07/25  1:50:49 PM: Replaced 4 AA batteries,[]
36,EQ ID 36,Air compressor 75 HP,Maintenance,14282,"(1) Check Safety Devices (Red E-stop button)
(2) Check Separator Differ. Indicator (Listen for blow by)
(3) Check Sump Oil Level-Warm (Check gauge Arrow pointed towards the green)
(4) Check Air filter (make sure  unit is off  before checking filter)
Open side cover & remove and blow off. (Check for foreign matter)
(5) Check radiator. Make sure it's clean and blow off if needed .",Closed and Completed,2/7/2025,Max,1.00,0.00,0.00,2/3/2025,,[]
36,EQ ID 36,Air compressor 75 HP,Maintenance,14611,"(1) Check Safety Devices (Red E-stop button)
(2) Check Separator Differ. Indicator (Listen for blow by)
(3) Check Sump Oil Level-Warm (Check gauge Arrow pointed towards the green)
(4) Check Air filter (make sure  unit is off  before checking filter)
Open side cover & remove and blow off. (Check for foreign matter)
(5) Check radiator. Make sure it's clean and blow off if needed .",Closed and Completed,3/7/2025,Max,1.00,0.00,0.00,3/3/2025,,[]
36,EQ ID 36,Air compressor 75 HP,Maintenance,14925,"(1) Check Safety Devices (Red E-stop button)
(2) Check Separator Differ. Indicator (Listen for blow by)
(3) Check Sump Oil Level-Warm (Check gauge Arrow pointed towards the green)
(4) Check Air filter (make sure  unit is off  before checking filter)
Open side cover & remove and blow off. (Check for foreign matter)
(5) Check radiator. Make sure it's clean and blow off if needed .",Closed and Completed,4/3/2025,Max,1.00,0.00,0.00,4/1/2025,,[]
36,EQ ID 36,Air compressor 75 HP,Maintenance,15257,"(1) Check Safety Devices (Red E-stop button)
(2) Check Separator Differ. Indicator (Listen for blow by)
(3) Check Sump Oil Level-Warm (Check gauge Arrow pointed towards the green)
(4) Check Air filter (make sure  unit is off  before checking filter)
Open side cover & remove and blow off. (Check for foreign matter)
(5) Check radiator. Make sure it's clean and blow off if needed .",Closed and Completed,5/2/2025,Max,1.00,0.00,0.00,5/2/2025,,[]
36,EQ ID 36,Air compressor 75 HP,Maintenance,13942,"*User water hose and water down coils from inside out every 6 months .
This will prevent the machine from over heating",Closed and Completed,6/2/2025,Max,1.00,0.00,0.00,5/8/2025,,[]
36,EQ ID 36,Air compressor 75 HP,Maintenance,15652,"(1) Check Safety Devices (Red E-stop button)
(2) Check Separator Differ. Indicator (Listen for blow by)
(3) Check Sump Oil Level-Warm (Check gauge Arrow pointed towards the green)
(4) Check Air filter (make sure  unit is off  before checking filter)
Open side cover & remove and blow off. (Check for foreign matter)
(5) Check radiator. Make sure it's clean and blow off if needed .",Closed and Completed,6/6/2025,Primo & Max,2.00,0.00,0.00,6/12/2025,Maksim Bushka - 06/12/25  3:13:37 PM: Cleaned up with washer pressure.,[]
36,EQ ID 36,Air compressor 75 HP,Maintenance,16070,"(1) Check Safety Devices (Red E-stop button)
(2) Check Separator Differ. Indicator (Listen for blow by)
(3) Check Sump Oil Level-Warm (Check gauge Arrow pointed towards the green)
(4) Check Air filter (make sure  unit is off  before checking filter)
Open side cover & remove and blow off. (Check for foreign matter)
(5) Check radiator. Make sure it's clean and blow off if needed .",Closed and Completed,7/12/2025,Max,1.00,0.00,0.00,7/11/2025,,[]
36,EQ ID 36,Air compressor 75 HP,Maintenance,16414,"(1) Check Safety Devices (Red E-stop button)
(2) Check Separator Differ. Indicator (Listen for blow by)
(3) Check Sump Oil Level-Warm (Check gauge Arrow pointed towards the green)
(4) Check Air filter (make sure  unit is off  before checking filter)
Open side cover & remove and blow off. (Check for foreign matter)
(5) Check radiator. Make sure it's clean and blow off if needed .",Closed and Completed,8/15/2025,Max,0.30,0.00,0.00,8/13/2025,,[]
36,EQ ID 36,Air compressor 75 HP,Maintenance,16755,"(1) Check Safety Devices (Red E-stop button)
(2) Check Separator Differ. Indicator (Listen for blow by)
(3) Check Sump Oil Level-Warm (Check gauge Arrow pointed towards the green)
(4) Check Air filter (make sure  unit is off  before checking filter)
Open side cover & remove and blow off. (Check for foreign matter)
(5) Check radiator. Make sure it's clean and blow off if needed .",Closed without Action,9/20/2025,Max,0.00,0.00,0.00,9/8/2025,,[]
36,EQ ID 36,Air compressor 75 HP,Maintenance,16934,"(1) Check Safety Devices (Red E-stop button)
(2) Check Separator Differ. Indicator (Listen for blow by)
(3) Check Sump Oil Level-Warm (Check gauge Arrow pointed towards the green)
(4) Check Air filter (make sure  unit is off  before checking filter)
Open side cover & remove and blow off. (Check for foreign matter)
(5) Check radiator. Make sure it's clean and blow off if needed .",Closed and Completed,10/8/2025,Max,0.00,0.00,0.00,9/30/2025,,[]
36,EQ ID 36,Air compressor 75 HP,Maintenance,17101,"(1) Check Safety Devices (Red E-stop button)
(2) Check Separator Differ. Indicator (Listen for blow by)
(3) Check Sump Oil Level-Warm (Check gauge Arrow pointed towards the green)
(4) Check Air filter (make sure  unit is off  before checking filter)
Open side cover & remove and blow off. (Check for foreign matter)
(5) Check radiator. Make sure it's clean and blow off if needed .",Closed and Completed,10/30/2025,Max,0.00,0.00,0.00,10/21/2025,,[]
36,EQ ID 36,Air compressor 75 HP,Maintenance,15748,"*User water hose and water down coils from inside out every 6 months .
This will prevent the machine from over heating",Closed without Action,11/14/2025,Max,0.00,0.00,0.00,10/31/2025,,[]
36,EQ ID 36,Air compressor 75 HP,Maintenance,17398,"(1) Check Safety Devices (Red E-stop button)
(2) Check Separator Differ. Indicator (Listen for blow by)
(3) Check Sump Oil Level-Warm (Check gauge Arrow pointed towards the green)
(4) Check Air filter (make sure  unit is off  before checking filter)
Open side cover & remove and blow off. (Check for foreign matter)
(5) Check radiator. Make sure it's clean and blow off if needed .",Closed without Action,11/21/2025,Max,0.00,0.00,0.00,11/19/2025,,[]
36,EQ ID 36,Air compressor 75 HP,Maintenance,17747,"(1) Check Safety Devices (Red E-stop button)
(2) Check Separator Differ. Indicator (Listen for blow by)
(3) Check Sump Oil Level-Warm (Check gauge Arrow pointed towards the green)
(4) Check Air filter (make sure  unit is off  before checking filter)
Open side cover & remove and blow off. (Check for foreign matter)
(5) Check radiator. Make sure it's clean and blow off if needed .",Closed without Action,12/19/2025,Sean Jennings,0.00,0.00,0.00,12/22/2025,Sean Jennings - 12/22/25 10:04:00 AM: Equipment is no longer operational. Will delete work orders associated with this piece of equipment once it is removed from the facility.,[]
36,EQ ID 36,Air compressor 75 HP,Maintenance,10644,"Major Service; Every 24th-Month $3,805 Per Visit
? Same As The Above Minor Service
? Replace Air/Oil Separator Element
? Replace Ultra Coolant Compressor Lubricant
? Grease Fan & Main Motor Bearings (If applicable)
? Advise of Any Issues",Closed and Completed,3/5/2026,Sean,0.00,0.00,0.00,3/12/2026,Sean Jennings - 03/12/26 12:13:17 PM: Scrapped on 1/26/2026,[]
36,EQ ID 36,Air compressor 75 HP,Maintenance,17532,"*User water hose and water down coils from inside out every 6 months .
This will prevent the machine from over heating",Closed without Action,4/30/2026,Max,0.00,0.00,0.00,5/5/2026,Maksim Bushka - 05/05/26  3:10:06 PM: We have replaced that compressor.,[]
5377,EQ ID 5377,40HP Oil-injected Screw Air Compressor,Maintenance,20153,bleed built up condensation via two bottom valves. a few seconds to clear condensation,Pending,7/30/2026,,0.00,0.00,0.00,,,[]
5377,EQ ID 5377,40HP Oil-injected Screw Air Compressor,Maintenance,19800,clean top of compressor,Pending,6/17/2026,,0.00,0.00,0.00,,,[]
5377,EQ ID 5377,40HP Oil-injected Screw Air Compressor,Maintenance,18359,bleed built up condensation via two bottom valves. a few seconds to clear condensation,Closed and Completed,2/3/2026,Shinobi,0.20,0.00,0.00,2/3/2026,,[]
5377,EQ ID 5377,40HP Oil-injected Screw Air Compressor,Maintenance,18360,bleed built up condensation via two bottom valves. a few seconds to clear condensation,Closed and Completed,2/4/2026,Shinobi,0.20,0.00,0.00,2/5/2026,,[]
5377,EQ ID 5377,40HP Oil-injected Screw Air Compressor,Maintenance,18390,bleed built up condensation via two bottom valves. a few seconds to clear condensation,Closed and Completed,2/7/2026,Shinobi,0.20,0.00,0.00,2/12/2026,,[]
5377,EQ ID 5377,40HP Oil-injected Screw Air Compressor,Maintenance,18463,bleed built up condensation via two bottom valves. a few seconds to clear condensation,Closed and Completed,2/14/2026,Max,0.10,0.00,0.00,2/20/2026,"Maksim Bushka - 02/20/26  5:00:48 PM: Scheduled Date: 02-14-2026
Parts Needed: NO
Parts Ordered: NO
Expected Delivery Date: N/A
General Notes: Bleeded the water out",[]
5377,EQ ID 5377,40HP Oil-injected Screw Air Compressor,Maintenance,18536,bleed built up condensation via two bottom valves. a few seconds to clear condensation,Closed and Completed,2/21/2026,Shinobi,0.20,0.00,0.00,2/23/2026,,[]
5377,EQ ID 5377,40HP Oil-injected Screw Air Compressor,Maintenance,18543,bleed built up condensation via two bottom valves. a few seconds to clear condensation,Closed and Completed,2/24/2026,Shinobi,0.20,0.00,0.00,2/25/2026,,[]
5377,EQ ID 5377,40HP Oil-injected Screw Air Compressor,Maintenance,18565,bleed built up condensation via two bottom valves. a few seconds to clear condensation,Closed and Completed,2/26/2026,Shinobi,0.20,0.00,0.00,2/26/2026,,[]
5377,EQ ID 5377,40HP Oil-injected Screw Air Compressor,Maintenance,18582,bleed built up condensation via two bottom valves. a few seconds to clear condensation,Closed and Completed,2/27/2026,Shinobi,0.20,0.00,0.00,3/2/2026,,[]
5377,EQ ID 5377,40HP Oil-injected Screw Air Compressor,Maintenance,18608,bleed built up condensation via two bottom valves. a few seconds to clear condensation,Closed and Completed,3/3/2026,Shinobi,0.20,0.00,0.00,3/9/2026,,[]
5377,EQ ID 5377,40HP Oil-injected Screw Air Compressor,Maintenance,18676,bleed built up condensation via two bottom valves. a few seconds to clear condensation,Closed and Completed,3/10/2026,Shinobi,0.20,0.00,0.00,3/12/2026,,[]
5377,EQ ID 5377,40HP Oil-injected Screw Air Compressor,Maintenance,18744,bleed built up condensation via two bottom valves. a few seconds to clear condensation,Closed and Completed,3/14/2026,Shinobi,0.20,0.00,0.00,3/16/2026,,[]
5377,EQ ID 5377,40HP Oil-injected Screw Air Compressor,Maintenance,18770,bleed built up condensation via two bottom valves. a few seconds to clear condensation,Closed and Completed,3/17/2026,Shinobi,0.20,0.00,0.00,3/17/2026,,[]
5377,EQ ID 5377,40HP Oil-injected Screw Air Compressor,Maintenance,18796,bleed built up condensation via two bottom valves. a few seconds to clear condensation,Closed and Completed,3/18/2026,Shinobi,0.20,0.00,0.00,3/18/2026,,[]
5377,EQ ID 5377,40HP Oil-injected Screw Air Compressor,Maintenance,18808,bleed built up condensation via two bottom valves. a few seconds to clear condensation,Closed and Completed,3/19/2026,Shinobi,0.20,0.00,0.00,3/20/2026,,[]
5377,EQ ID 5377,40HP Oil-injected Screw Air Compressor,Maintenance,18828,bleed built up condensation via two bottom valves. a few seconds to clear condensation,Closed and Completed,3/21/2026,Shinobi,0.20,0.00,0.00,3/23/2026,,[]
5377,EQ ID 5377,40HP Oil-injected Screw Air Compressor,Maintenance,18838,bleed built up condensation via two bottom valves. a few seconds to clear condensation,Closed and Completed,3/24/2026,Shinobi,0.20,0.00,0.00,3/26/2026,,[]
5377,EQ ID 5377,40HP Oil-injected Screw Air Compressor,Maintenance,18891,bleed built up condensation via two bottom valves. a few seconds to clear condensation,Closed and Completed,3/27/2026,Shinobi,0.20,0.00,0.00,4/8/2026,,[]
5377,EQ ID 5377,40HP Oil-injected Screw Air Compressor,Maintenance,18806,clean top of compressor,Closed and Completed,3/25/2026,Max,0.30,0.00,0.00,4/8/2026,"Maksim Bushka - 04/09/26  1:00:38 PM: Scheduled Date: 04/03/2026
Parts Needed: NO
Parts Ordered: NO
Expected Delivery Date: N/A
General Notes: Cleaned up",[]
5377,EQ ID 5377,40HP Oil-injected Screw Air Compressor,Maintenance,19029,bleed built up condensation via two bottom valves. a few seconds to clear condensation,Closed and Completed,4/9/2026,Shinobi,0.20,0.00,0.00,4/9/2026,,[]
5377,EQ ID 5377,40HP Oil-injected Screw Air Compressor,Maintenance,19036,bleed built up condensation via two bottom valves. a few seconds to clear condensation,Closed and Completed,4/10/2026,Shinobi,0.20,0.00,0.00,4/10/2026,,[]
5377,EQ ID 5377,40HP Oil-injected Screw Air Compressor,Maintenance,19116,bleed built up condensation via two bottom valves. a few seconds to clear condensation,Closed and Completed,4/16/2026,Shinobi,0.20,0.00,0.00,4/15/2026,,[]
5377,EQ ID 5377,40HP Oil-injected Screw Air Compressor,Maintenance,19065,bleed built up condensation via two bottom valves. a few seconds to clear condensation,Closed and Completed,4/11/2026,Max,0.30,0.00,0.00,4/15/2026,"Maksim Bushka - 04/15/26 12:30:43 PM: Scheduled Date: 04/13/2026
Parts Needed: NO
Parts Ordered: NO
Expected Delivery Date: N/A
General Notes: Checked up ok",[]
5377,EQ ID 5377,40HP Oil-injected Screw Air Compressor,Maintenance,19123,bleed built up condensation via two bottom valves. a few seconds to clear condensation,Closed and Completed,4/17/2026,Shinobi,0.20,0.00,0.00,4/20/2026,,[]
5377,EQ ID 5377,40HP Oil-injected Screw Air Compressor,Maintenance,19145,bleed built up condensation via two bottom valves. a few seconds to clear condensation,Closed and Completed,4/21/2026,Shinobi,0.20,0.00,0.00,4/21/2026,,[]
5377,EQ ID 5377,40HP Oil-injected Screw Air Compressor,Maintenance,19049,clean top of compressor,Closed and Completed,4/16/2026,Max,1.00,0.00,0.00,4/21/2026,"Maksim Bushka - 04/21/26  6:58:48 PM: Scheduled Date: 04/16/2026
Parts Needed: NO
Parts Ordered: NO
Expected Delivery Date: N/A
General Notes Cleaned up",[]
5377,EQ ID 5377,40HP Oil-injected Screw Air Compressor,Maintenance,19160,bleed built up condensation via two bottom valves. a few seconds to clear condensation,Closed and Completed,4/22/2026,Shinobi,0.20,0.00,0.00,4/27/2026,,[]
5377,EQ ID 5377,40HP Oil-injected Screw Air Compressor,Maintenance,19193,bleed built up condensation via two bottom valves. a few seconds to clear condensation,Closed and Completed,4/28/2026,Shinobi,0.20,0.00,0.00,4/28/2026,,[]
5377,EQ ID 5377,40HP Oil-injected Screw Air Compressor,Maintenance,19316,bleed built up condensation via two bottom valves. a few seconds to clear condensation,Closed and Completed,5/6/2026,Max,0.10,0.00,0.00,5/5/2026,,[]
5377,EQ ID 5377,40HP Oil-injected Screw Air Compressor,Maintenance,19213,bleed built up condensation via two bottom valves. a few seconds to clear condensation,Closed and Completed,4/29/2026,Max,0.20,0.00,0.00,5/5/2026,"Maksim Bushka - 05/05/26  3:08:28 PM: Scheduled Date: 04/30/2026
Parts Needed: NO
Parts Ordered: NO
Expected Delivery Date: N/A
General Notes: Bledel up",[]
5377,EQ ID 5377,40HP Oil-injected Screw Air Compressor,Maintenance,19161,clean top of compressor,Closed and Completed,4/28/2026,Max,0.30,0.00,0.00,5/5/2026,"Maksim Bushka - 05/05/26  3:05:21 PM: Scheduled Date: 04/28/2026
Parts Needed: NO
Parts Ordered: NO
Expected Delivery Date: N/A
General Notes: Cleaned up",[]
5377,EQ ID 5377,40HP Oil-injected Screw Air Compressor,Maintenance,19315,clean top of compressor,Closed and Completed,5/12/2026,Max,0.20,0.00,0.00,5/12/2026,,[]
5377,EQ ID 5377,40HP Oil-injected Screw Air Compressor,Maintenance,19318,bleed built up condensation via two bottom valves. a few seconds to clear condensation,Closed and Completed,5/6/2026,Shinobi,0.20,0.00,0.00,5/14/2026,,[]
5377,EQ ID 5377,40HP Oil-injected Screw Air Compressor,Maintenance,19372,clean top of compressor,Closed and Completed,5/19/2026,Max,0.20,0.00,0.00,5/19/2026,"Maksim Bushka - 05/20/26  1:24:15 PM: Scheduled Date: 05/19/2026
Parts Needed: NO
Parts Ordered: NO
Expected Delivery Date: N/A
General Notes: Cleaned up",[]
5377,EQ ID 5377,40HP Oil-injected Screw Air Compressor,Maintenance,19412,bleed built up condensation via two bottom valves. a few seconds to clear condensation,Closed and Completed,5/15/2026,Shinobi,0.20,0.00,0.00,5/20/2026,,[]
5377,EQ ID 5377,40HP Oil-injected Screw Air Compressor,Maintenance,19508,bleed built up condensation via two bottom valves. a few seconds to clear condensation,Closed and Completed,5/21/2026,Shinobi,0.20,0.00,0.00,5/21/2026,,[]
5377,EQ ID 5377,40HP Oil-injected Screw Air Compressor,Maintenance,19544,bleed built up condensation via two bottom valves. a few seconds to clear condensation,Closed and Completed,5/22/2026,Shinobi,0.20,0.00,0.00,6/3/2026,,[]
5377,EQ ID 5377,40HP Oil-injected Screw Air Compressor,Maintenance,19679,bleed built up condensation via two bottom valves. a few seconds to clear condensation,Closed and Completed,6/4/2026,Shinobi,0.20,0.00,0.00,6/4/2026,,[]
5377,EQ ID 5377,40HP Oil-injected Screw Air Compressor,Maintenance,19691,bleed built up condensation via two bottom valves. a few seconds to clear condensation,Closed and Completed,6/5/2026,Shinobi,0.20,0.00,0.00,6/8/2026,,[]
5377,EQ ID 5377,40HP Oil-injected Screw Air Compressor,Maintenance,19746,bleed built up condensation via two bottom valves. a few seconds to clear condensation,Closed and Completed,6/9/2026,Shinobi,0.20,0.00,0.00,6/9/2026,,[]
5377,EQ ID 5377,40HP Oil-injected Screw Air Compressor,Maintenance,19751,bleed built up condensation via two bottom valves. a few seconds to clear condensation,Closed and Completed,6/10/2026,Shinobi,0.20,0.00,0.00,6/10/2026,,[]
5377,EQ ID 5377,40HP Oil-injected Screw Air Compressor,Maintenance,19782,bleed built up condensation via two bottom valves. a few seconds to clear condensation,Closed and Completed,6/11/2026,Max,0.20,0.00,0.00,6/10/2026,Maksim Bushka - 06/10/26  3:03:34 PM: Cleaned and bladed,[]
5377,EQ ID 5377,40HP Oil-injected Screw Air Compressor,Maintenance,19802,bleed built up condensation via two bottom valves. a few seconds to clear condensation,Closed and Completed,6/11/2026,Max,0.30,0.00,0.00,6/10/2026,,[]
5377,EQ ID 5377,40HP Oil-injected Screw Air Compressor,Maintenance,19518,clean top of compressor,Closed and Completed,5/27/2026,Max,0.20,0.00,0.00,6/10/2026,"Maksim Bushka - 06/10/26  2:42:02 PM: Scheduled Date: 05/25/2026
Parts Needed: NO
Parts Ordered: NO
Expected Delivery Date: N/A
General Notes: cleaned up",[]
5377,EQ ID 5377,40HP Oil-injected Screw Air Compressor,Maintenance,19803,bleed built up condensation via two bottom valves. a few seconds to clear condensation,Closed and Completed,6/11/2026,Shinobi,0.20,0.00,0.00,6/11/2026,,[]
5377,EQ ID 5377,40HP Oil-injected Screw Air Compressor,Maintenance,19811,bleed built up condensation via two bottom valves. a few seconds to clear condensation,Closed and Completed,6/12/2026,Shinobi,0.20,0.00,0.00,6/16/2026,,[]
5377,EQ ID 5377,40HP Oil-injected Screw Air Compressor,Maintenance,19867,bleed built up condensation via two bottom valves. a few seconds to clear condensation,Closed and Completed,6/17/2026,Shinobi,0.20,0.00,0.00,6/17/2026,,[]
5377,EQ ID 5377,40HP Oil-injected Screw Air Compressor,Maintenance,19881,bleed built up condensation via two bottom valves. a few seconds to clear condensation,Closed and Completed,6/18/2026,Shinobi,0.20,0.00,0.00,6/23/2026,,[]
5377,EQ ID 5377,40HP Oil-injected Screw Air Compressor,Maintenance,19932,bleed built up condensation via two bottom valves. a few seconds to clear condensation,Closed and Completed,6/24/2026,Shinobi,0.20,0.00,0.00,6/24/2026,,[]
5377,EQ ID 5377,40HP Oil-injected Screw Air Compressor,Maintenance,19936,bleed built up condensation via two bottom valves. a few seconds to clear condensation,Closed and Completed,6/25/2026,Shinobi,0.20,0.00,0.00,6/25/2026,,[]
5377,EQ ID 5377,40HP Oil-injected Screw Air Compressor,Maintenance,19952,bleed built up condensation via two bottom valves. a few seconds to clear condensation,Closed and Completed,6/26/2026,Shinobi,0.20,0.00,0.00,6/26/2026,,[]
5377,EQ ID 5377,40HP Oil-injected Screw Air Compressor,Maintenance,19973,bleed built up condensation via two bottom valves. a few seconds to clear condensation,Closed and Completed,6/27/2026,Shinobi,0.20,0.00,0.00,6/29/2026,,[]
5377,EQ ID 5377,40HP Oil-injected Screw Air Compressor,Maintenance,19978,bleed built up condensation via two bottom valves. a few seconds to clear condensation,Closed and Completed,6/30/2026,Shinobi,0.20,0.00,0.00,6/30/2026,,[]
5377,EQ ID 5377,40HP Oil-injected Screw Air Compressor,Maintenance,19990,bleed built up condensation via two bottom valves. a few seconds to clear condensation,Closed and Completed,7/1/2026,Shinobi,0.20,0.00,0.00,7/6/2026,,[]
5377,EQ ID 5377,40HP Oil-injected Screw Air Compressor,Maintenance,20030,bleed built up condensation via two bottom valves. a few seconds to clear condensation,Closed and Completed,7/7/2026,Shinobi,0.20,0.00,0.00,7/7/2026,,[]
5377,EQ ID 5377,40HP Oil-injected Screw Air Compressor,Maintenance,20045,bleed built up condensation via two bottom valves. a few seconds to clear condensation,Closed and Completed,7/8/2026,Shinobi,0.20,0.00,0.00,7/27/2026,,[]
5377,EQ ID 5377,40HP Oil-injected Screw Air Compressor,Maintenance,20120,bleed built up condensation via two bottom valves. a few seconds to clear condensation,Closed and Completed,7/28/2026,Shinobi,0.20,0.00,0.00,7/29/2026,,[]
5319,EQ ID 5319,EV Chargers,Maintenance,11390,"*Check that all chargers have a green light on them if not see what is wrong try resetting the one unit breaker in the electrical room 
*Inspect the cables for wear or rips replace if needed 
*Wipe down all EV chargers make sure no trash is around the handle housing etc",Closed and Completed,8/1/2024,Max,0.00,0.00,0.00,8/5/2024,,[]
5240,EQ ID 5240,2nd Floor Patio,Maintenance,7309,"Remove any weeds sticking out of the tiles .
*Pull them out with your hands if you can 
*If you can see them in the cracks but cannot get to them use a long screw driver and break them loose .
*If you see a lot and you cannot get to them you will need the tile remover located in the black cabinet lift tile carefully place to the side make sure tile  faces the same way it came out  when placing it back remove weeds and place tile back careful not to drop tile .We have no spares .",Closed and Completed,1/21/2024,Max,0.00,0.00,0.00,1/23/2024,,[]
5210,EQ ID 5210,Electrical rooms,Maintenance,4936,Clean up and keep in order,Closed and Completed,4/21/2023,Max,0.30,0.00,0.00,4/21/2023,,[]
1449,EQ ID 1449,Umbrellas 2nd floor Patio,Maintenance,887,Clean the tops of the umbrellas every two weeks .,Closed and Completed,4/2/2022,mike,2.00,0.00,0.00,2/28/2022,,[]
1449,EQ ID 1449,Umbrellas 2nd floor Patio,Maintenance,2866,Clean the tops of the umbrellas every two weeks .,Closed and Completed,10/28/2022,maint dep,0.30,0.00,0.00,11/4/2022,Miguel Diaz - 11/07/22  7:32:02 AM: Found that when moving the battery connector lift turns on .Need to call in Raymond tech to replace the battery wire connectors they are worn out .Aligned cord so that it stays on for now till its fixed .,[]
1449,EQ ID 1449,Umbrellas 2nd floor Patio,Maintenance,3129,Clean the tops of the umbrellas every two weeks .,Closed and Completed,11/22/2022,lizbeth,0.20,0.00,0.00,11/7/2022,Miguel Diaz - 11/08/22  7:55:31 AM: done,[]
1449,EQ ID 1449,Umbrellas 2nd floor Patio,Maintenance,3171,Clean the tops of the umbrellas every two weeks .,Closed and Completed,11/23/2022,,0.00,0.00,0.00,11/23/2022,Miguel Diaz - 11/23/22  8:32:16 AM: done,[]
1449,EQ ID 1449,Umbrellas 2nd floor Patio,Maintenance,3339,Clean the tops of the umbrellas every two weeks .,Closed and Completed,12/8/2022,,0.00,0.00,0.00,12/1/2022,Miguel Diaz - 12/01/22  8:23:18 AM: done,[]
1449,EQ ID 1449,Umbrellas 2nd floor Patio,Maintenance,3394,Clean the tops of the umbrellas every two weeks .,Closed and Completed,1/1/2023,md,0.00,0.00,0.00,12/20/2022,,[]
1449,EQ ID 1449,Umbrellas 2nd floor Patio,Maintenance,3733,Clean the tops of the umbrellas every two weeks .,Closed without Action,1/27/2023,md,0.00,0.00,0.00,1/12/2023,Miguel Diaz - 01/12/23  1:14:53 PM: checked all found no ponding all connections are in place found none loose or flapping in the wind,[]
1449,EQ ID 1449,Umbrellas 2nd floor Patio,Maintenance,3942,Clean the tops of the umbrellas every two weeks .,Closed and Completed,2/12/2023,md,0.00,0.00,0.00,2/10/2023,,[]
1449,EQ ID 1449,Umbrellas 2nd floor Patio,Maintenance,4309,Clean the tops of the umbrellas every two weeks .,Closed and Completed,3/10/2023,md,0.00,0.00,0.00,2/22/2023,,[]
1449,EQ ID 1449,Umbrellas 2nd floor Patio,Maintenance,4538,Clean the tops of the umbrellas every two weeks .,Closed and Completed,3/22/2023,md,0.00,0.00,0.00,3/17/2023,Miguel Diaz - 03/17/23 11:54:29 AM: Wayne is aware leave here as a reminder,[]
1449,EQ ID 1449,Umbrellas 2nd floor Patio,Maintenance,6351,Clean the tops of the umbrellas every two weeks .,Closed and Completed,8/7/2023,maint,0.00,0.00,0.00,4/2/2023,Miguel Diaz - 08/03/23  6:55:19 AM: Tech performed the scheduled maintenance,[]
1449,EQ ID 1449,Umbrellas 2nd floor Patio,Maintenance,4881,Clean the tops of the umbrellas every two weeks .,Closed and Completed,4/17/2023,dd,0.00,0.00,0.00,4/10/2023,,[]
1449,EQ ID 1449,Umbrellas 2nd floor Patio,Maintenance,5204,Clean the tops of the umbrellas every two weeks .,Closed and Completed,5/10/2023,md,0.00,0.00,0.00,4/26/2023,,[]
1449,EQ ID 1449,Umbrellas 2nd floor Patio,Maintenance,5377,Clean the tops of the umbrellas every two weeks .,Closed and Completed,5/20/2023,.,0.30,0.00,0.00,4/29/2023,Miguel Diaz - 05/02/23  7:47:17 AM: added lube,[]
1449,EQ ID 1449,Umbrellas 2nd floor Patio,Maintenance,5516,Clean the tops of the umbrellas every two weeks .,Closed and Completed,6/2/2023,Max,0.00,0.00,0.00,6/5/2023,Maksim Bushka - 06/05/23 11:13:40 AM: Removed graphite's on the emergency exit stairway east side.,[]
1449,EQ ID 1449,Umbrellas 2nd floor Patio,Maintenance,5891,Clean the tops of the umbrellas every two weeks .,Closed and Completed,7/5/2023,v,0.00,0.00,0.00,7/7/2023,,[]
1449,EQ ID 1449,Umbrellas 2nd floor Patio,Maintenance,6347,Clean the tops of the umbrellas every two weeks .,Closed without Action,8/7/2023,md,0.00,0.00,0.00,7/18/2023,,[]
1449,EQ ID 1449,Umbrellas 2nd floor Patio,Maintenance,6460,Clean the tops of the umbrellas every two weeks .,Closed and Completed,8/18/2023,maint,0.10,0.00,0.00,8/14/2023,Miguel Diaz - 08/14/23  7:53:02 AM: added wd-40,[]
1449,EQ ID 1449,Umbrellas 2nd floor Patio,Maintenance,6706,Clean the tops of the umbrellas every two weeks .,Closed and Completed,9/3/2023,lizbeth,0.30,0.00,0.00,9/1/2023,,[]
1449,EQ ID 1449,Umbrellas 2nd floor Patio,Maintenance,6827,Clean the tops of the umbrellas every two weeks .,Closed and Completed,9/14/2023,lizbeth,0.20,0.00,0.00,9/14/2023,Miguel Diaz - 09/20/23  7:25:38 AM: Replaced drill,[]
1449,EQ ID 1449,Umbrellas 2nd floor Patio,Maintenance,7108,Clean the tops of the umbrellas every two weeks .,Closed and Completed,10/5/2023,liz,0.30,0.00,0.00,10/5/2023,,[]
1449,EQ ID 1449,Umbrellas 2nd floor Patio,Maintenance,7291,Clean the tops of the umbrellas every two weeks .,Closed and Completed,10/20/2023,liz,0.20,0.00,0.00,10/20/2023,,[]
1449,EQ ID 1449,Umbrellas 2nd floor Patio,Maintenance,7583,Clean the tops of the umbrellas every two weeks .,Closed and Completed,11/11/2023,md,0.20,0.00,0.00,11/8/2023,Miguel Diaz - 11/08/23 12:39:39 PM: checked cutters they are clean will check if they need to be replaced,[]
1449,EQ ID 1449,Umbrellas 2nd floor Patio,Maintenance,7840,Clean the tops of the umbrellas every two weeks .,Closed and Completed,11/30/2023,Ramon,0.30,0.00,0.00,12/1/2023,Miguel Diaz - 12/02/23  7:59:15 AM: Done,[]
1449,EQ ID 1449,Umbrellas 2nd floor Patio,Maintenance,7963,Clean the tops of the umbrellas every two weeks .,Closed and Completed,12/8/2023,md,0.20,0.00,0.00,12/8/2023,Miguel Diaz - 12/08/23  7:46:25 AM: Checked front gate on the shipping side its closing properly,[]
1449,EQ ID 1449,Umbrellas 2nd floor Patio,Maintenance,8222,Clean the tops of the umbrellas every two weeks .,Closed and Completed,1/2/2024,md,0.00,0.00,0.00,1/4/2024,"Miguel Diaz - 01/06/24 10:41:09 AM: Visually inspect the transporter motor for leaks 
-Check transporter chain oiler reservoir  for fluid level refill if needed with recommended lubricant mixture of 5:1 ratio of 140 WT gear oil and Tufoil- Voorwood part # 61504 or direct 1800 922-0075
-Check transporter chain for tension adjust if needed 
-Visually check shaper ball screws and slide rods for grease .Use TriGel -450 R ball screw lubricator and for the slides rods wipe with Acetone  move back and forth to clean .
-Remove build up debris from the shaper housing use air nozzle .
-Visually check the lower transporter feed chain tension .Proper tension is 1/2 to 1'' above the bottom edge of the electrical component area so that the chain does not show below this area .
Adjust if needed.",[]
1449,EQ ID 1449,Umbrellas 2nd floor Patio,Maintenance,9281,Clean the tops of the umbrellas every two weeks .,Closed and Completed,1/8/2024,ramon,0.00,0.00,0.00,1/9/2024,Miguel Diaz - 01/09/24  8:32:02 AM: gate is closing properly,[]
1449,EQ ID 1449,Umbrellas 2nd floor Patio,Maintenance,9554,Clean the tops of the umbrellas every two weeks .,Closed and Completed,2/6/2024,md,0.30,0.00,0.00,2/6/2024,Miguel Diaz - 02/06/24 11:19:16 AM: rain cleaned the umbreallas,[]
1449,EQ ID 1449,Umbrellas 2nd floor Patio,Maintenance,9577,Clean the tops of the umbrellas every two weeks .,Closed and Completed,2/9/2024,md,0.00,0.00,0.00,2/6/2024,Miguel Diaz - 02/06/24 11:19:47 AM: rain cleaned the umbreallas,[]
1449,EQ ID 1449,Umbrellas 2nd floor Patio,Maintenance,10244,Clean the tops of the umbrellas every two weeks .,Closed without Action,3/6/2024,md,0.00,0.00,0.00,2/16/2024,Miguel Diaz - 02/16/24  9:07:50 AM: acco to do this service,[]
1449,EQ ID 1449,Umbrellas 2nd floor Patio,Maintenance,10415,Clean the tops of the umbrellas every two weeks .,Closed and Completed,3/16/2024,maint,0.00,0.00,0.00,3/18/2024,Miguel Diaz - 03/18/24  9:34:34 AM: backflow was replaced and serviced since it was stolen,[]
1449,EQ ID 1449,Umbrellas 2nd floor Patio,Maintenance,10242,Clean the tops of the umbrellas every two weeks .,Closed without Action,3/6/2024,maint,0.00,0.00,0.00,3/18/2024,Miguel Diaz - 03/18/24  9:34:06 AM: backflow was replaced and serviced since it was stolen,[]
1449,EQ ID 1449,Umbrellas 2nd floor Patio,Maintenance,10746,Clean the tops of the umbrellas every two weeks .,Closed without Action,4/18/2024,md,0.00,0.00,0.00,4/15/2024,Miguel Diaz - 04/15/24  9:35:30 AM: rained cleaned them,[]
1449,EQ ID 1449,Umbrellas 2nd floor Patio,Maintenance,10748,Clean the tops of the umbrellas every two weeks .,Closed without Action,4/18/2024,md,0.00,0.00,0.00,4/15/2024,Miguel Diaz - 04/15/24  9:35:39 AM: rained cleaned them,[]
5185,EQ ID 5185,Rear yard lot,Maintenance,5375,Sweep and broom rear driveway and shipping yard free of debris .,Closed and Completed,6/1/2023,Max,0.30,0.00,0.00,5/31/2023,Maksim Bushka - 05/31/23 10:08:36 AM: Swept all areas,[]
5185,EQ ID 5185,Rear yard lot,Maintenance,5374,Get rear (shipping yard) pressure washed by Outside company twice a year in September  and January .,Closed and Completed,3/22/2024,MD,8.00,0.00,0.00,4/2/2024,Miguel Diaz - 04/02/24  9:36:08 AM: this is just a reminder it was done,[]
2133,EQ ID 2133,Fire Alarm Panel,Maintenance,6972,Need to get a loaner smoke detector from the cabinet in maintenance department use the loaner to swap out the smoke detector in-front of each elevator floor/Door  in the parking structure you will need a 8 ft ladder and a flat screw driver go to first floor parking structure look up remove the smoke detector and check the address of the alarm and put that on the loaner and place  the loaner it in there so we get no alarms then go clean the one you removed  in the shop then continue and do the rest for floor 2 smoke detector  and floor 3 smoke detector .When all is done check the fire panel that no alarms are present .,Closed and Completed,8/23/2025,Max & Gabriel,1.00,0.00,0.00,8/7/2025,,[]
1926,EQ ID 1926,Exit Doors,Maintenance,996,"Check All Exit Doors Hinges - Level 1
-Clean
-Use WD-40 
-Repair if needed.",Closed and Completed,9/18/2022,Primo,0.50,0.00,0.00,8/24/2022,Miguel Diaz - 09/07/22  7:16:43 AM: Primo sprayed all doors and wiped them free of residue,[]
1926,EQ ID 1926,Exit Doors,Maintenance,2810,"Check All Exit Doors Hinges - Level 1
-Clean
-Use WD-40 
-Repair if needed.",Closed and Completed,4/13/2023,Max,0.30,0.00,0.00,4/4/2023,Maksim Bushka - 04/04/23  9:40:48 AM: Checked and lubed.,[]
1926,EQ ID 1926,Exit Doors,Maintenance,5135,"Check All Exit Doors Hinges - Level 1
-Clean
-Use WD-40 
-Repair if needed.",Closed and Completed,10/4/2023,mAX,0.00,0.00,0.00,10/6/2023,,[]
1926,EQ ID 1926,Exit Doors,Maintenance,7496,"Check All Exit Doors Hinges - Level 1
-Clean
-Use WD-40 
-Repair if needed.",Closed and Completed,4/6/2024,Max,1.00,0.00,0.00,4/8/2024,,[]
1926,EQ ID 1926,Exit Doors,Maintenance,10994,"Check All Exit Doors Hinges - Level 1
-Clean
-Use WD-40 
-Repair if needed.",Closed and Completed,10/8/2024,Max,1.00,0.00,0.00,10/16/2024,,[]
1926,EQ ID 1926,Exit Doors,Maintenance,13421,"Check All Exit Doors Hinges - Level 1
-Clean
-Use WD-40 
-Repair if needed.",Closed and Completed,4/16/2025,Max,0.00,0.00,0.00,4/18/2025,Maksim Bushka - 04/23/25  7:16:55 PM: Replaced all 3 filters.,[]
1926,EQ ID 1926,Exit Doors,Maintenance,15484,"Check All Exit Doors Hinges - Level 1
-Clean
-Use WD-40 
-Repair if needed.",Closed and Completed,10/23/2025,Max,0.30,0.00,0.00,10/21/2025,,[]
1926,EQ ID 1926,Exit Doors,Maintenance,17394,"Check All Exit Doors Hinges - Level 1
-Clean
-Use WD-40 
-Repair if needed.",Closed and Completed,4/21/2026,Max,1.00,0.00,0.00,4/21/2026,"Maksim Bushka - 04/21/26  7:01:23 PM: Scheduled Date: 04/21/2026
Parts Needed: NO
Parts Ordered: NO
Expected Delivery Date: N/A
General Notes Checked up and cleaned",[]
1927,EQ ID 1927,Exit Doors Level 2,Maintenance,997,"Check all exit Doors hinges - Level 2
-Clean Hinges
-Use WD40
-Repair if needed",Closed and Completed,9/18/2022,Primo,0.30,0.00,0.00,8/24/2022,Miguel Diaz - 09/07/22  7:17:00 AM: Primo sprayed all doors and wiped them free of residue,[]
1927,EQ ID 1927,Exit Doors Level 2,Maintenance,2811,"Check all exit Doors hinges - Level 2
-Clean Hinges
-Use WD40
-Repair if needed",Closed and Completed,4/13/2023,Max,0.30,0.00,0.00,4/4/2023,Maksim Bushka - 04/04/23  9:52:35 AM: Checked up the doors and lube.,[]
1927,EQ ID 1927,Exit Doors Level 2,Maintenance,5136,"Check all exit Doors hinges - Level 2
-Clean Hinges
-Use WD40
-Repair if needed",Closed and Completed,10/4/2023,mAX,0.00,0.00,0.00,10/6/2023,,[]
1927,EQ ID 1927,Exit Doors Level 2,Maintenance,7495,"Check all exit Doors hinges - Level 2
-Clean Hinges
-Use WD40
-Repair if needed",Closed and Completed,4/6/2024,Max,1.00,0.00,0.00,4/8/2024,,[]
1927,EQ ID 1927,Exit Doors Level 2,Maintenance,10995,"Check all exit Doors hinges - Level 2
-Clean Hinges
-Use WD40
-Repair if needed",Closed and Completed,10/8/2024,Max,1.00,0.00,0.00,10/16/2024,,[]
1927,EQ ID 1927,Exit Doors Level 2,Maintenance,13420,"Check all exit Doors hinges - Level 2
-Clean Hinges
-Use WD40
-Repair if needed",Closed and Completed,4/16/2025,Max,1.00,0.00,0.00,4/23/2025,Maksim Bushka - 04/23/25  7:15:57 PM: Replaced all 3 filters.,[]
1927,EQ ID 1927,Exit Doors Level 2,Maintenance,15482,"Check all exit Doors hinges - Level 2
-Clean Hinges
-Use WD40
-Repair if needed",Closed and Completed,10/23/2025,Max,0.30,0.00,0.00,10/21/2025,,[]
1927,EQ ID 1927,Exit Doors Level 2,Maintenance,17393,"Check all exit Doors hinges - Level 2
-Clean Hinges
-Use WD40
-Repair if needed",Closed and Completed,4/21/2026,Max,1.00,0.00,0.00,4/21/2026,"Maksim Bushka - 04/21/26  7:00:04 PM: Scheduled Date: 04/21/2026
Parts Needed: NO
Parts Ordered: NO
Expected Delivery Date: N/A
General Notes Cleaned up",[]
1943,EQ ID 1943,Door alarm trasmitter,Maintenance,999,"Replace batteries for a total of 12  transmitters located first and second floor . 
First Floor -QTY 4
Second Floor -QTY 8",Closed without Action,3/18/2025,Max,0.00,0.00,0.00,3/20/2025,,[]
1976,EQ ID 1976,Toilets all floors,Maintenance,1007,Replace all 9 volt batteries  on all toilets Men and Women's both floors and single restrooms,Closed and Completed,9/18/2022,md,0.00,0.00,0.00,8/29/2022,Miguel Diaz - 08/29/22  1:18:53 PM: when any toilet needs battery replaced we replace it we currently have al working toilets with a pass of the hand,[]
1976,EQ ID 1976,Toilets all floors,Maintenance,2844,Replace all 9 volt batteries  on all toilets Men and Women's both floors and single restrooms,Closed and Completed,4/13/2023,.,0.00,0.00,0.00,4/17/2023,Miguel Diaz - 04/17/23  7:00:08 AM: Batteries are getting replaced as its needed,[]
1976,EQ ID 1976,Toilets all floors,Maintenance,5338,Replace all 9 volt batteries  on all toilets Men and Women's both floors and single restrooms,Closed without Action,10/17/2023,md,0.00,0.00,0.00,10/10/2023,Miguel Diaz - 10/10/23  8:27:42 AM: replace them as they go bad,[]
1976,EQ ID 1976,Toilets all floors,Maintenance,7566,Replace all 9 volt batteries  on all toilets Men and Women's both floors and single restrooms,Closed and Completed,4/10/2024,Max,0.00,0.00,0.00,4/9/2024,,[]
1976,EQ ID 1976,Toilets all floors,Maintenance,11046,Replace all 9 volt batteries  on all toilets Men and Women's both floors and single restrooms,Closed and Completed,10/9/2024,Max,0.30,0.00,0.00,10/14/2024,,[]
1976,EQ ID 1976,Toilets all floors,Maintenance,13400,Replace all 9 volt batteries  on all toilets Men and Women's both floors and single restrooms,Closed without Action,4/14/2025,Max,0.00,0.00,0.00,4/14/2025,,[]
1976,EQ ID 1976,Toilets all floors,Maintenance,15370,Replace all 9 volt batteries  on all toilets Men and Women's both floors and single restrooms,Closed and Completed,10/14/2025,Max,0.00,0.00,0.00,10/1/2025,,[]
1976,EQ ID 1976,Toilets all floors,Maintenance,17185,Replace all 9 volt batteries  on all toilets Men and Women's both floors and single restrooms,Closed and Completed,4/7/2026,Max,1.00,60.00,0.00,4/8/2026,"Maksim Bushka - 04/09/26 12:56:21 PM: Scheduled Date: 04/07/2009
Parts Needed: NO
Parts Ordered: NO
Expected Delivery Date: N/A
General Notes: Replaced batteries.",[]
1986,EQ ID 1986,Electrical switch gear and sub panels,Maintenance,1008,Infra Red Study Electrical Systems Analysis,Closed and Completed,3/18/2025,Max,1.00,0.00,0.00,6/23/2025,,[]
7,EQ ID 7,"Truck, Pick-Up",Maintenance,18752,"(1) Check Air in Tires
(2) Check Battery Water Level
(3) Check Belts and Hoses
(4) Check Oil and Coolant",Pending,7/13/2026,,0.00,0.00,0.00,,,[]
7,EQ ID 7,"Truck, Pick-Up",Maintenance,3,Log odometer readings quarterly,Closed and Completed,6/18/2022,Nick M,0.25,0.00,0.00,6/17/2022,Nicholas Martinez - 06/17/22 12:17:30 PM: Odometer checked and currently shows 44527,[]
7,EQ ID 7,"Truck, Pick-Up",Maintenance,2,"(1) Check Air in Tires
(2) Check Battery Water Level
(3) Check Belts and Hoses
(4) Check Oil and Coolant",Closed and Completed,7/18/2022,md,0.00,0.00,0.00,7/12/2022,Miguel Diaz - 07/12/22  9:17:34 AM: car is good for oil and radiator fluid it does need to be washed its in bad shape,[]
7,EQ ID 7,"Truck, Pick-Up",Maintenance,2579,Log odometer readings quarterly,Closed without Action,1/13/2023,md,0.00,0.00,0.00,1/2/2023,Miguel Diaz - 01/12/23  1:13:00 PM: found none changing,[]
7,EQ ID 7,"Truck, Pick-Up",Maintenance,2578,"(1) Check Air in Tires
(2) Check Battery Water Level
(3) Check Belts and Hoses
(4) Check Oil and Coolant",Closed and Completed,2/13/2023,md,0.00,0.00,0.00,1/23/2023,,[]
7,EQ ID 7,"Truck, Pick-Up",Maintenance,3937,Log odometer readings quarterly,Closed and Completed,4/12/2023,mike,2.00,0.00,0.00,3/31/2023,Miguel Diaz - 03/31/23  8:53:59 AM: 044699,[]
7,EQ ID 7,"Truck, Pick-Up",Maintenance,4096,"(1) Check Air in Tires
(2) Check Battery Water Level
(3) Check Belts and Hoses
(4) Check Oil and Coolant",Closed and Completed,5/23/2023,Priom & Max,1.00,0.00,0.00,5/30/2023,Maksim Bushka - 05/30/23  1:28:31 PM: Checked up all fluids and washed up the car,[]
7,EQ ID 7,"Truck, Pick-Up",Maintenance,5092,Log odometer readings quarterly,Closed and Completed,6/30/2023,PU,0.25,0.00,0.00,6/27/2023,"Primo Uy - 06/27/23 11:31:31 AM: Warm up the truck/pick up. ODO Reading: 44,717.",[]
7,EQ ID 7,"Truck, Pick-Up",Maintenance,5815,"(1) Check Air in Tires
(2) Check Battery Water Level
(3) Check Belts and Hoses
(4) Check Oil and Coolant",Closed and Completed,9/30/2023,primo max,0.60,0.00,0.00,9/29/2023,"Miguel Diaz - 10/10/23  8:28:39 AM: (1) Check Air in Tires
(2) Check Battery Water Level
(3) Check Belts and Hoses
(4) Check Oil and Coolant",[]
7,EQ ID 7,"Truck, Pick-Up",Maintenance,6239,Log odometer readings quarterly,Closed without Action,9/27/2023,md,0.00,0.00,0.00,10/10/2023,Miguel Diaz - 10/10/23  8:28:03 AM: replace them as they go bad,[]
7,EQ ID 7,"Truck, Pick-Up",Maintenance,7567,Log odometer readings quarterly,Closed without Action,1/10/2024,md,0.00,0.00,0.00,1/17/2024,Miguel Diaz - 01/17/24 11:18:55 AM: done,[]
7,EQ ID 7,"Truck, Pick-Up",Maintenance,7568,"(1) Check Air in Tires
(2) Check Battery Water Level
(3) Check Belts and Hoses
(4) Check Oil and Coolant",Closed and Completed,2/10/2024,Max,1.00,0.00,0.00,2/16/2024,,[]
7,EQ ID 7,"Truck, Pick-Up",Maintenance,10009,Log odometer readings quarterly,Closed without Action,4/17/2024,,0.00,0.00,0.00,4/23/2024,Miguel Diaz - 04/23/24 11:53:55 AM: replaced bit,[]
7,EQ ID 7,"Truck, Pick-Up",Maintenance,10431,"(1) Check Air in Tires
(2) Check Battery Water Level
(3) Check Belts and Hoses
(4) Check Oil and Coolant",Closed and Completed,6/16/2024,Max,0.30,0.00,0.00,6/17/2024,,[]
7,EQ ID 7,"Truck, Pick-Up",Maintenance,11420,Log odometer readings quarterly,Closed without Action,7/23/2024,md,0.00,0.00,0.00,7/20/2024,Miguel Diaz - 07/20/24 12:18:26 PM: we do not do this we dont have a means of tieing off safely,[]
7,EQ ID 7,"Truck, Pick-Up",Maintenance,12135,"(1) Check Air in Tires
(2) Check Battery Water Level
(3) Check Belts and Hoses
(4) Check Oil and Coolant",Closed and Completed,10/17/2024,Max,1.00,0.00,0.00,10/17/2024,,[]
7,EQ ID 7,"Truck, Pick-Up",Maintenance,13468,"(1) Check Air in Tires
(2) Check Battery Water Level
(3) Check Belts and Hoses
(4) Check Oil and Coolant",Closed and Completed,2/18/2025,Max,1.00,0.00,0.00,2/20/2025,,[]
7,EQ ID 7,"Truck, Pick-Up",Maintenance,14789,"(1) Check Air in Tires
(2) Check Battery Water Level
(3) Check Belts and Hoses
(4) Check Oil and Coolant",Closed and Completed,6/21/2025,Max,0.30,0.00,0.00,6/25/2025,,[]
7,EQ ID 7,"Truck, Pick-Up",Maintenance,16226,"(1) Check Air in Tires
(2) Check Battery Water Level
(3) Check Belts and Hoses
(4) Check Oil and Coolant",Closed and Completed,10/25/2025,Max,0.30,0.00,0.00,10/23/2025,,[]
7,EQ ID 7,"Truck, Pick-Up",Maintenance,17481,"(1) Check Air in Tires
(2) Check Battery Water Level
(3) Check Belts and Hoses
(4) Check Oil and Coolant",Closed and Completed,2/27/2026,Max,0.30,0.00,0.00,3/5/2026,"Maksim Bushka - 03/13/26  2:23:25 PM: Scheduled Date: 02/27/2026
Parts Needed: NO
Parts Ordered: NO
Expected Delivery Date: N/A
General Notes: checked up ok",[]
11,EQ ID 11,Platform Lift (Hunterlift),Maintenance,19805,Check the battery water level and fill if needed .,Pending,8/10/2026,,0.00,0.00,0.00,,,[]
11,EQ ID 11,Platform Lift (Hunterlift),Maintenance,4,Check the battery water level and fill if needed .,Closed and Completed,5/18/2022,Mike Bart,1.00,0.00,0.00,4/27/2022,Miguel Diaz - 04/27/22 10:05:53 AM: Found battery corrosion on the right side of the  batteries cleaned all post sprayed them with  oil and refilled battery cells .,[]
11,EQ ID 11,Platform Lift (Hunterlift),Maintenance,5,"(1) Check Electrical Cords;
(2) Check Tires;
(3) Check Batteries;
(4) Check Safety Devices;
(5) Check Hydraulic Fluid Level & Hoses",Closed and Completed,9/18/2022,md,0.30,0.00,0.00,9/7/2022,Miguel Diaz - 09/07/22  7:11:43 AM: checked unit cords tires and battery had to add water to all battery cells and spray battery connector,[]
11,EQ ID 11,Platform Lift (Hunterlift),Maintenance,2580,Check the battery water level and fill if needed .,Closed and Completed,12/13/2022,Max,1.00,0.00,0.00,12/6/2022,Maksim Bushka - 12/06/22  8:31:34 AM: Check up the water level and added water as needed,[]
11,EQ ID 11,Platform Lift (Hunterlift),Maintenance,3458,Check the battery water level and fill if needed .,Closed and Completed,2/6/2023,Primo & Max,0.20,0.00,0.00,2/6/2023,Maksim Bushka - 02/06/23 10:47:28 AM: Added distilled water as needed.,[]
11,EQ ID 11,Platform Lift (Hunterlift),Maintenance,4258,Check the battery water level and fill if needed .,Closed and Completed,4/6/2023,Max,0.30,0.00,0.00,3/31/2023,Maksim Bushka - 03/31/23  1:43:58 PM: Checked up the battery water level.,[]
11,EQ ID 11,Platform Lift (Hunterlift),Maintenance,2581,"(1) Check Electrical Cords;
(2) Check Tires;
(3) Check Batteries;
(4) Check Safety Devices;
(5) Check Hydraulic Fluid Level & Hoses",Closed and Completed,4/13/2023,Max,0.30,0.00,0.00,3/31/2023,Maksim Bushka - 03/31/23  3:00:09 PM: Checked all fluids ok,[]
11,EQ ID 11,Platform Lift (Hunterlift),Maintenance,5093,Check the battery water level and fill if needed .,Closed and Completed,5/31/2023,Max,0.30,0.00,0.00,5/31/2023,Maksim Bushka - 05/31/23 10:06:47 AM: Checked up the water level on batteries added as need.,[]
11,EQ ID 11,Platform Lift (Hunterlift),Maintenance,5833,Check the battery water level and fill if needed .,Closed and Completed,7/31/2023,Max,1.00,0.00,0.00,7/31/2023,Maksim Bushka - 07/31/23 11:17:42 AM: Added water as needed.,[]
11,EQ ID 11,Platform Lift (Hunterlift),Maintenance,6659,Check the battery water level and fill if needed .,Closed and Completed,9/30/2023,Max,0.00,0.00,0.00,10/2/2023,,[]
11,EQ ID 11,Platform Lift (Hunterlift),Maintenance,5098,"(1) Check Electrical Cords;
(2) Check Tires;
(3) Check Batteries;
(4) Check Safety Devices;
(5) Check Hydraulic Fluid Level & Hoses",Closed and Completed,9/30/2023,Max,0.00,0.00,0.00,10/2/2023,,[]
11,EQ ID 11,Platform Lift (Hunterlift),Maintenance,7434,Check the battery water level and fill if needed .,Closed and Completed,12/2/2023,mAX,0.30,0.00,0.00,11/29/2023,,[]
11,EQ ID 11,Platform Lift (Hunterlift),Maintenance,8186,Check the battery water level and fill if needed .,Closed and Completed,1/30/2024,Max,0.30,0.00,0.00,1/31/2024,,[]
11,EQ ID 11,Platform Lift (Hunterlift),Maintenance,10183,Check the battery water level and fill if needed .,Closed and Completed,3/31/2024,Max,0.00,0.00,0.00,4/1/2024,Maksim Bushka - 04/01/24  2:45:33 PM: Replaced 4 rollers on a drywall cart.,[]
11,EQ ID 11,Platform Lift (Hunterlift),Maintenance,7435,"(1) Check Electrical Cords;
(2) Check Tires;
(3) Check Batteries;
(4) Check Safety Devices;
(5) Check Hydraulic Fluid Level & Hoses",Closed and Completed,4/2/2024,Max,1.00,0.00,0.00,4/1/2024,,[]
11,EQ ID 11,Platform Lift (Hunterlift),Maintenance,10880,Check the battery water level and fill if needed .,Closed and Completed,6/1/2024,Max,0.30,0.00,0.00,6/3/2024,,[]
11,EQ ID 11,Platform Lift (Hunterlift),Maintenance,11934,Check the battery water level and fill if needed .,Closed and Completed,8/3/2024,Max,0.00,0.00,0.00,8/2/2024,,[]
11,EQ ID 11,Platform Lift (Hunterlift),Maintenance,12644,Check the battery water level and fill if needed .,Closed and Completed,10/5/2024,max mike,0.50,0.00,0.00,10/11/2024,Miguel Diaz - 10/12/24 12:05:30 PM: checked and refilled all batteries,[]
11,EQ ID 11,Platform Lift (Hunterlift),Maintenance,10924,"(1) Check Electrical Cords;
(2) Check Tires;
(3) Check Batteries;
(4) Check Safety Devices;
(5) Check Hydraulic Fluid Level & Hoses",Closed and Completed,10/3/2024,Max,1.00,0.00,0.00,10/11/2024,,[]
11,EQ ID 11,Platform Lift (Hunterlift),Maintenance,13377,Check the battery water level and fill if needed .,Closed and Completed,12/12/2024,Max,1.00,0.00,0.00,11/28/2024,,[]
11,EQ ID 11,Platform Lift (Hunterlift),Maintenance,13945,Check the battery water level and fill if needed .,Closed and Completed,2/2/2025,Max,0.30,0.00,0.00,2/7/2025,,[]
11,EQ ID 11,Platform Lift (Hunterlift),Maintenance,14610,Check the battery water level and fill if needed .,Closed and Completed,4/7/2025,Max,0.30,0.00,0.00,4/10/2025,Maksim Bushka - 04/10/25  2:09:33 PM: The service was performed,[]
11,EQ ID 11,Platform Lift (Hunterlift),Maintenance,13392,"(1) Check Electrical Cords;
(2) Check Tires;
(3) Check Batteries;
(4) Check Safety Devices;
(5) Check Hydraulic Fluid Level & Hoses",Closed and Completed,4/14/2025,Max,0.30,0.00,0.00,4/10/2025,Maksim Bushka - 04/10/25  2:10:08 PM: The service was performed,[]
11,EQ ID 11,Platform Lift (Hunterlift),Maintenance,15349,Check the battery water level and fill if needed .,Closed and Completed,6/10/2025,Max,0.30,0.00,0.00,6/3/2025,,[]
11,EQ ID 11,Platform Lift (Hunterlift),Maintenance,16061,Check the battery water level and fill if needed .,Closed and Completed,8/11/2025,Max,0.20,0.00,0.00,8/4/2025,,[]
11,EQ ID 11,Platform Lift (Hunterlift),Maintenance,16582,Check the battery water level and fill if needed .,Closed and Completed,10/5/2025,Max,0.30,0.00,0.00,10/7/2025,,[]
11,EQ ID 11,Platform Lift (Hunterlift),Maintenance,15350,"(1) Check Electrical Cords;
(2) Check Tires;
(3) Check Batteries;
(4) Check Safety Devices;
(5) Check Hydraulic Fluid Level & Hoses",Closed and Completed,10/10/2025,Max,0.30,0.00,0.00,10/7/2025,,[]
11,EQ ID 11,Platform Lift (Hunterlift),Maintenance,17181,Check the battery water level and fill if needed .,Closed and Completed,12/7/2025,Max,0.30,0.00,0.00,12/2/2025,,[]
11,EQ ID 11,Platform Lift (Hunterlift),Maintenance,17819,Check the battery water level and fill if needed .,Closed and Completed,2/2/2026,Max,0.50,0.00,0.00,1/23/2026,,[]
11,EQ ID 11,Platform Lift (Hunterlift),Maintenance,17182,"(1) Check Electrical Cords;
(2) Check Tires;
(3) Check Batteries;
(4) Check Safety Devices;
(5) Check Hydraulic Fluid Level & Hoses",Closed and Completed,4/7/2026,Max,0.30,0.00,0.00,4/8/2026,"Maksim Bushka - 04/09/26 12:57:49 PM: Scheduled Date: 04/07/2026
Parts Needed: NO
Parts Ordered: NO
Expected Delivery Date: N/A
General Notes: Inspected the lift",[]
11,EQ ID 11,Platform Lift (Hunterlift),Maintenance,18408,Check the battery water level and fill if needed .,Closed and Completed,4/9/2026,Max,0.20,0.00,0.00,4/9/2026,"Maksim Bushka - 04/09/26 12:59:03 PM: Scheduled Date: 04/09/2026
Parts Needed: NO
Parts Ordered: NO
Expected Delivery Date: N/A
General Notes: Checked up ok",[]
11,EQ ID 11,Platform Lift (Hunterlift),Maintenance,19048,Check the battery water level and fill if needed .,Closed and Completed,6/9/2026,Max,0.30,0.00,0.00,6/10/2026,"Maksim Bushka - 06/10/26  3:24:57 PM: Scheduled Date: 06/09/2026
Parts Needed: NO
Parts Ordered: NO
Expected Delivery Date: N/A
General Notes: Filled up ok",[]
1452,EQ ID 1452,GMC Flat bed truck,Maintenance,888,Log odometer readings quarterly,Closed and Completed,6/18/2022,Nick M,0.25,0.00,0.00,6/17/2022,Nicholas Martinez - 06/17/22 12:22:14 PM: Odometer checked and currently showing 15254.,[]
1452,EQ ID 1452,GMC Flat bed truck,Maintenance,2867,Log odometer readings quarterly,Closed without Action,1/13/2023,md,0.00,0.00,0.00,12/29/2022,,[]
1452,EQ ID 1452,GMC Flat bed truck,Maintenance,3768,Log odometer readings quarterly,Closed and Completed,3/29/2023,Max,15.00,0.00,0.00,4/3/2023,"Maksim Bushka - 04/03/23  8:49:50 AM: Odometer reading as of today 15,257 miles.",[]
1452,EQ ID 1452,GMC Flat bed truck,Maintenance,5114,Log odometer readings quarterly,Closed without Action,7/3/2023,,0.00,0.00,0.00,7/17/2023,,[]
1452,EQ ID 1452,GMC Flat bed truck,Maintenance,6456,Log odometer readings quarterly,Closed and Completed,10/18/2023,PU&Max,0.20,0.00,0.00,10/18/2023,Primo Uy - 10/31/23 10:19:04 AM: ODO: 15348 & Warm Up.,[]
1452,EQ ID 1452,GMC Flat bed truck,Maintenance,7858,Log odometer readings quarterly,Closed and Completed,1/31/2024,Max and PU,0.17,0.00,0.00,1/31/2024,Primo Uy - 01/31/24  2:05:52 PM: 15351,[]
1452,EQ ID 1452,GMC Flat bed truck,Maintenance,10186,Log odometer readings quarterly,Closed without Action,4/30/2024,md,0.00,0.00,0.00,4/23/2024,Miguel Diaz - 04/23/24 11:53:48 AM: replaced bit,[]
1452,EQ ID 1452,GMC Flat bed truck,Maintenance,11419,Log odometer readings quarterly,Closed without Action,7/23/2024,md,0.00,0.00,0.00,7/20/2024,Miguel Diaz - 07/20/24 12:18:35 PM: we do not do this we dont have a means of tieing off safely,[]
1881,EQ ID 1881,Cabinet doors all of BLA,Maintenance,19515,Check all cabinet doors not to be slanted or a big gap in the middle they should all be equally spaced out adjust if needed .Check all of first floor and second floor by sinks lunchroom areas .,Pending,6/20/2026,,0.00,0.00,0.00,,,[]
1881,EQ ID 1881,Cabinet doors all of BLA,Maintenance,991,Check all cabinet doors not to be slanted or a big gap in the middle they should all be equally spaced out adjust if needed .Check all of first floor and second floor by sinks lunchroom areas .,Closed and Completed,4/18/2022,mike diaz Bart Lea,1.00,0.00,0.00,4/12/2022,Miguel Diaz - 04/12/22  9:05:15 AM: Checked all doors fix several,[]
1881,EQ ID 1881,Cabinet doors all of BLA,Maintenance,2857,Check all cabinet doors not to be slanted or a big gap in the middle they should all be equally spaced out adjust if needed .Check all of first floor and second floor by sinks lunchroom areas .,Closed and Completed,11/13/2022,max,1.00,0.00,0.00,11/14/2022,Maksim Bushka - 11/14/22 12:42:25 PM: Checked up all cabinets doors. fixed couple of doors.,[]
1881,EQ ID 1881,Cabinet doors all of BLA,Maintenance,3251,Check all cabinet doors not to be slanted or a big gap in the middle they should all be equally spaced out adjust if needed .Check all of first floor and second floor by sinks lunchroom areas .,Closed and Completed,12/14/2022,Max,2.00,0.00,0.00,11/24/2022,Maksim Bushka - 12/06/22  8:27:35 AM: Check up all cabinets doors and adjusted as needed,[]
1881,EQ ID 1881,Cabinet doors all of BLA,Maintenance,3456,Check all cabinet doors not to be slanted or a big gap in the middle they should all be equally spaced out adjust if needed .Check all of first floor and second floor by sinks lunchroom areas .,Closed and Completed,1/6/2023,Max,1.00,0.00,0.00,12/1/2022,Maksim Bushka - 12/19/22  9:18:12 AM: checked up all cabinets doors and adjusted as needed.,[]
1881,EQ ID 1881,Cabinet doors all of BLA,Maintenance,3681,Check all cabinet doors not to be slanted or a big gap in the middle they should all be equally spaced out adjust if needed .Check all of first floor and second floor by sinks lunchroom areas .,Closed and Completed,1/19/2023,Primo & Max,0.30,0.00,0.00,1/13/2023,Maksim Bushka - 01/13/23 10:35:58 AM: Did PM,[]
1881,EQ ID 1881,Cabinet doors all of BLA,Maintenance,3978,Check all cabinet doors not to be slanted or a big gap in the middle they should all be equally spaced out adjust if needed .Check all of first floor and second floor by sinks lunchroom areas .,Closed and Completed,2/13/2023,Max,0.30,0.00,0.00,2/14/2023,Maksim Bushka - 02/14/23  8:08:45 AM: Checked up all cabinets doors.,[]
1881,EQ ID 1881,Cabinet doors all of BLA,Maintenance,4384,Check all cabinet doors not to be slanted or a big gap in the middle they should all be equally spaced out adjust if needed .Check all of first floor and second floor by sinks lunchroom areas .,Closed and Completed,3/14/2023,Max,0.20,0.00,0.00,3/6/2023,Maksim Bushka - 03/06/23 12:43:58 PM: Checked up all cabinets doors and adjusted as needed.,[]
1881,EQ ID 1881,Cabinet doors all of BLA,Maintenance,4676,Check all cabinet doors not to be slanted or a big gap in the middle they should all be equally spaced out adjust if needed .Check all of first floor and second floor by sinks lunchroom areas .,Closed and Completed,4/6/2023,Max,0.30,0.00,0.00,3/30/2023,Maksim Bushka - 03/30/23  8:12:00 AM: Dumped ice from all icemakers.,[]
1881,EQ ID 1881,Cabinet doors all of BLA,Maintenance,5068,Check all cabinet doors not to be slanted or a big gap in the middle they should all be equally spaced out adjust if needed .Check all of first floor and second floor by sinks lunchroom areas .,Closed and Completed,4/30/2023,Max,0.30,0.00,0.00,5/2/2023,,[]
1881,EQ ID 1881,Cabinet doors all of BLA,Maintenance,5521,Check all cabinet doors not to be slanted or a big gap in the middle they should all be equally spaced out adjust if needed .Check all of first floor and second floor by sinks lunchroom areas .,Closed and Completed,6/2/2023,Max,0.20,0.00,0.00,6/2/2023,Maksim Bushka - 06/02/23 12:37:09 PM: Checked up all cabinets doors OK.,[]
1881,EQ ID 1881,Cabinet doors all of BLA,Maintenance,5873,Check all cabinet doors not to be slanted or a big gap in the middle they should all be equally spaced out adjust if needed .Check all of first floor and second floor by sinks lunchroom areas .,Closed and Completed,7/2/2023,Max,0.30,0.00,0.00,7/5/2023,Maksim Bushka - 07/05/23 10:46:13 AM: Dane ok,[]
1881,EQ ID 1881,Cabinet doors all of BLA,Maintenance,6310,Check all cabinet doors not to be slanted or a big gap in the middle they should all be equally spaced out adjust if needed .Check all of first floor and second floor by sinks lunchroom areas .,Closed and Completed,8/5/2023,Max,1.00,0.00,0.00,8/2/2023,,[]
1881,EQ ID 1881,Cabinet doors all of BLA,Maintenance,6686,Check all cabinet doors not to be slanted or a big gap in the middle they should all be equally spaced out adjust if needed .Check all of first floor and second floor by sinks lunchroom areas .,Closed and Completed,9/2/2023,Max,30.00,0.00,0.00,9/1/2023,,[]
1881,EQ ID 1881,Cabinet doors all of BLA,Maintenance,7104,Check all cabinet doors not to be slanted or a big gap in the middle they should all be equally spaced out adjust if needed .Check all of first floor and second floor by sinks lunchroom areas .,Closed and Completed,10/5/2023,mAX,0.00,0.00,0.00,10/6/2023,,[]
1881,EQ ID 1881,Cabinet doors all of BLA,Maintenance,7498,Check all cabinet doors not to be slanted or a big gap in the middle they should all be equally spaced out adjust if needed .Check all of first floor and second floor by sinks lunchroom areas .,Closed and Completed,11/6/2023,Max,0.30,0.00,0.00,10/26/2023,,[]
1881,EQ ID 1881,Cabinet doors all of BLA,Maintenance,7807,Check all cabinet doors not to be slanted or a big gap in the middle they should all be equally spaced out adjust if needed .Check all of first floor and second floor by sinks lunchroom areas .,Closed and Completed,11/26/2023,Max,0.20,0.00,0.00,11/27/2023,,[]
1881,EQ ID 1881,Cabinet doors all of BLA,Maintenance,8127,Check all cabinet doors not to be slanted or a big gap in the middle they should all be equally spaced out adjust if needed .Check all of first floor and second floor by sinks lunchroom areas .,Closed and Completed,12/27/2023,Max,0.30,0.00,0.00,12/28/2023,,[]
1881,EQ ID 1881,Cabinet doors all of BLA,Maintenance,9491,Check all cabinet doors not to be slanted or a big gap in the middle they should all be equally spaced out adjust if needed .Check all of first floor and second floor by sinks lunchroom areas .,Closed and Completed,1/29/2024,Max,0.30,0.00,0.00,1/30/2024,,[]
1881,EQ ID 1881,Cabinet doors all of BLA,Maintenance,10172,Check all cabinet doors not to be slanted or a big gap in the middle they should all be equally spaced out adjust if needed .Check all of first floor and second floor by sinks lunchroom areas .,Closed and Completed,2/29/2024,Max,1.00,0.00,0.00,3/1/2024,,[]
1881,EQ ID 1881,Cabinet doors all of BLA,Maintenance,10603,Check all cabinet doors not to be slanted or a big gap in the middle they should all be equally spaced out adjust if needed .Check all of first floor and second floor by sinks lunchroom areas .,Closed and Completed,4/1/2024,Max,0.30,0.00,0.00,4/1/2024,Maksim Bushka - 04/01/24  2:46:11 PM: Replaced 4 rollers on a drywall cart.,[]
1881,EQ ID 1881,Cabinet doors all of BLA,Maintenance,10881,Check all cabinet doors not to be slanted or a big gap in the middle they should all be equally spaced out adjust if needed .Check all of first floor and second floor by sinks lunchroom areas .,Closed and Completed,5/1/2024,Max,0.30,0.00,0.00,4/30/2024,,[]
1881,EQ ID 1881,Cabinet doors all of BLA,Maintenance,11470,Check all cabinet doors not to be slanted or a big gap in the middle they should all be equally spaced out adjust if needed .Check all of first floor and second floor by sinks lunchroom areas .,Closed and Completed,5/30/2024,Max,0.00,0.00,0.00,5/8/2024,,[]
1881,EQ ID 1881,Cabinet doors all of BLA,Maintenance,11907,Check all cabinet doors not to be slanted or a big gap in the middle they should all be equally spaced out adjust if needed .Check all of first floor and second floor by sinks lunchroom areas .,Closed and Completed,6/30/2024,Max,0.30,0.00,0.00,6/26/2024,,[]
1881,EQ ID 1881,Cabinet doors all of BLA,Maintenance,12241,Check all cabinet doors not to be slanted or a big gap in the middle they should all be equally spaced out adjust if needed .Check all of first floor and second floor by sinks lunchroom areas .,Closed and Completed,7/26/2024,Max,0.30,0.00,0.00,7/25/2024,,[]
1881,EQ ID 1881,Cabinet doors all of BLA,Maintenance,12534,Check all cabinet doors not to be slanted or a big gap in the middle they should all be equally spaced out adjust if needed .Check all of first floor and second floor by sinks lunchroom areas .,Closed and Completed,8/25/2024,Max,0.00,0.00,0.00,8/19/2024,,[]
1881,EQ ID 1881,Cabinet doors all of BLA,Maintenance,12818,Check all cabinet doors not to be slanted or a big gap in the middle they should all be equally spaced out adjust if needed .Check all of first floor and second floor by sinks lunchroom areas .,Closed and Completed,9/19/2024,Max,0.20,0.00,0.00,9/30/2024,,[]
1881,EQ ID 1881,Cabinet doors all of BLA,Maintenance,13220,Check all cabinet doors not to be slanted or a big gap in the middle they should all be equally spaced out adjust if needed .Check all of first floor and second floor by sinks lunchroom areas .,Closed and Completed,10/30/2024,Max,0.00,0.00,0.00,10/18/2024,,[]
1881,EQ ID 1881,Cabinet doors all of BLA,Maintenance,13469,Check all cabinet doors not to be slanted or a big gap in the middle they should all be equally spaced out adjust if needed .Check all of first floor and second floor by sinks lunchroom areas .,Closed and Completed,11/18/2024,Max,0.30,0.00,0.00,11/20/2024,,[]
1881,EQ ID 1881,Cabinet doors all of BLA,Maintenance,13875,Check all cabinet doors not to be slanted or a big gap in the middle they should all be equally spaced out adjust if needed .Check all of first floor and second floor by sinks lunchroom areas .,Closed and Completed,12/20/2024,Max,0.30,0.00,0.00,12/17/2024,,[]
1881,EQ ID 1881,Cabinet doors all of BLA,Maintenance,14135,Check all cabinet doors not to be slanted or a big gap in the middle they should all be equally spaced out adjust if needed .Check all of first floor and second floor by sinks lunchroom areas .,Closed and Completed,1/17/2025,Max,0.20,0.00,0.00,1/13/2025,,[]
1881,EQ ID 1881,Cabinet doors all of BLA,Maintenance,14332,Check all cabinet doors not to be slanted or a big gap in the middle they should all be equally spaced out adjust if needed .Check all of first floor and second floor by sinks lunchroom areas .,Closed and Completed,2/13/2025,Max,0.30,0.00,0.00,2/14/2025,,[]
1881,EQ ID 1881,Cabinet doors all of BLA,Maintenance,14692,Check all cabinet doors not to be slanted or a big gap in the middle they should all be equally spaced out adjust if needed .Check all of first floor and second floor by sinks lunchroom areas .,Closed and Completed,3/14/2025,Max,0.30,0.00,0.00,3/14/2025,,[]
1881,EQ ID 1881,Cabinet doors all of BLA,Maintenance,15094,Check all cabinet doors not to be slanted or a big gap in the middle they should all be equally spaced out adjust if needed .Check all of first floor and second floor by sinks lunchroom areas .,Closed and Completed,4/18/2025,Max,0.00,0.00,0.00,4/23/2025,Maksim Bushka - 04/23/25  7:16:22 PM: Replaced all 3 filters.,[]
1881,EQ ID 1881,Cabinet doors all of BLA,Maintenance,15483,Check all cabinet doors not to be slanted or a big gap in the middle they should all be equally spaced out adjust if needed .Check all of first floor and second floor by sinks lunchroom areas .,Closed and Completed,5/23/2025,Max,0.30,0.00,0.00,5/9/2025,,[]
1881,EQ ID 1881,Cabinet doors all of BLA,Maintenance,15749,Check all cabinet doors not to be slanted or a big gap in the middle they should all be equally spaced out adjust if needed .Check all of first floor and second floor by sinks lunchroom areas .,Closed and Completed,6/14/2025,Max,0.20,0.00,0.00,6/16/2025,,[]
1881,EQ ID 1881,Cabinet doors all of BLA,Maintenance,16102,Check all cabinet doors not to be slanted or a big gap in the middle they should all be equally spaced out adjust if needed .Check all of first floor and second floor by sinks lunchroom areas .,Closed and Completed,7/16/2025,Max,0.30,0.00,0.00,7/10/2025,,[]
1881,EQ ID 1881,Cabinet doors all of BLA,Maintenance,16413,Check all cabinet doors not to be slanted or a big gap in the middle they should all be equally spaced out adjust if needed .Check all of first floor and second floor by sinks lunchroom areas .,Closed and Completed,8/15/2025,Max,0.00,0.00,0.00,8/18/2025,,[]
1881,EQ ID 1881,Cabinet doors all of BLA,Maintenance,16720,Check all cabinet doors not to be slanted or a big gap in the middle they should all be equally spaced out adjust if needed .Check all of first floor and second floor by sinks lunchroom areas .,Closed and Completed,9/18/2025,Max,0.20,0.00,0.00,9/16/2025,,[]
1881,EQ ID 1881,Cabinet doors all of BLA,Maintenance,17015,Check all cabinet doors not to be slanted or a big gap in the middle they should all be equally spaced out adjust if needed .Check all of first floor and second floor by sinks lunchroom areas .,Closed and Completed,10/16/2025,PU,0.50,0.00,0.00,10/16/2025,Primo Uy - 10/17/25  7:15:30 AM: Done,[]
1881,EQ ID 1881,Cabinet doors all of BLA,Maintenance,17333,Check all cabinet doors not to be slanted or a big gap in the middle they should all be equally spaced out adjust if needed .Check all of first floor and second floor by sinks lunchroom areas .,Closed and Completed,11/17/2025,Max,0.30,0.00,0.00,11/17/2025,,[]
1881,EQ ID 1881,Cabinet doors all of BLA,Maintenance,17727,Check all cabinet doors not to be slanted or a big gap in the middle they should all be equally spaced out adjust if needed .Check all of first floor and second floor by sinks lunchroom areas .,Closed and Completed,12/17/2025,Max,0.20,0.00,0.00,12/18/2025,,[]
1881,EQ ID 1881,Cabinet doors all of BLA,Maintenance,18000,Check all cabinet doors not to be slanted or a big gap in the middle they should all be equally spaced out adjust if needed .Check all of first floor and second floor by sinks lunchroom areas .,Closed and Completed,1/18/2026,Max,0.50,0.00,0.00,1/16/2026,"Maksim Bushka - 01/24/26  9:12:40 AM: Scheduled Date: 01-16-26
Parts Needed: NO
Parts Ordered: NO
Expected Delivery Date: N/A
General Notes: Checked up ok",[]
1881,EQ ID 1881,Cabinet doors all of BLA,Maintenance,18292,Check all cabinet doors not to be slanted or a big gap in the middle they should all be equally spaced out adjust if needed .Check all of first floor and second floor by sinks lunchroom areas .,Closed and Completed,2/24/2026,Max,0.30,0.00,0.00,3/4/2026,"Maksim Bushka - 03/13/26  2:20:19 PM: Scheduled Date: 02/24/2026
Parts Needed: NO
Parts Ordered: NO
Expected Delivery Date: N/A
General Notes: Checked up ok",[]
1881,EQ ID 1881,Cabinet doors all of BLA,Maintenance,18750,Check all cabinet doors not to be slanted or a big gap in the middle they should all be equally spaced out adjust if needed .Check all of first floor and second floor by sinks lunchroom areas .,Closed and Completed,4/13/2026,Nax,0.20,0.00,0.00,4/15/2026,"Maksim Bushka - 04/15/26 12:31:54 PM: Scheduled Date: 04/13/2026
Parts Needed: NO
Parts Ordered: NO
Expected Delivery Date: N/A
General Notes: Checked up ok",[]
1881,EQ ID 1881,Cabinet doors all of BLA,Maintenance,19117,Check all cabinet doors not to be slanted or a big gap in the middle they should all be equally spaced out adjust if needed .Check all of first floor and second floor by sinks lunchroom areas .,Closed and Completed,5/15/2026,Max,0.00,0.00,0.00,5/15/2026,"Maksim Bushka - 05/20/26  1:20:01 PM: Scheduled Date:05/15/2026 
Parts Needed: NO
Parts Ordered: NO
Expected Delivery Date: N/A
General Notes: Checked up ok",[]
1882,EQ ID 1882,Water faucets outside the restrooms 1 and 2nd floors,Maintenance,20047,Check all faucets by restrooms on first floor and second floor make sure the water is not changing temps either its cold or warm if you notice a change use a Philips and adjust the water valve mixer from underneath .Ask Mike for help if needed .,Pending,8/7/2026,,0.00,0.00,0.00,,,[]
1882,EQ ID 1882,Water faucets outside the restrooms 1 and 2nd floors,Maintenance,992,Check all faucets by restrooms on first floor and second floor make sure the water is not changing temps either its cold or warm if you notice a change use a Philips and adjust the water valve mixer from underneath .Ask Mike for help if needed .,Closed and Completed,4/18/2022,mike idaz,0.30,0.00,0.00,4/12/2022,Miguel Diaz - 04/12/22  9:05:44 AM: checked all faucets for sudden temp changes,[]
1882,EQ ID 1882,Water faucets outside the restrooms 1 and 2nd floors,Maintenance,2858,Check all faucets by restrooms on first floor and second floor make sure the water is not changing temps either its cold or warm if you notice a change use a Philips and adjust the water valve mixer from underneath .Ask Mike for help if needed .,Closed and Completed,11/13/2022,md,0.40,0.00,0.00,11/12/2022,Miguel Diaz - 11/14/22  6:36:40 AM: checked all faucets for sudden temp change none has this issue currently,[]
1882,EQ ID 1882,Water faucets outside the restrooms 1 and 2nd floors,Maintenance,3242,Check all faucets by restrooms on first floor and second floor make sure the water is not changing temps either its cold or warm if you notice a change use a Philips and adjust the water valve mixer from underneath .Ask Mike for help if needed .,Closed and Completed,12/14/2022,Miguel,0.30,0.00,0.00,11/16/2022,Maksim Bushka - 12/12/22  1:53:33 PM: Adjusted the water mixer under the sink,[]
1882,EQ ID 1882,Water faucets outside the restrooms 1 and 2nd floors,Maintenance,3603,Check all faucets by restrooms on first floor and second floor make sure the water is not changing temps either its cold or warm if you notice a change use a Philips and adjust the water valve mixer from underneath .Ask Mike for help if needed .,Closed and Completed,1/12/2023,md,0.00,0.00,0.00,1/2/2023,Miguel Diaz - 01/12/23  1:12:51 PM: found none changing,[]
1882,EQ ID 1882,Water faucets outside the restrooms 1 and 2nd floors,Maintenance,3936,Check all faucets by restrooms on first floor and second floor make sure the water is not changing temps either its cold or warm if you notice a change use a Philips and adjust the water valve mixer from underneath .Ask Mike for help if needed .,Closed and Completed,2/12/2023,Max,0.30,0.00,0.00,2/13/2023,Maksim Bushka - 02/14/23  8:26:06 AM: Check up the gate ok,[]
1882,EQ ID 1882,Water faucets outside the restrooms 1 and 2nd floors,Maintenance,4388,Check all faucets by restrooms on first floor and second floor make sure the water is not changing temps either its cold or warm if you notice a change use a Philips and adjust the water valve mixer from underneath .Ask Mike for help if needed .,Closed and Completed,3/14/2023,md,0.00,0.00,0.00,3/9/2023,Miguel Diaz - 03/09/23  7:38:27 AM: Found no sudden temp changes,[]
1882,EQ ID 1882,Water faucets outside the restrooms 1 and 2nd floors,Maintenance,4740,Check all faucets by restrooms on first floor and second floor make sure the water is not changing temps either its cold or warm if you notice a change use a Philips and adjust the water valve mixer from underneath .Ask Mike for help if needed .,Closed and Completed,4/9/2023,Max,0.20,0.00,0.00,3/31/2023,Maksim Bushka - 03/31/23  2:55:37 PM: All faucets ok,[]
1882,EQ ID 1882,Water faucets outside the restrooms 1 and 2nd floors,Maintenance,5096,Check all faucets by restrooms on first floor and second floor make sure the water is not changing temps either its cold or warm if you notice a change use a Philips and adjust the water valve mixer from underneath .Ask Mike for help if needed .,Closed and Completed,4/30/2023,Max,0.00,0.00,0.00,5/1/2023,,[]
1882,EQ ID 1882,Water faucets outside the restrooms 1 and 2nd floors,Maintenance,5491,Check all faucets by restrooms on first floor and second floor make sure the water is not changing temps either its cold or warm if you notice a change use a Philips and adjust the water valve mixer from underneath .Ask Mike for help if needed .,Closed and Completed,6/1/2023,Max,0.20,0.00,0.00,6/2/2023,Maksim Bushka - 06/02/23 11:30:00 AM: checked up the faucets ok,[]
1882,EQ ID 1882,Water faucets outside the restrooms 1 and 2nd floors,Maintenance,5872,Check all faucets by restrooms on first floor and second floor make sure the water is not changing temps either its cold or warm if you notice a change use a Philips and adjust the water valve mixer from underneath .Ask Mike for help if needed .,Closed and Completed,7/2/2023,Max,0.10,0.00,0.00,6/26/2023,,[]
1882,EQ ID 1882,Water faucets outside the restrooms 1 and 2nd floors,Maintenance,6223,Check all faucets by restrooms on first floor and second floor make sure the water is not changing temps either its cold or warm if you notice a change use a Philips and adjust the water valve mixer from underneath .Ask Mike for help if needed .,Closed and Completed,7/26/2023,Max,0.00,0.00,0.00,7/31/2023,,[]
1882,EQ ID 1882,Water faucets outside the restrooms 1 and 2nd floors,Maintenance,6656,Check all faucets by restrooms on first floor and second floor make sure the water is not changing temps either its cold or warm if you notice a change use a Philips and adjust the water valve mixer from underneath .Ask Mike for help if needed .,Closed and Completed,8/31/2023,Max,20.00,0.00,0.00,9/5/2023,,[]
1882,EQ ID 1882,Water faucets outside the restrooms 1 and 2nd floors,Maintenance,7102,Check all faucets by restrooms on first floor and second floor make sure the water is not changing temps either its cold or warm if you notice a change use a Philips and adjust the water valve mixer from underneath .Ask Mike for help if needed .,Closed and Completed,10/5/2023,mAX,0.00,0.00,0.00,10/6/2023,,[]
1882,EQ ID 1882,Water faucets outside the restrooms 1 and 2nd floors,Maintenance,7497,Check all faucets by restrooms on first floor and second floor make sure the water is not changing temps either its cold or warm if you notice a change use a Philips and adjust the water valve mixer from underneath .Ask Mike for help if needed .,Closed and Completed,11/6/2023,Max,0.00,0.00,0.00,10/23/2023,,[]
1882,EQ ID 1882,Water faucets outside the restrooms 1 and 2nd floors,Maintenance,7765,Check all faucets by restrooms on first floor and second floor make sure the water is not changing temps either its cold or warm if you notice a change use a Philips and adjust the water valve mixer from underneath .Ask Mike for help if needed .,Closed and Completed,11/23/2023,Max,0.30,0.00,0.00,11/27/2023,Maksim Bushka - 11/27/23  8:58:28 AM: Replaced the front low wheal on stalker # 19,[]
1882,EQ ID 1882,Water faucets outside the restrooms 1 and 2nd floors,Maintenance,8125,Check all faucets by restrooms on first floor and second floor make sure the water is not changing temps either its cold or warm if you notice a change use a Philips and adjust the water valve mixer from underneath .Ask Mike for help if needed .,Closed and Completed,12/27/2023,Max,0.30,0.00,0.00,12/29/2023,,[]
1882,EQ ID 1882,Water faucets outside the restrooms 1 and 2nd floors,Maintenance,9492,Check all faucets by restrooms on first floor and second floor make sure the water is not changing temps either its cold or warm if you notice a change use a Philips and adjust the water valve mixer from underneath .Ask Mike for help if needed .,Closed and Completed,1/29/2024,Max,0.00,0.00,0.00,1/30/2024,,[]
1882,EQ ID 1882,Water faucets outside the restrooms 1 and 2nd floors,Maintenance,10167,Check all faucets by restrooms on first floor and second floor make sure the water is not changing temps either its cold or warm if you notice a change use a Philips and adjust the water valve mixer from underneath .Ask Mike for help if needed .,Closed and Completed,2/29/2024,Max,0.20,0.00,0.00,3/1/2024,,[]
1882,EQ ID 1882,Water faucets outside the restrooms 1 and 2nd floors,Maintenance,10602,Check all faucets by restrooms on first floor and second floor make sure the water is not changing temps either its cold or warm if you notice a change use a Philips and adjust the water valve mixer from underneath .Ask Mike for help if needed .,Closed and Completed,4/1/2024,Max,0.20,0.00,0.00,4/1/2024,Maksim Bushka - 04/01/24  2:46:42 PM: Replaced 4 rollers on a drywall cart.,[]
1882,EQ ID 1882,Water faucets outside the restrooms 1 and 2nd floors,Maintenance,10882,Check all faucets by restrooms on first floor and second floor make sure the water is not changing temps either its cold or warm if you notice a change use a Philips and adjust the water valve mixer from underneath .Ask Mike for help if needed .,Closed and Completed,5/1/2024,Max,0.20,0.00,0.00,4/30/2024,,[]
1882,EQ ID 1882,Water faucets outside the restrooms 1 and 2nd floors,Maintenance,11471,Check all faucets by restrooms on first floor and second floor make sure the water is not changing temps either its cold or warm if you notice a change use a Philips and adjust the water valve mixer from underneath .Ask Mike for help if needed .,Closed and Completed,5/30/2024,Max,0.00,0.00,0.00,5/16/2024,,[]
1882,EQ ID 1882,Water faucets outside the restrooms 1 and 2nd floors,Maintenance,11908,Check all faucets by restrooms on first floor and second floor make sure the water is not changing temps either its cold or warm if you notice a change use a Philips and adjust the water valve mixer from underneath .Ask Mike for help if needed .,Closed and Completed,6/30/2024,Max,0.20,0.00,0.00,6/26/2024,,[]
1882,EQ ID 1882,Water faucets outside the restrooms 1 and 2nd floors,Maintenance,12240,Check all faucets by restrooms on first floor and second floor make sure the water is not changing temps either its cold or warm if you notice a change use a Philips and adjust the water valve mixer from underneath .Ask Mike for help if needed .,Closed and Completed,7/26/2024,Max,0.30,0.00,0.00,7/17/2024,Maksim Bushka - 07/17/24  7:11:05 PM: Replaced 26 light bulbs on the parking structure.,[]
1882,EQ ID 1882,Water faucets outside the restrooms 1 and 2nd floors,Maintenance,12437,Check all faucets by restrooms on first floor and second floor make sure the water is not changing temps either its cold or warm if you notice a change use a Philips and adjust the water valve mixer from underneath .Ask Mike for help if needed .,Closed and Completed,8/17/2024,Max,0.00,0.00,0.00,8/19/2024,,[]
1882,EQ ID 1882,Water faucets outside the restrooms 1 and 2nd floors,Maintenance,12817,Check all faucets by restrooms on first floor and second floor make sure the water is not changing temps either its cold or warm if you notice a change use a Philips and adjust the water valve mixer from underneath .Ask Mike for help if needed .,Closed and Completed,9/19/2024,Max,0.00,0.00,0.00,9/30/2024,,[]
1882,EQ ID 1882,Water faucets outside the restrooms 1 and 2nd floors,Maintenance,13221,Check all faucets by restrooms on first floor and second floor make sure the water is not changing temps either its cold or warm if you notice a change use a Philips and adjust the water valve mixer from underneath .Ask Mike for help if needed .,Closed and Completed,10/30/2024,Max,1.00,0.00,0.00,10/18/2024,,[]
1882,EQ ID 1882,Water faucets outside the restrooms 1 and 2nd floors,Maintenance,13471,Check all faucets by restrooms on first floor and second floor make sure the water is not changing temps either its cold or warm if you notice a change use a Philips and adjust the water valve mixer from underneath .Ask Mike for help if needed .,Closed and Completed,11/18/2024,Max,0.30,0.00,0.00,11/20/2024,,[]
1882,EQ ID 1882,Water faucets outside the restrooms 1 and 2nd floors,Maintenance,13876,Check all faucets by restrooms on first floor and second floor make sure the water is not changing temps either its cold or warm if you notice a change use a Philips and adjust the water valve mixer from underneath .Ask Mike for help if needed .,Closed and Completed,12/20/2024,Max,0.20,0.00,0.00,12/17/2024,,[]
1882,EQ ID 1882,Water faucets outside the restrooms 1 and 2nd floors,Maintenance,14136,Check all faucets by restrooms on first floor and second floor make sure the water is not changing temps either its cold or warm if you notice a change use a Philips and adjust the water valve mixer from underneath .Ask Mike for help if needed .,Closed and Completed,1/17/2025,Primo & Max,0.30,0.00,0.00,1/7/2025,,[]
1882,EQ ID 1882,Water faucets outside the restrooms 1 and 2nd floors,Maintenance,14284,Check all faucets by restrooms on first floor and second floor make sure the water is not changing temps either its cold or warm if you notice a change use a Philips and adjust the water valve mixer from underneath .Ask Mike for help if needed .,Closed and Completed,2/7/2025,Max,0.00,0.00,0.00,2/4/2025,,[]
1882,EQ ID 1882,Water faucets outside the restrooms 1 and 2nd floors,Maintenance,14612,Check all faucets by restrooms on first floor and second floor make sure the water is not changing temps either its cold or warm if you notice a change use a Philips and adjust the water valve mixer from underneath .Ask Mike for help if needed .,Closed and Completed,3/7/2025,Max,1.00,0.00,0.00,2/28/2025,,[]
1882,EQ ID 1882,Water faucets outside the restrooms 1 and 2nd floors,Maintenance,14926,Check all faucets by restrooms on first floor and second floor make sure the water is not changing temps either its cold or warm if you notice a change use a Philips and adjust the water valve mixer from underneath .Ask Mike for help if needed .,Closed and Completed,4/3/2025,Max,0.30,0.00,0.00,4/9/2025,,[]
1882,EQ ID 1882,Water faucets outside the restrooms 1 and 2nd floors,Maintenance,15335,Check all faucets by restrooms on first floor and second floor make sure the water is not changing temps either its cold or warm if you notice a change use a Philips and adjust the water valve mixer from underneath .Ask Mike for help if needed .,Closed and Completed,5/9/2025,Max,0.30,0.00,0.00,5/14/2025,,[]
1882,EQ ID 1882,Water faucets outside the restrooms 1 and 2nd floors,Maintenance,15746,Check all faucets by restrooms on first floor and second floor make sure the water is not changing temps either its cold or warm if you notice a change use a Philips and adjust the water valve mixer from underneath .Ask Mike for help if needed .,Closed and Completed,6/14/2025,Max,0.20,0.00,0.00,6/13/2025,,[]
1882,EQ ID 1882,Water faucets outside the restrooms 1 and 2nd floors,Maintenance,16100,Check all faucets by restrooms on first floor and second floor make sure the water is not changing temps either its cold or warm if you notice a change use a Philips and adjust the water valve mixer from underneath .Ask Mike for help if needed .,Closed and Completed,7/16/2025,Max,0.30,0.00,0.00,7/11/2025,,[]
1882,EQ ID 1882,Water faucets outside the restrooms 1 and 2nd floors,Maintenance,16415,Check all faucets by restrooms on first floor and second floor make sure the water is not changing temps either its cold or warm if you notice a change use a Philips and adjust the water valve mixer from underneath .Ask Mike for help if needed .,Closed and Completed,8/15/2025,Max,0.00,0.00,0.00,8/18/2025,,[]
1882,EQ ID 1882,Water faucets outside the restrooms 1 and 2nd floors,Maintenance,16721,Check all faucets by restrooms on first floor and second floor make sure the water is not changing temps either its cold or warm if you notice a change use a Philips and adjust the water valve mixer from underneath .Ask Mike for help if needed .,Closed and Completed,9/18/2025,Max,0.20,0.00,0.00,9/16/2025,,[]
1882,EQ ID 1882,Water faucets outside the restrooms 1 and 2nd floors,Maintenance,17016,Check all faucets by restrooms on first floor and second floor make sure the water is not changing temps either its cold or warm if you notice a change use a Philips and adjust the water valve mixer from underneath .Ask Mike for help if needed .,Closed and Completed,10/16/2025,PU,0.50,0.00,0.00,10/16/2025,Primo Uy - 10/17/25  7:16:46 AM: Done,[]
1882,EQ ID 1882,Water faucets outside the restrooms 1 and 2nd floors,Maintenance,17334,Check all faucets by restrooms on first floor and second floor make sure the water is not changing temps either its cold or warm if you notice a change use a Philips and adjust the water valve mixer from underneath .Ask Mike for help if needed .,Closed and Completed,11/17/2025,Max,20.00,0.00,0.00,11/17/2025,,[]
1882,EQ ID 1882,Water faucets outside the restrooms 1 and 2nd floors,Maintenance,17726,Check all faucets by restrooms on first floor and second floor make sure the water is not changing temps either its cold or warm if you notice a change use a Philips and adjust the water valve mixer from underneath .Ask Mike for help if needed .,Closed and Completed,12/17/2025,Max,0.20,0.00,0.00,12/18/2025,,[]
1882,EQ ID 1882,Water faucets outside the restrooms 1 and 2nd floors,Maintenance,17999,Check all faucets by restrooms on first floor and second floor make sure the water is not changing temps either its cold or warm if you notice a change use a Philips and adjust the water valve mixer from underneath .Ask Mike for help if needed .,Closed and Completed,1/18/2026,Max,0.50,0.00,0.00,1/16/2026,"Maksim Bushka - 01/24/26  9:11:11 AM: Scheduled Date: 01-16-26
Parts Needed: NO
Parts Ordered: NO
Expected Delivery Date: N/A
General Notes: Checked up ok",[]
1882,EQ ID 1882,Water faucets outside the restrooms 1 and 2nd floors,Maintenance,18291,Check all faucets by restrooms on first floor and second floor make sure the water is not changing temps either its cold or warm if you notice a change use a Philips and adjust the water valve mixer from underneath .Ask Mike for help if needed .,Closed and Completed,2/24/2026,Max,0.30,0.00,0.00,3/5/2026,"Maksim Bushka - 03/13/26  2:19:11 PM: Scheduled Date: 02/24/2026
Parts Needed: NO
Parts Ordered: NO
Expected Delivery Date: N/A
General Notes: Checked all ok",[]
1882,EQ ID 1882,Water faucets outside the restrooms 1 and 2nd floors,Maintenance,18749,Check all faucets by restrooms on first floor and second floor make sure the water is not changing temps either its cold or warm if you notice a change use a Philips and adjust the water valve mixer from underneath .Ask Mike for help if needed .,Closed and Completed,4/13/2026,Max,0.20,0.00,0.00,4/14/2026,"Maksim Bushka - 04/15/26 12:27:38 PM: Scheduled Date: 03/14/2026
Parts Needed: NO
Parts Ordered: NO
Expected Delivery Date: N/A
General Notes: Checked up ok",[]
1882,EQ ID 1882,Water faucets outside the restrooms 1 and 2nd floors,Maintenance,19113,Check all faucets by restrooms on first floor and second floor make sure the water is not changing temps either its cold or warm if you notice a change use a Philips and adjust the water valve mixer from underneath .Ask Mike for help if needed .,Closed and Completed,5/15/2026,Max,0.30,0.00,0.00,5/15/2026,"Maksim Bushka - 05/20/26  1:15:35 PM: Scheduled Date: 05/15/2026
Parts Needed: NO
Parts Ordered: NO
Expected Delivery Date: N/A
General Notes: Checked up ok",[]
1882,EQ ID 1882,Water faucets outside the restrooms 1 and 2nd floors,Maintenance,19513,Check all faucets by restrooms on first floor and second floor make sure the water is not changing temps either its cold or warm if you notice a change use a Philips and adjust the water valve mixer from underneath .Ask Mike for help if needed .,Closed and Completed,6/20/2026,Colton,0.00,0.00,0.00,6/19/2026,Colton Price - 07/07/26 12:19:20 PM: All faucets are good and were checked when the soap dispensers were cleaned.,[]
1918,EQ ID 1918,Mezzanine light bulbs,Maintenance,994,Look at the bulbs in the mezzanine if lots are starting to go out its time to replace them all total of 120 bulbs next replacement date is 4-1-23.Bulb type Sylvania F032/841/ECO,Closed without Action,3/18/2026,Max,0.00,0.00,0.00,3/31/2026,Sean Jennings - 03/27/26 10:24:11 AM: We will look into replacing these lights for LED bulbs,[]
1514,EQ ID 1514,2016 Hyundai tucson,Maintenance,910,Log odometer readings quarterly,Closed and Completed,6/18/2022,Nick M,0.25,0.00,0.00,6/17/2022,Nicholas Martinez - 06/17/22 12:26:17 PM: Odometer checked and currently showing 19475.,[]
1514,EQ ID 1514,2016 Hyundai tucson,Maintenance,2793,Log odometer readings quarterly,Closed without Action,1/13/2023,md,0.00,0.00,0.00,12/29/2022,,[]
1514,EQ ID 1514,2016 Hyundai tucson,Maintenance,3769,Log odometer readings quarterly,Closed and Completed,3/29/2023,Primo & Max,0.15,0.00,0.00,4/4/2023,"Maksim Bushka - 04/04/23 10:59:39 AM: The odometer reading as off today is 22,807 mi.",[]
1514,EQ ID 1514,2016 Hyundai tucson,Maintenance,5138,Log odometer readings quarterly,Closed without Action,7/4/2023,,0.00,0.00,0.00,7/10/2023,,[]
1514,EQ ID 1514,2016 Hyundai tucson,Maintenance,6458,Log odometer readings quarterly,Closed and Completed,10/18/2023,PU&Max,0.20,0.00,0.00,10/18/2023,Primo Uy - 10/31/23 10:20:39 AM: ODO: 25516,[]
1514,EQ ID 1514,2016 Hyundai tucson,Maintenance,7860,Log odometer readings quarterly,Closed and Completed,1/31/2024,PU&Max,0.17,0.00,0.00,1/31/2024,Primo Uy - 01/31/24  2:08:05 PM: 27024,[]
1514,EQ ID 1514,2016 Hyundai tucson,Maintenance,10188,Log odometer readings quarterly,Closed without Action,4/30/2024,md,0.00,0.00,0.00,4/9/2024,"Miguel Diaz - 04/09/24  1:22:05 PM: Check all panels especially the one location that always gets loose  also walk the parking structure and look for anything  that may need to get fixed .
*Check module mounting system 
*Checked module integrity and condition 
*Check for soiling 
*Check that no wire is laying on top of the roof surface 
*Check that all cables connections are fully engaged 
*Check for water ponding and or roof drain obstructions",[]
1514,EQ ID 1514,2016 Hyundai tucson,Maintenance,11054,Log odometer readings quarterly,Closed without Action,7/9/2024,md,0.00,0.00,0.00,7/15/2024,Miguel Diaz - 07/15/24  7:59:53 AM: office services to do this,[]
1515,EQ ID 1515,2016 Hyundai elantra,Maintenance,911,Log odometer readings quarterly,Closed and Completed,6/18/2022,Nick M,0.25,0.00,0.00,6/17/2022,Nicholas Martinez - 06/17/22 12:24:23 PM: Odometer checked and currently showing 11525.,[]
1515,EQ ID 1515,2016 Hyundai elantra,Maintenance,2794,Log odometer readings quarterly,Closed without Action,1/13/2023,md,0.00,0.00,0.00,12/29/2022,,[]
1515,EQ ID 1515,2016 Hyundai elantra,Maintenance,3770,Log odometer readings quarterly,Closed and Completed,3/29/2023,Max,15.00,0.00,0.00,4/3/2023,"Maksim Bushka - 04/03/23  8:51:38 AM: Odometer reading as of today 13,413 miles.",[]
1515,EQ ID 1515,2016 Hyundai elantra,Maintenance,5115,Log odometer readings quarterly,Closed without Action,7/3/2023,,0.00,0.00,0.00,7/17/2023,,[]
1515,EQ ID 1515,2016 Hyundai elantra,Maintenance,6457,Log odometer readings quarterly,Closed and Completed,10/18/2023,PU&Max,0.00,0.00,0.00,10/18/2023,Primo Uy - 10/31/23 10:19:50 AM: ODO: 14754,[]
1515,EQ ID 1515,2016 Hyundai elantra,Maintenance,7859,Log odometer readings quarterly,Closed and Completed,1/31/2024,PU&Max,0.17,0.00,0.00,1/31/2024,Primo Uy - 01/31/24  2:07:01 PM: 15351,[]
1515,EQ ID 1515,2016 Hyundai elantra,Maintenance,10187,Log odometer readings quarterly,Closed and Completed,4/30/2024,md,0.10,0.00,0.00,4/23/2024,Miguel Diaz - 04/23/24 11:45:13 AM: 18137,[]
1515,EQ ID 1515,2016 Hyundai elantra,Maintenance,11408,Log odometer readings quarterly,Closed without Action,7/23/2024,md,0.00,0.00,0.00,7/20/2024,Miguel Diaz - 07/20/24 12:18:43 PM: we do not do this we dont have a means of tieing off safely,[]
1593,EQ ID 1593,Shipping Lunchroom Filter Under sink,Maintenance,939,"Replace 1 filter under sink 
Scotsman Cartridge 044-SSMRC1 Qty -1
Or Grainger item Part # 36P056",Closed and Completed,9/18/2022,Mike D,0.70,120.00,0.00,9/10/2022,Miguel Diaz - 09/15/22  6:31:03 AM: Replaced filter good for one year,[]
1593,EQ ID 1593,Shipping Lunchroom Filter Under sink,Maintenance,2802,"Replace 1 filter under sink 
Scotsman Cartridge 044-SSMRC1 Qty -1
Or Grainger item Part # 36P056",Closed and Completed,4/13/2023,Miguel & Max,0.20,200.00,0.00,4/5/2023,Maksim Bushka - 04/05/23 12:43:34 PM: Replaced the filter under the sink.,[]
1593,EQ ID 1593,Shipping Lunchroom Filter Under sink,Maintenance,5164,"Replace 1 filter under sink 
Scotsman Cartridge 044-SSMRC1 Qty -1
Or Grainger item Part # 36P056",Closed and Completed,10/5/2023,Max,1.00,0.00,0.00,10/12/2023,,[]
1593,EQ ID 1593,Shipping Lunchroom Filter Under sink,Maintenance,7630,"Replace 1 filter under sink 
Scotsman Cartridge 044-SSMRC1 Qty -1
Or Grainger item Part # 36P056",Closed without Action,4/12/2024,Max,0.00,0.00,0.00,4/9/2024,Maksim Bushka - 04/09/24  1:11:25 PM: We replaced the filter 2 months ago and will skip at this time,[]
1593,EQ ID 1593,Shipping Lunchroom Filter Under sink,Maintenance,11051,"Replace 1 filter under sink 
Scotsman Cartridge 044-SSMRC1 Qty -1
Or Grainger item Part # 36P056",Closed and Completed,10/9/2024,Max,1.00,100.00,0.00,10/8/2024,,[]
1593,EQ ID 1593,Shipping Lunchroom Filter Under sink,Maintenance,13401,"Replace 1 filter under sink 
Scotsman Cartridge 044-SSMRC1 Qty -1
Or Grainger item Part # 36P056",Closed and Completed,4/14/2025,Max,0.30,120.00,0.00,4/17/2025,,[]
1593,EQ ID 1593,Shipping Lunchroom Filter Under sink,Maintenance,15418,"Replace 1 filter under sink 
Scotsman Cartridge 044-SSMRC1 Qty -1
Or Grainger item Part # 36P056",Closed and Completed,10/17/2025,Max,1.00,0.00,0.00,10/22/2025,Maksim Bushka - 10/22/25 12:53:20 PM: Replaced the filter,[]
1593,EQ ID 1593,Shipping Lunchroom Filter Under sink,Maintenance,17416,"Replace 1 filter under sink 
Scotsman Cartridge 044-SSMRC1 Qty -1
Or Grainger item Part # 36P056",Closed and Completed,4/22/2026,Max,0.30,0.00,0.00,4/27/2026,Maksim Bushka - 04/27/26  7:13:42 PM: Replaced,[]
1594,EQ ID 1594,Lunchroom Filters across from Sandy's office under sink,Maintenance,940,"Replace all 3 filters under sink .
Hoshaki filtration Part # 4HC-H  Cartridge(EV9655-11) Qty -2 Or Grainger item Part# 31XC11
Ever-pure  20'' sediment filters EV9534-20 QTY-1 Or Grainger item part# 5WFG2",Closed and Completed,9/18/2022,Mike D,0.80,250.00,0.00,9/10/2022,Miguel Diaz - 09/15/22  6:31:52 AM: Replaced filters good for one year,[]
1594,EQ ID 1594,Lunchroom Filters across from Sandy's office under sink,Maintenance,2803,"Replace all 3 filters under sink .
Hoshaki filtration Part # 4HC-H  Cartridge(EV9655-11) Qty -2 Or Grainger item Part# 31XC11
Ever-pure  20'' sediment filters EV9534-20 QTY-1 Or Grainger item part# 5WFG2",Closed and Completed,4/13/2023,Miguel & Max,1.00,300.00,0.00,4/6/2023,Maksim Bushka - 04/06/23  9:20:47 AM: Replaced all filters under the sink.,[]
1594,EQ ID 1594,Lunchroom Filters across from Sandy's office under sink,Maintenance,5178,"Replace all 3 filters under sink .
Hoshaki filtration Part # 4HC-H  Cartridge(EV9655-11) Qty -2 Or Grainger item Part# 31XC11
Ever-pure  20'' sediment filters EV9534-20 QTY-1 Or Grainger item part# 5WFG2",Closed and Completed,10/6/2023,Max,1.00,800.00,0.00,10/12/2023,,[]
1594,EQ ID 1594,Lunchroom Filters across from Sandy's office under sink,Maintenance,7631,"Replace all 3 filters under sink .
Hoshaki filtration Part # 4HC-H  Cartridge(EV9655-11) Qty -2 Or Grainger item Part# 31XC11
Ever-pure  20'' sediment filters EV9534-20 QTY-1 Or Grainger item part# 5WFG2",Closed without Action,4/12/2024,Max,0.00,0.00,0.00,4/9/2024,Maksim Bushka - 04/09/24  1:12:54 PM: We replaced the filters 2 months ago and will skip this time,[]
1594,EQ ID 1594,Lunchroom Filters across from Sandy's office under sink,Maintenance,11052,"Replace all 3 filters under sink .
Hoshaki filtration Part # 4HC-H  Cartridge(EV9655-11) Qty -2 Or Grainger item Part# 31XC11
Ever-pure  20'' sediment filters EV9534-20 QTY-1 Or Grainger item part# 5WFG2",Closed and Completed,10/9/2024,Max,1.00,100.00,0.00,10/8/2024,,[]
1594,EQ ID 1594,Lunchroom Filters across from Sandy's office under sink,Maintenance,13402,"Replace all 3 filters under sink .
Hoshaki filtration Part # 4HC-H  Cartridge(EV9655-11) Qty -2 Or Grainger item Part# 31XC11
Ever-pure  20'' sediment filters EV9534-20 QTY-1 Or Grainger item part# 5WFG2",Closed and Completed,4/14/2025,Max,1.00,350.00,0.00,4/23/2025,Maksim Bushka - 04/23/25  7:14:40 PM: Replaced all 3 filters.,[]
1594,EQ ID 1594,Lunchroom Filters across from Sandy's office under sink,Maintenance,15480,"Replace all 3 filters under sink .
Hoshaki filtration Part # 4HC-H  Cartridge(EV9655-11) Qty -2 Or Grainger item Part# 31XC11
Ever-pure  20'' sediment filters EV9534-20 QTY-1 Or Grainger item part# 5WFG2",Closed and Completed,10/23/2025,Max,1.00,300.00,0.00,10/27/2025,Maksim Bushka - 10/27/25 12:49:52 PM: Replaced the filters.,[]
1594,EQ ID 1594,Lunchroom Filters across from Sandy's office under sink,Maintenance,17479,"Replace all 3 filters under sink .
Hoshaki filtration Part # 4HC-H  Cartridge(EV9655-11) Qty -2 Or Grainger item Part# 31XC11
Ever-pure  20'' sediment filters EV9534-20 QTY-1 Or Grainger item part# 5WFG2",Closed and Completed,4/27/2026,Max,1.00,250.00,0.00,4/27/2026,Maksim Bushka - 04/27/26  7:14:58 PM: Replaced the filters.,[]
1595,EQ ID 1595,Main Lunchroom filters 2nd floor under sink,Maintenance,941,"Replace all 3 filters under sink .
Hoshaki filtration Part # 4HC-H  Cartridge(EV9655-11) Qty -2 Or Grainger item part# 31XC11
Ever-pure  20'' sediment filters EV9534-20 QTY-1 Or Grainger item part# 5WFG2",Closed and Completed,9/18/2022,Mike D,0.80,250.00,0.00,9/10/2022,Miguel Diaz - 09/15/22  6:32:26 AM: Replaced filters good for one year,[]
1595,EQ ID 1595,Main Lunchroom filters 2nd floor under sink,Maintenance,2804,"Replace all 3 filters under sink .
Hoshaki filtration Part # 4HC-H  Cartridge(EV9655-11) Qty -2 Or Grainger item part# 31XC11
Ever-pure  20'' sediment filters EV9534-20 QTY-1 Or Grainger item part# 5WFG2",Closed and Completed,4/13/2023,Miguel & Max,1.00,300.00,0.00,4/6/2023,Maksim Bushka - 04/06/23  9:22:26 AM: Replaced all 3 filters.,[]
1595,EQ ID 1595,Main Lunchroom filters 2nd floor under sink,Maintenance,5179,"Replace all 3 filters under sink .
Hoshaki filtration Part # 4HC-H  Cartridge(EV9655-11) Qty -2 Or Grainger item part# 31XC11
Ever-pure  20'' sediment filters EV9534-20 QTY-1 Or Grainger item part# 5WFG2",Closed and Completed,10/6/2023,Max,1.00,800.00,0.00,10/12/2023,,[]
1595,EQ ID 1595,Main Lunchroom filters 2nd floor under sink,Maintenance,7632,"Replace all 3 filters under sink .
Hoshaki filtration Part # 4HC-H  Cartridge(EV9655-11) Qty -2 Or Grainger item part# 31XC11
Ever-pure  20'' sediment filters EV9534-20 QTY-1 Or Grainger item part# 5WFG2",Closed without Action,4/12/2024,Max,0.00,0.00,0.00,4/9/2024,Maksim Bushka - 04/09/24  1:08:11 PM: We replaced the filters 2 month ago and we will skip the replacement.,[]
1595,EQ ID 1595,Main Lunchroom filters 2nd floor under sink,Maintenance,11049,"Replace all 3 filters under sink .
Hoshaki filtration Part # 4HC-H  Cartridge(EV9655-11) Qty -2 Or Grainger item part# 31XC11
Ever-pure  20'' sediment filters EV9534-20 QTY-1 Or Grainger item part# 5WFG2",Closed and Completed,10/9/2024,Max,1.00,100.00,0.00,10/8/2024,,[]
1595,EQ ID 1595,Main Lunchroom filters 2nd floor under sink,Maintenance,13403,"Replace all 3 filters under sink .
Hoshaki filtration Part # 4HC-H  Cartridge(EV9655-11) Qty -2 Or Grainger item part# 31XC11
Ever-pure  20'' sediment filters EV9534-20 QTY-1 Or Grainger item part# 5WFG2",Closed and Completed,4/14/2025,Max,1.00,350.00,0.00,4/23/2025,Maksim Bushka - 04/23/25  7:15:31 PM: Replaced all 3 filters.,[]
1595,EQ ID 1595,Main Lunchroom filters 2nd floor under sink,Maintenance,15481,"Replace all 3 filters under sink .
Hoshaki filtration Part # 4HC-H  Cartridge(EV9655-11) Qty -2 Or Grainger item part# 31XC11
Ever-pure  20'' sediment filters EV9534-20 QTY-1 Or Grainger item part# 5WFG2",Closed and Completed,10/23/2025,Max,1.00,300.00,0.00,10/27/2025,Maksim Bushka - 10/27/25 12:51:04 PM: Replaced the filters.,[]
1595,EQ ID 1595,Main Lunchroom filters 2nd floor under sink,Maintenance,17480,"Replace all 3 filters under sink .
Hoshaki filtration Part # 4HC-H  Cartridge(EV9655-11) Qty -2 Or Grainger item part# 31XC11
Ever-pure  20'' sediment filters EV9534-20 QTY-1 Or Grainger item part# 5WFG2",Closed and Completed,4/27/2026,Max,1.00,250.00,0.00,4/27/2026,Maksim Bushka - 04/27/26  7:15:59 PM: Replaced the filters.,[]
1607,EQ ID 1607,Scotsman ice maker Shipping lunchroom,Maintenance,942,"*Use a bucket and dump all the ice out of the ice chute .
*Turn off the water to the machine under sink
* Remove top and front panel from the machine 
*Turn the power off to the machine Switch is in the middle .
*Disconnect hoses and water metering rod (Carefully) its Glass get the drain hose and remove the cap and let all the water run down to the drain.
*Now remove the water container and clean it with scale remover from Scotsman rinse it free of chemicals and place back  .
*Wipe drum and all around the ice drum on top free of deposits  .
*Turn water back on and let it run to rise out the cleaner then cap drain hose and turn power back on .
*Place all panels back on and run water and ice chute to free it from the scale remover .",Closed and Completed,9/18/2022,Mike D,1.00,0.00,0.00,9/16/2022,"Miguel Diaz - 09/17/22 10:25:03 AM: Dumped full buckets of ice 
Cleaned water tray inside machine and adjusted water height float 
Cleaned water metering rod probe 
Removed left side cover and used shop vac to cleaned the condensing unit .",[]
1607,EQ ID 1607,Scotsman ice maker Shipping lunchroom,Maintenance,2805,"*Use a bucket and dump all the ice out of the ice chute .
*Turn off the water to the machine under sink
* Remove top and front panel from the machine 
*Turn the power off to the machine Switch is in the middle .
*Disconnect hoses and water metering rod (Carefully) its Glass get the drain hose and remove the cap and let all the water run down to the drain.
*Now remove the water container and clean it with scale remover from Scotsman rinse it free of chemicals and place back  .
*Wipe drum and all around the ice drum on top free of deposits  .
*Turn water back on and let it run to rise out the cleaner then cap drain hose and turn power back on .
*Place all panels back on and run water and ice chute to free it from the scale remover .",Closed and Completed,4/13/2023,Max,0.00,0.00,0.00,4/15/2023,Maksim Bushka - 04/17/23  7:51:36 AM: Cleaned up the ice machine.,[]
1607,EQ ID 1607,Scotsman ice maker Shipping lunchroom,Maintenance,5340,"*Use a bucket and dump all the ice out of the ice chute .
*Turn off the water to the machine under sink
* Remove top and front panel from the machine 
*Turn the power off to the machine Switch is in the middle .
*Disconnect hoses and water metering rod (Carefully) its Glass get the drain hose and remove the cap and let all the water run down to the drain.
*Now remove the water container and clean it with scale remover from Scotsman rinse it free of chemicals and place back  .
*Wipe drum and all around the ice drum on top free of deposits  .
*Turn water back on and let it run to rise out the cleaner then cap drain hose and turn power back on .
*Place all panels back on and run water and ice chute to free it from the scale remover .",Closed and Completed,10/17/2023,Mike d,1.00,0.00,0.00,10/14/2023,,[]
1607,EQ ID 1607,Scotsman ice maker Shipping lunchroom,Maintenance,7835,"*Use a bucket and dump all the ice out of the ice chute .
*Turn off the water to the machine under sink
* Remove top and front panel from the machine 
*Turn the power off to the machine Switch is in the middle .
*Disconnect hoses and water metering rod (Carefully) its Glass get the drain hose and remove the cap and let all the water run down to the drain.
*Now remove the water container and clean it with scale remover from Scotsman rinse it free of chemicals and place back  .
*Wipe drum and all around the ice drum on top free of deposits  .
*Turn water back on and let it run to rise out the cleaner then cap drain hose and turn power back on .
*Place all panels back on and run water and ice chute to free it from the scale remover .",Closed and Completed,4/30/2024,md,1.00,0.00,0.00,5/4/2024,"Miguel Diaz - 05/04/24  7:37:17 AM: *Use a bucket and dump all the ice out of the ice chute .
*Turn off the water to the machine under sink
* Remove top and front panel from the machine 
*Turn the power off to the machine Switch is in the middle .
*Disconnect hoses and water metering rod (Carefully) its Glass get the drain hose and remove the cap and let all the water run down to the drain.",[]
1607,EQ ID 1607,Scotsman ice maker Shipping lunchroom,Maintenance,11529,"*Use a bucket and dump all the ice out of the ice chute .
*Turn off the water to the machine under sink
* Remove top and front panel from the machine 
*Turn the power off to the machine Switch is in the middle .
*Disconnect hoses and water metering rod (Carefully) its Glass get the drain hose and remove the cap and let all the water run down to the drain.
*Now remove the water container and clean it with scale remover from Scotsman rinse it free of chemicals and place back  .
*Wipe drum and all around the ice drum on top free of deposits  .
*Turn water back on and let it run to rise out the cleaner then cap drain hose and turn power back on .
*Place all panels back on and run water and ice chute to free it from the scale remover .",Closed and Completed,11/4/2024,md,1.00,0.00,0.00,10/12/2024,"Miguel Diaz - 10/28/24  1:20:50 PM: Use a bucket and dump all the ice out of the ice chute .
*Turn off the water to the machine under sink
* Remove top and front panel from the machine 
*Turn the power off to the machine Switch is in the middle .
*Disconnect hoses and water metering rod (Carefully) its Glass get the drain hose and remove the cap and let all the water run down to the drain.
*Now remove the water container and clean it with scale remover from Scotsman rinse it free of chemicals and place back  .
*Wipe drum and all around the ice drum on top free of deposits  .
*Turn water back on and let it run to rise out the cleaner then cap drain hose and turn power back on .
*Place all panels back on and run water and ice chute to free it from the scale remover .",[]
1607,EQ ID 1607,Scotsman ice maker Shipping lunchroom,Maintenance,13623,"*Use a bucket and dump all the ice out of the ice chute .
*Turn off the water to the machine under sink
* Remove top and front panel from the machine 
*Turn the power off to the machine Switch is in the middle .
*Disconnect hoses and water metering rod (Carefully) its Glass get the drain hose and remove the cap and let all the water run down to the drain.
*Now remove the water container and clean it with scale remover from Scotsman rinse it free of chemicals and place back  .
*Wipe drum and all around the ice drum on top free of deposits  .
*Turn water back on and let it run to rise out the cleaner then cap drain hose and turn power back on .
*Place all panels back on and run water and ice chute to free it from the scale remover .",Closed and Completed,4/28/2025,Max,0.15,0.00,0.00,4/30/2025,,[]
1607,EQ ID 1607,Scotsman ice maker Shipping lunchroom,Maintenance,15562,"*Use a bucket and dump all the ice out of the ice chute .
*Turn off the water to the machine under sink
* Remove top and front panel from the machine 
*Turn the power off to the machine Switch is in the middle .
*Disconnect hoses and water metering rod (Carefully) its Glass get the drain hose and remove the cap and let all the water run down to the drain.
*Now remove the water container and clean it with scale remover from Scotsman rinse it free of chemicals and place back  .
*Wipe drum and all around the ice drum on top free of deposits  .
*Turn water back on and let it run to rise out the cleaner then cap drain hose and turn power back on .
*Place all panels back on and run water and ice chute to free it from the scale remover .",Closed and Completed,10/30/2025,Max,0.30,0.00,0.00,10/27/2025,,[]
1607,EQ ID 1607,Scotsman ice maker Shipping lunchroom,Maintenance,17484,"*Use a bucket and dump all the ice out of the ice chute .
*Turn off the water to the machine under sink
* Remove top and front panel from the machine 
*Turn the power off to the machine Switch is in the middle .
*Disconnect hoses and water metering rod (Carefully) its Glass get the drain hose and remove the cap and let all the water run down to the drain.
*Now remove the water container and clean it with scale remover from Scotsman rinse it free of chemicals and place back  .
*Wipe drum and all around the ice drum on top free of deposits  .
*Turn water back on and let it run to rise out the cleaner then cap drain hose and turn power back on .
*Place all panels back on and run water and ice chute to free it from the scale remover .",Closed and Completed,4/27/2026,Max,1.00,0.00,0.00,5/4/2026,"Maksim Bushka - 05/05/26  3:03:52 PM: Scheduled Date: 04/27/2026
Parts Needed: NO
Parts Ordered: NO
Expected Delivery Date: N/A
General Notes: Cleaned up with solution ok",[]
1608,EQ ID 1608,Scotsman ice maker Executive lunchroom,Maintenance,943,"Get a bucket and dump a full bucket of ice to keep the water circulating in the machine .
Chris to do",Closed and Completed,3/25/2022,mike,2.00,0.00,0.00,3/31/2022,,[]
1608,EQ ID 1608,Scotsman ice maker Executive lunchroom,Maintenance,944,"*Use a bucket and dump all the ice out of the ice chute .
*Turn off the water to the machine under sink
* Remove top and front panel from the machine 
*Turn the power off to the machine Switch is in the middle .
*Disconnect hoses and water metering rod (Carefully) its Glass get the drain hose and remove the cap and let all the water run down to the drain.
*Now remove the water container and clean it with scale remover from Scotsman rinse it free of chemicals and place back  .
*Wipe drum and all around the ice drum on top free of deposits  .
*Turn water back on and let it run to rise out the cleaner then cap drain hose and turn power back on .
*Place all panels back on and run water and ice chute to free it from the scale remover .",Closed and Completed,9/18/2022,Mike D,1.00,0.00,0.00,9/16/2022,"Miguel Diaz - 09/17/22 10:25:33 AM: Dumped full buckets of ice 
Cleaned water tray inside machine and adjusted water height float 
Cleaned water metering rod probe 
Removed left side cover and used shop vac to cleaned the condensing unit .",[]
1608,EQ ID 1608,Scotsman ice maker Executive lunchroom,Maintenance,2816,"Get a bucket and dump a full bucket of ice to keep the water circulating in the machine .
Chris to do",Closed and Completed,10/20/2022,md,0.00,0.00,0.00,10/13/2022,Miguel Diaz - 10/13/22 12:39:15 PM: this wad one last  month on the pms,[]
1608,EQ ID 1608,Scotsman ice maker Executive lunchroom,Maintenance,2900,"Get a bucket and dump a full bucket of ice to keep the water circulating in the machine .
Chris to do",Closed and Completed,10/20/2022,md,0.00,0.00,0.00,10/13/2022,Miguel Diaz - 10/13/22  1:17:58 PM: This was done already last month,[]
1608,EQ ID 1608,Scotsman ice maker Executive lunchroom,Maintenance,2902,"Get a bucket and dump a full bucket of ice to keep the water circulating in the machine .
Chris to do",Closed and Completed,10/20/2022,dd,0.00,0.00,0.00,10/13/2022,Miguel Diaz - 10/13/22  1:19:09 PM: not used,[]
1608,EQ ID 1608,Scotsman ice maker Executive lunchroom,Maintenance,2906,"Get a bucket and dump a full bucket of ice to keep the water circulating in the machine .
Chris to do",Closed and Completed,10/20/2022,md,0.00,0.00,0.00,10/13/2022,Miguel Diaz - 10/13/22  1:19:35 PM: wdwd,[]
1608,EQ ID 1608,Scotsman ice maker Executive lunchroom,Maintenance,2907,"Get a bucket and dump a full bucket of ice to keep the water circulating in the machine .
Chris to do",Closed and Completed,10/20/2022,x,0.00,0.00,0.00,10/13/2022,Miguel Diaz - 10/13/22  1:20:07 PM: wdwd,[]
1608,EQ ID 1608,Scotsman ice maker Executive lunchroom,Maintenance,2908,"Get a bucket and dump a full bucket of ice to keep the water circulating in the machine .
Chris to do",Closed and Completed,10/20/2022,hgh,0.00,0.00,0.00,10/14/2022,,[]
1608,EQ ID 1608,Scotsman ice maker Executive lunchroom,Maintenance,2911,"Get a bucket and dump a full bucket of ice to keep the water circulating in the machine .
Chris to do",Closed and Completed,10/21/2022,f,0.00,0.00,0.00,10/14/2022,,[]
1608,EQ ID 1608,Scotsman ice maker Executive lunchroom,Maintenance,2912,"Get a bucket and dump a full bucket of ice to keep the water circulating in the machine .
Chris to do",Closed and Completed,10/21/2022,uiu,0.00,0.00,0.00,10/14/2022,,[]
1608,EQ ID 1608,Scotsman ice maker Executive lunchroom,Maintenance,2928,"Get a bucket and dump a full bucket of ice to keep the water circulating in the machine .
Chris to do",Closed and Completed,10/21/2022,ol,0.00,0.00,0.00,10/14/2022,,[]
1608,EQ ID 1608,Scotsman ice maker Executive lunchroom,Maintenance,2929,"Get a bucket and dump a full bucket of ice to keep the water circulating in the machine .
Chris to do",Closed and Completed,10/21/2022,md,0.20,0.00,0.00,10/21/2022,Miguel Diaz - 10/21/22 11:05:18 AM: Done,[]
1608,EQ ID 1608,Scotsman ice maker Executive lunchroom,Maintenance,2998,"Get a bucket and dump a full bucket of ice to keep the water circulating in the machine .
Chris to do",Closed and Completed,10/28/2022,md,0.00,0.00,0.00,11/5/2022,Miguel Diaz - 11/07/22  7:32:41 AM: Found that when moving the battery connector lift turns on .Need to call in Raymond tech to replace the battery wire connectors they are worn out .Aligned cord so that it stays on for now till its fixed .,[]
1608,EQ ID 1608,Scotsman ice maker Executive lunchroom,Maintenance,3132,"Get a bucket and dump a full bucket of ice to keep the water circulating in the machine .
Chris to do",Closed and Completed,11/14/2022,md,0.10,0.00,0.00,11/8/2022,Miguel Diaz - 11/08/22  7:54:42 AM: done,[]
1608,EQ ID 1608,Scotsman ice maker Executive lunchroom,Maintenance,3168,"Get a bucket and dump a full bucket of ice to keep the water circulating in the machine .
Chris to do",Closed and Completed,11/15/2022,md,0.10,0.00,0.00,11/8/2022,Miguel Diaz - 11/08/22  7:55:01 AM: done,[]
1608,EQ ID 1608,Scotsman ice maker Executive lunchroom,Maintenance,3169,"Get a bucket and dump a full bucket of ice to keep the water circulating in the machine .
Chris to do",Closed and Completed,11/15/2022,md,0.10,0.00,0.00,11/8/2022,Miguel Diaz - 11/08/22  7:55:16 AM: done,[]
1608,EQ ID 1608,Scotsman ice maker Executive lunchroom,Maintenance,3170,"Get a bucket and dump a full bucket of ice to keep the water circulating in the machine .
Chris to do",Closed and Completed,11/15/2022,,0.00,0.00,0.00,11/23/2022,Miguel Diaz - 11/23/22  8:31:26 AM: done dumped ice for all 3 machines,[]
1608,EQ ID 1608,Scotsman ice maker Executive lunchroom,Maintenance,3336,"Get a bucket and dump a full bucket of ice to keep the water circulating in the machine .
Chris to do",Closed and Completed,11/30/2022,v,0.00,0.00,0.00,11/29/2022,,[]
1608,EQ ID 1608,Scotsman ice maker Executive lunchroom,Maintenance,3393,"Get a bucket and dump a full bucket of ice to keep the water circulating in the machine .
Chris to do",Closed and Completed,12/8/2022,md,0.10,0.00,0.00,12/6/2022,Miguel Diaz - 12/06/22  1:14:09 PM: dumped ice in the morning,[]
1608,EQ ID 1608,Scotsman ice maker Executive lunchroom,Maintenance,3463,"Get a bucket and dump a full bucket of ice to keep the water circulating in the machine .
Chris to do",Closed and Completed,12/13/2022,md,0.00,0.00,0.00,12/6/2022,Miguel Diaz - 12/06/22  1:14:59 PM: done,[]
1608,EQ ID 1608,Scotsman ice maker Executive lunchroom,Maintenance,3466,"Get a bucket and dump a full bucket of ice to keep the water circulating in the machine .
Chris to do",Closed and Completed,12/13/2022,,0.00,0.00,0.00,12/6/2022,Miguel Diaz - 12/06/22  1:15:14 PM: done,[]
1608,EQ ID 1608,Scotsman ice maker Executive lunchroom,Maintenance,3467,"Get a bucket and dump a full bucket of ice to keep the water circulating in the machine .
Chris to do",Closed and Completed,12/13/2022,md,0.00,0.00,0.00,12/10/2022,,[]
1608,EQ ID 1608,Scotsman ice maker Executive lunchroom,Maintenance,3573,"Get a bucket and dump a full bucket of ice to keep the water circulating in the machine .
Chris to do",Closed and Completed,12/19/2022,Max,0.20,0.00,0.00,12/13/2022,Maksim Bushka - 12/13/22  7:27:48 AM: Dumped 3 small buckets of ice,[]
1608,EQ ID 1608,Scotsman ice maker Executive lunchroom,Maintenance,3609,"Get a bucket and dump a full bucket of ice to keep the water circulating in the machine .
Chris to do",Closed and Completed,12/20/2022,Max,0.20,0.00,0.00,12/13/2022,Maksim Bushka - 12/13/22  7:30:36 AM: Dumped 3 buckets of ice from the icemaker.,[]
1608,EQ ID 1608,Scotsman ice maker Executive lunchroom,Maintenance,3610,"Get a bucket and dump a full bucket of ice to keep the water circulating in the machine .
Chris to do",Closed and Completed,12/20/2022,Max,2.00,0.00,0.00,12/13/2022,,[]
1608,EQ ID 1608,Scotsman ice maker Executive lunchroom,Maintenance,3619,"Get a bucket and dump a full bucket of ice to keep the water circulating in the machine .
Chris to do",Closed and Completed,12/20/2022,md,0.00,0.00,0.00,12/20/2022,,[]
1608,EQ ID 1608,Scotsman ice maker Executive lunchroom,Maintenance,3731,"Get a bucket and dump a full bucket of ice to keep the water circulating in the machine .
Chris to do",Closed and Completed,1/3/2023,,0.00,0.00,0.00,12/20/2022,,[]
1608,EQ ID 1608,Scotsman ice maker Executive lunchroom,Maintenance,3738,"Get a bucket and dump a full bucket of ice to keep the water circulating in the machine .
Chris to do",Closed and Completed,1/3/2023,md,0.00,0.00,0.00,12/29/2022,,[]
1608,EQ ID 1608,Scotsman ice maker Executive lunchroom,Maintenance,3766,"Get a bucket and dump a full bucket of ice to keep the water circulating in the machine .
Chris to do",Closed and Completed,1/5/2023,md,0.00,0.00,0.00,1/2/2023,,[]
1608,EQ ID 1608,Scotsman ice maker Executive lunchroom,Maintenance,3934,"Get a bucket and dump a full bucket of ice to keep the water circulating in the machine .
Chris to do",Closed and Completed,1/19/2023,Primo & Max,0.20,0.00,0.00,1/13/2023,Maksim Bushka - 01/13/23 10:37:31 AM: Did PM,[]
1608,EQ ID 1608,Scotsman ice maker Executive lunchroom,Maintenance,3979,"Get a bucket and dump a full bucket of ice to keep the water circulating in the machine .
Chris to do",Closed and Completed,1/20/2023,md,0.00,0.00,0.00,1/16/2023,,[]
1608,EQ ID 1608,Scotsman ice maker Executive lunchroom,Maintenance,4089,"Get a bucket and dump a full bucket of ice to keep the water circulating in the machine .
Chris to do",Closed and Completed,1/30/2023,md,0.00,0.00,0.00,1/16/2023,,[]
1608,EQ ID 1608,Scotsman ice maker Executive lunchroom,Maintenance,4092,"Get a bucket and dump a full bucket of ice to keep the water circulating in the machine .
Chris to do",Closed and Completed,1/30/2023,Max,15.00,0.00,0.00,1/31/2023,Maksim Bushka - 01/31/23  7:50:14 AM: Dumped 3 buckets of ice.,[]
1608,EQ ID 1608,Scotsman ice maker Executive lunchroom,Maintenance,4196,"Get a bucket and dump a full bucket of ice to keep the water circulating in the machine .
Chris to do",Closed and Completed,2/7/2023,Lizbeth Hidalgo,0.00,0.00,0.15,2/10/2023,,[]
1608,EQ ID 1608,Scotsman ice maker Executive lunchroom,Maintenance,4306,"Get a bucket and dump a full bucket of ice to keep the water circulating in the machine .
Chris to do",Closed and Completed,2/17/2023,Max,0.10,0.00,0.00,2/14/2023,Maksim Bushka - 02/14/23  8:10:41 AM: Dumped the ice for refreshing.,[]
1608,EQ ID 1608,Scotsman ice maker Executive lunchroom,Maintenance,4385,"Get a bucket and dump a full bucket of ice to keep the water circulating in the machine .
Chris to do",Closed and Completed,2/21/2023,Max,0.00,0.00,0.00,2/16/2023,"Miguel Diaz - 02/20/23  9:10:17 AM: Did maintenance below 
1)Check all safety devices.
2)Inspect drive belts, replace if cracking.
3)Top off cylinder oil if necessary.
4)Tighten pulleys and pillow blocks.
5)Lightly oil cylinder shafts.
6)Check cutting surfaces and back plates for wear.
7)Check saw blades for glue buildup and wear.
8)Check oilers for drills and add oil when needed.
9)Check for air leaks.
10)Place a test piece in the machine and notch the door *Check to
 see that the door does not move forward or side to side adjust clamps if needed or replace drills 
11)Replaced both drill 49/64 and 3/8  drills.",[]
1608,EQ ID 1608,Scotsman ice maker Executive lunchroom,Maintenance,4478,"Get a bucket and dump a full bucket of ice to keep the water circulating in the machine .
Chris to do",Closed and Completed,2/27/2023,Max,0.20,0.00,0.00,2/16/2023,Miguel Diaz - 02/20/23  9:11:50 AM: Removed and cleaned filter checked hardware for loose,[]
1608,EQ ID 1608,Scotsman ice maker Executive lunchroom,Maintenance,4481,"Get a bucket and dump a full bucket of ice to keep the water circulating in the machine .
Chris to do",Closed and Completed,2/27/2023,md,0.00,0.00,0.00,2/22/2023,,[]
1608,EQ ID 1608,Scotsman ice maker Executive lunchroom,Maintenance,4540,"Get a bucket and dump a full bucket of ice to keep the water circulating in the machine .
Chris to do",Closed and Completed,3/1/2023,md,0.00,0.00,0.00,2/27/2023,"Miguel Diaz - 02/27/23  7:46:28 AM: Emailed AAA Roofing to stop by and find  and repair the 3 leaks we have in the following areas .
*Outside of board room leaking from same skylight area this is the same leak they tried patching twice already .
*Above Yadiras desk .
*Outside small conference room walkway .",[]
1608,EQ ID 1608,Scotsman ice maker Executive lunchroom,Maintenance,4590,"Get a bucket and dump a full bucket of ice to keep the water circulating in the machine .
Chris to do",Closed and Completed,3/6/2023,dd,0.00,0.00,0.00,3/9/2023,,[]
1608,EQ ID 1608,Scotsman ice maker Executive lunchroom,Maintenance,4737,"Get a bucket and dump a full bucket of ice to keep the water circulating in the machine .
Chris to do",Closed and Completed,3/16/2023,md,0.00,0.00,0.00,3/15/2023,Miguel Diaz - 03/15/23 11:12:57 AM: Checked that all solenoid valves are activating all are working properly,[]
1608,EQ ID 1608,Scotsman ice maker Executive lunchroom,Maintenance,4829,"Get a bucket and dump a full bucket of ice to keep the water circulating in the machine .
Chris to do",Closed and Completed,3/22/2023,md,0.00,0.00,0.00,3/17/2023,Miguel Diaz - 03/17/23 11:54:39 AM: Wayne is aware leave here as a reminder,[]
1608,EQ ID 1608,Scotsman ice maker Executive lunchroom,Maintenance,4882,"Get a bucket and dump a full bucket of ice to keep the water circulating in the machine .
Chris to do",Closed without Action,3/24/2023,md,0.00,0.00,0.00,3/17/2023,Miguel Diaz - 03/17/23 11:55:13 AM: Wayne is aware leave here as a reminder,[]
1608,EQ ID 1608,Scotsman ice maker Executive lunchroom,Maintenance,4885,"Get a bucket and dump a full bucket of ice to keep the water circulating in the machine .
Chris to do",Closed without Action,3/24/2023,md,0.00,0.00,0.00,3/20/2023,Miguel Diaz - 03/20/23  6:34:07 AM: closing double work order showing with different dates systems is having issues,[]
1608,EQ ID 1608,Scotsman ice maker Executive lunchroom,Maintenance,4900,"Get a bucket and dump a full bucket of ice to keep the water circulating in the machine .
Chris to do",Closed without Action,3/27/2023,md,0.00,0.00,0.00,3/22/2023,Miguel Diaz - 03/20/23  6:34:24 AM: closing double work order showing with different dates systems is having issues,[]
1608,EQ ID 1608,Scotsman ice maker Executive lunchroom,Maintenance,4902,"Get a bucket and dump a full bucket of ice to keep the water circulating in the machine .
Chris to do",Closed and Completed,3/27/2023,md,0.00,0.00,0.00,3/28/2023,Miguel Diaz - 03/28/23 11:25:37 AM: done,[]
1608,EQ ID 1608,Scotsman ice maker Executive lunchroom,Maintenance,5048,"Get a bucket and dump a full bucket of ice to keep the water circulating in the machine .
Chris to do",Closed and Completed,4/4/2023,Max,0.20,0.00,0.00,3/30/2023,Maksim Bushka - 03/30/23  8:10:55 AM: Dumped ice from all icemakers.,[]
1608,EQ ID 1608,Scotsman ice maker Executive lunchroom,Maintenance,5067,"Get a bucket and dump a full bucket of ice to keep the water circulating in the machine .
Chris to do",Closed and Completed,4/6/2023,mike,0.00,0.00,0.00,4/10/2023,,[]
1608,EQ ID 1608,Scotsman ice maker Executive lunchroom,Maintenance,5202,"Get a bucket and dump a full bucket of ice to keep the water circulating in the machine .
Chris to do",Closed and Completed,4/17/2023,d,0.00,0.00,0.00,4/10/2023,,[]
1608,EQ ID 1608,Scotsman ice maker Executive lunchroom,Maintenance,2817,"*Use a bucket and dump all the ice out of the ice chute .
*Turn off the water to the machine under sink
* Remove top and front panel from the machine 
*Turn the power off to the machine Switch is in the middle .
*Disconnect hoses and water metering rod (Carefully) its Glass get the drain hose and remove the cap and let all the water run down to the drain.
*Now remove the water container and clean it with scale remover from Scotsman rinse it free of chemicals and place back  .
*Wipe drum and all around the ice drum on top free of deposits  .
*Turn water back on and let it run to rise out the cleaner then cap drain hose and turn power back on .
*Place all panels back on and run water and ice chute to free it from the scale remover .",Closed and Completed,4/13/2023,Max,0.00,0.00,0.00,4/15/2023,Maksim Bushka - 04/17/23  7:53:48 AM: Cleaned up the ice machinr.,[]
1608,EQ ID 1608,Scotsman ice maker Executive lunchroom,Maintenance,5206,"Get a bucket and dump a full bucket of ice to keep the water circulating in the machine .
Chris to do",Closed and Completed,4/17/2023,Max,0.20,0.00,0.00,4/28/2023,,[]
1608,EQ ID 1608,Scotsman ice maker Executive lunchroom,Maintenance,5511,"Get a bucket and dump a full bucket of ice to keep the water circulating in the machine .
Chris to do",Closed and Completed,5/9/2023,Max,0.20,0.00,0.00,5/2/2023,,[]
1608,EQ ID 1608,Scotsman ice maker Executive lunchroom,Maintenance,5522,"Get a bucket and dump a full bucket of ice to keep the water circulating in the machine .
Chris to do",Closed and Completed,5/9/2023,Max,0.20,0.00,0.00,5/2/2023,,[]
1608,EQ ID 1608,Scotsman ice maker Executive lunchroom,Maintenance,5523,"Get a bucket and dump a full bucket of ice to keep the water circulating in the machine .
Chris to do",Closed and Completed,5/9/2023,,0.00,0.00,0.00,5/4/2023,Miguel Diaz - 05/10/23 10:41:58 AM: This service was just done skipping this interval,[]
1608,EQ ID 1608,Scotsman ice maker Executive lunchroom,Maintenance,5626,"Get a bucket and dump a full bucket of ice to keep the water circulating in the machine .
Chris to do",Closed and Completed,5/17/2023,,0.00,0.00,0.00,5/10/2023,Miguel Diaz - 05/10/23 10:42:23 AM: This service was just done skipping this interval,[]
1608,EQ ID 1608,Scotsman ice maker Executive lunchroom,Maintenance,5759,"Get a bucket and dump a full bucket of ice to keep the water circulating in the machine .
Chris to do",Closed and Completed,5/30/2023,Max,0.15,0.00,0.00,5/16/2023,Maksim Bushka - 05/31/23  9:38:38 AM: Dumped the ice from 3 icemakers,[]
1608,EQ ID 1608,Scotsman ice maker Executive lunchroom,Maintenance,5628,"Get a bucket and dump a full bucket of ice to keep the water circulating in the machine .
Chris to do",Closed and Completed,5/17/2023,,0.30,0.00,0.00,5/23/2023,,[]
1608,EQ ID 1608,Scotsman ice maker Executive lunchroom,Maintenance,5831,"Get a bucket and dump a full bucket of ice to keep the water circulating in the machine .
Chris to do",Closed and Completed,6/7/2023,Max,0.00,0.00,0.00,6/8/2023,,[]
1608,EQ ID 1608,Scotsman ice maker Executive lunchroom,Maintenance,5937,"Get a bucket and dump a full bucket of ice to keep the water circulating in the machine .
Chris to do",Closed and Completed,6/15/2023,Max,0.20,0.00,0.00,6/21/2023,"Miguel Diaz - 06/22/23 10:25:06 AM: *Checked all panels especially the one location that always gets loose  also walk the parking structure and look for anything  that may need to get fixed .
*Checked module mounting system 
*Checked module integrity and condition 
*Checked for soiling 
*Checked that no wire is laying on top of the roof surface 
*Checked that all cables connections are fully engaged 
*Checked for water ponding and or roof drain obstructions",[]
1608,EQ ID 1608,Scotsman ice maker Executive lunchroom,Maintenance,6162,"Get a bucket and dump a full bucket of ice to keep the water circulating in the machine .
Chris to do",Closed and Completed,6/29/2023,Max,0.00,0.00,0.00,6/26/2023,Maksim Bushka - 06/26/23  9:36:02 AM: Dumped the ice.,[]
1608,EQ ID 1608,Scotsman ice maker Executive lunchroom,Maintenance,6218,"Get a bucket and dump a full bucket of ice to keep the water circulating in the machine .
Chris to do",Closed and Completed,7/3/2023,Max,0.00,0.00,0.00,7/5/2023,Maksim Bushka - 07/05/23 10:47:12 AM: OK,[]
1608,EQ ID 1608,Scotsman ice maker Executive lunchroom,Maintenance,6311,"Get a bucket and dump a full bucket of ice to keep the water circulating in the machine .
Chris to do",Closed and Completed,7/12/2023,Max,0.00,0.00,0.00,7/6/2023,Maksim Bushka - 07/10/23  8:37:12 AM: Serviced ok,[]
1608,EQ ID 1608,Scotsman ice maker Executive lunchroom,Maintenance,6363,"Get a bucket and dump a full bucket of ice to keep the water circulating in the machine .
Chris to do",Closed and Completed,7/17/2023,maint,0.10,0.00,0.00,7/17/2023,,[]
1608,EQ ID 1608,Scotsman ice maker Executive lunchroom,Maintenance,6455,"Get a bucket and dump a full bucket of ice to keep the water circulating in the machine .
Chris to do",Closed and Completed,7/25/2023,md,0.20,0.00,0.00,7/24/2023,,[]
1608,EQ ID 1608,Scotsman ice maker Executive lunchroom,Maintenance,6602,"Get a bucket and dump a full bucket of ice to keep the water circulating in the machine .
Chris to do",Closed and Completed,8/1/2023,Max,0.20,0.00,0.00,8/1/2023,,[]
1608,EQ ID 1608,Scotsman ice maker Executive lunchroom,Maintenance,6672,"Get a bucket and dump a full bucket of ice to keep the water circulating in the machine .
Chris to do",Closed and Completed,8/8/2023,Max,0.20,0.00,0.00,8/1/2023,,[]
1608,EQ ID 1608,Scotsman ice maker Executive lunchroom,Maintenance,6668,"Get a bucket and dump a full bucket of ice to keep the water circulating in the machine .
Chris to do",Closed and Completed,8/8/2023,Max,0.20,0.00,0.00,8/1/2023,,[]
1608,EQ ID 1608,Scotsman ice maker Executive lunchroom,Maintenance,6825,"Get a bucket and dump a full bucket of ice to keep the water circulating in the machine .
Chris to do",Closed and Completed,8/21/2023,max,0.30,0.00,0.00,8/14/2023,Miguel Diaz - 08/14/23  7:53:14 AM: added wd-40,[]
1608,EQ ID 1608,Scotsman ice maker Executive lunchroom,Maintenance,6687,"Get a bucket and dump a full bucket of ice to keep the water circulating in the machine .
Chris to do",Closed and Completed,8/9/2023,max,0.00,0.00,0.00,8/14/2023,Miguel Diaz - 08/14/23  7:52:27 AM: added wd-40,[]
1608,EQ ID 1608,Scotsman ice maker Executive lunchroom,Maintenance,6828,"Get a bucket and dump a full bucket of ice to keep the water circulating in the machine .
Chris to do",Closed and Completed,8/21/2023,max,0.20,0.00,0.00,8/21/2023,,[]
1608,EQ ID 1608,Scotsman ice maker Executive lunchroom,Maintenance,7002,"Get a bucket and dump a full bucket of ice to keep the water circulating in the machine .
Chris to do",Closed and Completed,9/2/2023,md,0.20,0.00,0.00,9/1/2023,,[]
1608,EQ ID 1608,Scotsman ice maker Executive lunchroom,Maintenance,7106,"Get a bucket and dump a full bucket of ice to keep the water circulating in the machine .
Chris to do",Closed and Completed,9/12/2023,md,0.20,0.00,0.00,9/11/2023,Miguel Diaz - 09/11/23  7:47:19 AM: gate closing properly,[]
1608,EQ ID 1608,Scotsman ice maker Executive lunchroom,Maintenance,7160,"Get a bucket and dump a full bucket of ice to keep the water circulating in the machine .
Chris to do",Closed and Completed,9/18/2023,md,0.20,0.00,0.00,9/20/2023,Miguel Diaz - 09/20/23  7:26:08 AM: Replaced drill,[]
1608,EQ ID 1608,Scotsman ice maker Executive lunchroom,Maintenance,7293,"Get a bucket and dump a full bucket of ice to keep the water circulating in the machine .
Chris to do",Closed and Completed,9/27/2023,md max,0.00,0.00,0.00,9/28/2023,Miguel Diaz - 09/28/23  8:33:45 AM: done today when placing ice machine back in after repairs,[]
1608,EQ ID 1608,Scotsman ice maker Executive lunchroom,Maintenance,7365,"Get a bucket and dump a full bucket of ice to keep the water circulating in the machine .
Chris to do",Closed and Completed,10/5/2023,,0.00,0.00,0.00,10/11/2023,,[]
1608,EQ ID 1608,Scotsman ice maker Executive lunchroom,Maintenance,5342,"*Use a bucket and dump all the ice out of the ice chute .
*Turn off the water to the machine under sink
* Remove top and front panel from the machine 
*Turn the power off to the machine Switch is in the middle .
*Disconnect hoses and water metering rod (Carefully) its Glass get the drain hose and remove the cap and let all the water run down to the drain.
*Now remove the water container and clean it with scale remover from Scotsman rinse it free of chemicals and place back  .
*Wipe drum and all around the ice drum on top free of deposits  .
*Turn water back on and let it run to rise out the cleaner then cap drain hose and turn power back on .
*Place all panels back on and run water and ice chute to free it from the scale remover .",Closed and Completed,10/17/2023,mike d,1.00,0.00,0.00,10/14/2023,,[]
1608,EQ ID 1608,Scotsman ice maker Executive lunchroom,Maintenance,7584,"Get a bucket and dump a full bucket of ice to keep the water circulating in the machine .
Chris to do",Closed and Completed,10/18/2023,max,0.20,0.00,0.00,10/18/2023,,[]
1608,EQ ID 1608,Scotsman ice maker Executive lunchroom,Maintenance,7841,"Get a bucket and dump a full bucket of ice to keep the water circulating in the machine .
Chris to do",Closed and Completed,11/6/2023,md,0.20,0.00,0.00,11/6/2023,Miguel Diaz - 11/08/23 12:39:26 PM: checked cutters they are clean will check if they need to be replaced,[]
1608,EQ ID 1608,Scotsman ice maker Executive lunchroom,Maintenance,7962,"Get a bucket and dump a full bucket of ice to keep the water circulating in the machine .
Chris to do",Closed and Completed,11/15/2023,maint,0.00,0.00,0.00,11/27/2023,Miguel Diaz - 11/27/23  8:00:10 AM: done,[]
1608,EQ ID 1608,Scotsman ice maker Executive lunchroom,Maintenance,8119,"Get a bucket and dump a full bucket of ice to keep the water circulating in the machine .
Chris to do",Closed and Completed,12/4/2023,Max,0.20,0.00,0.00,12/7/2023,Miguel Diaz - 12/08/23  7:45:10 AM: Done,[]
1608,EQ ID 1608,Scotsman ice maker Executive lunchroom,Maintenance,9278,"Get a bucket and dump a full bucket of ice to keep the water circulating in the machine .
Chris to do",Closed and Completed,12/15/2023,MD,0.30,0.00,0.00,12/15/2023,,[]
1608,EQ ID 1608,Scotsman ice maker Executive lunchroom,Maintenance,9365,"Get a bucket and dump a full bucket of ice to keep the water circulating in the machine .
Chris to do",Closed and Completed,12/22/2023,Max,0.20,0.00,0.00,12/22/2023,"Miguel Diaz - 12/29/23 11:19:01 AM: *Check edging table to be level and check underneath make sure both handles are tight and not loose .
* Feed gear motor
* Filter exhaust for control cabinet at infeed and outrun sides
*Place board in machine stop after cutters and measure with caliper from pads to board see if its at 30mm (If its not the same the feed guide moved )
*Lube side cutter rails with motor  oil blow off then wipe then lube and move motor up and down 
*Lube 1828 top and bottom cutter rods with lube blow then use wire brush then lube",[]
1608,EQ ID 1608,Scotsman ice maker Executive lunchroom,Maintenance,9488,"Get a bucket and dump a full bucket of ice to keep the water circulating in the machine .
Chris to do",Closed and Completed,1/5/2024,max,0.00,0.00,0.00,1/5/2024,"Miguel Diaz - 01/06/24 10:41:19 AM: Visually inspect the transporter motor for leaks 
-Check transporter chain oiler reservoir  for fluid level refill if needed with recommended lubricant mixture of 5:1 ratio of 140 WT gear oil and Tufoil- Voorwood part # 61504 or direct 1800 922-0075
-Check transporter chain for tension adjust if needed 
-Visually check shaper ball screws and slide rods for grease .Use TriGel -450 R ball screw lubricator and for the slides rods wipe with Acetone  move back and forth to clean .
-Remove build up debris from the shaper housing use air nozzle .
-Visually check the lower transporter feed chain tension .Proper tension is 1/2 to 1'' above the bottom edge of the electrical component area so that the chain does not show below this area .
Adjust if needed.",[]
1608,EQ ID 1608,Scotsman ice maker Executive lunchroom,Maintenance,9555,"Get a bucket and dump a full bucket of ice to keep the water circulating in the machine .
Chris to do",Closed and Completed,1/13/2024,max,0.00,0.00,0.00,1/17/2024,Miguel Diaz - 01/17/24 11:19:06 AM: done,[]
1608,EQ ID 1608,Scotsman ice maker Executive lunchroom,Maintenance,10010,"Get a bucket and dump a full bucket of ice to keep the water circulating in the machine .
Chris to do",Closed and Completed,1/24/2024,maint,0.30,0.00,0.00,2/6/2024,Miguel Diaz - 02/06/24 11:18:45 AM: not needed at this time,[]
1608,EQ ID 1608,Scotsman ice maker Executive lunchroom,Maintenance,10241,"Get a bucket and dump a full bucket of ice to keep the water circulating in the machine .
Chris to do",Closed and Completed,2/13/2024,Max,0.20,0.00,0.00,2/16/2024,,[]
1608,EQ ID 1608,Scotsman ice maker Executive lunchroom,Maintenance,10432,"Get a bucket and dump a full bucket of ice to keep the water circulating in the machine .
Chris to do",Closed and Completed,2/23/2024,max,0.30,0.00,0.00,2/26/2024,"Miguel Diaz - 02/27/24  7:00:21 AM: Check edging table to be level and check underneath make sure both handles are tight and not loose .
* Feed gear motor
* Filter exhaust for control cabinet at infeed and outrun sides
*Place board in machine stop after cutters and measure with caliper from pads to board see if its at 30mm (If its not the same the feed guide moved )
*Lube side cutter rails with motor  oil blow off then wipe then lube and move motor up and down 
*Lube 1828 top and bottom cutter rods with lube blow then use wire brush then lube",[]
1608,EQ ID 1608,Scotsman ice maker Executive lunchroom,Maintenance,10528,"Get a bucket and dump a full bucket of ice to keep the water circulating in the machine .
Chris to do",Closed without Action,3/5/2024,md,0.00,0.00,0.00,3/18/2024,Miguel Diaz - 03/18/24  9:33:38 AM: backflow was replaced and serviced since it was stolen,[]
1608,EQ ID 1608,Scotsman ice maker Executive lunchroom,Maintenance,10744,"Get a bucket and dump a full bucket of ice to keep the water circulating in the machine .
Chris to do",Closed and Completed,3/25/2024,maint,0.10,0.00,0.00,4/2/2024,Miguel Diaz - 04/02/24  9:37:09 AM: this is just a reminder it was done,[]
1608,EQ ID 1608,Scotsman ice maker Executive lunchroom,Maintenance,10911,"Get a bucket and dump a full bucket of ice to keep the water circulating in the machine .
Chris to do",Closed and Completed,4/9/2024,maint,0.20,0.00,0.00,4/9/2024,Miguel Diaz - 04/10/24  6:19:36 AM: DONE,[]
1608,EQ ID 1608,Scotsman ice maker Executive lunchroom,Maintenance,11061,"Get a bucket and dump a full bucket of ice to keep the water circulating in the machine .
Chris to do",Closed and Completed,4/17/2024,Max,0.30,0.00,0.00,4/23/2024,,[]
1608,EQ ID 1608,Scotsman ice maker Executive lunchroom,Maintenance,11410,"Get a bucket and dump a full bucket of ice to keep the water circulating in the machine .
Chris to do",Closed and Completed,4/30/2024,Max,0.30,0.00,0.00,4/23/2024,Miguel Diaz - 04/23/24 11:46:19 AM: machine filters were leaking so the ice was melted,[]
1608,EQ ID 1608,Scotsman ice maker Executive lunchroom,Maintenance,11412,"Get a bucket and dump a full bucket of ice to keep the water circulating in the machine .
Chris to do",Closed and Completed,4/30/2024,Max,0.30,0.00,0.00,4/23/2024,,[]
1608,EQ ID 1608,Scotsman ice maker Executive lunchroom,Maintenance,11413,"Get a bucket and dump a full bucket of ice to keep the water circulating in the machine .
Chris to do",Closed and Completed,4/30/2024,Max,0.20,0.00,0.00,4/30/2024,,[]
1608,EQ ID 1608,Scotsman ice maker Executive lunchroom,Maintenance,11469,"Get a bucket and dump a full bucket of ice to keep the water circulating in the machine .
Chris to do",Closed and Completed,5/7/2024,Max,0.00,0.00,0.00,5/3/2024,,[]
1608,EQ ID 1608,Scotsman ice maker Executive lunchroom,Maintenance,7837,"*Use a bucket and dump all the ice out of the ice chute .
*Turn off the water to the machine under sink
* Remove top and front panel from the machine 
*Turn the power off to the machine Switch is in the middle .
*Disconnect hoses and water metering rod (Carefully) its Glass get the drain hose and remove the cap and let all the water run down to the drain.
*Now remove the water container and clean it with scale remover from Scotsman rinse it free of chemicals and place back  .
*Wipe drum and all around the ice drum on top free of deposits  .
*Turn water back on and let it run to rise out the cleaner then cap drain hose and turn power back on .
*Place all panels back on and run water and ice chute to free it from the scale remover .",Closed and Completed,4/30/2024,Mike d,1.00,0.00,0.00,5/4/2024,"Miguel Diaz - 05/04/24  7:36:36 AM: *Use a bucket and dump all the ice out of the ice chute .
*Turn off the water to the machine under sink
* Remove top and front panel from the machine 
*Turn the power off to the machine Switch is in the middle .
*Disconnect hoses and water metering rod (Carefully) its Glass get the drain hose and remove the cap and let all the water run down to the drain.",[]
1608,EQ ID 1608,Scotsman ice maker Executive lunchroom,Maintenance,11547,"Get a bucket and dump a full bucket of ice to keep the water circulating in the machine .
Chris to do",Closed and Completed,5/13/2024,md,0.00,0.00,0.00,5/11/2024,,[]
1608,EQ ID 1608,Scotsman ice maker Executive lunchroom,Maintenance,11657,"Get a bucket and dump a full bucket of ice to keep the water circulating in the machine .
Chris to do",Closed and Completed,5/21/2024,md,0.00,0.00,0.00,5/11/2024,Miguel Diaz - 05/14/24  9:54:25 AM: done,[]
1608,EQ ID 1608,Scotsman ice maker Executive lunchroom,Maintenance,11658,"Get a bucket and dump a full bucket of ice to keep the water circulating in the machine .
Chris to do",Closed without Action,5/21/2024,md,0.00,0.00,0.00,5/14/2024,Miguel Diaz - 05/14/24  9:55:13 AM: done,[]
1608,EQ ID 1608,Scotsman ice maker Executive lunchroom,Maintenance,11591,"Get a bucket and dump a full bucket of ice to keep the water circulating in the machine .
Chris to do",Closed without Action,5/16/2024,md,0.00,0.00,0.00,5/14/2024,Miguel Diaz - 05/14/24  9:54:08 AM: truck was used last week,[]
1608,EQ ID 1608,Scotsman ice maker Executive lunchroom,Maintenance,11661,"Get a bucket and dump a full bucket of ice to keep the water circulating in the machine .
Chris to do",Closed without Action,5/21/2024,md,0.00,0.00,0.00,5/16/2024,"Miguel Diaz - 05/16/24  9:58:48 AM: Update: Opening the big door will not be needed .
Please have all big trash cans out by 3:30 pm as requested",[]
1608,EQ ID 1608,Scotsman ice maker Executive lunchroom,Maintenance,11701,"Get a bucket and dump a full bucket of ice to keep the water circulating in the machine .
Chris to do",Closed without Action,5/23/2024,md,0.00,0.00,0.00,5/16/2024,"Miguel Diaz - 05/16/24  9:59:34 AM: Update: Opening the big door will not be needed .
Please have all big trash cans out by 3:30 pm as requested",[]
1608,EQ ID 1608,Scotsman ice maker Executive lunchroom,Maintenance,11704,"Get a bucket and dump a full bucket of ice to keep the water circulating in the machine .
Chris to do",Closed and Completed,5/23/2024,md,0.00,0.00,0.00,5/20/2024,Miguel Diaz - 05/20/24  9:28:02 AM: Tech performed the scheduled maintenance,[]
1608,EQ ID 1608,Scotsman ice maker Executive lunchroom,Maintenance,11755,"Get a bucket and dump a full bucket of ice to keep the water circulating in the machine .
Chris to do",Closed and Completed,5/27/2024,Max,0.00,0.00,0.00,5/31/2024,,[]
1608,EQ ID 1608,Scotsman ice maker Executive lunchroom,Maintenance,11527,"*Use a bucket and dump all the ice out of the ice chute .
*Turn off the water to the machine under sink
* Remove top and front panel from the machine 
*Turn the power off to the machine Switch is in the middle .
*Disconnect hoses and water metering rod (Carefully) its Glass get the drain hose and remove the cap and let all the water run down to the drain.
*Now remove the water container and clean it with scale remover from Scotsman rinse it free of chemicals and place back  .
*Wipe drum and all around the ice drum on top free of deposits  .
*Turn water back on and let it run to rise out the cleaner then cap drain hose and turn power back on .
*Place all panels back on and run water and ice chute to free it from the scale remover .",Closed and Completed,11/4/2024,md,1.00,0.00,0.00,10/12/2024,"Miguel Diaz - 10/28/24  1:20:11 PM: Use a bucket and dump all the ice out of the ice chute .
*Turn off the water to the machine under sink
* Remove top and front panel from the machine 
*Turn the power off to the machine Switch is in the middle .
*Disconnect hoses and water metering rod (Carefully) its Glass get the drain hose and remove the cap and let all the water run down to the drain.
*Now remove the water container and clean it with scale remover from Scotsman rinse it free of chemicals and place back  .
*Wipe drum and all around the ice drum on top free of deposits  .
*Turn water back on and let it run to rise out the cleaner then cap drain hose and turn power back on .
*Place all panels back on and run water and ice chute to free it from the scale remover .",[]
1608,EQ ID 1608,Scotsman ice maker Executive lunchroom,Maintenance,13621,"*Use a bucket and dump all the ice out of the ice chute .
*Turn off the water to the machine under sink
* Remove top and front panel from the machine 
*Turn the power off to the machine Switch is in the middle .
*Disconnect hoses and water metering rod (Carefully) its Glass get the drain hose and remove the cap and let all the water run down to the drain.
*Now remove the water container and clean it with scale remover from Scotsman rinse it free of chemicals and place back  .
*Wipe drum and all around the ice drum on top free of deposits  .
*Turn water back on and let it run to rise out the cleaner then cap drain hose and turn power back on .
*Place all panels back on and run water and ice chute to free it from the scale remover .",Closed and Completed,4/28/2025,Max,0.15,0.00,0.00,4/30/2025,,[]
1608,EQ ID 1608,Scotsman ice maker Executive lunchroom,Maintenance,15560,"*Use a bucket and dump all the ice out of the ice chute .
*Turn off the water to the machine under sink
* Remove top and front panel from the machine 
*Turn the power off to the machine Switch is in the middle .
*Disconnect hoses and water metering rod (Carefully) its Glass get the drain hose and remove the cap and let all the water run down to the drain.
*Now remove the water container and clean it with scale remover from Scotsman rinse it free of chemicals and place back  .
*Wipe drum and all around the ice drum on top free of deposits  .
*Turn water back on and let it run to rise out the cleaner then cap drain hose and turn power back on .
*Place all panels back on and run water and ice chute to free it from the scale remover .",Closed and Completed,10/30/2025,Max,0.30,0.00,0.00,10/27/2025,,[]
1608,EQ ID 1608,Scotsman ice maker Executive lunchroom,Maintenance,17482,"*Use a bucket and dump all the ice out of the ice chute .
*Turn off the water to the machine under sink
* Remove top and front panel from the machine 
*Turn the power off to the machine Switch is in the middle .
*Disconnect hoses and water metering rod (Carefully) its Glass get the drain hose and remove the cap and let all the water run down to the drain.
*Now remove the water container and clean it with scale remover from Scotsman rinse it free of chemicals and place back  .
*Wipe drum and all around the ice drum on top free of deposits  .
*Turn water back on and let it run to rise out the cleaner then cap drain hose and turn power back on .
*Place all panels back on and run water and ice chute to free it from the scale remover .",Closed and Completed,4/27/2026,Max,0.30,0.00,0.00,5/4/2026,"Maksim Bushka - 05/05/26  2:24:22 PM: Scheduled Date: 04/27/2026
Parts Needed: NO
Parts Ordered: NO
Expected Delivery Date: N/A
General Notes: Dumped the ice and checked the drain ok",[]
1609,EQ ID 1609,Scotsman ice maker Main lunchroom 2nd floor,Maintenance,945,"*Use a bucket and dump all the ice out of the ice chute .
*Turn off the water to the machine under sink
* Remove top and front panel from the machine 
*Turn the power off to the machine Switch is in the middle .
*Disconnect hoses and water metering rod (Carefully) its Glass get the drain hose and remove the cap and let all the water run down to the drain.
*Now remove the water container and clean it with scale remover from Scotsman rinse it free of chemicals and place back  .
*Wipe drum and all around the ice drum on top free of deposits  .
*Turn water back on and let it run to rise out the cleaner then cap drain hose and turn power back on .
*Place all panels back on and run water and ice chute to free it from the scale remover .",Closed and Completed,9/18/2022,Mike D,1.00,0.00,0.00,9/16/2022,"Miguel Diaz - 09/17/22 10:25:56 AM: Dumped full buckets of ice 
Cleaned water tray inside machine and adjusted water height float 
Cleaned water metering rod probe 
Removed left side cover and used shop vac to cleaned the condensing unit .",[]
1609,EQ ID 1609,Scotsman ice maker Main lunchroom 2nd floor,Maintenance,2818,"*Use a bucket and dump all the ice out of the ice chute .
*Turn off the water to the machine under sink
* Remove top and front panel from the machine 
*Turn the power off to the machine Switch is in the middle .
*Disconnect hoses and water metering rod (Carefully) its Glass get the drain hose and remove the cap and let all the water run down to the drain.
*Now remove the water container and clean it with scale remover from Scotsman rinse it free of chemicals and place back  .
*Wipe drum and all around the ice drum on top free of deposits  .
*Turn water back on and let it run to rise out the cleaner then cap drain hose and turn power back on .
*Place all panels back on and run water and ice chute to free it from the scale remover .",Closed and Completed,4/13/2023,Max,1.00,0.00,0.00,4/15/2023,Maksim Bushka - 04/17/23  7:52:38 AM: Cleaned up the ice machine.,[]
1609,EQ ID 1609,Scotsman ice maker Main lunchroom 2nd floor,Maintenance,5341,"*Use a bucket and dump all the ice out of the ice chute .
*Turn off the water to the machine under sink
* Remove top and front panel from the machine 
*Turn the power off to the machine Switch is in the middle .
*Disconnect hoses and water metering rod (Carefully) its Glass get the drain hose and remove the cap and let all the water run down to the drain.
*Now remove the water container and clean it with scale remover from Scotsman rinse it free of chemicals and place back  .
*Wipe drum and all around the ice drum on top free of deposits  .
*Turn water back on and let it run to rise out the cleaner then cap drain hose and turn power back on .
*Place all panels back on and run water and ice chute to free it from the scale remover .",Closed and Completed,10/17/2023,mike d,1.00,0.00,0.00,10/14/2023,,[]
1609,EQ ID 1609,Scotsman ice maker Main lunchroom 2nd floor,Maintenance,7836,"*Use a bucket and dump all the ice out of the ice chute .
*Turn off the water to the machine under sink
* Remove top and front panel from the machine 
*Turn the power off to the machine Switch is in the middle .
*Disconnect hoses and water metering rod (Carefully) its Glass get the drain hose and remove the cap and let all the water run down to the drain.
*Now remove the water container and clean it with scale remover from Scotsman rinse it free of chemicals and place back  .
*Wipe drum and all around the ice drum on top free of deposits  .
*Turn water back on and let it run to rise out the cleaner then cap drain hose and turn power back on .
*Place all panels back on and run water and ice chute to free it from the scale remover .",Closed and Completed,4/30/2024,md,1.00,0.00,0.00,5/4/2024,"Miguel Diaz - 05/04/24  7:37:01 AM: *Use a bucket and dump all the ice out of the ice chute .
*Turn off the water to the machine under sink
* Remove top and front panel from the machine 
*Turn the power off to the machine Switch is in the middle .
*Disconnect hoses and water metering rod (Carefully) its Glass get the drain hose and remove the cap and let all the water run down to the drain.",[]
1609,EQ ID 1609,Scotsman ice maker Main lunchroom 2nd floor,Maintenance,11528,"*Use a bucket and dump all the ice out of the ice chute .
*Turn off the water to the machine under sink
* Remove top and front panel from the machine 
*Turn the power off to the machine Switch is in the middle .
*Disconnect hoses and water metering rod (Carefully) its Glass get the drain hose and remove the cap and let all the water run down to the drain.
*Now remove the water container and clean it with scale remover from Scotsman rinse it free of chemicals and place back  .
*Wipe drum and all around the ice drum on top free of deposits  .
*Turn water back on and let it run to rise out the cleaner then cap drain hose and turn power back on .
*Place all panels back on and run water and ice chute to free it from the scale remover .",Closed and Completed,11/4/2024,md,1.00,0.00,0.00,10/12/2024,"Miguel Diaz - 10/28/24  1:20:35 PM: Use a bucket and dump all the ice out of the ice chute .
*Turn off the water to the machine under sink
* Remove top and front panel from the machine 
*Turn the power off to the machine Switch is in the middle .
*Disconnect hoses and water metering rod (Carefully) its Glass get the drain hose and remove the cap and let all the water run down to the drain.
*Now remove the water container and clean it with scale remover from Scotsman rinse it free of chemicals and place back  .
*Wipe drum and all around the ice drum on top free of deposits  .
*Turn water back on and let it run to rise out the cleaner then cap drain hose and turn power back on .
*Place all panels back on and run water and ice chute to free it from the scale remover .",[]
1609,EQ ID 1609,Scotsman ice maker Main lunchroom 2nd floor,Maintenance,13622,"*Use a bucket and dump all the ice out of the ice chute .
*Turn off the water to the machine under sink
* Remove top and front panel from the machine 
*Turn the power off to the machine Switch is in the middle .
*Disconnect hoses and water metering rod (Carefully) its Glass get the drain hose and remove the cap and let all the water run down to the drain.
*Now remove the water container and clean it with scale remover from Scotsman rinse it free of chemicals and place back  .
*Wipe drum and all around the ice drum on top free of deposits  .
*Turn water back on and let it run to rise out the cleaner then cap drain hose and turn power back on .
*Place all panels back on and run water and ice chute to free it from the scale remover .",Closed and Completed,4/28/2025,Max,0.15,0.00,0.00,4/30/2025,,[]
1609,EQ ID 1609,Scotsman ice maker Main lunchroom 2nd floor,Maintenance,15561,"*Use a bucket and dump all the ice out of the ice chute .
*Turn off the water to the machine under sink
* Remove top and front panel from the machine 
*Turn the power off to the machine Switch is in the middle .
*Disconnect hoses and water metering rod (Carefully) its Glass get the drain hose and remove the cap and let all the water run down to the drain.
*Now remove the water container and clean it with scale remover from Scotsman rinse it free of chemicals and place back  .
*Wipe drum and all around the ice drum on top free of deposits  .
*Turn water back on and let it run to rise out the cleaner then cap drain hose and turn power back on .
*Place all panels back on and run water and ice chute to free it from the scale remover .",Closed and Completed,10/30/2025,Max,0.30,0.00,0.00,10/27/2025,,[]
1609,EQ ID 1609,Scotsman ice maker Main lunchroom 2nd floor,Maintenance,17483,"*Use a bucket and dump all the ice out of the ice chute .
*Turn off the water to the machine under sink
* Remove top and front panel from the machine 
*Turn the power off to the machine Switch is in the middle .
*Disconnect hoses and water metering rod (Carefully) its Glass get the drain hose and remove the cap and let all the water run down to the drain.
*Now remove the water container and clean it with scale remover from Scotsman rinse it free of chemicals and place back  .
*Wipe drum and all around the ice drum on top free of deposits  .
*Turn water back on and let it run to rise out the cleaner then cap drain hose and turn power back on .
*Place all panels back on and run water and ice chute to free it from the scale remover .",Closed and Completed,4/27/2026,Max,1.00,0.00,0.00,5/4/2026,Maksim Bushka - 05/05/26  3:02:42 PM: Cleaned up with solution.,[]
1615,EQ ID 1615,Urinals HYB-7000,Maintenance,19391,"Replace urinal cartridges every two months.
2nd floor has three urinals 
1st floor has two urinals 
Supplies are in the maintenance mezzanine  area .
*Need gloves /Glasses
*Gown 
*5 Gallon bucket with hot water 
*Need 5 cartridges w/Blue packets 
*Need long brush scrubber",Pending,7/13/2026,,0.00,0.00,0.00,,,[]
1615,EQ ID 1615,Urinals HYB-7000,Maintenance,15041,"Replace urinal cartridges every two months.
2nd floor has three urinals 
1st floor has two urinals 
Supplies are in the maintenance mezzanine  area .
*Need gloves /Glasses
*Gown 
*5 Gallon bucket with hot water 
*Need 5 cartridges w/Blue packets 
*Need long brush scrubber",Closed and Completed,3/14/2025,"Mae, Gabe, Miguel",0.00,0.00,2.00,3/13/2025,,[]
1615,EQ ID 1615,Urinals HYB-7000,Maintenance,15115,"Replace urinal cartridges every two months.
2nd floor has three urinals 
1st floor has two urinals 
Supplies are in the maintenance mezzanine  area .
*Need gloves /Glasses
*Gown 
*5 Gallon bucket with hot water 
*Need 5 cartridges w/Blue packets 
*Need long brush scrubber",Closed and Completed,5/19/2025,"Ubaldo, Mae",2.00,0.00,0.00,5/8/2025,"Gabriel Shinobi - 05/08/25  9:54:35 AM: Tech came to check, found one cell bad, will need to return to take cell to fix. should finish within a day, waiting on Al and Wayne to let me know what day is best to shut down lift and have tech replace bad cell. waiting on quote from tech as well.",[]
1615,EQ ID 1615,Urinals HYB-7000,Maintenance,15677,"Replace urinal cartridges every two months.
2nd floor has three urinals 
1st floor has two urinals 
Supplies are in the maintenance mezzanine  area .
*Need gloves /Glasses
*Gown 
*5 Gallon bucket with hot water 
*Need 5 cartridges w/Blue packets 
*Need long brush scrubber",Closed and Completed,7/8/2025,Ubaldo and Dani,0.00,0.00,2.00,7/16/2025,,[]
1615,EQ ID 1615,Urinals HYB-7000,Maintenance,16548,"Replace urinal cartridges every two months.
2nd floor has three urinals 
1st floor has two urinals 
Supplies are in the maintenance mezzanine  area .
*Need gloves /Glasses
*Gown 
*5 Gallon bucket with hot water 
*Need 5 cartridges w/Blue packets 
*Need long brush scrubber",Closed and Completed,9/30/2025,ubaldo,0.00,0.00,1.00,10/1/2025,,[]
1615,EQ ID 1615,Urinals HYB-7000,Maintenance,17235,"Replace urinal cartridges every two months.
2nd floor has three urinals 
1st floor has two urinals 
Supplies are in the maintenance mezzanine  area .
*Need gloves /Glasses
*Gown 
*5 Gallon bucket with hot water 
*Need 5 cartridges w/Blue packets 
*Need long brush scrubber",Closed and Completed,12/9/2025,UBI,1.00,0.00,0.00,12/9/2025,Primo Uy - 12/11/25  2:04:30 PM: 5 new urinals replaced.,[]
1615,EQ ID 1615,Urinals HYB-7000,Maintenance,17928,"Replace urinal cartridges every two months.
2nd floor has three urinals 
1st floor has two urinals 
Supplies are in the maintenance mezzanine  area .
*Need gloves /Glasses
*Gown 
*5 Gallon bucket with hot water 
*Need 5 cartridges w/Blue packets 
*Need long brush scrubber",Closed and Completed,2/11/2026,Ubaldo,1.00,0.00,0.00,2/11/2026,Sean Jennings - 03/27/26 10:21:59 AM: Ubaldo completed this before moving into his new role.,[]
1615,EQ ID 1615,Urinals HYB-7000,Maintenance,18900,"Replace urinal cartridges every two months.
2nd floor has three urinals 
1st floor has two urinals 
Supplies are in the maintenance mezzanine  area .
*Need gloves /Glasses
*Gown 
*5 Gallon bucket with hot water 
*Need 5 cartridges w/Blue packets 
*Need long brush scrubber",Closed and Completed,5/27/2026,Colton & PU,0.00,0.00,0.00,5/7/2026,,[]
1618,EQ ID 1618,Storm drain location South west shipping Exit,Maintenance,18637,"*Remove metal covers 
*Remove and clean trash collected inside use putty knife to remove stuck dirt on the edges, corners and screens .
*Use broom to pick up any remaining trash on the bottom of the pit .
*Place everything back",Pending,7/3/2026,,0.00,0.00,0.00,,,[]
1618,EQ ID 1618,Storm drain location South west shipping Exit,Maintenance,18638,"*Remove metal covers 
*Remove and clean trash collected inside use putty knife to remove stuck dirt on the edges, corners and screens .
*Use broom to pick up any remaining trash on the bottom of the pit .
*Place everything back",Pending,7/3/2026,,0.00,0.00,0.00,,,[]
1618,EQ ID 1618,Storm drain location South west shipping Exit,Maintenance,947,"*Remove metal covers 
*Remove and clean trash collected inside use putty knife to remove stuck dirt on the edges, corners and screens .
*Use broom to pick up any remaining trash on the bottom of the pit .
*Place everything back",Closed and Completed,7/18/2022,mIKE pRIMO,0.70,0.00,0.00,6/30/2022,"Miguel Diaz - 07/01/22  6:54:52 AM: Remove metal covers 
*Remove and clean trash collected inside use putty knife and wire brush to remove stuck dirt on the edges, corners and screens .
*Use broom to pick up any remaining trash on the bottom of the pit .
*Place everything back",[]
1618,EQ ID 1618,Storm drain location South west shipping Exit,Maintenance,2819,"*Remove metal covers 
*Remove and clean trash collected inside use putty knife to remove stuck dirt on the edges, corners and screens .
*Use broom to pick up any remaining trash on the bottom of the pit .
*Place everything back",Closed and Completed,2/13/2023,Miguel & Max,1.00,0.00,0.00,2/10/2023,Maksim Bushka - 02/13/23  8:41:45 AM: Remove the covers and clean up.,[]
1618,EQ ID 1618,Storm drain location South west shipping Exit,Maintenance,4353,"*Remove metal covers 
*Remove and clean trash collected inside use putty knife to remove stuck dirt on the edges, corners and screens .
*Use broom to pick up any remaining trash on the bottom of the pit .
*Place everything back",Closed and Completed,6/13/2023,Primo & Max,0.30,0.00,0.00,6/1/2023,Maksim Bushka - 06/01/23  9:45:01 AM: Cleaned up,[]
1618,EQ ID 1618,Storm drain location South west shipping Exit,Maintenance,5853,"*Remove metal covers 
*Remove and clean trash collected inside use putty knife to remove stuck dirt on the edges, corners and screens .
*Use broom to pick up any remaining trash on the bottom of the pit .
*Place everything back",Closed and Completed,10/1/2023,Max,1.00,0.00,0.00,8/29/2023,,[]
1618,EQ ID 1618,Storm drain location South west shipping Exit,Maintenance,7430,"*Remove metal covers 
*Remove and clean trash collected inside use putty knife to remove stuck dirt on the edges, corners and screens .
*Use broom to pick up any remaining trash on the bottom of the pit .
*Place everything back",Closed and Completed,2/2/2024,Primo & Max,1.00,0.00,0.00,1/31/2024,,[]
1618,EQ ID 1618,Storm drain location South west shipping Exit,Maintenance,7988,"*Remove metal covers 
*Remove and clean trash collected inside use putty knife to remove stuck dirt on the edges, corners and screens .
*Use broom to pick up any remaining trash on the bottom of the pit .
*Place everything back",Closed and Completed,3/9/2024,Max,1.00,0.00,0.00,2/28/2024,,[]
1618,EQ ID 1618,Storm drain location South west shipping Exit,Maintenance,10189,"*Remove metal covers 
*Remove and clean trash collected inside use putty knife to remove stuck dirt on the edges, corners and screens .
*Use broom to pick up any remaining trash on the bottom of the pit .
*Place everything back",Closed and Completed,5/31/2024,Max,0.00,0.00,0.00,5/29/2024,,[]
1618,EQ ID 1618,Storm drain location South west shipping Exit,Maintenance,10604,"*Remove metal covers 
*Remove and clean trash collected inside use putty knife to remove stuck dirt on the edges, corners and screens .
*Use broom to pick up any remaining trash on the bottom of the pit .
*Place everything back",Closed and Completed,7/1/2024,Max & Primo,1.00,0.00,0.00,7/10/2024,,[]
1618,EQ ID 1618,Storm drain location South west shipping Exit,Maintenance,11910,"*Remove metal covers 
*Remove and clean trash collected inside use putty knife to remove stuck dirt on the edges, corners and screens .
*Use broom to pick up any remaining trash on the bottom of the pit .
*Place everything back",Closed and Completed,9/30/2024,Primo & Max,0.00,0.00,0.00,10/14/2024,,[]
1618,EQ ID 1618,Storm drain location South west shipping Exit,Maintenance,12359,"*Remove metal covers 
*Remove and clean trash collected inside use putty knife to remove stuck dirt on the edges, corners and screens .
*Use broom to pick up any remaining trash on the bottom of the pit .
*Place everything back",Closed and Completed,11/11/2024,Primo & Max,1.00,0.00,0.00,10/16/2024,,[]
1618,EQ ID 1618,Storm drain location South west shipping Exit,Maintenance,13536,"*Remove metal covers 
*Remove and clean trash collected inside use putty knife to remove stuck dirt on the edges, corners and screens .
*Use broom to pick up any remaining trash on the bottom of the pit .
*Place everything back",Closed and Completed,2/23/2025,Max,0.30,0.00,0.00,2/14/2025,,[]
1618,EQ ID 1618,Storm drain location South west shipping Exit,Maintenance,13389,"*Remove metal covers 
*Remove and clean trash collected inside use putty knife to remove stuck dirt on the edges, corners and screens .
*Use broom to pick up any remaining trash on the bottom of the pit .
*Place everything back",Closed and Completed,2/14/2025,Max,2.00,0.00,0.00,2/21/2025,,[]
1618,EQ ID 1618,Storm drain location South west shipping Exit,Maintenance,14693,"*Remove metal covers 
*Remove and clean trash collected inside use putty knife to remove stuck dirt on the edges, corners and screens .
*Use broom to pick up any remaining trash on the bottom of the pit .
*Place everything back",Closed and Completed,6/14/2025,Max,1.00,0.00,0.00,6/11/2025,,[]
1618,EQ ID 1618,Storm drain location South west shipping Exit,Maintenance,14785,"*Remove metal covers 
*Remove and clean trash collected inside use putty knife to remove stuck dirt on the edges, corners and screens .
*Use broom to pick up any remaining trash on the bottom of the pit .
*Place everything back",Closed and Completed,6/21/2025,Max,1.00,0.00,0.00,6/16/2025,,[]
1618,EQ ID 1618,Storm drain location South west shipping Exit,Maintenance,16099,"*Remove metal covers 
*Remove and clean trash collected inside use putty knife to remove stuck dirt on the edges, corners and screens .
*Use broom to pick up any remaining trash on the bottom of the pit .
*Place everything back",Closed and Completed,10/16/2025,Max,1.00,0.00,0.00,10/16/2025,,[]
1618,EQ ID 1618,Storm drain location South west shipping Exit,Maintenance,16221,"*Remove metal covers 
*Remove and clean trash collected inside use putty knife to remove stuck dirt on the edges, corners and screens .
*Use broom to pick up any remaining trash on the bottom of the pit .
*Place everything back",Closed and Completed,10/25/2025,Max,2.00,0.00,0.00,10/16/2025,,[]
1618,EQ ID 1618,Storm drain location South west shipping Exit,Maintenance,17324,"*Remove metal covers 
*Remove and clean trash collected inside use putty knife to remove stuck dirt on the edges, corners and screens .
*Use broom to pick up any remaining trash on the bottom of the pit .
*Place everything back",Closed and Completed,2/16/2026,Max,1.00,0.00,0.00,2/28/2026,"Maksim Bushka - 03/03/26  2:06:55 PM: Scheduled Date: 02-16-2026
Parts Needed: NO
Parts Ordered: NO
Expected Delivery Date: N/A
General Notes:",[]
1618,EQ ID 1618,Storm drain location South west shipping Exit,Maintenance,17395,"*Remove metal covers 
*Remove and clean trash collected inside use putty knife to remove stuck dirt on the edges, corners and screens .
*Use broom to pick up any remaining trash on the bottom of the pit .
*Place everything back",Closed and Completed,2/21/2026,Max,1.00,0.00,0.00,2/28/2026,"Maksim Bushka - 03/03/26  2:08:08 PM: Scheduled Date: 02-21-2026
Parts Needed: NO
Parts Ordered: NO
Expected Delivery Date: N/A
General Notes:",[]
1619,EQ ID 1619,Storm drain Location south east next to shipping elevator,Maintenance,18640,"*Remove metal covers 
*Remove and clean trash collected inside use putty knife to remove stuck dirt on the edges, corners and screens .
*Use broom to pick up any remaining trash on the bottom of the pit .
*Place everything back",Pending,7/3/2026,,0.00,0.00,0.00,,,[]
1619,EQ ID 1619,Storm drain Location south east next to shipping elevator,Maintenance,948,"*Remove metal covers 
*Remove and clean trash collected inside use putty knife to remove stuck dirt on the edges, corners and screens .
*Use broom to pick up any remaining trash on the bottom of the pit .
*Place everything back",Closed and Completed,7/18/2022,"MIK,E",0.70,0.00,0.00,6/30/2022,"Miguel Diaz - 07/01/22  6:55:15 AM: Remove metal covers 
*Remove and clean trash collected inside use putty knife and wire brush to remove stuck dirt on the edges, corners and screens .
*Use broom to pick up any remaining trash on the bottom of the pit .
*Place everything back",[]
1619,EQ ID 1619,Storm drain Location south east next to shipping elevator,Maintenance,2820,"*Remove metal covers 
*Remove and clean trash collected inside use putty knife to remove stuck dirt on the edges, corners and screens .
*Use broom to pick up any remaining trash on the bottom of the pit .
*Place everything back",Closed and Completed,2/13/2023,Primo & Max,1.00,0.00,0.00,2/13/2023,Maksim Bushka - 02/13/23  8:43:33 AM: Removed covers and clean up.,[]
1619,EQ ID 1619,Storm drain Location south east next to shipping elevator,Maintenance,4354,"*Remove metal covers 
*Remove and clean trash collected inside use putty knife to remove stuck dirt on the edges, corners and screens .
*Use broom to pick up any remaining trash on the bottom of the pit .
*Place everything back",Closed and Completed,6/13/2023,Primo & Max,0.30,0.00,0.00,6/1/2023,Maksim Bushka - 06/01/23  9:45:57 AM: Cleaned up,[]
1619,EQ ID 1619,Storm drain Location south east next to shipping elevator,Maintenance,5855,"*Remove metal covers 
*Remove and clean trash collected inside use putty knife to remove stuck dirt on the edges, corners and screens .
*Use broom to pick up any remaining trash on the bottom of the pit .
*Place everything back",Closed and Completed,10/1/2023,Max,0.00,0.00,0.00,9/29/2023,,[]
1619,EQ ID 1619,Storm drain Location south east next to shipping elevator,Maintenance,7432,"*Remove metal covers 
*Remove and clean trash collected inside use putty knife to remove stuck dirt on the edges, corners and screens .
*Use broom to pick up any remaining trash on the bottom of the pit .
*Place everything back",Closed and Completed,2/2/2024,Primo & Max,1.00,0.00,0.00,1/31/2024,,[]
1619,EQ ID 1619,Storm drain Location south east next to shipping elevator,Maintenance,10190,"*Remove metal covers 
*Remove and clean trash collected inside use putty knife to remove stuck dirt on the edges, corners and screens .
*Use broom to pick up any remaining trash on the bottom of the pit .
*Place everything back",Closed and Completed,5/31/2024,Max,0.00,0.00,0.00,5/16/2024,,[]
1619,EQ ID 1619,Storm drain Location south east next to shipping elevator,Maintenance,11911,"*Remove metal covers 
*Remove and clean trash collected inside use putty knife to remove stuck dirt on the edges, corners and screens .
*Use broom to pick up any remaining trash on the bottom of the pit .
*Place everything back",Closed and Completed,9/30/2024,Primo & Max,0.00,0.00,0.00,10/14/2024,,[]
1619,EQ ID 1619,Storm drain Location south east next to shipping elevator,Maintenance,13390,"*Remove metal covers 
*Remove and clean trash collected inside use putty knife to remove stuck dirt on the edges, corners and screens .
*Use broom to pick up any remaining trash on the bottom of the pit .
*Place everything back",Closed and Completed,2/14/2025,Max,2.00,0.00,0.00,2/21/2025,,[]
1619,EQ ID 1619,Storm drain Location south east next to shipping elevator,Maintenance,14786,"*Remove metal covers 
*Remove and clean trash collected inside use putty knife to remove stuck dirt on the edges, corners and screens .
*Use broom to pick up any remaining trash on the bottom of the pit .
*Place everything back",Closed and Completed,6/21/2025,Max,0.00,0.00,0.00,6/16/2025,,[]
1619,EQ ID 1619,Storm drain Location south east next to shipping elevator,Maintenance,16225,"*Remove metal covers 
*Remove and clean trash collected inside use putty knife to remove stuck dirt on the edges, corners and screens .
*Use broom to pick up any remaining trash on the bottom of the pit .
*Place everything back",Closed and Completed,10/25/2025,Max,2.00,0.00,0.00,10/16/2025,,[]
1619,EQ ID 1619,Storm drain Location south east next to shipping elevator,Maintenance,17397,"*Remove metal covers 
*Remove and clean trash collected inside use putty knife to remove stuck dirt on the edges, corners and screens .
*Use broom to pick up any remaining trash on the bottom of the pit .
*Place everything back",Closed and Completed,2/21/2026,Max,1.00,0.00,0.00,2/28/2026,"Maksim Bushka - 03/03/26  2:10:12 PM: Scheduled Date: 02-21-2026
Parts Needed: NO
Parts Ordered: NO
Expected Delivery Date: N/A
General Notes: Cleaned up",[]
1620,EQ ID 1620,Storm drain Location near Dust colletor,Maintenance,18639,"*Remove metal covers 
*Remove and clean trash collected inside use putty knife to remove stuck dirt on the edges, corners and screens .
*Use broom to pick up any remaining trash on the bottom of the pit .
*Place everything back",Pending,7/3/2026,,0.00,0.00,0.00,,,[]
1620,EQ ID 1620,Storm drain Location near Dust colletor,Maintenance,949,"*Remove metal covers 
*Remove and clean trash collected inside use putty knife to remove stuck dirt on the edges, corners and screens .
*Use broom to pick up any remaining trash on the bottom of the pit .
*Place everything back",Closed and Completed,7/18/2022,MIKE,0.70,0.00,0.00,6/30/2022,"Miguel Diaz - 07/01/22  6:55:32 AM: Remove metal covers 
*Remove and clean trash collected inside use putty knife and wire brush to remove stuck dirt on the edges, corners and screens .
*Use broom to pick up any remaining trash on the bottom of the pit .
*Place everything back",[]
1620,EQ ID 1620,Storm drain Location near Dust colletor,Maintenance,2821,"*Remove metal covers 
*Remove and clean trash collected inside use putty knife to remove stuck dirt on the edges, corners and screens .
*Use broom to pick up any remaining trash on the bottom of the pit .
*Place everything back",Closed and Completed,2/13/2023,Miguel & Max,1.00,0.00,0.00,2/9/2023,Maksim Bushka - 02/13/23  8:45:37 AM: Remove the covers and clean up.,[]
1620,EQ ID 1620,Storm drain Location near Dust colletor,Maintenance,4355,"*Remove metal covers 
*Remove and clean trash collected inside use putty knife to remove stuck dirt on the edges, corners and screens .
*Use broom to pick up any remaining trash on the bottom of the pit .
*Place everything back",Closed and Completed,6/13/2023,Primo & Max,0.30,0.00,0.00,6/1/2023,Maksim Bushka - 06/01/23  9:46:56 AM: cleaned up,[]
1620,EQ ID 1620,Storm drain Location near Dust colletor,Maintenance,5856,"*Remove metal covers 
*Remove and clean trash collected inside use putty knife to remove stuck dirt on the edges, corners and screens .
*Use broom to pick up any remaining trash on the bottom of the pit .
*Place everything back",Closed and Completed,10/1/2023,Max,0.00,0.00,0.00,9/29/2023,,[]
1620,EQ ID 1620,Storm drain Location near Dust colletor,Maintenance,7431,"*Remove metal covers 
*Remove and clean trash collected inside use putty knife to remove stuck dirt on the edges, corners and screens .
*Use broom to pick up any remaining trash on the bottom of the pit .
*Place everything back",Closed and Completed,2/2/2024,Primo & Max,1.00,0.00,0.00,1/31/2024,,[]
1620,EQ ID 1620,Storm drain Location near Dust colletor,Maintenance,10191,"*Remove metal covers 
*Remove and clean trash collected inside use putty knife to remove stuck dirt on the edges, corners and screens .
*Use broom to pick up any remaining trash on the bottom of the pit .
*Place everything back",Closed and Completed,5/31/2024,Max,0.00,0.00,0.00,5/16/2024,,[]
1620,EQ ID 1620,Storm drain Location near Dust colletor,Maintenance,11912,"*Remove metal covers 
*Remove and clean trash collected inside use putty knife to remove stuck dirt on the edges, corners and screens .
*Use broom to pick up any remaining trash on the bottom of the pit .
*Place everything back",Closed and Completed,9/30/2024,Primo & Max,2.00,0.00,0.00,10/14/2024,,[]
1620,EQ ID 1620,Storm drain Location near Dust colletor,Maintenance,13391,"*Remove metal covers 
*Remove and clean trash collected inside use putty knife to remove stuck dirt on the edges, corners and screens .
*Use broom to pick up any remaining trash on the bottom of the pit .
*Place everything back",Closed and Completed,2/14/2025,Max,2.00,0.00,0.00,2/21/2025,,[]
1620,EQ ID 1620,Storm drain Location near Dust colletor,Maintenance,14787,"*Remove metal covers 
*Remove and clean trash collected inside use putty knife to remove stuck dirt on the edges, corners and screens .
*Use broom to pick up any remaining trash on the bottom of the pit .
*Place everything back",Closed and Completed,6/21/2025,Max,1.00,0.00,0.00,6/16/2025,,[]
1620,EQ ID 1620,Storm drain Location near Dust colletor,Maintenance,16224,"*Remove metal covers 
*Remove and clean trash collected inside use putty knife to remove stuck dirt on the edges, corners and screens .
*Use broom to pick up any remaining trash on the bottom of the pit .
*Place everything back",Closed and Completed,10/25/2025,Max,2.00,0.00,0.00,10/16/2025,,[]
1620,EQ ID 1620,Storm drain Location near Dust colletor,Maintenance,17396,"*Remove metal covers 
*Remove and clean trash collected inside use putty knife to remove stuck dirt on the edges, corners and screens .
*Use broom to pick up any remaining trash on the bottom of the pit .
*Place everything back",Closed and Completed,2/21/2026,Max,1.00,0.00,0.00,2/28/2026,"Maksim Bushka - 03/03/26  2:09:10 PM: Scheduled Date: 02-21-2026
Parts Needed: NO
Parts Ordered: NO
Expected Delivery Date: N/A
General Notes: cleaned up",[]
