equipment_id,equipment_eq_id,equipment_name,department,wo_id,audit_item,status,due_date,work_performed_by,labor_time,material_cost,downtime_hours,completed_datetime,comments,attachments
2139,EQ ID 2139,Margarita Machine,Soap Dispenser Assembly,1019,"*Check the condition of the jaws
*Check Air Pressure
*Check door safety device",Closed and Completed,9/18/2022,PU,0.20,0.00,0.00,11/21/2022,Primo Uy - 11/21/22  7:59:27 AM: Done,[]
2139,EQ ID 2139,Margarita Machine,Soap Dispenser Assembly,3314,"*Check the condition of the jaws
*Check Air Pressure
*Check door safety device",Closed and Completed,5/21/2023,PU,0.20,0.00,0.00,5/19/2023,Primo Uy - 05/22/23  7:46:01 AM: Done,[]
2139,EQ ID 2139,Margarita Machine,Soap Dispenser Assembly,5740,"*Check the condition of the jaws
*Check Air Pressure
*Check door safety device",Closed and Completed,11/22/2023,PU,0.20,0.00,0.00,11/21/2023,Primo Uy - 01/12/24  9:32:29 AM: Done.  Late update.,[]
2139,EQ ID 2139,Margarita Machine,Soap Dispenser Assembly,9702,"*Check the condition of the jaws
*Check Air Pressure
*Check door safety device",Closed and Completed,7/12/2024,PU,0.00,0.00,0.00,7/12/2024,Primo Uy - 08/05/24 10:21:23 AM: Done,[]
2139,EQ ID 2139,Margarita Machine,Soap Dispenser Assembly,12629,"*Check the condition of the jaws
*Check Air Pressure
*Check door safety device",Closed and Completed,2/5/2025,md,0.00,0.00,0.00,3/12/2025,Miguel Diaz - 03/12/25  8:32:05 AM: added this equipment to the correct department we no longer have assembly as a department,[]
2139,EQ ID 2139,Margarita Machine,Soap Dispenser Assembly,15035,"*Check the condition of the jaws
*Check Air Pressure
*Check door safety device",Closed and Completed,9/12/2025,PU,0.20,0.00,0.00,9/12/2025,Primo Uy - 09/12/25  8:27:53 AM: Done,[]
2139,EQ ID 2139,Margarita Machine,Soap Dispenser Assembly,16986,"*Check the condition of the jaws
*Check Air Pressure
*Check door safety device",Closed and Completed,3/12/2026,PU,0.00,0.00,0.00,3/12/2026,Primo Uy - 04/09/26  1:17:05 PM: Not in Service,[]
18,EQ ID 18,4112 Glue Machine,Soap Dispenser Assembly,15,Check Follower Head for glue buildup it should swivel easily,Closed and Completed,4/18/2022,Primou,0.50,0.00,0.00,4/18/2022,Primo Uy - 04/18/22 12:56:55 PM: Done.,[]
18,EQ ID 18,4112 Glue Machine,Soap Dispenser Assembly,16,"(1) Clean and lube moving parts;
(2) Check and tighten all screws. Check sensor",Closed and Completed,9/18/2022,PU,0.40,0.00,0.00,9/1/2022,Primo Uy - 09/01/22 12:02:11 PM: Done,[]
18,EQ ID 18,4112 Glue Machine,Soap Dispenser Assembly,2590,Check Follower Head for glue buildup it should swivel easily,Closed without Action,11/13/2022,PU,0.00,0.00,0.00,11/8/2022,Primo Uy - 11/08/22  2:56:28 PM: N/A. Replaced by a robotic arm.,[]
18,EQ ID 18,4112 Glue Machine,Soap Dispenser Assembly,3178,Check Follower Head for glue buildup it should swivel easily,Closed without Action,12/8/2022,PU,0.00,0.00,0.00,12/7/2022,Primo Uy - 12/07/22  9:40:41 AM: the machine was replaced by the Robotic Arm. Will ask ME/IT to update the PM.,[]
18,EQ ID 18,4112 Glue Machine,Soap Dispenser Assembly,3507,Check Follower Head for glue buildup it should swivel easily,Closed and Completed,1/7/2023,PU,0.00,0.00,0.00,1/11/2023,Primo Uy - 01/11/23  9:35:58 AM: Obsolete,[]
18,EQ ID 18,4112 Glue Machine,Soap Dispenser Assembly,3905,Check Follower Head for glue buildup it should swivel easily,Closed without Action,2/11/2023,PU,0.00,0.00,0.00,2/9/2023,Primo Uy - 02/09/23  9:39:42 AM: Obsolete. Replaced with a Robotic Arm.,[]
18,EQ ID 18,4112 Glue Machine,Soap Dispenser Assembly,4291,Check Follower Head for glue buildup it should swivel easily,Closed without Action,3/9/2023,PU,0.00,0.00,0.00,3/8/2023,Primo Uy - 03/08/23  2:06:27 PM: OBSOLETE,[]
18,EQ ID 18,4112 Glue Machine,Soap Dispenser Assembly,14,Check hoses and rubber parts (replace as needed),Closed and Completed,3/18/2023,PU,0.20,0.00,0.00,3/20/2023,Primo Uy - 03/20/23  7:14:21 AM: Done,[]
18,EQ ID 18,4112 Glue Machine,Soap Dispenser Assembly,4732,Check Follower Head for glue buildup it should swivel easily,Closed without Action,4/8/2023,PU,0.00,0.00,0.00,4/5/2023,Primo Uy - 04/05/23  7:54:06 AM: Replaced by the 4112 Glue Robotic Arm. This should be in OBSOLETE... ME need to update machine status.,[]
18,EQ ID 18,4112 Glue Machine,Soap Dispenser Assembly,2591,"(1) Clean and lube moving parts;
(2) Check and tighten all screws. Check sensor",Closed without Action,4/13/2023,PU,0.00,0.00,0.00,4/11/2023,Primo Uy - 04/12/23  8:02:02 AM: Obsolete. Replace by Robotic Arm,[]
18,EQ ID 18,4112 Glue Machine,Soap Dispenser Assembly,5156,Check Follower Head for glue buildup it should swivel easily,Closed without Action,5/5/2023,PU,0.00,0.00,0.00,5/2/2023,Primo Uy - 05/02/23 10:10:04 AM: OBSOLETE.,[]
18,EQ ID 18,4112 Glue Machine,Soap Dispenser Assembly,5527,Check Follower Head for glue buildup it should swivel easily,Closed without Action,6/2/2023,PU,0.00,0.00,0.00,6/1/2023,Primo Uy - 06/01/23  7:26:03 AM: Not in service. Scrap.,[]
18,EQ ID 18,4112 Glue Machine,Soap Dispenser Assembly,5849,Check Follower Head for glue buildup it should swivel easily,Closed without Action,7/1/2023,PU,0.00,0.00,0.00,6/30/2023,Primo Uy - 07/05/23  7:07:49 AM: Machine no longer in service.,[]
18,EQ ID 18,4112 Glue Machine,Soap Dispenser Assembly,6293,Check Follower Head for glue buildup it should swivel easily,Closed without Action,8/5/2023,PU,0.00,0.00,0.00,7/25/2023,Primo Uy - 07/25/23  7:37:32 AM: Obsolete.,[]
18,EQ ID 18,4112 Glue Machine,Soap Dispenser Assembly,6594,Check Follower Head for glue buildup it should swivel easily,Closed without Action,8/25/2023,PU,0.00,0.00,0.00,8/28/2023,Primo Uy - 08/28/23  9:11:58 AM: Scrap/Obsolete.,[]
18,EQ ID 18,4112 Glue Machine,Soap Dispenser Assembly,5257,"(1) Clean and lube moving parts;
(2) Check and tighten all screws. Check sensor",Closed without Action,10/12/2023,PU,0.00,0.00,0.00,10/11/2023,Primo Uy - 10/12/23  7:42:02 AM: Obsolete,[]
18,EQ ID 18,4112 Glue Machine,Soap Dispenser Assembly,7035,Check Follower Head for glue buildup it should swivel easily,Closed without Action,9/28/2023,PU,0.00,0.00,0.00,10/12/2023,Primo Uy - 10/12/23  7:29:53 AM: Scrap. Not in Service.,[]
18,EQ ID 18,4112 Glue Machine,Soap Dispenser Assembly,7602,Check Follower Head for glue buildup it should swivel easily,Closed without Action,11/12/2023,PU,0.00,0.00,0.00,11/13/2023,Primo Uy - 11/13/23  9:49:00 AM: Obsolete. Replaced by the Robotic arms.,[]
18,EQ ID 18,4112 Glue Machine,Soap Dispenser Assembly,8023,Check Follower Head for glue buildup it should swivel easily,Closed without Action,12/13/2023,PU,0.00,0.00,0.00,12/13/2023,Primo Uy - 12/15/23  7:52:32 AM: SCRAP.,[]
18,EQ ID 18,4112 Glue Machine,Soap Dispenser Assembly,9369,Check Follower Head for glue buildup it should swivel easily,Closed without Action,1/15/2024,PU,0.00,0.00,0.00,1/15/2024,Primo Uy - 01/15/24  1:44:25 PM: Obsolete,[]
18,EQ ID 18,4112 Glue Machine,Soap Dispenser Assembly,9714,Check Follower Head for glue buildup it should swivel easily,Closed without Action,2/15/2024,PU,0.00,0.00,0.00,2/14/2024,Primo Uy - 02/14/24  8:45:39 AM: SCRAP. / OBSOLETE.,[]
18,EQ ID 18,4112 Glue Machine,Soap Dispenser Assembly,10352,Check Follower Head for glue buildup it should swivel easily,Closed without Action,3/14/2024,PU,0.00,0.00,0.00,3/7/2024,Primo Uy - 03/07/24  8:24:52 AM: Obsolete-Scrap,[]
18,EQ ID 18,4112 Glue Machine,Soap Dispenser Assembly,4905,Check hoses and rubber parts (replace as needed),Closed without Action,3/20/2024,PU,0.00,0.00,0.00,3/20/2024,Primo Uy - 03/20/24  7:38:06 AM: Scrap,[]
18,EQ ID 18,4112 Glue Machine,Soap Dispenser Assembly,10662,Check Follower Head for glue buildup it should swivel easily,Closed without Action,4/7/2024,PU,0.00,0.00,0.00,4/5/2024,Primo Uy - 04/08/24  7:48:37 AM: Scrap/Obsolete,[]
18,EQ ID 18,4112 Glue Machine,Soap Dispenser Assembly,7618,"(1) Clean and lube moving parts;
(2) Check and tighten all screws. Check sensor",Closed without Action,4/12/2024,PU,0.00,0.00,0.00,4/11/2024,"Primo Uy - 04/11/24  8:01:37 AM: Obsolete, Scrap.",[]
18,EQ ID 18,4112 Glue Machine,Soap Dispenser Assembly,10971,Check Follower Head for glue buildup it should swivel easily,Closed without Action,5/8/2024,PU,0.00,0.00,0.00,5/8/2024,Primo Uy - 05/09/24  7:40:55 AM: Obsolete,[]
18,EQ ID 18,4112 Glue Machine,Soap Dispenser Assembly,11611,Check Follower Head for glue buildup it should swivel easily,Closed without Action,6/9/2024,PU,0.00,0.00,0.00,6/10/2024,Primo Uy - 06/24/24 12:08:38 PM: Replace by robotic arm glue dispenser.,[]
18,EQ ID 18,4112 Glue Machine,Soap Dispenser Assembly,11081,"(1) Clean and lube moving parts;
(2) Check and tighten all screws. Check sensor",Closed without Action,10/11/2024,PU,0.00,0.00,0.00,10/10/2024,Primo Uy - 10/10/24 10:04:54 AM: Obsolete.,[]
18,EQ ID 18,4112 Glue Machine,Soap Dispenser Assembly,10780,Check hoses and rubber parts (replace as needed),Closed without Action,3/20/2025,PU,0.00,0.00,0.00,3/19/2025,Primo Uy - 03/19/25  9:16:03 AM: Replece by robotic arm.,[]
114,EQ ID 114,"Cartoner, 822, Econoseal E-System 2000 #2",Soap Dispenser Assembly,20205,"(1) Inspect both vacuum filters (one per arm);
(2) Clean Vacuum System by applying reverse air pressure through     the system.
(3) Check and change filter if needed
(2) Tighten hardware",Pending,9/3/2026,,0.00,0.00,0.00,,,[]
114,EQ ID 114,"Cartoner, 822, Econoseal E-System 2000 #2",Soap Dispenser Assembly,20206,"Inspect all cylinders, flow controller, and its sensors for tightness and proper operation;

Check all safeties and E-stops for proper operation",Pending,9/3/2026,,0.00,0.00,0.00,,,[]
114,EQ ID 114,"Cartoner, 822, Econoseal E-System 2000 #2",Soap Dispenser Assembly,99,"Inspect all cylinders, flow controller, and its sensors for tightness and proper operation;

Check all safeties and E-stops for proper operation",Closed and Completed,4/18/2022,PU,0.50,0.00,0.00,4/19/2022,Primo Uy - 04/19/22  2:52:56 PM: Done,[]
114,EQ ID 114,"Cartoner, 822, Econoseal E-System 2000 #2",Soap Dispenser Assembly,97,"(1) Inspect both vacuum filters (one per arm);
(2) Clean Vacuum System by applying reverse air pressure through     the system.
(3) Check and change filter if needed
(2) Tighten hardware",Closed and Completed,4/18/2022,PU,1.00,0.00,0.00,4/19/2022,Primo Uy - 04/19/22  2:50:41 PM: Done,[]
114,EQ ID 114,"Cartoner, 822, Econoseal E-System 2000 #2",Soap Dispenser Assembly,98,Lubricate bearing on vacuum arm shaft,Closed and Completed,9/18/2022,PU,0.35,0.00,0.00,9/7/2022,Primo Uy - 09/07/22 12:06:44 PM: Use grease gun.,[]
114,EQ ID 114,"Cartoner, 822, Econoseal E-System 2000 #2",Soap Dispenser Assembly,100,"Replace Vacuum Cups
Clean Vacuum filter and vacuum lines",Closed and Completed,9/18/2022,PU,0.50,0.00,0.00,9/7/2022,Primo Uy - 09/07/22 12:07:34 PM: Done,[]
114,EQ ID 114,"Cartoner, 822, Econoseal E-System 2000 #2",Soap Dispenser Assembly,2634,"(1) Inspect both vacuum filters (one per arm);
(2) Clean Vacuum System by applying reverse air pressure through     the system.
(3) Check and change filter if needed
(2) Tighten hardware",Closed and Completed,11/13/2022,PU,0.50,0.00,0.00,11/9/2022,Primo Uy - 11/09/22  7:56:38 AM: Done,[]
114,EQ ID 114,"Cartoner, 822, Econoseal E-System 2000 #2",Soap Dispenser Assembly,2636,"Inspect all cylinders, flow controller, and its sensors for tightness and proper operation;

Check all safeties and E-stops for proper operation",Closed and Completed,11/13/2022,PU,0.50,0.00,0.00,11/9/2022,Primo Uy - 11/09/22  7:55:46 AM: Done.,[]
114,EQ ID 114,"Cartoner, 822, Econoseal E-System 2000 #2",Soap Dispenser Assembly,3186,"Inspect all cylinders, flow controller, and its sensors for tightness and proper operation;

Check all safeties and E-stops for proper operation",Closed and Completed,12/9/2022,PU,0.20,0.00,0.00,12/7/2022,Primo Uy - 12/07/22  9:46:43 AM: Done,[]
114,EQ ID 114,"Cartoner, 822, Econoseal E-System 2000 #2",Soap Dispenser Assembly,3187,"(1) Inspect both vacuum filters (one per arm);
(2) Clean Vacuum System by applying reverse air pressure through     the system.
(3) Check and change filter if needed
(2) Tighten hardware",Closed and Completed,12/9/2022,PU,0.20,0.00,0.00,12/7/2022,Primo Uy - 12/07/22  9:47:16 AM: Done,[]
114,EQ ID 114,"Cartoner, 822, Econoseal E-System 2000 #2",Soap Dispenser Assembly,3514,"(1) Inspect both vacuum filters (one per arm);
(2) Clean Vacuum System by applying reverse air pressure through     the system.
(3) Check and change filter if needed
(2) Tighten hardware",Closed and Completed,1/7/2023,PU,0.35,0.00,0.00,1/11/2023,Primo Uy - 01/11/23  9:40:11 AM: Done,[]
114,EQ ID 114,"Cartoner, 822, Econoseal E-System 2000 #2",Soap Dispenser Assembly,3513,"Inspect all cylinders, flow controller, and its sensors for tightness and proper operation;

Check all safeties and E-stops for proper operation",Closed and Completed,1/7/2023,PU,0.25,0.00,0.00,1/11/2023,Primo Uy - 01/11/23  9:39:43 AM: Done,[]
114,EQ ID 114,"Cartoner, 822, Econoseal E-System 2000 #2",Soap Dispenser Assembly,3911,"Inspect all cylinders, flow controller, and its sensors for tightness and proper operation;

Check all safeties and E-stops for proper operation",Closed and Completed,2/11/2023,PU,0.50,0.00,0.00,2/9/2023,Primo Uy - 02/10/23  7:14:32 AM: Done,[]
114,EQ ID 114,"Cartoner, 822, Econoseal E-System 2000 #2",Soap Dispenser Assembly,3912,"(1) Inspect both vacuum filters (one per arm);
(2) Clean Vacuum System by applying reverse air pressure through     the system.
(3) Check and change filter if needed
(2) Tighten hardware",Closed and Completed,2/11/2023,PU,1.00,0.00,0.00,2/9/2023,Primo Uy - 02/10/23  7:15:06 AM: Done,[]
114,EQ ID 114,"Cartoner, 822, Econoseal E-System 2000 #2",Soap Dispenser Assembly,4305,"(1) Inspect both vacuum filters (one per arm);
(2) Clean Vacuum System by applying reverse air pressure through     the system.
(3) Check and change filter if needed
(2) Tighten hardware",Closed and Completed,3/10/2023,PU,0.50,0.00,0.00,3/10/2023,Primo Uy - 03/14/23  6:40:51 AM: Done,[]
114,EQ ID 114,"Cartoner, 822, Econoseal E-System 2000 #2",Soap Dispenser Assembly,4304,"Inspect all cylinders, flow controller, and its sensors for tightness and proper operation;

Check all safeties and E-stops for proper operation",Closed and Completed,3/10/2023,PU,0.50,0.00,0.00,3/10/2023,Primo Uy - 03/14/23  6:40:20 AM: Done,[]
114,EQ ID 114,"Cartoner, 822, Econoseal E-System 2000 #2",Soap Dispenser Assembly,2635,Lubricate bearing on vacuum arm shaft,Closed and Completed,4/13/2023,PU,0.20,0.00,0.00,4/13/2023,Primo Uy - 04/13/23  7:56:00 AM: Done,[]
114,EQ ID 114,"Cartoner, 822, Econoseal E-System 2000 #2",Soap Dispenser Assembly,2637,"Replace Vacuum Cups
Clean Vacuum filter and vacuum lines",Closed and Completed,4/13/2023,PU,0.20,0.00,0.00,4/13/2023,Primo Uy - 04/13/23  7:56:25 AM: Done,[]
114,EQ ID 114,"Cartoner, 822, Econoseal E-System 2000 #2",Soap Dispenser Assembly,4803,"(1) Inspect both vacuum filters (one per arm);
(2) Clean Vacuum System by applying reverse air pressure through     the system.
(3) Check and change filter if needed
(2) Tighten hardware",Closed and Completed,4/14/2023,PU,0.50,0.00,0.00,4/17/2023,Primo Uy - 04/17/23 12:23:49 PM: Done,[]
114,EQ ID 114,"Cartoner, 822, Econoseal E-System 2000 #2",Soap Dispenser Assembly,4802,"Inspect all cylinders, flow controller, and its sensors for tightness and proper operation;

Check all safeties and E-stops for proper operation",Closed and Completed,4/14/2023,PU,0.50,0.00,0.00,4/17/2023,Primo Uy - 04/17/23 12:23:10 PM: Done,[]
114,EQ ID 114,"Cartoner, 822, Econoseal E-System 2000 #2",Soap Dispenser Assembly,5351,"Inspect all cylinders, flow controller, and its sensors for tightness and proper operation;

Check all safeties and E-stops for proper operation",Closed and Completed,5/17/2023,PU,0.50,0.00,0.00,5/15/2023,Primo Uy - 05/17/23  8:11:04 AM: Done,[]
114,EQ ID 114,"Cartoner, 822, Econoseal E-System 2000 #2",Soap Dispenser Assembly,5352,"(1) Inspect both vacuum filters (one per arm);
(2) Clean Vacuum System by applying reverse air pressure through     the system.
(3) Check and change filter if needed
(2) Tighten hardware",Closed and Completed,5/17/2023,PU,1.00,0.00,0.00,5/15/2023,Primo Uy - 05/17/23  8:11:39 AM: Done,[]
114,EQ ID 114,"Cartoner, 822, Econoseal E-System 2000 #2",Soap Dispenser Assembly,5698,"(1) Inspect both vacuum filters (one per arm);
(2) Clean Vacuum System by applying reverse air pressure through     the system.
(3) Check and change filter if needed
(2) Tighten hardware",Closed and Completed,6/17/2023,PU,0.50,0.00,0.00,6/16/2023,Primo Uy - 06/19/23  7:47:34 AM: Done,[]
114,EQ ID 114,"Cartoner, 822, Econoseal E-System 2000 #2",Soap Dispenser Assembly,5697,"Inspect all cylinders, flow controller, and its sensors for tightness and proper operation;

Check all safeties and E-stops for proper operation",Closed and Completed,6/17/2023,PU,0.75,0.00,0.00,6/16/2023,Primo Uy - 06/19/23  7:46:44 AM: Done,[]
114,EQ ID 114,"Cartoner, 822, Econoseal E-System 2000 #2",Soap Dispenser Assembly,6107,"Inspect all cylinders, flow controller, and its sensors for tightness and proper operation;

Check all safeties and E-stops for proper operation",Closed and Completed,7/19/2023,PU,0.50,0.00,0.00,7/18/2023,Primo Uy - 07/19/23  9:03:37 AM: Done,[]
114,EQ ID 114,"Cartoner, 822, Econoseal E-System 2000 #2",Soap Dispenser Assembly,6108,"(1) Inspect both vacuum filters (one per arm);
(2) Clean Vacuum System by applying reverse air pressure through     the system.
(3) Check and change filter if needed
(2) Tighten hardware",Closed and Completed,7/19/2023,PU,1.00,0.00,0.00,7/19/2023,Primo Uy - 07/19/23  9:04:34 AM: Done,[]
114,EQ ID 114,"Cartoner, 822, Econoseal E-System 2000 #2",Soap Dispenser Assembly,6522,"(1) Inspect both vacuum filters (one per arm);
(2) Clean Vacuum System by applying reverse air pressure through     the system.
(3) Check and change filter if needed
(2) Tighten hardware",Closed and Completed,8/19/2023,PU,1.00,0.00,0.00,8/18/2023,Primo Uy - 08/18/23 12:48:45 PM: Done,[]
114,EQ ID 114,"Cartoner, 822, Econoseal E-System 2000 #2",Soap Dispenser Assembly,6521,"Inspect all cylinders, flow controller, and its sensors for tightness and proper operation;

Check all safeties and E-stops for proper operation",Closed and Completed,8/19/2023,PU,0.50,0.00,0.00,8/18/2023,Primo Uy - 08/18/23 12:47:53 PM: Done,[]
114,EQ ID 114,"Cartoner, 822, Econoseal E-System 2000 #2",Soap Dispenser Assembly,6893,"(1) Inspect both vacuum filters (one per arm);
(2) Clean Vacuum System by applying reverse air pressure through     the system.
(3) Check and change filter if needed
(2) Tighten hardware",Closed and Completed,9/18/2023,PU,0.50,0.00,0.00,9/18/2023,Primo Uy - 09/20/23  7:37:13 AM: Done.,[]
114,EQ ID 114,"Cartoner, 822, Econoseal E-System 2000 #2",Soap Dispenser Assembly,6892,"Inspect all cylinders, flow controller, and its sensors for tightness and proper operation;

Check all safeties and E-stops for proper operation",Closed and Completed,9/18/2023,PU,0.50,0.00,0.00,9/19/2023,Primo Uy - 09/20/23  7:35:49 AM: Done. Nothing Loose.,[]
114,EQ ID 114,"Cartoner, 822, Econoseal E-System 2000 #2",Soap Dispenser Assembly,5288,"Replace Vacuum Cups
Clean Vacuum filter and vacuum lines",Closed and Completed,10/13/2023,PU,0.50,25.00,0.00,10/5/2023,Primo Uy - 10/16/23 11:18:13 AM: Done.,[]
114,EQ ID 114,"Cartoner, 822, Econoseal E-System 2000 #2",Soap Dispenser Assembly,5287,Lubricate bearing on vacuum arm shaft,Closed and Completed,10/13/2023,PU,0.20,0.00,0.00,10/13/2023,Primo Uy - 10/16/23 11:16:27 AM: Done,[]
114,EQ ID 114,"Cartoner, 822, Econoseal E-System 2000 #2",Soap Dispenser Assembly,7301,"(1) Inspect both vacuum filters (one per arm);
(2) Clean Vacuum System by applying reverse air pressure through     the system.
(3) Check and change filter if needed
(2) Tighten hardware",Closed and Completed,10/20/2023,PU,1.00,0.00,0.00,10/20/2023,Primo Uy - 10/24/23  7:13:21 AM: Done,[]
114,EQ ID 114,"Cartoner, 822, Econoseal E-System 2000 #2",Soap Dispenser Assembly,7300,"Inspect all cylinders, flow controller, and its sensors for tightness and proper operation;

Check all safeties and E-stops for proper operation",Closed and Completed,10/20/2023,PU,0.50,0.00,0.00,10/25/2023,Primo Uy - 10/25/23 12:05:29 PM: Done,[]
114,EQ ID 114,"Cartoner, 822, Econoseal E-System 2000 #2",Soap Dispenser Assembly,7797,"Inspect all cylinders, flow controller, and its sensors for tightness and proper operation;

Check all safeties and E-stops for proper operation",Closed and Completed,11/25/2023,PU,0.50,0.00,0.00,11/22/2023,Primo Uy - 11/27/23 11:42:29 AM: Done,[]
114,EQ ID 114,"Cartoner, 822, Econoseal E-System 2000 #2",Soap Dispenser Assembly,7777,"(1) Inspect both vacuum filters (one per arm);
(2) Clean Vacuum System by applying reverse air pressure through     the system.
(3) Check and change filter if needed
(2) Tighten hardware",Closed and Completed,11/24/2023,PU,0.50,0.00,0.00,11/22/2023,Primo Uy - 11/27/23 11:40:29 AM: Done,[]
114,EQ ID 114,"Cartoner, 822, Econoseal E-System 2000 #2",Soap Dispenser Assembly,8146,"(1) Inspect both vacuum filters (one per arm);
(2) Clean Vacuum System by applying reverse air pressure through     the system.
(3) Check and change filter if needed
(2) Tighten hardware",Closed and Completed,12/27/2023,PU,0.50,0.00,0.00,12/22/2023,Primo Uy - 12/22/23 10:59:29 AM: Done,[]
114,EQ ID 114,"Cartoner, 822, Econoseal E-System 2000 #2",Soap Dispenser Assembly,8148,"Inspect all cylinders, flow controller, and its sensors for tightness and proper operation;

Check all safeties and E-stops for proper operation",Closed and Completed,12/27/2023,PU,0.50,0.00,0.00,12/22/2023,Primo Uy - 12/22/23 11:00:14 AM: Done,[]
114,EQ ID 114,"Cartoner, 822, Econoseal E-System 2000 #2",Soap Dispenser Assembly,9447,"Inspect all cylinders, flow controller, and its sensors for tightness and proper operation;

Check all safeties and E-stops for proper operation",Closed and Completed,1/22/2024,PU,0.50,0.00,0.00,1/22/2024,,[]
114,EQ ID 114,"Cartoner, 822, Econoseal E-System 2000 #2",Soap Dispenser Assembly,9446,"(1) Inspect both vacuum filters (one per arm);
(2) Clean Vacuum System by applying reverse air pressure through     the system.
(3) Check and change filter if needed
(2) Tighten hardware",Closed and Completed,1/22/2024,PU,0.00,0.00,0.00,1/22/2024,Primo Uy - 01/29/24  7:36:16 AM: Done,[]
114,EQ ID 114,"Cartoner, 822, Econoseal E-System 2000 #2",Soap Dispenser Assembly,10136,"(1) Inspect both vacuum filters (one per arm);
(2) Clean Vacuum System by applying reverse air pressure through     the system.
(3) Check and change filter if needed
(2) Tighten hardware",Closed and Completed,2/29/2024,PU,0.00,0.00,0.00,2/29/2024,Primo Uy - 02/29/24 10:09:49 AM: DONE,[]
114,EQ ID 114,"Cartoner, 822, Econoseal E-System 2000 #2",Soap Dispenser Assembly,10134,"Inspect all cylinders, flow controller, and its sensors for tightness and proper operation;

Check all safeties and E-stops for proper operation",Closed and Completed,2/29/2024,PU,0.50,0.00,0.00,2/29/2024,Primo Uy - 02/29/24 10:10:32 AM: Done,[]
114,EQ ID 114,"Cartoner, 822, Econoseal E-System 2000 #2",Soap Dispenser Assembly,10583,"Inspect all cylinders, flow controller, and its sensors for tightness and proper operation;

Check all safeties and E-stops for proper operation",Closed and Completed,3/29/2024,PU,0.50,0.00,0.00,3/29/2024,Primo Uy - 04/03/24  3:12:46 PM: Done,[]
114,EQ ID 114,"Cartoner, 822, Econoseal E-System 2000 #2",Soap Dispenser Assembly,10582,"(1) Inspect both vacuum filters (one per arm);
(2) Clean Vacuum System by applying reverse air pressure through     the system.
(3) Check and change filter if needed
(2) Tighten hardware",Closed and Completed,3/29/2024,PU,0.50,0.00,0.00,3/29/2024,Primo Uy - 04/03/24  3:14:33 PM: Done,[]
114,EQ ID 114,"Cartoner, 822, Econoseal E-System 2000 #2",Soap Dispenser Assembly,7682,Lubricate bearing on vacuum arm shaft,Closed and Completed,4/16/2024,PU,0.20,0.00,0.00,4/16/2024,Primo Uy - 04/17/24  8:05:51 AM: Done,[]
114,EQ ID 114,"Cartoner, 822, Econoseal E-System 2000 #2",Soap Dispenser Assembly,7683,"Replace Vacuum Cups
Clean Vacuum filter and vacuum lines",Closed and Completed,4/16/2024,PU,0.50,0.20,0.00,4/16/2024,Primo Uy - 04/17/24  8:06:43 AM: Done,[]
114,EQ ID 114,"Cartoner, 822, Econoseal E-System 2000 #2",Soap Dispenser Assembly,10932,"(1) Inspect both vacuum filters (one per arm);
(2) Clean Vacuum System by applying reverse air pressure through     the system.
(3) Check and change filter if needed
(2) Tighten hardware",Closed and Completed,5/3/2024,PU,0.45,0.00,0.00,5/9/2024,Primo Uy - 05/09/24  7:34:44 AM: Done,[]
114,EQ ID 114,"Cartoner, 822, Econoseal E-System 2000 #2",Soap Dispenser Assembly,10930,"Inspect all cylinders, flow controller, and its sensors for tightness and proper operation;

Check all safeties and E-stops for proper operation",Closed and Completed,5/3/2024,PU,0.50,0.00,0.00,5/9/2024,Primo Uy - 05/09/24  7:35:13 AM: Done,[]
114,EQ ID 114,"Cartoner, 822, Econoseal E-System 2000 #2",Soap Dispenser Assembly,11602,"Inspect all cylinders, flow controller, and its sensors for tightness and proper operation;

Check all safeties and E-stops for proper operation",Closed and Completed,6/9/2024,PU,0.50,0.00,0.00,6/10/2024,Primo Uy - 06/24/24 12:05:48 PM: Done,[]
114,EQ ID 114,"Cartoner, 822, Econoseal E-System 2000 #2",Soap Dispenser Assembly,11600,"(1) Inspect both vacuum filters (one per arm);
(2) Clean Vacuum System by applying reverse air pressure through     the system.
(3) Check and change filter if needed
(2) Tighten hardware",Closed and Completed,6/9/2024,PU,0.00,0.00,0.00,6/10/2024,Primo Uy - 06/24/24 12:05:01 PM: Done,[]
114,EQ ID 114,"Cartoner, 822, Econoseal E-System 2000 #2",Soap Dispenser Assembly,12195,"(1) Inspect both vacuum filters (one per arm);
(2) Clean Vacuum System by applying reverse air pressure through     the system.
(3) Check and change filter if needed
(2) Tighten hardware",Closed and Completed,7/24/2024,PU,0.50,0.00,0.00,7/24/2024,,[]
114,EQ ID 114,"Cartoner, 822, Econoseal E-System 2000 #2",Soap Dispenser Assembly,12196,"Inspect all cylinders, flow controller, and its sensors for tightness and proper operation;

Check all safeties and E-stops for proper operation",Closed and Completed,7/24/2024,PU,0.50,0.00,0.00,7/24/2024,Primo Uy - 07/24/24  9:31:06 AM: Done.,[]
114,EQ ID 114,"Cartoner, 822, Econoseal E-System 2000 #2",Soap Dispenser Assembly,12515,"Inspect all cylinders, flow controller, and its sensors for tightness and proper operation;

Check all safeties and E-stops for proper operation",Closed and Completed,8/24/2024,PU & Max,0.50,0.00,0.00,8/27/2024,Primo Uy - 08/28/24  9:15:34 AM: Done. Show to Max how to do the PM.,[]
114,EQ ID 114,"Cartoner, 822, Econoseal E-System 2000 #2",Soap Dispenser Assembly,12514,"(1) Inspect both vacuum filters (one per arm);
(2) Clean Vacuum System by applying reverse air pressure through     the system.
(3) Check and change filter if needed
(2) Tighten hardware",Closed and Completed,8/24/2024,PU & MB,5.00,0.00,0.00,8/27/2024,Primo Uy - 08/28/24  9:13:55 AM: Done. Show Max how to do the PM.,[]
114,EQ ID 114,"Cartoner, 822, Econoseal E-System 2000 #2",Soap Dispenser Assembly,12910,"(1) Inspect both vacuum filters (one per arm);
(2) Clean Vacuum System by applying reverse air pressure through     the system.
(3) Check and change filter if needed
(2) Tighten hardware",Closed and Completed,9/28/2024,PU,0.50,0.00,0.00,9/30/2024,Primo Uy - 10/07/24 12:29:19 PM: Done,[]
114,EQ ID 114,"Cartoner, 822, Econoseal E-System 2000 #2",Soap Dispenser Assembly,12911,"Inspect all cylinders, flow controller, and its sensors for tightness and proper operation;

Check all safeties and E-stops for proper operation",Closed and Completed,9/28/2024,PU,0.50,0.00,0.00,10/7/2024,Primo Uy - 10/07/24 12:27:14 PM: Done,[]
114,EQ ID 114,"Cartoner, 822, Econoseal E-System 2000 #2",Soap Dispenser Assembly,11339,Lubricate bearing on vacuum arm shaft,Closed and Completed,10/17/2024,PU,0.20,0.00,0.00,10/17/2024,"Primo Uy - 10/18/24  1:10:36 PM: Done, use the blue color grease.",[]
114,EQ ID 114,"Cartoner, 822, Econoseal E-System 2000 #2",Soap Dispenser Assembly,11340,"Replace Vacuum Cups
Clean Vacuum filter and vacuum lines",Closed and Completed,10/17/2024,PU,0.00,0.00,0.00,10/17/2024,Primo Uy - 10/18/24  1:09:13 PM: Done,[]
114,EQ ID 114,"Cartoner, 822, Econoseal E-System 2000 #2",Soap Dispenser Assembly,13305,"(1) Inspect both vacuum filters (one per arm);
(2) Clean Vacuum System by applying reverse air pressure through     the system.
(3) Check and change filter if needed
(2) Tighten hardware",Closed and Completed,11/7/2024,PU,1.00,0.00,0.00,11/7/2024,Primo Uy - 11/11/24 12:46:42 PM: Done,[]
114,EQ ID 114,"Cartoner, 822, Econoseal E-System 2000 #2",Soap Dispenser Assembly,13302,"Inspect all cylinders, flow controller, and its sensors for tightness and proper operation;

Check all safeties and E-stops for proper operation",Closed and Completed,11/7/2024,PU,0.50,0.00,0.00,11/7/2024,Primo Uy - 11/11/24 12:47:26 PM: Done,[]
114,EQ ID 114,"Cartoner, 822, Econoseal E-System 2000 #2",Soap Dispenser Assembly,13774,"Inspect all cylinders, flow controller, and its sensors for tightness and proper operation;

Check all safeties and E-stops for proper operation",Closed and Completed,12/11/2024,PU,0.25,0.00,0.00,12/12/2024,Primo Uy - 12/13/24  8:05:36 AM: Done,[]
114,EQ ID 114,"Cartoner, 822, Econoseal E-System 2000 #2",Soap Dispenser Assembly,13773,"(1) Inspect both vacuum filters (one per arm);
(2) Clean Vacuum System by applying reverse air pressure through     the system.
(3) Check and change filter if needed
(2) Tighten hardware",Closed and Completed,12/11/2024,PU,1.00,0.00,0.00,12/13/2024,Primo Uy - 12/13/24  8:04:48 AM: Done,[]
114,EQ ID 114,"Cartoner, 822, Econoseal E-System 2000 #2",Soap Dispenser Assembly,14083,"(1) Inspect both vacuum filters (one per arm);
(2) Clean Vacuum System by applying reverse air pressure through     the system.
(3) Check and change filter if needed
(2) Tighten hardware",Closed and Completed,1/13/2025,PU,0.50,0.00,0.00,1/13/2025,Primo Uy - 01/14/25  8:17:43 AM: Done,[]
114,EQ ID 114,"Cartoner, 822, Econoseal E-System 2000 #2",Soap Dispenser Assembly,14084,"Inspect all cylinders, flow controller, and its sensors for tightness and proper operation;

Check all safeties and E-stops for proper operation",Closed and Completed,1/13/2025,PU,0.50,0.00,0.00,1/13/2025,Primo Uy - 01/14/25  8:18:29 AM: Done,[]
114,EQ ID 114,"Cartoner, 822, Econoseal E-System 2000 #2",Soap Dispenser Assembly,14356,"Inspect all cylinders, flow controller, and its sensors for tightness and proper operation;

Check all safeties and E-stops for proper operation",Closed and Completed,2/14/2025,PU,0.20,0.00,0.00,2/14/2025,Primo Uy - 02/19/25  8:27:02 AM: Done,[]
114,EQ ID 114,"Cartoner, 822, Econoseal E-System 2000 #2",Soap Dispenser Assembly,14355,"(1) Inspect both vacuum filters (one per arm);
(2) Clean Vacuum System by applying reverse air pressure through     the system.
(3) Check and change filter if needed
(2) Tighten hardware",Closed and Completed,2/14/2025,PU,0.50,0.00,0.00,2/14/2025,Primo Uy - 02/19/25  8:23:33 AM: Done,[]
114,EQ ID 114,"Cartoner, 822, Econoseal E-System 2000 #2",Soap Dispenser Assembly,14756,"(1) Inspect both vacuum filters (one per arm);
(2) Clean Vacuum System by applying reverse air pressure through     the system.
(3) Check and change filter if needed
(2) Tighten hardware",Closed and Completed,3/19/2025,PU,0.50,0.00,0.00,3/19/2025,Primo Uy - 03/19/25  9:04:13 AM: Done,[]
114,EQ ID 114,"Cartoner, 822, Econoseal E-System 2000 #2",Soap Dispenser Assembly,14757,"Inspect all cylinders, flow controller, and its sensors for tightness and proper operation;

Check all safeties and E-stops for proper operation",Closed and Completed,3/19/2025,PU,0.35,0.00,0.00,3/19/2025,Primo Uy - 03/19/25  9:05:06 AM: Done,[]
114,EQ ID 114,"Cartoner, 822, Econoseal E-System 2000 #2",Soap Dispenser Assembly,13457,Lubricate bearing on vacuum arm shaft,Closed and Completed,4/18/2025,PU,0.25,0.00,0.00,4/18/2025,Primo Uy - 05/01/25  6:40:45 AM: Done,[]
114,EQ ID 114,"Cartoner, 822, Econoseal E-System 2000 #2",Soap Dispenser Assembly,13456,"Replace Vacuum Cups
Clean Vacuum filter and vacuum lines",Closed and Completed,4/18/2025,PU,0.35,0.00,0.00,4/18/2025,Primo Uy - 05/01/25  6:40:06 AM: Done,[]
114,EQ ID 114,"Cartoner, 822, Econoseal E-System 2000 #2",Soap Dispenser Assembly,15105,"(1) Inspect both vacuum filters (one per arm);
(2) Clean Vacuum System by applying reverse air pressure through     the system.
(3) Check and change filter if needed
(2) Tighten hardware",Closed and Completed,4/19/2025,PU,0.50,0.00,0.00,4/21/2025,Primo Uy - 05/01/25  6:35:51 AM: Done,[]
114,EQ ID 114,"Cartoner, 822, Econoseal E-System 2000 #2",Soap Dispenser Assembly,15106,"Inspect all cylinders, flow controller, and its sensors for tightness and proper operation;

Check all safeties and E-stops for proper operation",Closed and Completed,4/19/2025,PU,0.35,0.00,0.00,4/21/2025,Primo Uy - 05/01/25  6:50:15 AM: Done,[]
114,EQ ID 114,"Cartoner, 822, Econoseal E-System 2000 #2",Soap Dispenser Assembly,15602,"Inspect all cylinders, flow controller, and its sensors for tightness and proper operation;

Check all safeties and E-stops for proper operation",Closed and Completed,6/1/2025,PU,0.50,0.00,0.00,6/2/2025,Primo Uy - 06/05/25 12:27:14 PM: Done,[]
114,EQ ID 114,"Cartoner, 822, Econoseal E-System 2000 #2",Soap Dispenser Assembly,15579,"(1) Inspect both vacuum filters (one per arm);
(2) Clean Vacuum System by applying reverse air pressure through     the system.
(3) Check and change filter if needed
(2) Tighten hardware",Closed and Completed,6/1/2025,PU,1.00,0.00,0.00,6/2/2025,Primo Uy - 06/05/25 12:26:32 PM: Done,[]
114,EQ ID 114,"Cartoner, 822, Econoseal E-System 2000 #2",Soap Dispenser Assembly,15986,"Inspect all cylinders, flow controller, and its sensors for tightness and proper operation;

Check all safeties and E-stops for proper operation",Closed and Completed,7/5/2025,PU,0.50,0.00,0.00,7/3/2025,Primo Uy - 07/11/25  2:06:06 PM: Done,[]
114,EQ ID 114,"Cartoner, 822, Econoseal E-System 2000 #2",Soap Dispenser Assembly,15985,"(1) Inspect both vacuum filters (one per arm);
(2) Clean Vacuum System by applying reverse air pressure through     the system.
(3) Check and change filter if needed
(2) Tighten hardware",Closed and Completed,7/5/2025,PU,1.00,0.00,0.00,7/4/2025,Primo Uy - 07/11/25  2:04:55 PM: Done,[]
114,EQ ID 114,"Cartoner, 822, Econoseal E-System 2000 #2",Soap Dispenser Assembly,16370,"(1) Inspect both vacuum filters (one per arm);
(2) Clean Vacuum System by applying reverse air pressure through     the system.
(3) Check and change filter if needed
(2) Tighten hardware",Closed and Completed,8/11/2025,PU,0.00,0.00,0.00,8/11/2025,Primo Uy - 09/02/25 12:10:45 PM: Done,[]
114,EQ ID 114,"Cartoner, 822, Econoseal E-System 2000 #2",Soap Dispenser Assembly,16371,"Inspect all cylinders, flow controller, and its sensors for tightness and proper operation;

Check all safeties and E-stops for proper operation",Closed and Completed,8/11/2025,PU,0.50,0.00,0.00,8/11/2025,Primo Uy - 09/02/25 12:11:23 PM: Done,[]
114,EQ ID 114,"Cartoner, 822, Econoseal E-System 2000 #2",Soap Dispenser Assembly,16880,"Inspect all cylinders, flow controller, and its sensors for tightness and proper operation;

Check all safeties and E-stops for proper operation",Closed and Completed,10/2/2025,PU,0.50,0.00,0.00,9/30/2025,Primo Uy - 10/08/25  9:58:56 AM: Done,[]
114,EQ ID 114,"Cartoner, 822, Econoseal E-System 2000 #2",Soap Dispenser Assembly,16878,"(1) Inspect both vacuum filters (one per arm);
(2) Clean Vacuum System by applying reverse air pressure through     the system.
(3) Check and change filter if needed
(2) Tighten hardware",Closed and Completed,10/2/2025,PU,0.50,0.00,0.00,9/30/2025,Primo Uy - 10/08/25  9:58:07 AM: Done,[]
114,EQ ID 114,"Cartoner, 822, Econoseal E-System 2000 #2",Soap Dispenser Assembly,15587,Lubricate bearing on vacuum arm shaft,Closed and Completed,11/1/2025,PU,0.20,0.00,0.00,10/31/2025,Primo Uy - 11/12/25 10:16:02 AM: Done,[]
114,EQ ID 114,"Cartoner, 822, Econoseal E-System 2000 #2",Soap Dispenser Assembly,15586,"Replace Vacuum Cups
Clean Vacuum filter and vacuum lines",Closed and Completed,11/1/2025,PU,0.50,0.00,0.00,10/31/2025,Primo Uy - 11/12/25 10:15:24 AM: Done,[]
114,EQ ID 114,"Cartoner, 822, Econoseal E-System 2000 #2",Soap Dispenser Assembly,17201,"(1) Inspect both vacuum filters (one per arm);
(2) Clean Vacuum System by applying reverse air pressure through     the system.
(3) Check and change filter if needed
(2) Tighten hardware",Closed and Completed,11/8/2025,PU,0.50,0.00,0.00,11/10/2025,Primo Uy - 11/12/25 10:41:44 AM: Done,[]
114,EQ ID 114,"Cartoner, 822, Econoseal E-System 2000 #2",Soap Dispenser Assembly,17202,"Inspect all cylinders, flow controller, and its sensors for tightness and proper operation;

Check all safeties and E-stops for proper operation",Closed and Completed,11/8/2025,PU,0.50,0.00,0.00,11/10/2025,Primo Uy - 11/12/25 10:42:19 AM: Done,[]
114,EQ ID 114,"Cartoner, 822, Econoseal E-System 2000 #2",Soap Dispenser Assembly,17688,"Inspect all cylinders, flow controller, and its sensors for tightness and proper operation;

Check all safeties and E-stops for proper operation",Closed and Completed,12/12/2025,PU,0.50,0.00,0.00,12/12/2025,Primo Uy - 12/15/25  1:26:45 PM: Replace 3 solenoid valve and install pressure valve for all 3 stations.,[]
114,EQ ID 114,"Cartoner, 822, Econoseal E-System 2000 #2",Soap Dispenser Assembly,17687,"(1) Inspect both vacuum filters (one per arm);
(2) Clean Vacuum System by applying reverse air pressure through     the system.
(3) Check and change filter if needed
(2) Tighten hardware",Closed and Completed,12/12/2025,PU,0.50,0.00,0.00,12/12/2025,Primo Uy - 12/15/25  1:23:55 PM: Done,[]
114,EQ ID 114,"Cartoner, 822, Econoseal E-System 2000 #2",Soap Dispenser Assembly,17956,"(1) Inspect both vacuum filters (one per arm);
(2) Clean Vacuum System by applying reverse air pressure through     the system.
(3) Check and change filter if needed
(2) Tighten hardware",Closed and Completed,1/15/2026,PU,0.50,0.00,0.00,1/15/2026,Primo Uy - 01/21/26  8:16:06 AM: Done,[]
114,EQ ID 114,"Cartoner, 822, Econoseal E-System 2000 #2",Soap Dispenser Assembly,17958,"Inspect all cylinders, flow controller, and its sensors for tightness and proper operation;

Check all safeties and E-stops for proper operation",Closed and Completed,1/15/2026,PU,0.50,0.00,0.00,1/15/2026,Primo Uy - 01/21/26  8:14:44 AM: Done,[]
114,EQ ID 114,"Cartoner, 822, Econoseal E-System 2000 #2",Soap Dispenser Assembly,18261,"(1) Inspect both vacuum filters (one per arm);
(2) Clean Vacuum System by applying reverse air pressure through     the system.
(3) Check and change filter if needed
(2) Tighten hardware",Closed and Completed,2/21/2026,PU,0.00,0.00,0.00,2/20/2026,"Primo Uy - 03/12/26 12:39:44 PM: . Heater not working, Down .waiting for the Encoder.",[]
114,EQ ID 114,"Cartoner, 822, Econoseal E-System 2000 #2",Soap Dispenser Assembly,18259,"Inspect all cylinders, flow controller, and its sensors for tightness and proper operation;

Check all safeties and E-stops for proper operation",Closed and Completed,2/21/2026,PU,0.00,0.00,0.00,3/12/2026,Primo Uy - 03/12/26 12:36:56 PM: Machine is down and still checking on the issues,[]
114,EQ ID 114,"Cartoner, 822, Econoseal E-System 2000 #2",Soap Dispenser Assembly,18729,"(1) Inspect both vacuum filters (one per arm);
(2) Clean Vacuum System by applying reverse air pressure through     the system.
(3) Check and change filter if needed
(2) Tighten hardware",Closed and Completed,4/12/2026,PU,1.00,0.00,0.00,4/10/2026,Primo Uy - 04/14/26  9:48:36 AM: Encoder need to be set up,[]
114,EQ ID 114,"Cartoner, 822, Econoseal E-System 2000 #2",Soap Dispenser Assembly,18727,"Inspect all cylinders, flow controller, and its sensors for tightness and proper operation;

Check all safeties and E-stops for proper operation",Closed and Completed,4/12/2026,PU,0.50,0.00,0.00,4/13/2026,Primo Uy - 04/14/26  9:47:36 AM: Done,[]
114,EQ ID 114,"Cartoner, 822, Econoseal E-System 2000 #2",Soap Dispenser Assembly,17667,Lubricate bearing on vacuum arm shaft,Closed and Completed,5/12/2026,PU,0.35,0.00,0.00,5/12/2026,Primo Uy - 05/15/26  9:00:38 AM: Done. Use the grease gun to add lubricant and clean.,[]
114,EQ ID 114,"Cartoner, 822, Econoseal E-System 2000 #2",Soap Dispenser Assembly,17666,"Replace Vacuum Cups
Clean Vacuum filter and vacuum lines",Closed and Completed,5/12/2026,PU,0.50,0.00,0.00,5/12/2026,Primo Uy - 05/15/26  8:59:21 AM: Done.,[]
114,EQ ID 114,"Cartoner, 822, Econoseal E-System 2000 #2",Soap Dispenser Assembly,19101,"(1) Inspect both vacuum filters (one per arm);
(2) Clean Vacuum System by applying reverse air pressure through     the system.
(3) Check and change filter if needed
(2) Tighten hardware",Closed and Completed,5/14/2026,PU,0.50,0.00,0.00,5/14/2026,Primo Uy - 06/09/26 11:51:39 AM: Done,[]
114,EQ ID 114,"Cartoner, 822, Econoseal E-System 2000 #2",Soap Dispenser Assembly,19100,"Inspect all cylinders, flow controller, and its sensors for tightness and proper operation;

Check all safeties and E-stops for proper operation",Closed and Completed,5/14/2026,PU,0.50,0.00,0.00,5/14/2026,Primo Uy - 06/09/26 11:52:19 AM: Done,[]
114,EQ ID 114,"Cartoner, 822, Econoseal E-System 2000 #2",Soap Dispenser Assembly,19765,"Inspect all cylinders, flow controller, and its sensors for tightness and proper operation;

Check all safeties and E-stops for proper operation",Closed and Completed,7/9/2026,PU,0.50,0.00,0.00,7/9/2026,Primo Uy - 08/03/26 11:58:54 AM: Done,[]
114,EQ ID 114,"Cartoner, 822, Econoseal E-System 2000 #2",Soap Dispenser Assembly,19764,"(1) Inspect both vacuum filters (one per arm);
(2) Clean Vacuum System by applying reverse air pressure through     the system.
(3) Check and change filter if needed
(2) Tighten hardware",Closed and Completed,7/9/2026,PU,1.00,0.00,0.00,7/9/2026,Primo Uy - 08/03/26 11:58:09 AM: Done,[]
2079,EQ ID 2079,Autosoap Branko Tester,Soap Dispenser Assembly,1013,Gasket and o-rings,Closed and Completed,9/18/2022,PU,0.20,0.00,0.00,9/2/2022,,[]
2079,EQ ID 2079,Autosoap Branko Tester,Soap Dispenser Assembly,2830,Gasket and o-rings,Closed and Completed,4/13/2023,PU,0.20,0.00,0.00,4/12/2023,Primo Uy - 04/12/23  7:50:57 AM: Done,[]
2079,EQ ID 2079,Autosoap Branko Tester,Soap Dispenser Assembly,5245,Gasket and o-rings,Closed and Completed,10/12/2023,PU,0.20,0.00,0.00,10/11/2023,Primo Uy - 10/12/23  7:31:31 AM: Done,[]
2079,EQ ID 2079,Autosoap Branko Tester,Soap Dispenser Assembly,7604,Gasket and o-rings,Closed without Action,4/12/2024,PU,0.00,0.00,0.00,4/12/2024,Primo Uy - 04/12/24  1:08:12 PM: SCrap,[]
2079,EQ ID 2079,Autosoap Branko Tester,Soap Dispenser Assembly,11118,Gasket and o-rings,Closed and Completed,10/12/2024,PU,0.20,0.00,0.00,10/14/2024,Primo Uy - 10/18/24  7:18:49 AM: Done,[]
2079,EQ ID 2079,Autosoap Branko Tester,Soap Dispenser Assembly,13435,Gasket and o-rings,Closed and Completed,4/18/2025,PU,0.20,0.00,0.00,4/18/2025,Primo Uy - 04/22/25  9:58:18 AM: Done,[]
2079,EQ ID 2079,Autosoap Branko Tester,Soap Dispenser Assembly,15464,Gasket and o-rings,Closed and Completed,10/22/2025,PU,0.20,0.00,0.00,10/22/2025,Primo Uy - 10/27/25  8:43:38 AM: Done,[]
2079,EQ ID 2079,Autosoap Branko Tester,Soap Dispenser Assembly,17469,Gasket and o-rings,Closed without Action,4/27/2026,PU,0.00,0.00,0.00,4/27/2026,Primo Uy - 04/29/26  1:10:42 PM: Not on line,[]
14,EQ ID 14,822 Spout Assembly Machine #1,Soap Dispenser Assembly,10,"(1) Check all air tubes for damage & leaks (replace as needed);
(2) lubricate moving parts;
(3) Check and tighten all screws",Closed and Completed,3/18/2023,Primo,-1.00,0.00,0.00,4/6/2022,Primo Uy - 04/06/22  7:56:35 AM: Done.,[]
14,EQ ID 14,822 Spout Assembly Machine #1,Soap Dispenser Assembly,9,Clean inside and lightly grease outside of Collet and Collet closer,Closed and Completed,6/18/2022,PU,1.00,0.00,0.00,6/1/2022,Primo Uy - 06/01/22  7:15:50 AM: Done.,[]
14,EQ ID 14,822 Spout Assembly Machine #1,Soap Dispenser Assembly,8,Check collet and collet stopper (adjust/replace as needed),Closed and Completed,9/18/2022,PU,0.20,0.00,0.00,9/1/2022,Primo Uy - 09/01/22 12:01:24 PM: Done,[]
14,EQ ID 14,822 Spout Assembly Machine #1,Soap Dispenser Assembly,2585,Clean inside and lightly grease outside of Collet and Collet closer,Closed and Completed,1/13/2023,PU,0.35,0.00,0.00,1/12/2023,Primo Uy - 01/12/23  7:24:54 AM: Done,[]
14,EQ ID 14,822 Spout Assembly Machine #1,Soap Dispenser Assembly,2584,Check collet and collet stopper (adjust/replace as needed),Closed and Completed,4/13/2023,PU,0.50,0.00,0.00,4/11/2023,Primo Uy - 04/12/23  8:00:46 AM: Done,[]
14,EQ ID 14,822 Spout Assembly Machine #1,Soap Dispenser Assembly,3921,Clean inside and lightly grease outside of Collet and Collet closer,Closed and Completed,4/12/2023,PU,0.20,0.00,0.00,4/12/2023,Primo Uy - 04/12/23  7:43:32 AM: Done,[]
14,EQ ID 14,822 Spout Assembly Machine #1,Soap Dispenser Assembly,5232,Clean inside and lightly grease outside of Collet and Collet closer,Closed and Completed,7/12/2023,PU,0.20,0.00,0.00,7/12/2023,Primo Uy - 07/19/23  8:53:46 AM: Done,[]
14,EQ ID 14,822 Spout Assembly Machine #1,Soap Dispenser Assembly,5256,Check collet and collet stopper (adjust/replace as needed),Closed and Completed,10/12/2023,PU,0.20,0.00,0.00,10/11/2023,Primo Uy - 10/12/23  7:42:32 AM: Done,[]
14,EQ ID 14,822 Spout Assembly Machine #1,Soap Dispenser Assembly,2586,"(1) Check all air tubes for damage & leaks (replace as needed);
(2) lubricate moving parts;
(3) Check and tighten all screws",Closed and Completed,10/13/2023,PU,0.40,0.00,0.00,10/13/2023,Primo Uy - 10/16/23  7:21:10 AM: Done,[]
14,EQ ID 14,822 Spout Assembly Machine #1,Soap Dispenser Assembly,6508,Clean inside and lightly grease outside of Collet and Collet closer,Closed and Completed,10/19/2023,PU,1.00,0.00,0.00,10/20/2023,Primo Uy - 10/24/23  7:10:13 AM: Done.,[]
14,EQ ID 14,822 Spout Assembly Machine #1,Soap Dispenser Assembly,7772,Clean inside and lightly grease outside of Collet and Collet closer,Closed and Completed,1/24/2024,PU,0.50,0.00,0.00,1/24/2024,Primo Uy - 01/29/24  7:39:23 AM: Done,[]
14,EQ ID 14,822 Spout Assembly Machine #1,Soap Dispenser Assembly,7619,Check collet and collet stopper (adjust/replace as needed),Closed and Completed,4/12/2024,PU,0.20,0.00,0.00,4/12/2024,Primo Uy - 04/12/24  1:07:34 PM: Done,[]
14,EQ ID 14,822 Spout Assembly Machine #1,Soap Dispenser Assembly,10140,Clean inside and lightly grease outside of Collet and Collet closer,Closed and Completed,4/29/2024,PU,0.50,0.00,0.00,4/29/2024,Primo Uy - 05/01/24  8:09:06 AM: Done,[]
14,EQ ID 14,822 Spout Assembly Machine #1,Soap Dispenser Assembly,11486,Clean inside and lightly grease outside of Collet and Collet closer,Closed and Completed,8/1/2024,PU,0.20,0.00,0.00,7/1/2024,Primo Uy - 08/05/24 10:25:17 AM: Done,[]
14,EQ ID 14,822 Spout Assembly Machine #1,Soap Dispenser Assembly,7655,"(1) Check all air tubes for damage & leaks (replace as needed);
(2) lubricate moving parts;
(3) Check and tighten all screws",Closed and Completed,10/16/2024,PU,0.35,0.00,0.00,10/10/2024,Primo Uy - 10/18/24  1:03:17 PM: Done,[]
14,EQ ID 14,822 Spout Assembly Machine #1,Soap Dispenser Assembly,11117,Check collet and collet stopper (adjust/replace as needed),Closed and Completed,10/12/2024,PU,0.20,0.00,0.00,10/14/2024,Primo Uy - 10/18/24  7:30:27 AM: Done,[]
14,EQ ID 14,822 Spout Assembly Machine #1,Soap Dispenser Assembly,12635,Clean inside and lightly grease outside of Collet and Collet closer,Closed and Completed,11/5/2024,PU,0.50,0.00,0.00,11/4/2024,Primo Uy - 11/11/24 12:44:10 PM: Done,[]
14,EQ ID 14,822 Spout Assembly Machine #1,Soap Dispenser Assembly,13769,Clean inside and lightly grease outside of Collet and Collet closer,Closed and Completed,2/11/2025,PU,0.50,0.00,0.00,2/11/2025,Primo Uy - 02/19/25  8:18:30 AM: Done,[]
14,EQ ID 14,822 Spout Assembly Machine #1,Soap Dispenser Assembly,13443,Check collet and collet stopper (adjust/replace as needed),Closed and Completed,4/18/2025,PU,0.20,0.00,0.00,4/18/2025,Primo Uy - 05/01/25  6:31:50 AM: Done,[]
14,EQ ID 14,822 Spout Assembly Machine #1,Soap Dispenser Assembly,14749,Clean inside and lightly grease outside of Collet and Collet closer,Closed and Completed,5/19/2025,PU,0.50,0.00,0.00,5/19/2025,Primo Uy - 06/05/25 12:21:52 PM: Done,[]
14,EQ ID 14,822 Spout Assembly Machine #1,Soap Dispenser Assembly,15981,Clean inside and lightly grease outside of Collet and Collet closer,Closed and Completed,9/5/2025,PU,0.20,0.00,0.00,9/5/2025,Primo Uy - 09/05/25  8:25:01 AM: Done,[]
14,EQ ID 14,822 Spout Assembly Machine #1,Soap Dispenser Assembly,13449,"(1) Check all air tubes for damage & leaks (replace as needed);
(2) lubricate moving parts;
(3) Check and tighten all screws",Closed and Completed,10/18/2025,PU,0.35,0.00,0.00,10/17/2025,Primo Uy - 10/27/25  8:41:10 AM: Done.,[]
14,EQ ID 14,822 Spout Assembly Machine #1,Soap Dispenser Assembly,15574,Check collet and collet stopper (adjust/replace as needed),Closed and Completed,11/1/2025,PU,0.20,0.00,0.00,11/3/2025,Primo Uy - 11/12/25 10:10:12 AM: Done,[]
14,EQ ID 14,822 Spout Assembly Machine #1,Soap Dispenser Assembly,16918,Clean inside and lightly grease outside of Collet and Collet closer,Closed and Completed,12/5/2025,PU,0.50,0.00,0.00,12/5/2025,Primo Uy - 12/09/25  1:52:29 PM: Done,[]
14,EQ ID 14,822 Spout Assembly Machine #1,Soap Dispenser Assembly,17880,Clean inside and lightly grease outside of Collet and Collet closer,Closed and Completed,3/9/2026,PU,0.50,0.00,0.00,3/9/2026,Primo Uy - 03/12/26 12:33:12 PM: Done,[]
14,EQ ID 14,822 Spout Assembly Machine #1,Soap Dispenser Assembly,17659,Check collet and collet stopper (adjust/replace as needed),Closed and Completed,5/12/2026,PU,0.20,0.00,0.00,5/12/2026,Primo Uy - 05/15/26  8:52:28 AM: Done,[]
14,EQ ID 14,822 Spout Assembly Machine #1,Soap Dispenser Assembly,18724,Clean inside and lightly grease outside of Collet and Collet closer,Closed and Completed,6/12/2026,PU,0.00,0.00,0.00,6/18/2026,Primo Uy - 06/18/26 11:49:58 AM: Done.  Clean collet inside n out. applied white Grease.,[]
16,EQ ID 16,4112 Pump Testing Machine,Soap Dispenser Assembly,11,"Replace O-Rings
 Replace water filter;
 Lubricate all moving parts",Closed and Completed,6/18/2022,PU,0.50,0.00,0.00,5/31/2022,Primo Uy - 05/31/22  7:42:15 AM: Done,[]
16,EQ ID 16,4112 Pump Testing Machine,Soap Dispenser Assembly,2587,"Replace O-Rings
 Replace water filter;
 Lubricate all moving parts",Closed and Completed,1/13/2023,PU,0.35,0.00,0.00,1/12/2023,Primo Uy - 01/12/23  7:26:32 AM: Done.,[]
16,EQ ID 16,4112 Pump Testing Machine,Soap Dispenser Assembly,3923,"Replace O-Rings
 Replace water filter;
 Lubricate all moving parts",Closed and Completed,4/12/2023,PU,0.35,0.00,0.00,4/12/2023,Primo Uy - 04/12/23  7:45:46 AM: Done,[]
16,EQ ID 16,4112 Pump Testing Machine,Soap Dispenser Assembly,5234,"Replace O-Rings
 Replace water filter;
 Lubricate all moving parts",Closed without Action,7/12/2023,PU,0.00,0.00,0.00,7/12/2023,Primo Uy - 07/19/23  8:55:38 AM: Check O-ring and Still Good,[]
16,EQ ID 16,4112 Pump Testing Machine,Soap Dispenser Assembly,6510,"Replace O-Rings
 Replace water filter;
 Lubricate all moving parts",Closed and Completed,10/19/2023,PU,0.50,0.00,0.00,10/19/2023,Primo Uy - 10/24/23  7:11:41 AM: Done,[]
16,EQ ID 16,4112 Pump Testing Machine,Soap Dispenser Assembly,7774,"Replace O-Rings
 Replace water filter;
 Lubricate all moving parts",Closed and Completed,1/24/2024,PU,0.50,0.00,0.00,1/24/2024,Primo Uy - 01/29/24  7:40:52 AM: Done,[]
16,EQ ID 16,4112 Pump Testing Machine,Soap Dispenser Assembly,10142,"Replace O-Rings
 Replace water filter;
 Lubricate all moving parts",Closed and Completed,4/29/2024,PU,0.50,0.00,0.00,4/29/2024,Primo Uy - 05/01/24  8:11:00 AM: Done,[]
16,EQ ID 16,4112 Pump Testing Machine,Soap Dispenser Assembly,11488,"Replace O-Rings
 Replace water filter;
 Lubricate all moving parts",Closed and Completed,8/1/2024,PU,0.50,0.00,0.00,7/1/2024,Primo Uy - 08/05/24 10:26:58 AM: Done,[]
16,EQ ID 16,4112 Pump Testing Machine,Soap Dispenser Assembly,12637,"Replace O-Rings
 Replace water filter;
 Lubricate all moving parts",Closed and Completed,11/5/2024,PU,0.50,0.00,0.00,11/5/2024,Primo Uy - 11/06/24  8:14:49 AM: DONE,[]
16,EQ ID 16,4112 Pump Testing Machine,Soap Dispenser Assembly,13705,"Replace O-Rings
 Replace water filter;
 Lubricate all moving parts",Closed and Completed,2/6/2025,PU,0.35,0.00,0.00,1/6/2025,Primo Uy - 01/31/25  1:00:52 PM: Done.,[]
16,EQ ID 16,4112 Pump Testing Machine,Soap Dispenser Assembly,14545,"Replace O-Rings
 Replace water filter;
 Lubricate all moving parts",Closed and Completed,4/30/2025,PU,0.35,0.00,0.00,4/30/2025,Primo Uy - 05/01/25  6:32:40 AM: Done,[]
16,EQ ID 16,4112 Pump Testing Machine,Soap Dispenser Assembly,15575,"Replace O-Rings
 Replace water filter;
 Lubricate all moving parts",Closed and Completed,8/1/2025,PU,0.50,0.00,0.00,8/1/2025,,[]
16,EQ ID 16,4112 Pump Testing Machine,Soap Dispenser Assembly,16750,"Replace O-Rings
 Replace water filter;
 Lubricate all moving parts",Closed and Completed,11/20/2025,PU,0.50,0.00,0.00,11/20/2025,Primo Uy - 11/26/25  3:14:30 PM: Done,[]
16,EQ ID 16,4112 Pump Testing Machine,Soap Dispenser Assembly,17800,"Replace O-Rings
 Replace water filter;
 Lubricate all moving parts",Closed and Completed,2/26/2026,PU,0.50,0.00,0.00,2/26/2026,Primo Uy - 03/12/26 12:42:37 PM: Done. Ordering more black sealant.,[]
16,EQ ID 16,4112 Pump Testing Machine,Soap Dispenser Assembly,18732,"Replace O-Rings
 Replace water filter;
 Lubricate all moving parts",Closed and Completed,6/12/2026,PU,0.50,0.00,0.00,6/15/2026,Primo Uy - 06/18/26 11:51:11 AM: Done.,[]
17,EQ ID 17,B-40 Tester,Soap Dispenser Assembly,17957,*Check both tanks and clean if needed .Tanks should be free of sludge and build up .,Pending,1/15/2026,,0.00,0.00,0.00,,,[]
17,EQ ID 17,B-40 Tester,Soap Dispenser Assembly,12,*Check both tanks and clean if needed .Tanks should be free of sludge and build up .,Closed and Completed,4/18/2022,P,0.50,0.00,0.00,4/19/2022,Primo Uy - 04/19/22 11:48:28 AM: Done. Closing and Test,[]
17,EQ ID 17,B-40 Tester,Soap Dispenser Assembly,13,"(1) Change water filter;
(2) Lubricate all moving parts",Closed and Completed,7/18/2022,PU,0.50,0.00,0.00,7/18/2022,Primo Uy - 07/18/22 11:47:55 AM: Done,[]
17,EQ ID 17,B-40 Tester,Soap Dispenser Assembly,2588,*Check both tanks and clean if needed .Tanks should be free of sludge and build up .,Closed and Completed,11/13/2022,Mark R,0.00,0.00,0.00,12/8/2022,,[]
17,EQ ID 17,B-40 Tester,Soap Dispenser Assembly,3528,*Check both tanks and clean if needed .Tanks should be free of sludge and build up .,Closed and Completed,1/8/2023,Mark R,0.00,0.00,0.00,1/10/2023,,[]
17,EQ ID 17,B-40 Tester,Soap Dispenser Assembly,2589,"(1) Change water filter;
(2) Lubricate all moving parts",Closed and Completed,2/13/2023,PU,0.50,0.00,0.00,2/13/2023,Primo Uy - 02/13/23 12:14:51 PM: Done The tester don't have a water filter but we clean up the water reservoir regularly and the water pump.,[]
17,EQ ID 17,B-40 Tester,Soap Dispenser Assembly,3868,*Check both tanks and clean if needed .Tanks should be free of sludge and build up .,Closed and Completed,2/10/2023,Mark R,0.00,0.00,0.00,2/14/2023,,[]
17,EQ ID 17,B-40 Tester,Soap Dispenser Assembly,4390,*Check both tanks and clean if needed .Tanks should be free of sludge and build up .,Closed and Completed,3/14/2023,Mark R,0.00,0.00,0.00,3/7/2023,,[]
17,EQ ID 17,B-40 Tester,Soap Dispenser Assembly,4697,*Check both tanks and clean if needed .Tanks should be free of sludge and build up .,Closed and Completed,4/7/2023,Cesar V,0.10,0.00,0.00,4/4/2023,,[]
17,EQ ID 17,B-40 Tester,Soap Dispenser Assembly,5146,*Check both tanks and clean if needed .Tanks should be free of sludge and build up .,Closed and Completed,5/4/2023,Mark Rojas,0.00,0.00,0.00,5/10/2023,,[]
17,EQ ID 17,B-40 Tester,Soap Dispenser Assembly,5600,*Check both tanks and clean if needed .Tanks should be free of sludge and build up .,Closed and Completed,6/10/2023,Mark R,0.00,0.00,0.00,6/9/2023,,[]
17,EQ ID 17,B-40 Tester,Soap Dispenser Assembly,4360,"(1) Change water filter;
(2) Lubricate all moving parts",Closed and Completed,6/13/2023,PU,0.50,0.00,0.00,6/12/2023,Primo Uy - 06/13/23  7:17:45 AM: Done,[]
17,EQ ID 17,B-40 Tester,Soap Dispenser Assembly,5955,*Check both tanks and clean if needed .Tanks should be free of sludge and build up .,Closed and Completed,7/9/2023,Mark R,0.00,0.00,0.00,8/8/2023,,[]
17,EQ ID 17,B-40 Tester,Soap Dispenser Assembly,6751,*Check both tanks and clean if needed .Tanks should be free of sludge and build up .,Closed and Completed,9/8/2023,Mark R,0.00,0.00,0.00,9/12/2023,,[]
17,EQ ID 17,B-40 Tester,Soap Dispenser Assembly,6000,"(1) Change water filter;
(2) Lubricate all moving parts",Closed and Completed,10/13/2023,PU,0.20,0.00,0.00,10/13/2023,Primo Uy - 10/16/23  7:17:53 AM: Done,[]
17,EQ ID 17,B-40 Tester,Soap Dispenser Assembly,7186,*Check both tanks and clean if needed .Tanks should be free of sludge and build up .,Closed and Completed,10/12/2023,Mark R,0.00,0.00,0.00,10/17/2023,,[]
17,EQ ID 17,B-40 Tester,Soap Dispenser Assembly,7719,*Check both tanks and clean if needed .Tanks should be free of sludge and build up .,Closed and Completed,11/17/2023,Mark R,0.00,0.00,0.00,12/12/2023,,[]
17,EQ ID 17,B-40 Tester,Soap Dispenser Assembly,9322,*Check both tanks and clean if needed .Tanks should be free of sludge and build up .,Closed and Completed,1/12/2024,Mark R,0.00,0.00,0.00,1/16/2024,,[]
17,EQ ID 17,B-40 Tester,Soap Dispenser Assembly,7651,"(1) Change water filter;
(2) Lubricate all moving parts",Closed and Completed,2/16/2024,PU,0.35,0.00,0.00,2/16/2024,Primo Uy - 02/16/24  9:33:25 AM: Done. Clean the linear slider and lube.,[]
17,EQ ID 17,B-40 Tester,Soap Dispenser Assembly,9925,*Check both tanks and clean if needed .Tanks should be free of sludge and build up .,Closed and Completed,2/16/2024,Mark R,0.00,0.00,0.00,2/29/2024,,[]
17,EQ ID 17,B-40 Tester,Soap Dispenser Assembly,10575,*Check both tanks and clean if needed .Tanks should be free of sludge and build up .,Closed and Completed,3/29/2024,Mark R,0.00,0.00,0.00,4/12/2024,,[]
17,EQ ID 17,B-40 Tester,Soap Dispenser Assembly,11101,*Check both tanks and clean if needed .Tanks should be free of sludge and build up .,Closed and Completed,5/12/2024,Mark R,0.00,0.00,0.00,6/10/2024,,[]
17,EQ ID 17,B-40 Tester,Soap Dispenser Assembly,10425,"(1) Change water filter;
(2) Lubricate all moving parts",Closed and Completed,6/16/2024,PU,0.50,0.00,0.00,6/17/2024,Primo Uy - 06/24/24 12:11:53 PM: Done,[]
17,EQ ID 17,B-40 Tester,Soap Dispenser Assembly,12041,*Check both tanks and clean if needed .Tanks should be free of sludge and build up .,Closed and Completed,7/10/2024,Mark R,0.00,0.00,0.00,7/15/2024,,[]
17,EQ ID 17,B-40 Tester,Soap Dispenser Assembly,12400,*Check both tanks and clean if needed .Tanks should be free of sludge and build up .,Closed and Completed,8/15/2024,Mark R,0.00,0.00,0.00,9/4/2024,,[]
17,EQ ID 17,B-40 Tester,Soap Dispenser Assembly,12960,*Check both tanks and clean if needed .Tanks should be free of sludge and build up .,Closed and Completed,10/4/2024,Mark R,0.00,0.00,0.00,10/2/2024,,[]
17,EQ ID 17,B-40 Tester,Soap Dispenser Assembly,12203,"(1) Change water filter;
(2) Lubricate all moving parts",Closed and Completed,10/24/2024,PU,0.10,0.00,0.00,10/24/2024,Primo Uy - 11/04/24 11:46:00 AM: Done.,[]
17,EQ ID 17,B-40 Tester,Soap Dispenser Assembly,13254,*Check both tanks and clean if needed .Tanks should be free of sludge and build up .,Closed and Completed,11/2/2024,Mark R,0.00,0.00,0.00,11/7/2024,,[]
17,EQ ID 17,B-40 Tester,Soap Dispenser Assembly,14221,*Check both tanks and clean if needed .Tanks should be free of sludge and build up .,Closed and Completed,2/2/2025,Mark R,0.00,0.00,0.00,2/17/2025,,[]
17,EQ ID 17,B-40 Tester,Soap Dispenser Assembly,13680,"(1) Change water filter;
(2) Lubricate all moving parts",Closed and Completed,3/4/2025,PU,0.35,0.00,0.00,3/4/2025,Primo Uy - 03/06/25  8:35:11 AM: Done,[]
17,EQ ID 17,B-40 Tester,Soap Dispenser Assembly,14962,"(1) Change water filter;
(2) Lubricate all moving parts",Closed and Completed,7/6/2025,PU,0.58,0.00,0.00,7/7/2025,Primo Uy - 07/11/25  2:10:21 PM: Done,[]
17,EQ ID 17,B-40 Tester,Soap Dispenser Assembly,14716,*Check both tanks and clean if needed .Tanks should be free of sludge and build up .,Closed and Completed,3/17/2025,Mark R,0.00,0.00,0.00,8/20/2025,,[]
17,EQ ID 17,B-40 Tester,Soap Dispenser Assembly,16748,*Check both tanks and clean if needed .Tanks should be free of sludge and build up .,Closed and Completed,9/20/2025,Mark R,0.00,0.00,0.00,10/15/2025,,[]
17,EQ ID 17,B-40 Tester,Soap Dispenser Assembly,17216,*Check both tanks and clean if needed .Tanks should be free of sludge and build up .,Closed and Completed,11/8/2025,Mark R,0.00,0.00,0.00,11/11/2025,,[]
17,EQ ID 17,B-40 Tester,Soap Dispenser Assembly,16377,"(1) Change water filter;
(2) Lubricate all moving parts",Closed and Completed,11/11/2025,PU,0.50,0.00,0.00,11/11/2025,Primo Uy - 11/12/25 10:44:58 AM: Done,[]
17,EQ ID 17,B-40 Tester,Soap Dispenser Assembly,17636,*Check both tanks and clean if needed .Tanks should be free of sludge and build up .,Closed and Completed,12/11/2025,PU,0.00,0.00,0.00,12/11/2025,Primo Uy - 12/15/25  1:24:30 PM: Done,[]
17,EQ ID 17,B-40 Tester,Soap Dispenser Assembly,17692,"(1) Change water filter;
(2) Lubricate all moving parts",Closed and Completed,3/12/2026,PU,0.50,0.00,0.00,3/12/2026,Primo Uy - 04/14/26  9:37:51 AM: Done,[]
17,EQ ID 17,B-40 Tester,Soap Dispenser Assembly,19087,"(1) Change water filter;
(2) Lubricate all moving parts",Closed and Completed,8/14/2026,PU,0.25,0.00,0.00,8/14/2026,Primo Uy - 08/14/26  8:43:28 AM: Done,[]
1504,EQ ID 1504,Auto Soap Under Counter Assembly Tester 2,Soap Dispenser Assembly,907,"Check all cylinders, slides for smooth motion, repair or replace as needed.

Check air pressure (60-80 PSI)

Check all electrical cables and connections, repair or replace as needed",Closed and Completed,7/18/2022,Primo uy,0.40,0.00,0.00,7/18/2022,,[]
1504,EQ ID 1504,Auto Soap Under Counter Assembly Tester 2,Soap Dispenser Assembly,2792,"Check all cylinders, slides for smooth motion, repair or replace as needed.

Check air pressure (60-80 PSI)

Check all electrical cables and connections, repair or replace as needed",Closed and Completed,2/13/2023,PU,0.20,0.00,0.00,2/13/2023,Primo Uy - 02/13/23  8:06:34 AM: Done,[]
1504,EQ ID 1504,Auto Soap Under Counter Assembly Tester 2,Soap Dispenser Assembly,4351,"Check all cylinders, slides for smooth motion, repair or replace as needed.

Check air pressure (60-80 PSI)

Check all electrical cables and connections, repair or replace as needed",Closed and Completed,6/13/2023,PU,0.50,0.00,0.00,6/12/2023,Primo Uy - 06/13/23  7:30:03 AM: Done. Check and troubleshoot Tester for air leak and Script error.,[]
1504,EQ ID 1504,Auto Soap Under Counter Assembly Tester 2,Soap Dispenser Assembly,6006,"Check all cylinders, slides for smooth motion, repair or replace as needed.

Check air pressure (60-80 PSI)

Check all electrical cables and connections, repair or replace as needed",Closed and Completed,10/13/2023,PU,0.20,0.00,0.00,10/13/2023,Primo Uy - 10/16/23  7:20:27 AM: Done,[]
1504,EQ ID 1504,Auto Soap Under Counter Assembly Tester 2,Soap Dispenser Assembly,7654,"Check all cylinders, slides for smooth motion, repair or replace as needed.

Check air pressure (60-80 PSI)

Check all electrical cables and connections, repair or replace as needed",Closed and Completed,2/16/2024,PU,0.20,0.00,0.00,2/16/2024,Primo Uy - 02/16/24  9:35:35 AM: Done,[]
1504,EQ ID 1504,Auto Soap Under Counter Assembly Tester 2,Soap Dispenser Assembly,10428,"Check all cylinders, slides for smooth motion, repair or replace as needed.

Check air pressure (60-80 PSI)

Check all electrical cables and connections, repair or replace as needed",Closed and Completed,6/16/2024,PU,0.20,0.00,0.00,6/17/2024,Primo Uy - 06/24/24 12:13:18 PM: Done,[]
1504,EQ ID 1504,Auto Soap Under Counter Assembly Tester 2,Soap Dispenser Assembly,12205,"Check all cylinders, slides for smooth motion, repair or replace as needed.

Check air pressure (60-80 PSI)

Check all electrical cables and connections, repair or replace as needed",Closed and Completed,10/24/2024,PU,0.20,0.00,0.00,10/24/2024,Primo Uy - 10/24/24  9:15:54 AM: Done,[]
1504,EQ ID 1504,Auto Soap Under Counter Assembly Tester 2,Soap Dispenser Assembly,13542,"Check all cylinders, slides for smooth motion, repair or replace as needed.

Check air pressure (60-80 PSI)

Check all electrical cables and connections, repair or replace as needed",Closed and Completed,2/24/2025,PU,0.20,0.00,0.00,2/26/2025,Primo Uy - 02/26/25  2:56:23 PM: Done,[]
1504,EQ ID 1504,Auto Soap Under Counter Assembly Tester 2,Soap Dispenser Assembly,14840,"Check all cylinders, slides for smooth motion, repair or replace as needed.

Check air pressure (60-80 PSI)

Check all electrical cables and connections, repair or replace as needed",Closed and Completed,6/26/2025,PU,0.20,0.00,0.00,6/26/2025,Primo Uy - 07/07/25 11:34:29 AM: Done,[]
1504,EQ ID 1504,Auto Soap Under Counter Assembly Tester 2,Soap Dispenser Assembly,16302,"Check all cylinders, slides for smooth motion, repair or replace as needed.

Check air pressure (60-80 PSI)

Check all electrical cables and connections, repair or replace as needed",Closed and Completed,11/7/2025,PU,0.20,0.00,0.00,11/7/2025,Primo Uy - 11/12/25 10:38:21 AM: Done,[]
1504,EQ ID 1504,Auto Soap Under Counter Assembly Tester 2,Soap Dispenser Assembly,17681,"Check all cylinders, slides for smooth motion, repair or replace as needed.

Check air pressure (60-80 PSI)

Check all electrical cables and connections, repair or replace as needed",Closed without Action,3/12/2026,PU,0.00,0.00,0.00,3/12/2026,Primo Uy - 04/14/26  9:36:33 AM: Machine not on line. Remove by ME,[]
1504,EQ ID 1504,Auto Soap Under Counter Assembly Tester 2,Soap Dispenser Assembly,19085,"Check all cylinders, slides for smooth motion, repair or replace as needed.

Check air pressure (60-80 PSI)

Check all electrical cables and connections, repair or replace as needed",Closed and Completed,8/14/2026,PU,0.20,0.00,0.00,8/14/2026,,[]
1577,EQ ID 1577,SN 9680990 CEll 30 Hi-Pot Tester,Soap Dispenser Assembly,930,"Check cables for wear, thin or damaged insulation or exposed wires. Replace as needed.

Verify guards are in good condition, undamaged and working properly.",Closed and Completed,1/18/2023,PU,0.25,0.00,0.00,1/17/2023,Primo Uy - 01/17/23 10:50:56 AM: Done,[]
1577,EQ ID 1577,SN 9680990 CEll 30 Hi-Pot Tester,Soap Dispenser Assembly,932,"sent tester for annual calibration 
DUE 12-9-21",Closed without Action,2/18/2023,pu,0.20,0.00,0.00,2/17/2023,Primo Uy - 02/17/23  2:37:22 PM: Alex D. from QA verified that the unit is up to date on the calibration.,[]
1577,EQ ID 1577,SN 9680990 CEll 30 Hi-Pot Tester,Soap Dispenser Assembly,931,"Outside calibration can be performed locally at R.A.E calibration or
Return to Associated Research for calibration",Closed without Action,3/18/2023,PU,0.10,0.00,0.00,3/20/2023,Primo Uy - 05/17/23  8:07:11 AM: forwarded to Alex D.,[]
1577,EQ ID 1577,SN 9680990 CEll 30 Hi-Pot Tester,Soap Dispenser Assembly,4027,"Check cables for wear, thin or damaged insulation or exposed wires. Replace as needed.

Verify guards are in good condition, undamaged and working properly.",Closed and Completed,11/17/2023,PU,0.20,0.00,0.00,11/27/2023,Primo Uy - 11/27/23 11:35:17 AM: Done.,[]
1577,EQ ID 1577,SN 9680990 CEll 30 Hi-Pot Tester,Soap Dispenser Assembly,4459,"sent tester for annual calibration 
DUE 12-9-21",Closed and Completed,1/17/2024,PU,42.00,0.00,0.00,1/19/2024,"Primo Uy - 01/19/24  8:27:40 AM: SN 9680990 CEll 30 Hi-Pot Tester need to re - calibrated. Sending Email to Alex Davila, and Jose A in ME.
I will coordinate with Grant C for scheduling of the swap.",[]
1577,EQ ID 1577,SN 9680990 CEll 30 Hi-Pot Tester,Soap Dispenser Assembly,5693,"Outside calibration can be performed locally at R.A.E calibration or
Return to Associated Research for calibration",Closed without Action,5/17/2024,PU,0.00,0.00,0.00,5/17/2024,Primo Uy - 05/17/24  8:19:53 AM: We will E-Mail Alex D. and Jose A. To send the unit out for Recalibrations.,[]
1577,EQ ID 1577,SN 9680990 CEll 30 Hi-Pot Tester,Soap Dispenser Assembly,8139,"Check cables for wear, thin or damaged insulation or exposed wires. Replace as needed.

Verify guards are in good condition, undamaged and working properly.",Closed and Completed,9/27/2024,PU,0.20,0.00,0.00,10/7/2024,Primo Uy - 10/07/24 12:26:24 PM: Done,[]
1577,EQ ID 1577,SN 9680990 CEll 30 Hi-Pot Tester,Soap Dispenser Assembly,10040,"sent tester for annual calibration 
DUE 12-9-21",Closed and Completed,12/19/2024,PU,0.10,0.00,0.00,12/18/2024,Primo Uy - 12/18/24 12:20:30 PM: Check the Hi-pot the Next due date for recalibration is 8.14.25.,[]
1577,EQ ID 1577,SN 9680990 CEll 30 Hi-Pot Tester,Soap Dispenser Assembly,11730,"Outside calibration can be performed locally at R.A.E calibration or
Return to Associated Research for calibration",Closed without Action,5/17/2025,PU,0.00,0.00,0.00,5/16/2025,Primo Uy - 05/16/25  8:58:29 AM: Notify Alex - QA.,[]
1577,EQ ID 1577,SN 9680990 CEll 30 Hi-Pot Tester,Soap Dispenser Assembly,13301,"Check cables for wear, thin or damaged insulation or exposed wires. Replace as needed.

Verify guards are in good condition, undamaged and working properly.",Closed and Completed,8/7/2025,PU,0.20,0.00,0.00,8/7/2025,Primo Uy - 09/02/25 12:09:44 PM: Done,[]
1577,EQ ID 1577,SN 9680990 CEll 30 Hi-Pot Tester,Soap Dispenser Assembly,14149,"sent tester for annual calibration 
DUE 12-9-21",Closed and Completed,11/18/2025,PU & Raul,0.10,0.00,0.00,11/18/2025,Primo Uy - 11/18/25  7:11:46 AM: Done. QA already take care of the recalibration.,[]
1577,EQ ID 1577,SN 9680990 CEll 30 Hi-Pot Tester,Soap Dispenser Assembly,15767,"Outside calibration can be performed locally at R.A.E calibration or
Return to Associated Research for calibration",Closed and Completed,5/16/2026,PU,1.00,0.00,0.00,5/15/2026,,[]
1577,EQ ID 1577,SN 9680990 CEll 30 Hi-Pot Tester,Soap Dispenser Assembly,16875,"Check cables for wear, thin or damaged insulation or exposed wires. Replace as needed.

Verify guards are in good condition, undamaged and working properly.",Closed and Completed,7/2/2026,PU,0.20,0.00,0.00,7/2/2026,Primo Uy - 08/03/26 11:56:46 AM: Done,[]
1780,EQ ID 1780,Cell 2 B-822 Pump Functional Tester,Soap Dispenser Assembly,20365,"fill each funnel assembly with alcohol and let sit for 15 minutes
cycle each station until alcohol drains from funnel
Test each station with one known good and three known defect (missing red duckbill. missing blue duckbill, clogged red duckbill)
If all parts are identified correctly, return machine to operation",Pending,8/20/2026,,0.00,0.00,0.00,,,[]
1780,EQ ID 1780,Cell 2 B-822 Pump Functional Tester,Soap Dispenser Assembly,971,"fill each funnel assembly with alcohol and let sit for 15 minutes
cycle each station until alcohol drains from funnel
Test each station with one known good and three known defect (missing red duckbill. missing blue duckbill, clogged red duckbill)
If all parts are identified correctly, return machine to operation",Closed and Completed,3/25/2022,Primo,0.00,0.00,0.00,4/5/2022,Primo Uy - 04/05/22  2:13:17 PM: Done,[]
1780,EQ ID 1780,Cell 2 B-822 Pump Functional Tester,Soap Dispenser Assembly,2864,"fill each funnel assembly with alcohol and let sit for 15 minutes
cycle each station until alcohol drains from funnel
Test each station with one known good and three known defect (missing red duckbill. missing blue duckbill, clogged red duckbill)
If all parts are identified correctly, return machine to operation",Closed and Completed,10/20/2022,PU,0.45,0.00,0.00,11/9/2022,Primo Uy - 11/09/22  7:58:09 AM: Done,[]
1780,EQ ID 1780,Cell 2 B-822 Pump Functional Tester,Soap Dispenser Assembly,3188,"fill each funnel assembly with alcohol and let sit for 15 minutes
cycle each station until alcohol drains from funnel
Test each station with one known good and three known defect (missing red duckbill. missing blue duckbill, clogged red duckbill)
If all parts are identified correctly, return machine to operation",Closed and Completed,11/16/2022,PU,0.35,0.00,0.00,11/28/2022,Primo Uy - 11/28/22 10:32:36 AM: Done,[]
1780,EQ ID 1780,Cell 2 B-822 Pump Functional Tester,Soap Dispenser Assembly,3349,"fill each funnel assembly with alcohol and let sit for 15 minutes
cycle each station until alcohol drains from funnel
Test each station with one known good and three known defect (missing red duckbill. missing blue duckbill, clogged red duckbill)
If all parts are identified correctly, return machine to operation",Closed and Completed,12/5/2022,PU,0.35,0.00,0.00,12/6/2022,Primo Uy - 12/07/22  9:35:26 AM: Done,[]
1780,EQ ID 1780,Cell 2 B-822 Pump Functional Tester,Soap Dispenser Assembly,3504,"fill each funnel assembly with alcohol and let sit for 15 minutes
cycle each station until alcohol drains from funnel
Test each station with one known good and three known defect (missing red duckbill. missing blue duckbill, clogged red duckbill)
If all parts are identified correctly, return machine to operation",Closed and Completed,12/14/2022,PU,0.35,0.00,0.00,12/13/2022,Primo Uy - 12/13/22  9:03:42 AM: Done,[]
1780,EQ ID 1780,Cell 2 B-822 Pump Functional Tester,Soap Dispenser Assembly,3617,"fill each funnel assembly with alcohol and let sit for 15 minutes
cycle each station until alcohol drains from funnel
Test each station with one known good and three known defect (missing red duckbill. missing blue duckbill, clogged red duckbill)
If all parts are identified correctly, return machine to operation",Closed and Completed,12/20/2022,PU,0.35,0.00,0.00,12/20/2022,Primo Uy - 12/20/22 10:43:58 AM: Done,[]
1780,EQ ID 1780,Cell 2 B-822 Pump Functional Tester,Soap Dispenser Assembly,3700,"fill each funnel assembly with alcohol and let sit for 15 minutes
cycle each station until alcohol drains from funnel
Test each station with one known good and three known defect (missing red duckbill. missing blue duckbill, clogged red duckbill)
If all parts are identified correctly, return machine to operation",Closed and Completed,12/27/2022,PU,0.20,0.00,0.00,12/20/2022,Primo Uy - 12/20/22 10:44:43 AM: Done,[]
1780,EQ ID 1780,Cell 2 B-822 Pump Functional Tester,Soap Dispenser Assembly,3701,"fill each funnel assembly with alcohol and let sit for 15 minutes
cycle each station until alcohol drains from funnel
Test each station with one known good and three known defect (missing red duckbill. missing blue duckbill, clogged red duckbill)
If all parts are identified correctly, return machine to operation",Closed and Completed,12/27/2022,.5,0.00,0.00,0.00,12/27/2022,Primo Uy - 12/27/22  9:31:57 AM: Done.,[]
1780,EQ ID 1780,Cell 2 B-822 Pump Functional Tester,Soap Dispenser Assembly,3724,"fill each funnel assembly with alcohol and let sit for 15 minutes
cycle each station until alcohol drains from funnel
Test each station with one known good and three known defect (missing red duckbill. missing blue duckbill, clogged red duckbill)
If all parts are identified correctly, return machine to operation",Closed and Completed,1/3/2023,PU,0.35,0.00,0.00,1/11/2023,Primo Uy - 01/11/23  9:38:10 AM: Done,[]
1780,EQ ID 1780,Cell 2 B-822 Pump Functional Tester,Soap Dispenser Assembly,3908,"fill each funnel assembly with alcohol and let sit for 15 minutes
cycle each station until alcohol drains from funnel
Test each station with one known good and three known defect (missing red duckbill. missing blue duckbill, clogged red duckbill)
If all parts are identified correctly, return machine to operation",Closed and Completed,1/18/2023,PU,0.35,0.00,0.00,1/17/2023,Primo Uy - 01/17/23 10:50:06 AM: Done,[]
1780,EQ ID 1780,Cell 2 B-822 Pump Functional Tester,Soap Dispenser Assembly,4026,"fill each funnel assembly with alcohol and let sit for 15 minutes
cycle each station until alcohol drains from funnel
Test each station with one known good and three known defect (missing red duckbill. missing blue duckbill, clogged red duckbill)
If all parts are identified correctly, return machine to operation",Closed and Completed,1/24/2023,PU,0.35,0.00,0.00,1/24/2023,Primo Uy - 01/24/23  8:17:31 AM: Done,[]
1780,EQ ID 1780,Cell 2 B-822 Pump Functional Tester,Soap Dispenser Assembly,4117,"fill each funnel assembly with alcohol and let sit for 15 minutes
cycle each station until alcohol drains from funnel
Test each station with one known good and three known defect (missing red duckbill. missing blue duckbill, clogged red duckbill)
If all parts are identified correctly, return machine to operation",Closed and Completed,1/31/2023,PU,0.35,0.00,0.00,1/27/2023,Primo Uy - 01/27/23 10:32:33 AM: Done,[]
1780,EQ ID 1780,Cell 2 B-822 Pump Functional Tester,Soap Dispenser Assembly,4161,"fill each funnel assembly with alcohol and let sit for 15 minutes
cycle each station until alcohol drains from funnel
Test each station with one known good and three known defect (missing red duckbill. missing blue duckbill, clogged red duckbill)
If all parts are identified correctly, return machine to operation",Closed and Completed,2/3/2023,PU,0.35,0.00,0.00,2/1/2023,Primo Uy - 02/01/23  8:10:07 AM: Done.,[]
1780,EQ ID 1780,Cell 2 B-822 Pump Functional Tester,Soap Dispenser Assembly,4203,"fill each funnel assembly with alcohol and let sit for 15 minutes
cycle each station until alcohol drains from funnel
Test each station with one known good and three known defect (missing red duckbill. missing blue duckbill, clogged red duckbill)
If all parts are identified correctly, return machine to operation",Closed and Completed,2/8/2023,PU,0.35,0.00,0.00,2/6/2023,,[]
1780,EQ ID 1780,Cell 2 B-822 Pump Functional Tester,Soap Dispenser Assembly,4255,"fill each funnel assembly with alcohol and let sit for 15 minutes
cycle each station until alcohol drains from funnel
Test each station with one known good and three known defect (missing red duckbill. missing blue duckbill, clogged red duckbill)
If all parts are identified correctly, return machine to operation",Closed and Completed,2/13/2023,PU,0.35,0.00,0.00,2/13/2023,Primo Uy - 02/13/23  8:05:42 AM: Done,[]
1780,EQ ID 1780,Cell 2 B-822 Pump Functional Tester,Soap Dispenser Assembly,4350,"fill each funnel assembly with alcohol and let sit for 15 minutes
cycle each station until alcohol drains from funnel
Test each station with one known good and three known defect (missing red duckbill. missing blue duckbill, clogged red duckbill)
If all parts are identified correctly, return machine to operation",Closed and Completed,2/20/2023,PU,0.20,0.00,0.00,2/20/2023,Primo Uy - 03/09/23  7:49:21 AM: Done,[]
1780,EQ ID 1780,Cell 2 B-822 Pump Functional Tester,Soap Dispenser Assembly,4748,"fill each funnel assembly with alcohol and let sit for 15 minutes
cycle each station until alcohol drains from funnel
Test each station with one known good and three known defect (missing red duckbill. missing blue duckbill, clogged red duckbill)
If all parts are identified correctly, return machine to operation",Closed and Completed,3/16/2023,PU,0.33,0.00,0.00,3/16/2023,Primo Uy - 03/16/23 10:38:10 AM: Done.,[]
1780,EQ ID 1780,Cell 2 B-822 Pump Functional Tester,Soap Dispenser Assembly,4843,"fill each funnel assembly with alcohol and let sit for 15 minutes
cycle each station until alcohol drains from funnel
Test each station with one known good and three known defect (missing red duckbill. missing blue duckbill, clogged red duckbill)
If all parts are identified correctly, return machine to operation",Closed and Completed,3/23/2023,PU,0.20,0.00,0.00,4/12/2023,Primo Uy - 04/17/23 12:21:34 PM: Done,[]
1780,EQ ID 1780,Cell 2 B-822 Pump Functional Tester,Soap Dispenser Assembly,5349,"fill each funnel assembly with alcohol and let sit for 15 minutes
cycle each station until alcohol drains from funnel
Test each station with one known good and three known defect (missing red duckbill. missing blue duckbill, clogged red duckbill)
If all parts are identified correctly, return machine to operation",Closed and Completed,4/24/2023,PU,0.20,0.00,0.00,4/24/2023,Primo Uy - 05/02/23 10:08:53 AM: Done,[]
1780,EQ ID 1780,Cell 2 B-822 Pump Functional Tester,Soap Dispenser Assembly,5526,"fill each funnel assembly with alcohol and let sit for 15 minutes
cycle each station until alcohol drains from funnel
Test each station with one known good and three known defect (missing red duckbill. missing blue duckbill, clogged red duckbill)
If all parts are identified correctly, return machine to operation",Closed and Completed,5/9/2023,PU,0.20,0.00,0.00,5/9/2023,Primo Uy - 05/11/23  1:11:24 PM: Done,[]
1780,EQ ID 1780,Cell 2 B-822 Pump Functional Tester,Soap Dispenser Assembly,5650,"fill each funnel assembly with alcohol and let sit for 15 minutes
cycle each station until alcohol drains from funnel
Test each station with one known good and three known defect (missing red duckbill. missing blue duckbill, clogged red duckbill)
If all parts are identified correctly, return machine to operation",Closed and Completed,5/18/2023,PU,0.35,0.00,0.00,5/16/2023,Primo Uy - 05/17/23  8:12:32 AM: Done,[]
1780,EQ ID 1780,Cell 2 B-822 Pump Functional Tester,Soap Dispenser Assembly,5699,"fill each funnel assembly with alcohol and let sit for 15 minutes
cycle each station until alcohol drains from funnel
Test each station with one known good and three known defect (missing red duckbill. missing blue duckbill, clogged red duckbill)
If all parts are identified correctly, return machine to operation",Closed and Completed,5/24/2023,PU,0.35,0.00,0.00,5/23/2023,Primo Uy - 05/23/23 10:09:41 AM: Done,[]
1780,EQ ID 1780,Cell 2 B-822 Pump Functional Tester,Soap Dispenser Assembly,5775,"fill each funnel assembly with alcohol and let sit for 15 minutes
cycle each station until alcohol drains from funnel
Test each station with one known good and three known defect (missing red duckbill. missing blue duckbill, clogged red duckbill)
If all parts are identified correctly, return machine to operation",Closed and Completed,5/30/2023,PU,0.20,0.00,0.00,5/30/2023,Primo Uy - 05/30/23  7:54:27 AM: Done,[]
1780,EQ ID 1780,Cell 2 B-822 Pump Functional Tester,Soap Dispenser Assembly,5810,"fill each funnel assembly with alcohol and let sit for 15 minutes
cycle each station until alcohol drains from funnel
Test each station with one known good and three known defect (missing red duckbill. missing blue duckbill, clogged red duckbill)
If all parts are identified correctly, return machine to operation",Closed and Completed,6/6/2023,PU,0.33,0.00,0.00,6/7/2023,Primo Uy - 06/08/23  7:31:01 AM: Done,[]
1780,EQ ID 1780,Cell 2 B-822 Pump Functional Tester,Soap Dispenser Assembly,5934,"fill each funnel assembly with alcohol and let sit for 15 minutes
cycle each station until alcohol drains from funnel
Test each station with one known good and three known defect (missing red duckbill. missing blue duckbill, clogged red duckbill)
If all parts are identified correctly, return machine to operation",Closed and Completed,6/15/2023,PU,0.42,0.00,0.00,6/14/2023,Primo Uy - 06/14/23  9:18:03 AM: Done.,[]
1780,EQ ID 1780,Cell 2 B-822 Pump Functional Tester,Soap Dispenser Assembly,6030,"fill each funnel assembly with alcohol and let sit for 15 minutes
cycle each station until alcohol drains from funnel
Test each station with one known good and three known defect (missing red duckbill. missing blue duckbill, clogged red duckbill)
If all parts are identified correctly, return machine to operation",Closed and Completed,6/21/2023,PU,0.42,0.00,0.00,6/21/2023,Primo Uy - 06/23/23  9:30:21 AM: Done,[]
1780,EQ ID 1780,Cell 2 B-822 Pump Functional Tester,Soap Dispenser Assembly,6179,"fill each funnel assembly with alcohol and let sit for 15 minutes
cycle each station until alcohol drains from funnel
Test each station with one known good and three known defect (missing red duckbill. missing blue duckbill, clogged red duckbill)
If all parts are identified correctly, return machine to operation",Closed and Completed,6/30/2023,PU,0.20,0.00,0.00,6/30/2023,Primo Uy - 07/05/23  7:06:24 AM: Done,[]
1780,EQ ID 1780,Cell 2 B-822 Pump Functional Tester,Soap Dispenser Assembly,6292,"fill each funnel assembly with alcohol and let sit for 15 minutes
cycle each station until alcohol drains from funnel
Test each station with one known good and three known defect (missing red duckbill. missing blue duckbill, clogged red duckbill)
If all parts are identified correctly, return machine to operation",Closed and Completed,7/12/2023,PU,0.25,0.00,0.00,7/10/2023,Primo Uy - 07/10/23 12:57:40 PM: Done,[]
1780,EQ ID 1780,Cell 2 B-822 Pump Functional Tester,Soap Dispenser Assembly,6370,"fill each funnel assembly with alcohol and let sit for 15 minutes
cycle each station until alcohol drains from funnel
Test each station with one known good and three known defect (missing red duckbill. missing blue duckbill, clogged red duckbill)
If all parts are identified correctly, return machine to operation",Closed and Completed,7/17/2023,PU,0.25,0.00,0.00,7/17/2023,Primo Uy - 07/19/23  8:59:28 AM: Done,[]
1780,EQ ID 1780,Cell 2 B-822 Pump Functional Tester,Soap Dispenser Assembly,6515,"fill each funnel assembly with alcohol and let sit for 15 minutes
cycle each station until alcohol drains from funnel
Test each station with one known good and three known defect (missing red duckbill. missing blue duckbill, clogged red duckbill)
If all parts are identified correctly, return machine to operation",Closed and Completed,7/26/2023,PU,0.20,0.00,0.00,7/25/2023,Primo Uy - 07/25/23  7:35:26 AM: Done,[]
1780,EQ ID 1780,Cell 2 B-822 Pump Functional Tester,Soap Dispenser Assembly,6593,"fill each funnel assembly with alcohol and let sit for 15 minutes
cycle each station until alcohol drains from funnel
Test each station with one known good and three known defect (missing red duckbill. missing blue duckbill, clogged red duckbill)
If all parts are identified correctly, return machine to operation",Closed and Completed,8/1/2023,PU,0.00,0.00,0.00,8/1/2023,Primo Uy - 08/01/23  9:20:05 AM: Done.,[]
1780,EQ ID 1780,Cell 2 B-822 Pump Functional Tester,Soap Dispenser Assembly,6669,"fill each funnel assembly with alcohol and let sit for 15 minutes
cycle each station until alcohol drains from funnel
Test each station with one known good and three known defect (missing red duckbill. missing blue duckbill, clogged red duckbill)
If all parts are identified correctly, return machine to operation",Closed and Completed,8/8/2023,PU,0.20,0.00,0.00,8/7/2023,Primo Uy - 08/07/23  9:49:17 AM: Done,[]
1780,EQ ID 1780,Cell 2 B-822 Pump Functional Tester,Soap Dispenser Assembly,6734,"fill each funnel assembly with alcohol and let sit for 15 minutes
cycle each station until alcohol drains from funnel
Test each station with one known good and three known defect (missing red duckbill. missing blue duckbill, clogged red duckbill)
If all parts are identified correctly, return machine to operation",Closed and Completed,8/14/2023,PU,0.20,0.00,0.00,8/14/2023,Primo Uy - 08/14/23 11:53:26 AM: Done.,[]
1780,EQ ID 1780,Cell 2 B-822 Pump Functional Tester,Soap Dispenser Assembly,6834,"fill each funnel assembly with alcohol and let sit for 15 minutes
cycle each station until alcohol drains from funnel
Test each station with one known good and three known defect (missing red duckbill. missing blue duckbill, clogged red duckbill)
If all parts are identified correctly, return machine to operation",Closed and Completed,8/21/2023,PU,0.20,0.00,0.00,8/18/2023,Primo Uy - 08/21/23 10:19:05 AM: Done,[]
1780,EQ ID 1780,Cell 2 B-822 Pump Functional Tester,Soap Dispenser Assembly,6924,"fill each funnel assembly with alcohol and let sit for 15 minutes
cycle each station until alcohol drains from funnel
Test each station with one known good and three known defect (missing red duckbill. missing blue duckbill, clogged red duckbill)
If all parts are identified correctly, return machine to operation",Closed and Completed,8/28/2023,PU,0.25,0.00,0.00,8/28/2023,Primo Uy - 08/28/23  9:10:53 AM: Done,[]
1780,EQ ID 1780,Cell 2 B-822 Pump Functional Tester,Soap Dispenser Assembly,7034,"fill each funnel assembly with alcohol and let sit for 15 minutes
cycle each station until alcohol drains from funnel
Test each station with one known good and three known defect (missing red duckbill. missing blue duckbill, clogged red duckbill)
If all parts are identified correctly, return machine to operation",Closed and Completed,9/4/2023,PU,0.20,0.00,0.00,8/31/2023,Primo Uy - 08/31/23  2:13:23 PM: Done.,[]
1780,EQ ID 1780,Cell 2 B-822 Pump Functional Tester,Soap Dispenser Assembly,7090,"fill each funnel assembly with alcohol and let sit for 15 minutes
cycle each station until alcohol drains from funnel
Test each station with one known good and three known defect (missing red duckbill. missing blue duckbill, clogged red duckbill)
If all parts are identified correctly, return machine to operation",Closed and Completed,9/7/2023,PU,0.20,0.00,0.00,9/7/2023,Primo Uy - 09/07/23  9:38:01 AM: Done,[]
1780,EQ ID 1780,Cell 2 B-822 Pump Functional Tester,Soap Dispenser Assembly,7139,"fill each funnel assembly with alcohol and let sit for 15 minutes
cycle each station until alcohol drains from funnel
Test each station with one known good and three known defect (missing red duckbill. missing blue duckbill, clogged red duckbill)
If all parts are identified correctly, return machine to operation",Closed and Completed,9/14/2023,PU,0.25,0.00,0.00,9/14/2023,Primo Uy - 09/15/23  7:39:46 AM: Done.,[]
1780,EQ ID 1780,Cell 2 B-822 Pump Functional Tester,Soap Dispenser Assembly,7245,"fill each funnel assembly with alcohol and let sit for 15 minutes
cycle each station until alcohol drains from funnel
Test each station with one known good and three known defect (missing red duckbill. missing blue duckbill, clogged red duckbill)
If all parts are identified correctly, return machine to operation",Closed and Completed,9/22/2023,PU,0.50,0.00,0.00,9/19/2023,Primo Uy - 09/20/23  7:38:58 AM: Done. Ordering parts (solenoid Valve) for Station 2. Station 1 and Station 3 is working.,[]
1780,EQ ID 1780,Cell 2 B-822 Pump Functional Tester,Soap Dispenser Assembly,7302,"fill each funnel assembly with alcohol and let sit for 15 minutes
cycle each station until alcohol drains from funnel
Test each station with one known good and three known defect (missing red duckbill. missing blue duckbill, clogged red duckbill)
If all parts are identified correctly, return machine to operation",Closed and Completed,9/27/2023,PU,0.20,0.00,0.00,10/12/2023,Primo Uy - 10/12/23  7:28:29 AM: Done.,[]
1780,EQ ID 1780,Cell 2 B-822 Pump Functional Tester,Soap Dispenser Assembly,7601,"fill each funnel assembly with alcohol and let sit for 15 minutes
cycle each station until alcohol drains from funnel
Test each station with one known good and three known defect (missing red duckbill. missing blue duckbill, clogged red duckbill)
If all parts are identified correctly, return machine to operation",Closed and Completed,10/19/2023,PU,0.50,0.00,0.00,10/19/2023,Primo Uy - 10/24/23  7:16:54 AM: Done,[]
1780,EQ ID 1780,Cell 2 B-822 Pump Functional Tester,Soap Dispenser Assembly,7781,"fill each funnel assembly with alcohol and let sit for 15 minutes
cycle each station until alcohol drains from funnel
Test each station with one known good and three known defect (missing red duckbill. missing blue duckbill, clogged red duckbill)
If all parts are identified correctly, return machine to operation",Closed and Completed,10/31/2023,PU,0.20,0.00,0.00,10/31/2023,Primo Uy - 10/31/23 12:25:26 PM: Done,[]
1780,EQ ID 1780,Cell 2 B-822 Pump Functional Tester,Soap Dispenser Assembly,7864,"fill each funnel assembly with alcohol and let sit for 15 minutes
cycle each station until alcohol drains from funnel
Test each station with one known good and three known defect (missing red duckbill. missing blue duckbill, clogged red duckbill)
If all parts are identified correctly, return machine to operation",Closed and Completed,11/7/2023,PU,0.20,0.00,0.00,11/6/2023,Primo Uy - 11/06/23  7:12:44 AM: Done.,[]
1780,EQ ID 1780,Cell 2 B-822 Pump Functional Tester,Soap Dispenser Assembly,7909,"fill each funnel assembly with alcohol and let sit for 15 minutes
cycle each station until alcohol drains from funnel
Test each station with one known good and three known defect (missing red duckbill. missing blue duckbill, clogged red duckbill)
If all parts are identified correctly, return machine to operation",Closed and Completed,11/13/2023,PU,0.20,0.00,0.00,11/13/2023,Primo Uy - 11/13/23  9:51:25 AM: Done.,[]
1780,EQ ID 1780,Cell 2 B-822 Pump Functional Tester,Soap Dispenser Assembly,8026,"fill each funnel assembly with alcohol and let sit for 15 minutes
cycle each station until alcohol drains from funnel
Test each station with one known good and three known defect (missing red duckbill. missing blue duckbill, clogged red duckbill)
If all parts are identified correctly, return machine to operation",Closed and Completed,11/20/2023,PU,0.20,0.00,0.00,11/20/2023,Primo Uy - 11/27/23 11:38:38 AM: Done,[]
1780,EQ ID 1780,Cell 2 B-822 Pump Functional Tester,Soap Dispenser Assembly,8144,"fill each funnel assembly with alcohol and let sit for 15 minutes
cycle each station until alcohol drains from funnel
Test each station with one known good and three known defect (missing red duckbill. missing blue duckbill, clogged red duckbill)
If all parts are identified correctly, return machine to operation",Closed and Completed,12/4/2023,PU,0.20,0.00,0.00,12/4/2023,Primo Uy - 12/04/23 12:27:08 PM: Done,[]
1780,EQ ID 1780,Cell 2 B-822 Pump Functional Tester,Soap Dispenser Assembly,8228,"fill each funnel assembly with alcohol and let sit for 15 minutes
cycle each station until alcohol drains from funnel
Test each station with one known good and three known defect (missing red duckbill. missing blue duckbill, clogged red duckbill)
If all parts are identified correctly, return machine to operation",Closed and Completed,12/11/2023,PU,0.20,0.00,0.00,12/11/2023,Primo Uy - 12/12/23  9:03:06 AM: Done,[]
1780,EQ ID 1780,Cell 2 B-822 Pump Functional Tester,Soap Dispenser Assembly,9314,"fill each funnel assembly with alcohol and let sit for 15 minutes
cycle each station until alcohol drains from funnel
Test each station with one known good and three known defect (missing red duckbill. missing blue duckbill, clogged red duckbill)
If all parts are identified correctly, return machine to operation",Closed and Completed,12/19/2023,PU,0.35,0.00,0.00,12/18/2023,Primo Uy - 12/18/23  8:09:58 AM: Done,[]
1780,EQ ID 1780,Cell 2 B-822 Pump Functional Tester,Soap Dispenser Assembly,9381,"fill each funnel assembly with alcohol and let sit for 15 minutes
cycle each station until alcohol drains from funnel
Test each station with one known good and three known defect (missing red duckbill. missing blue duckbill, clogged red duckbill)
If all parts are identified correctly, return machine to operation",Closed and Completed,12/25/2023,PU,0.25,0.00,0.00,12/22/2023,Primo Uy - 12/22/23 10:58:01 AM: Done,[]
1780,EQ ID 1780,Cell 2 B-822 Pump Functional Tester,Soap Dispenser Assembly,9444,"fill each funnel assembly with alcohol and let sit for 15 minutes
cycle each station until alcohol drains from funnel
Test each station with one known good and three known defect (missing red duckbill. missing blue duckbill, clogged red duckbill)
If all parts are identified correctly, return machine to operation",Closed and Completed,12/29/2023,PU,0.20,0.00,0.00,12/22/2023,Primo Uy - 12/22/23 11:03:39 AM: Done,[]
1780,EQ ID 1780,Cell 2 B-822 Pump Functional Tester,Soap Dispenser Assembly,9453,"fill each funnel assembly with alcohol and let sit for 15 minutes
cycle each station until alcohol drains from funnel
Test each station with one known good and three known defect (missing red duckbill. missing blue duckbill, clogged red duckbill)
If all parts are identified correctly, return machine to operation",Closed and Completed,12/29/2023,PU,0.00,0.00,0.00,1/8/2024,Primo Uy - 01/08/24 12:02:41 PM: Done,[]
1780,EQ ID 1780,Cell 2 B-822 Pump Functional Tester,Soap Dispenser Assembly,9564,"fill each funnel assembly with alcohol and let sit for 15 minutes
cycle each station until alcohol drains from funnel
Test each station with one known good and three known defect (missing red duckbill. missing blue duckbill, clogged red duckbill)
If all parts are identified correctly, return machine to operation",Closed and Completed,1/15/2024,PU,0.20,0.00,0.00,1/15/2024,Primo Uy - 01/15/24  1:43:11 PM: Done,[]
1780,EQ ID 1780,Cell 2 B-822 Pump Functional Tester,Soap Dispenser Assembly,9712,"fill each funnel assembly with alcohol and let sit for 15 minutes
cycle each station until alcohol drains from funnel
Test each station with one known good and three known defect (missing red duckbill. missing blue duckbill, clogged red duckbill)
If all parts are identified correctly, return machine to operation",Closed and Completed,1/22/2024,PU,0.25,0.00,0.00,1/22/2024,Primo Uy - 01/29/24  7:37:21 AM: Done,[]
1780,EQ ID 1780,Cell 2 B-822 Pump Functional Tester,Soap Dispenser Assembly,10138,"fill each funnel assembly with alcohol and let sit for 15 minutes
cycle each station until alcohol drains from funnel
Test each station with one known good and three known defect (missing red duckbill. missing blue duckbill, clogged red duckbill)
If all parts are identified correctly, return machine to operation",Closed and Completed,2/5/2024,PU,0.20,0.00,0.00,2/7/2024,Primo Uy - 02/07/24 12:31:37 PM: Done,[]
1780,EQ ID 1780,Cell 2 B-822 Pump Functional Tester,Soap Dispenser Assembly,10257,"fill each funnel assembly with alcohol and let sit for 15 minutes
cycle each station until alcohol drains from funnel
Test each station with one known good and three known defect (missing red duckbill. missing blue duckbill, clogged red duckbill)
If all parts are identified correctly, return machine to operation",Closed and Completed,2/14/2024,PU,25.00,0.00,0.00,2/14/2024,Primo Uy - 02/14/24  8:44:15 AM: Done,[]
1780,EQ ID 1780,Cell 2 B-822 Pump Functional Tester,Soap Dispenser Assembly,10351,"fill each funnel assembly with alcohol and let sit for 15 minutes
cycle each station until alcohol drains from funnel
Test each station with one known good and three known defect (missing red duckbill. missing blue duckbill, clogged red duckbill)
If all parts are identified correctly, return machine to operation",Closed and Completed,2/21/2024,PU,0.42,0.00,0.00,2/21/2024,Primo Uy - 02/21/24 10:00:45 AM: Done,[]
1780,EQ ID 1780,Cell 2 B-822 Pump Functional Tester,Soap Dispenser Assembly,10470,"fill each funnel assembly with alcohol and let sit for 15 minutes
cycle each station until alcohol drains from funnel
Test each station with one known good and three known defect (missing red duckbill. missing blue duckbill, clogged red duckbill)
If all parts are identified correctly, return machine to operation",Closed and Completed,2/28/2024,PU,0.35,0.00,0.00,2/28/2024,Primo Uy - 02/28/24 11:57:15 AM: Done,[]
1780,EQ ID 1780,Cell 2 B-822 Pump Functional Tester,Soap Dispenser Assembly,10557,"fill each funnel assembly with alcohol and let sit for 15 minutes
cycle each station until alcohol drains from funnel
Test each station with one known good and three known defect (missing red duckbill. missing blue duckbill, clogged red duckbill)
If all parts are identified correctly, return machine to operation",Closed and Completed,3/6/2024,PU,0.20,0.00,0.00,3/5/2024,Primo Uy - 03/05/24 12:32:14 PM: Done,[]
1780,EQ ID 1780,Cell 2 B-822 Pump Functional Tester,Soap Dispenser Assembly,10638,"fill each funnel assembly with alcohol and let sit for 15 minutes
cycle each station until alcohol drains from funnel
Test each station with one known good and three known defect (missing red duckbill. missing blue duckbill, clogged red duckbill)
If all parts are identified correctly, return machine to operation",Closed and Completed,3/12/2024,PU,0.20,0.00,0.00,3/12/2024,Primo Uy - 04/03/24  3:09:16 PM: Done,[]
1780,EQ ID 1780,Cell 2 B-822 Pump Functional Tester,Soap Dispenser Assembly,10926,"fill each funnel assembly with alcohol and let sit for 15 minutes
cycle each station until alcohol drains from funnel
Test each station with one known good and three known defect (missing red duckbill. missing blue duckbill, clogged red duckbill)
If all parts are identified correctly, return machine to operation",Closed and Completed,4/10/2024,PU,0.25,0.00,0.00,4/10/2024,"Primo Uy - 04/11/24  7:59:54 AM: Done. Recalibrate tester with our calibration tools, tester catch passed all good units and failed all bad unit (simulated as unit without duck bill and clog duck bill.",[]
1780,EQ ID 1780,Cell 2 B-822 Pump Functional Tester,Soap Dispenser Assembly,11080,"fill each funnel assembly with alcohol and let sit for 15 minutes
cycle each station until alcohol drains from funnel
Test each station with one known good and three known defect (missing red duckbill. missing blue duckbill, clogged red duckbill)
If all parts are identified correctly, return machine to operation",Closed and Completed,4/18/2024,PU,0.25,0.00,0.00,4/18/2024,Primo Uy - 04/23/24  8:07:10 AM: Done. Tester function properly. Defect Bad and Good units.,[]
1780,EQ ID 1780,Cell 2 B-822 Pump Functional Tester,Soap Dispenser Assembly,11398,"fill each funnel assembly with alcohol and let sit for 15 minutes
cycle each station until alcohol drains from funnel
Test each station with one known good and three known defect (missing red duckbill. missing blue duckbill, clogged red duckbill)
If all parts are identified correctly, return machine to operation",Closed and Completed,4/30/2024,PU,0.20,0.00,0.00,4/30/2024,Primo Uy - 05/01/24  8:03:36 AM: Done,[]
1780,EQ ID 1780,Cell 2 B-822 Pump Functional Tester,Soap Dispenser Assembly,11484,"fill each funnel assembly with alcohol and let sit for 15 minutes
cycle each station until alcohol drains from funnel
Test each station with one known good and three known defect (missing red duckbill. missing blue duckbill, clogged red duckbill)
If all parts are identified correctly, return machine to operation",Closed and Completed,5/8/2024,PU,0.25,0.00,0.00,5/8/2024,"Primo Uy - 05/09/24  7:43:18 AM: Done, Clean the nest and leak sensor with alcohol. Use the control units to verify tester will catch the Bad and good units during testing.",[]
1780,EQ ID 1780,Cell 2 B-822 Pump Functional Tester,Soap Dispenser Assembly,11612,"fill each funnel assembly with alcohol and let sit for 15 minutes
cycle each station until alcohol drains from funnel
Test each station with one known good and three known defect (missing red duckbill. missing blue duckbill, clogged red duckbill)
If all parts are identified correctly, return machine to operation",Closed and Completed,5/16/2024,PU,0.33,0.00,0.00,5/16/2024,"Primo Uy - 05/17/24  8:16:30 AM: Done.
Note, i inform Leadman to perform Calibration every morning first before line is open.",[]
1780,EQ ID 1780,Cell 2 B-822 Pump Functional Tester,Soap Dispenser Assembly,11728,"fill each funnel assembly with alcohol and let sit for 15 minutes
cycle each station until alcohol drains from funnel
Test each station with one known good and three known defect (missing red duckbill. missing blue duckbill, clogged red duckbill)
If all parts are identified correctly, return machine to operation",Closed and Completed,5/24/2024,PU,0.35,0.00,0.00,5/23/2024,Primo Uy - 05/28/24  9:05:20 AM: Done,[]
1780,EQ ID 1780,Cell 2 B-822 Pump Functional Tester,Soap Dispenser Assembly,11853,"fill each funnel assembly with alcohol and let sit for 15 minutes
cycle each station until alcohol drains from funnel
Test each station with one known good and three known defect (missing red duckbill. missing blue duckbill, clogged red duckbill)
If all parts are identified correctly, return machine to operation",Closed and Completed,6/4/2024,PU,0.42,0.00,0.00,6/4/2024,Primo Uy - 06/24/24 12:04:11 PM: Done,[]
1780,EQ ID 1780,Cell 2 B-822 Pump Functional Tester,Soap Dispenser Assembly,12194,"fill each funnel assembly with alcohol and let sit for 15 minutes
cycle each station until alcohol drains from funnel
Test each station with one known good and three known defect (missing red duckbill. missing blue duckbill, clogged red duckbill)
If all parts are identified correctly, return machine to operation",Closed and Completed,7/1/2024,.33,0.25,0.00,0.00,7/1/2024,Primo Uy - 07/09/24  7:12:12 AM: Done,[]
1780,EQ ID 1780,Cell 2 B-822 Pump Functional Tester,Soap Dispenser Assembly,12311,"fill each funnel assembly with alcohol and let sit for 15 minutes
cycle each station until alcohol drains from funnel
Test each station with one known good and three known defect (missing red duckbill. missing blue duckbill, clogged red duckbill)
If all parts are identified correctly, return machine to operation",Closed and Completed,7/16/2024,PU,0.25,0.00,0.00,7/15/2024,,[]
1780,EQ ID 1780,Cell 2 B-822 Pump Functional Tester,Soap Dispenser Assembly,12487,"fill each funnel assembly with alcohol and let sit for 15 minutes
cycle each station until alcohol drains from funnel
Test each station with one known good and three known defect (missing red duckbill. missing blue duckbill, clogged red duckbill)
If all parts are identified correctly, return machine to operation",Closed and Completed,7/29/2024,PU,0.42,0.00,0.00,7/29/2024,Primo Uy - 07/29/24  9:28:53 AM: Done,[]
1780,EQ ID 1780,Cell 2 B-822 Pump Functional Tester,Soap Dispenser Assembly,12562,"fill each funnel assembly with alcohol and let sit for 15 minutes
cycle each station until alcohol drains from funnel
Test each station with one known good and three known defect (missing red duckbill. missing blue duckbill, clogged red duckbill)
If all parts are identified correctly, return machine to operation",Closed and Completed,8/5/2024,PU,0.35,0.00,0.00,8/5/2024,Primo Uy - 08/05/24 10:28:00 AM: Done,[]
1780,EQ ID 1780,Cell 2 B-822 Pump Functional Tester,Soap Dispenser Assembly,12638,"fill each funnel assembly with alcohol and let sit for 15 minutes
cycle each station until alcohol drains from funnel
Test each station with one known good and three known defect (missing red duckbill. missing blue duckbill, clogged red duckbill)
If all parts are identified correctly, return machine to operation",Closed and Completed,8/12/2024,PU,0.35,0.00,0.00,8/12/2024,Primo Uy - 08/14/24  9:13:23 AM: Done,[]
1780,EQ ID 1780,Cell 2 B-822 Pump Functional Tester,Soap Dispenser Assembly,12758,"fill each funnel assembly with alcohol and let sit for 15 minutes
cycle each station until alcohol drains from funnel
Test each station with one known good and three known defect (missing red duckbill. missing blue duckbill, clogged red duckbill)
If all parts are identified correctly, return machine to operation",Closed and Completed,8/21/2024,PU & MB,0.20,0.00,0.00,8/28/2024,Primo Uy - 08/28/24  9:04:49 AM: Done. Show to Max show to do the PM.,[]
1780,EQ ID 1780,Cell 2 B-822 Pump Functional Tester,Soap Dispenser Assembly,12906,"fill each funnel assembly with alcohol and let sit for 15 minutes
cycle each station until alcohol drains from funnel
Test each station with one known good and three known defect (missing red duckbill. missing blue duckbill, clogged red duckbill)
If all parts are identified correctly, return machine to operation",Closed and Completed,9/4/2024,PU,0.25,0.00,0.00,9/4/2024,Primo Uy - 09/10/24  8:37:51 AM: Done,[]
1780,EQ ID 1780,Cell 2 B-822 Pump Functional Tester,Soap Dispenser Assembly,13002,"fill each funnel assembly with alcohol and let sit for 15 minutes
cycle each station until alcohol drains from funnel
Test each station with one known good and three known defect (missing red duckbill. missing blue duckbill, clogged red duckbill)
If all parts are identified correctly, return machine to operation",Closed and Completed,9/17/2024,PU,0.35,0.00,0.00,9/17/2024,Primo Uy - 09/18/24  8:01:00 AM: Done.,[]
1780,EQ ID 1780,Cell 2 B-822 Pump Functional Tester,Soap Dispenser Assembly,13095,"fill each funnel assembly with alcohol and let sit for 15 minutes
cycle each station until alcohol drains from funnel
Test each station with one known good and three known defect (missing red duckbill. missing blue duckbill, clogged red duckbill)
If all parts are identified correctly, return machine to operation",Closed and Completed,9/25/2024,PU,0.20,0.00,0.00,10/7/2024,Primo Uy - 10/07/24 12:24:58 PM: Done,[]
1780,EQ ID 1780,Cell 2 B-822 Pump Functional Tester,Soap Dispenser Assembly,13299,"fill each funnel assembly with alcohol and let sit for 15 minutes
cycle each station until alcohol drains from funnel
Test each station with one known good and three known defect (missing red duckbill. missing blue duckbill, clogged red duckbill)
If all parts are identified correctly, return machine to operation",Closed and Completed,10/14/2024,PU,0.25,0.00,0.00,10/14/2024,Primo Uy - 10/14/24  9:28:14 AM: Done.,[]
1780,EQ ID 1780,Cell 2 B-822 Pump Functional Tester,Soap Dispenser Assembly,13384,"fill each funnel assembly with alcohol and let sit for 15 minutes
cycle each station until alcohol drains from funnel
Test each station with one known good and three known defect (missing red duckbill. missing blue duckbill, clogged red duckbill)
If all parts are identified correctly, return machine to operation",Closed and Completed,10/21/2024,PU,0.00,0.00,0.00,10/21/2024,Primo Uy - 10/24/24  9:14:08 AM: Done.,[]
1780,EQ ID 1780,Cell 2 B-822 Pump Functional Tester,Soap Dispenser Assembly,13540,"fill each funnel assembly with alcohol and let sit for 15 minutes
cycle each station until alcohol drains from funnel
Test each station with one known good and three known defect (missing red duckbill. missing blue duckbill, clogged red duckbill)
If all parts are identified correctly, return machine to operation",Closed and Completed,10/31/2024,PU,0.20,0.00,0.00,10/30/2024,Primo Uy - 11/04/24 11:47:26 AM: Done,[]
1780,EQ ID 1780,Cell 2 B-822 Pump Functional Tester,Soap Dispenser Assembly,13682,"fill each funnel assembly with alcohol and let sit for 15 minutes
cycle each station until alcohol drains from funnel
Test each station with one known good and three known defect (missing red duckbill. missing blue duckbill, clogged red duckbill)
If all parts are identified correctly, return machine to operation",Closed and Completed,11/11/2024,PU,0.20,0.00,0.00,11/11/2024,Primo Uy - 11/11/24 12:50:55 PM: Done,[]
1780,EQ ID 1780,Cell 2 B-822 Pump Functional Tester,Soap Dispenser Assembly,13778,"fill each funnel assembly with alcohol and let sit for 15 minutes
cycle each station until alcohol drains from funnel
Test each station with one known good and three known defect (missing red duckbill. missing blue duckbill, clogged red duckbill)
If all parts are identified correctly, return machine to operation",Closed and Completed,11/18/2024,PU,0.35,0.00,0.00,11/19/2024,Primo Uy - 11/19/24  9:14:05 AM: Done,[]
1780,EQ ID 1780,Cell 2 B-822 Pump Functional Tester,Soap Dispenser Assembly,13855,"fill each funnel assembly with alcohol and let sit for 15 minutes
cycle each station until alcohol drains from funnel
Test each station with one known good and three known defect (missing red duckbill. missing blue duckbill, clogged red duckbill)
If all parts are identified correctly, return machine to operation",Closed and Completed,11/26/2024,PU,0.35,0.00,0.00,11/26/2024,Primo Uy - 12/03/24  9:53:37 AM: Done.,[]
1780,EQ ID 1780,Cell 2 B-822 Pump Functional Tester,Soap Dispenser Assembly,13957,"fill each funnel assembly with alcohol and let sit for 15 minutes
cycle each station until alcohol drains from funnel
Test each station with one known good and three known defect (missing red duckbill. missing blue duckbill, clogged red duckbill)
If all parts are identified correctly, return machine to operation",Closed and Completed,12/10/2024,PU,0.35,0.00,0.00,12/10/2024,Primo Uy - 12/13/24  7:59:06 AM: Done,[]
1780,EQ ID 1780,Cell 2 B-822 Pump Functional Tester,Soap Dispenser Assembly,14078,"fill each funnel assembly with alcohol and let sit for 15 minutes
cycle each station until alcohol drains from funnel
Test each station with one known good and three known defect (missing red duckbill. missing blue duckbill, clogged red duckbill)
If all parts are identified correctly, return machine to operation",Closed and Completed,12/20/2024,PU,0.35,0.00,0.00,12/20/2024,Primo Uy - 01/02/25  9:18:11 AM: Done,[]
1780,EQ ID 1780,Cell 2 B-822 Pump Functional Tester,Soap Dispenser Assembly,14205,"fill each funnel assembly with alcohol and let sit for 15 minutes
cycle each station until alcohol drains from funnel
Test each station with one known good and three known defect (missing red duckbill. missing blue duckbill, clogged red duckbill)
If all parts are identified correctly, return machine to operation",Closed and Completed,1/9/2025,PU,0.35,0.00,0.00,1/9/2025,Primo Uy - 01/14/25  8:16:22 AM: Done,[]
1780,EQ ID 1780,Cell 2 B-822 Pump Functional Tester,Soap Dispenser Assembly,14353,"fill each funnel assembly with alcohol and let sit for 15 minutes
cycle each station until alcohol drains from funnel
Test each station with one known good and three known defect (missing red duckbill. missing blue duckbill, clogged red duckbill)
If all parts are identified correctly, return machine to operation",Closed and Completed,1/21/2025,PU,0.20,0.00,0.00,1/21/2025,Primo Uy - 01/31/25 11:52:19 AM: Done,[]
1780,EQ ID 1780,Cell 2 B-822 Pump Functional Tester,Soap Dispenser Assembly,14543,"fill each funnel assembly with alcohol and let sit for 15 minutes
cycle each station until alcohol drains from funnel
Test each station with one known good and three known defect (missing red duckbill. missing blue duckbill, clogged red duckbill)
If all parts are identified correctly, return machine to operation",Closed and Completed,2/7/2025,PU,0.20,0.00,0.00,2/5/2025,Primo Uy - 02/05/25  8:13:59 AM: Done,[]
1780,EQ ID 1780,Cell 2 B-822 Pump Functional Tester,Soap Dispenser Assembly,14584,"fill each funnel assembly with alcohol and let sit for 15 minutes
cycle each station until alcohol drains from funnel
Test each station with one known good and three known defect (missing red duckbill. missing blue duckbill, clogged red duckbill)
If all parts are identified correctly, return machine to operation",Closed and Completed,2/12/2025,PU,0.20,0.00,0.00,2/12/2025,Primo Uy - 02/19/25  8:20:30 AM: Done,[]
1780,EQ ID 1780,Cell 2 B-822 Pump Functional Tester,Soap Dispenser Assembly,14751,"fill each funnel assembly with alcohol and let sit for 15 minutes
cycle each station until alcohol drains from funnel
Test each station with one known good and three known defect (missing red duckbill. missing blue duckbill, clogged red duckbill)
If all parts are identified correctly, return machine to operation",Closed and Completed,2/26/2025,PU,0.20,0.00,0.00,2/26/2025,Primo Uy - 02/28/25  1:15:42 PM: Done,[]
1780,EQ ID 1780,Cell 2 B-822 Pump Functional Tester,Soap Dispenser Assembly,14895,"fill each funnel assembly with alcohol and let sit for 15 minutes
cycle each station until alcohol drains from funnel
Test each station with one known good and three known defect (missing red duckbill. missing blue duckbill, clogged red duckbill)
If all parts are identified correctly, return machine to operation",Closed and Completed,3/7/2025,PU,0.30,0.00,0.00,3/7/2025,Primo Uy - 03/11/25  8:01:38 AM: Done.,[]
1780,EQ ID 1780,Cell 2 B-822 Pump Functional Tester,Soap Dispenser Assembly,15008,"fill each funnel assembly with alcohol and let sit for 15 minutes
cycle each station until alcohol drains from funnel
Test each station with one known good and three known defect (missing red duckbill. missing blue duckbill, clogged red duckbill)
If all parts are identified correctly, return machine to operation",Closed and Completed,3/18/2025,PU,0.35,0.00,0.00,3/18/2025,Primo Uy - 03/19/25  9:00:10 AM: Done,[]
1780,EQ ID 1780,Cell 2 B-822 Pump Functional Tester,Soap Dispenser Assembly,15101,"fill each funnel assembly with alcohol and let sit for 15 minutes
cycle each station until alcohol drains from funnel
Test each station with one known good and three known defect (missing red duckbill. missing blue duckbill, clogged red duckbill)
If all parts are identified correctly, return machine to operation",Closed and Completed,3/26/2025,PU,0.35,0.00,0.00,3/26/2025,Primo Uy - 03/28/25  7:50:21 AM: Done.,[]
1780,EQ ID 1780,Cell 2 B-822 Pump Functional Tester,Soap Dispenser Assembly,15195,"fill each funnel assembly with alcohol and let sit for 15 minutes
cycle each station until alcohol drains from funnel
Test each station with one known good and three known defect (missing red duckbill. missing blue duckbill, clogged red duckbill)
If all parts are identified correctly, return machine to operation",Closed and Completed,4/4/2025,PU,0.35,0.00,0.00,4/4/2025,Primo Uy - 04/09/25  7:19:57 AM: Done,[]
1780,EQ ID 1780,Cell 2 B-822 Pump Functional Tester,Soap Dispenser Assembly,15330,"fill each funnel assembly with alcohol and let sit for 15 minutes
cycle each station until alcohol drains from funnel
Test each station with one known good and three known defect (missing red duckbill. missing blue duckbill, clogged red duckbill)
If all parts are identified correctly, return machine to operation",Closed and Completed,4/16/2025,PU,0.20,0.00,0.00,4/16/2025,,[]
1780,EQ ID 1780,Cell 2 B-822 Pump Functional Tester,Soap Dispenser Assembly,15460,"fill each funnel assembly with alcohol and let sit for 15 minutes
cycle each station until alcohol drains from funnel
Test each station with one known good and three known defect (missing red duckbill. missing blue duckbill, clogged red duckbill)
If all parts are identified correctly, return machine to operation",Closed and Completed,4/29/2025,PU,0.25,0.00,0.00,4/29/2025,Primo Uy - 05/01/25  6:34:05 AM: Done,[]
1780,EQ ID 1780,Cell 2 B-822 Pump Functional Tester,Soap Dispenser Assembly,15577,"fill each funnel assembly with alcohol and let sit for 15 minutes
cycle each station until alcohol drains from funnel
Test each station with one known good and three known defect (missing red duckbill. missing blue duckbill, clogged red duckbill)
If all parts are identified correctly, return machine to operation",Closed and Completed,5/8/2025,PU,0.20,0.00,0.00,5/8/2025,Primo Uy - 05/16/25  8:54:10 AM: Done,[]
1780,EQ ID 1780,Cell 2 B-822 Pump Functional Tester,Soap Dispenser Assembly,15766,"fill each funnel assembly with alcohol and let sit for 15 minutes
cycle each station until alcohol drains from funnel
Test each station with one known good and three known defect (missing red duckbill. missing blue duckbill, clogged red duckbill)
If all parts are identified correctly, return machine to operation",Closed and Completed,5/23/2025,PU,0.35,0.00,0.00,5/23/2025,Primo Uy - 06/05/25 12:22:59 PM: Done.,[]
1780,EQ ID 1780,Cell 2 B-822 Pump Functional Tester,Soap Dispenser Assembly,15982,"fill each funnel assembly with alcohol and let sit for 15 minutes
cycle each station until alcohol drains from funnel
Test each station with one known good and three known defect (missing red duckbill. missing blue duckbill, clogged red duckbill)
If all parts are identified correctly, return machine to operation",Closed and Completed,6/12/2025,PU,0.35,0.00,0.00,6/12/2025,Primo Uy - 06/23/25  8:47:41 AM: Done,[]
1780,EQ ID 1780,Cell 2 B-822 Pump Functional Tester,Soap Dispenser Assembly,16188,"fill each funnel assembly with alcohol and let sit for 15 minutes
cycle each station until alcohol drains from funnel
Test each station with one known good and three known defect (missing red duckbill. missing blue duckbill, clogged red duckbill)
If all parts are identified correctly, return machine to operation",Closed and Completed,6/30/2025,PU,0.35,0.00,0.00,6/30/2025,Primo Uy - 07/07/25 11:37:14 AM: Done,[]
1780,EQ ID 1780,Cell 2 B-822 Pump Functional Tester,Soap Dispenser Assembly,16304,"fill each funnel assembly with alcohol and let sit for 15 minutes
cycle each station until alcohol drains from funnel
Test each station with one known good and three known defect (missing red duckbill. missing blue duckbill, clogged red duckbill)
If all parts are identified correctly, return machine to operation",Closed and Completed,7/14/2025,PU,0.35,0.00,0.00,7/11/2025,Primo Uy - 07/28/25  9:57:14 AM: Done,[]
1780,EQ ID 1780,Cell 2 B-822 Pump Functional Tester,Soap Dispenser Assembly,16503,"fill each funnel assembly with alcohol and let sit for 15 minutes
cycle each station until alcohol drains from funnel
Test each station with one known good and three known defect (missing red duckbill. missing blue duckbill, clogged red duckbill)
If all parts are identified correctly, return machine to operation",Closed and Completed,8/4/2025,PU,0.20,0.00,0.00,8/4/2025,Primo Uy - 09/02/25 12:07:05 PM: Done,[]
1780,EQ ID 1780,Cell 2 B-822 Pump Functional Tester,Soap Dispenser Assembly,16871,"fill each funnel assembly with alcohol and let sit for 15 minutes
cycle each station until alcohol drains from funnel
Test each station with one known good and three known defect (missing red duckbill. missing blue duckbill, clogged red duckbill)
If all parts are identified correctly, return machine to operation",Closed and Completed,9/9/2025,PU,0.20,0.00,0.00,9/11/2025,Primo Uy - 09/11/25  8:04:10 AM: Done,[]
1780,EQ ID 1780,Cell 2 B-822 Pump Functional Tester,Soap Dispenser Assembly,16975,"fill each funnel assembly with alcohol and let sit for 15 minutes
cycle each station until alcohol drains from funnel
Test each station with one known good and three known defect (missing red duckbill. missing blue duckbill, clogged red duckbill)
If all parts are identified correctly, return machine to operation",Closed and Completed,9/18/2025,PU,0.20,0.00,0.00,9/19/2025,Primo Uy - 09/19/25  1:24:03 PM: Done,[]
1780,EQ ID 1780,Cell 2 B-822 Pump Functional Tester,Soap Dispenser Assembly,17050,"fill each funnel assembly with alcohol and let sit for 15 minutes
cycle each station until alcohol drains from funnel
Test each station with one known good and three known defect (missing red duckbill. missing blue duckbill, clogged red duckbill)
If all parts are identified correctly, return machine to operation",Closed and Completed,9/26/2025,PU,0.20,0.00,0.00,9/26/2025,Primo Uy - 10/08/25  9:54:54 AM: Done,[]
1780,EQ ID 1780,Cell 2 B-822 Pump Functional Tester,Soap Dispenser Assembly,17197,"fill each funnel assembly with alcohol and let sit for 15 minutes
cycle each station until alcohol drains from funnel
Test each station with one known good and three known defect (missing red duckbill. missing blue duckbill, clogged red duckbill)
If all parts are identified correctly, return machine to operation",Closed and Completed,10/15/2025,PU,0.35,0.00,0.00,10/15/2025,Primo Uy - 10/17/25  7:13:42 AM: Done.,[]
1780,EQ ID 1780,Cell 2 B-822 Pump Functional Tester,Soap Dispenser Assembly,17332,"fill each funnel assembly with alcohol and let sit for 15 minutes
cycle each station until alcohol drains from funnel
Test each station with one known good and three known defect (missing red duckbill. missing blue duckbill, clogged red duckbill)
If all parts are identified correctly, return machine to operation",Closed and Completed,10/24/2025,PUY,0.35,0.00,0.00,10/24/2025,Primo Uy - 10/27/25  8:46:59 AM: Done,[]
1780,EQ ID 1780,Cell 2 B-822 Pump Functional Tester,Soap Dispenser Assembly,17473,"fill each funnel assembly with alcohol and let sit for 15 minutes
cycle each station until alcohol drains from funnel
Test each station with one known good and three known defect (missing red duckbill. missing blue duckbill, clogged red duckbill)
If all parts are identified correctly, return machine to operation",Closed and Completed,11/3/2025,PU,0.35,0.00,0.00,11/3/2025,Primo Uy - 11/12/25 10:36:10 AM: Done,[]
1780,EQ ID 1780,Cell 2 B-822 Pump Functional Tester,Soap Dispenser Assembly,17679,"fill each funnel assembly with alcohol and let sit for 15 minutes
cycle each station until alcohol drains from funnel
Test each station with one known good and three known defect (missing red duckbill. missing blue duckbill, clogged red duckbill)
If all parts are identified correctly, return machine to operation",Closed and Completed,11/19/2025,PU,0.35,0.00,0.00,11/19/2025,Primo Uy - 11/26/25  3:13:42 PM: Done,[]
1780,EQ ID 1780,Cell 2 B-822 Pump Functional Tester,Soap Dispenser Assembly,17799,"fill each funnel assembly with alcohol and let sit for 15 minutes
cycle each station until alcohol drains from funnel
Test each station with one known good and three known defect (missing red duckbill. missing blue duckbill, clogged red duckbill)
If all parts are identified correctly, return machine to operation",Closed and Completed,12/3/2025,PU,0.35,0.00,0.00,12/2/2025,Primo Uy - 12/04/25  7:13:24 AM: Done,[]
1780,EQ ID 1780,Cell 2 B-822 Pump Functional Tester,Soap Dispenser Assembly,17834,"fill each funnel assembly with alcohol and let sit for 15 minutes
cycle each station until alcohol drains from funnel
Test each station with one known good and three known defect (missing red duckbill. missing blue duckbill, clogged red duckbill)
If all parts are identified correctly, return machine to operation",Closed and Completed,12/11/2025,PU,0.20,0.00,0.00,12/11/2025,Primo Uy - 12/15/25  1:17:56 PM: Done.,[]
1780,EQ ID 1780,Cell 2 B-822 Pump Functional Tester,Soap Dispenser Assembly,17950,"fill each funnel assembly with alcohol and let sit for 15 minutes
cycle each station until alcohol drains from funnel
Test each station with one known good and three known defect (missing red duckbill. missing blue duckbill, clogged red duckbill)
If all parts are identified correctly, return machine to operation",Closed and Completed,12/22/2025,PU,0.50,0.00,0.00,1/5/2026,Primo Uy - 01/05/26  9:41:12 AM: Done.,[]
1780,EQ ID 1780,Cell 2 B-822 Pump Functional Tester,Soap Dispenser Assembly,18075,"fill each funnel assembly with alcohol and let sit for 15 minutes
cycle each station until alcohol drains from funnel
Test each station with one known good and three known defect (missing red duckbill. missing blue duckbill, clogged red duckbill)
If all parts are identified correctly, return machine to operation",Closed and Completed,1/12/2026,PU,35.00,0.00,0.00,1/15/2026,Primo Uy - 01/15/26  2:34:30 PM: Done.,[]
1780,EQ ID 1780,Cell 2 B-822 Pump Functional Tester,Soap Dispenser Assembly,18208,"fill each funnel assembly with alcohol and let sit for 15 minutes
cycle each station until alcohol drains from funnel
Test each station with one known good and three known defect (missing red duckbill. missing blue duckbill, clogged red duckbill)
If all parts are identified correctly, return machine to operation",Closed and Completed,1/22/2026,PU,0.35,0.00,0.00,1/21/2026,Primo Uy - 01/30/26  8:21:40 AM: Done.,[]
1780,EQ ID 1780,Cell 2 B-822 Pump Functional Tester,Soap Dispenser Assembly,18329,"fill each funnel assembly with alcohol and let sit for 15 minutes
cycle each station until alcohol drains from funnel
Test each station with one known good and three known defect (missing red duckbill. missing blue duckbill, clogged red duckbill)
If all parts are identified correctly, return machine to operation",Closed and Completed,2/6/2026,PU,0.35,0.00,0.00,2/6/2026,Primo Uy - 02/13/26  9:23:44 AM: Done,[]
1780,EQ ID 1780,Cell 2 B-822 Pump Functional Tester,Soap Dispenser Assembly,18470,"fill each funnel assembly with alcohol and let sit for 15 minutes
cycle each station until alcohol drains from funnel
Test each station with one known good and three known defect (missing red duckbill. missing blue duckbill, clogged red duckbill)
If all parts are identified correctly, return machine to operation",Closed and Completed,2/20/2026,PU,0.20,0.00,0.00,2/24/2026,"Primo Uy - 02/24/26  9:53:56 AM: Done.
Note: 822 Test was having issues and its been work at the moment.",[]
1780,EQ ID 1780,Cell 2 B-822 Pump Functional Tester,Soap Dispenser Assembly,18555,"fill each funnel assembly with alcohol and let sit for 15 minutes
cycle each station until alcohol drains from funnel
Test each station with one known good and three known defect (missing red duckbill. missing blue duckbill, clogged red duckbill)
If all parts are identified correctly, return machine to operation",Closed and Completed,3/3/2026,PU,0.20,0.00,0.00,3/3/2026,Primo Uy - 03/12/26 12:44:35 PM: Done.,[]
1780,EQ ID 1780,Cell 2 B-822 Pump Functional Tester,Soap Dispenser Assembly,18733,"fill each funnel assembly with alcohol and let sit for 15 minutes
cycle each station until alcohol drains from funnel
Test each station with one known good and three known defect (missing red duckbill. missing blue duckbill, clogged red duckbill)
If all parts are identified correctly, return machine to operation",Closed and Completed,3/19/2026,PU,0.35,0.00,0.00,3/19/2026,Primo Uy - 04/14/26  9:40:28 AM: Done,[]
1780,EQ ID 1780,Cell 2 B-822 Pump Functional Tester,Soap Dispenser Assembly,19090,"fill each funnel assembly with alcohol and let sit for 15 minutes
cycle each station until alcohol drains from funnel
Test each station with one known good and three known defect (missing red duckbill. missing blue duckbill, clogged red duckbill)
If all parts are identified correctly, return machine to operation",Closed and Completed,4/21/2026,PU,0.20,0.00,0.00,3/23/2026,Primo Uy - 04/29/26  1:04:54 PM: Done,[]
1780,EQ ID 1780,Cell 2 B-822 Pump Functional Tester,Soap Dispenser Assembly,19250,"fill each funnel assembly with alcohol and let sit for 15 minutes
cycle each station until alcohol drains from funnel
Test each station with one known good and three known defect (missing red duckbill. missing blue duckbill, clogged red duckbill)
If all parts are identified correctly, return machine to operation",Closed and Completed,5/6/2026,pu,0.00,0.00,0.00,5/6/2026,Primo Uy - 05/15/26  8:46:54 AM: Tester is not working right and its under repair.,[]
1780,EQ ID 1780,Cell 2 B-822 Pump Functional Tester,Soap Dispenser Assembly,19443,"fill each funnel assembly with alcohol and let sit for 15 minutes
cycle each station until alcohol drains from funnel
Test each station with one known good and three known defect (missing red duckbill. missing blue duckbill, clogged red duckbill)
If all parts are identified correctly, return machine to operation",Closed and Completed,5/22/2026,PU,0.20,0.00,0.00,5/22/2026,Primo Uy - 06/09/26 11:49:35 AM: Done.,[]
1780,EQ ID 1780,Cell 2 B-822 Pump Functional Tester,Soap Dispenser Assembly,19760,"fill each funnel assembly with alcohol and let sit for 15 minutes
cycle each station until alcohol drains from funnel
Test each station with one known good and three known defect (missing red duckbill. missing blue duckbill, clogged red duckbill)
If all parts are identified correctly, return machine to operation",Closed and Completed,6/16/2026,PU,0.20,0.00,0.00,6/16/2026,Primo Uy - 06/18/26 11:58:58 AM: Done,[]
1780,EQ ID 1780,Cell 2 B-822 Pump Functional Tester,Soap Dispenser Assembly,19903,"fill each funnel assembly with alcohol and let sit for 15 minutes
cycle each station until alcohol drains from funnel
Test each station with one known good and three known defect (missing red duckbill. missing blue duckbill, clogged red duckbill)
If all parts are identified correctly, return machine to operation",Closed and Completed,6/25/2026,PU,0.20,0.00,0.00,6/25/2026,Primo Uy - 08/03/26 11:54:55 AM: Done,[]
1780,EQ ID 1780,Cell 2 B-822 Pump Functional Tester,Soap Dispenser Assembly,20201,"fill each funnel assembly with alcohol and let sit for 15 minutes
cycle each station until alcohol drains from funnel
Test each station with one known good and three known defect (missing red duckbill. missing blue duckbill, clogged red duckbill)
If all parts are identified correctly, return machine to operation",Closed and Completed,8/10/2026,PU,0.20,0.00,0.00,8/12/2026,Primo Uy - 08/13/26  1:42:11 PM: Done,[]
1846,EQ ID 1846,B-824 bottle leak tester,Soap Dispenser Assembly,18055,Verify incoming air pressure is 40 +/- 2 PSI.  Notify maintenance to djust if needed,Pending,1/6/2026,,0.00,0.00,0.00,,,[]
1846,EQ ID 1846,B-824 bottle leak tester,Soap Dispenser Assembly,978,Verify incoming air pressure is 40 +/- 2 PSI.  Notify maintenance to djust if needed,Closed and Completed,3/25/2022,Primo,0.00,0.00,0.00,4/6/2022,Primo Uy - 04/08/22  9:27:27 AM: Change to complete. Testing.,[]
1846,EQ ID 1846,B-824 bottle leak tester,Soap Dispenser Assembly,2808,Verify incoming air pressure is 40 +/- 2 PSI.  Notify maintenance to djust if needed,Closed and Completed,10/20/2022,Mark R.,0.00,0.00,0.00,12/8/2022,,[]
1846,EQ ID 1846,B-824 bottle leak tester,Soap Dispenser Assembly,3527,Verify incoming air pressure is 40 +/- 2 PSI.  Notify maintenance to djust if needed,Closed and Completed,12/15/2022,Mark R,0.00,0.00,0.00,12/8/2022,,[]
1846,EQ ID 1846,B-824 bottle leak tester,Soap Dispenser Assembly,3537,Verify incoming air pressure is 40 +/- 2 PSI.  Notify maintenance to djust if needed,Closed and Completed,12/15/2022,Mark R,0.00,0.00,0.00,12/8/2022,,[]
1846,EQ ID 1846,B-824 bottle leak tester,Soap Dispenser Assembly,3538,Verify incoming air pressure is 40 +/- 2 PSI.  Notify maintenance to djust if needed,Closed and Completed,12/15/2022,Mark R,0.00,0.00,0.00,12/8/2022,,[]
1846,EQ ID 1846,B-824 bottle leak tester,Soap Dispenser Assembly,3539,Verify incoming air pressure is 40 +/- 2 PSI.  Notify maintenance to djust if needed,Closed and Completed,12/15/2022,Mark R,0.00,0.00,0.00,12/8/2022,,[]
1846,EQ ID 1846,B-824 bottle leak tester,Soap Dispenser Assembly,3540,Verify incoming air pressure is 40 +/- 2 PSI.  Notify maintenance to djust if needed,Closed and Completed,12/15/2022,Mark R,0.00,0.00,0.00,12/29/2022,,[]
1846,EQ ID 1846,B-824 bottle leak tester,Soap Dispenser Assembly,3762,Verify incoming air pressure is 40 +/- 2 PSI.  Notify maintenance to djust if needed,Closed and Completed,1/5/2023,Mark R,0.00,0.00,0.00,1/10/2023,,[]
1846,EQ ID 1846,B-824 bottle leak tester,Soap Dispenser Assembly,3867,Verify incoming air pressure is 40 +/- 2 PSI.  Notify maintenance to djust if needed,Closed and Completed,1/17/2023,Mark R,0.00,0.00,0.00,1/30/2023,,[]
1846,EQ ID 1846,B-824 bottle leak tester,Soap Dispenser Assembly,4172,Verify incoming air pressure is 40 +/- 2 PSI.  Notify maintenance to djust if needed,Closed and Completed,2/6/2023,Mark R,0.00,0.00,0.00,2/14/2023,,[]
1846,EQ ID 1846,B-824 bottle leak tester,Soap Dispenser Assembly,4706,Verify incoming air pressure is 40 +/- 2 PSI.  Notify maintenance to djust if needed,Closed and Completed,3/14/2023,Mark R,0.00,0.00,0.00,2/28/2023,,[]
1846,EQ ID 1846,B-824 bottle leak tester,Soap Dispenser Assembly,4707,Verify incoming air pressure is 40 +/- 2 PSI.  Notify maintenance to djust if needed,Closed and Completed,3/14/2023,Mark R,0.00,0.00,0.00,2/28/2023,,[]
1846,EQ ID 1846,B-824 bottle leak tester,Soap Dispenser Assembly,4708,Verify incoming air pressure is 40 +/- 2 PSI.  Notify maintenance to djust if needed,Closed and Completed,3/14/2023,Mark R,0.00,0.00,0.00,3/7/2023,,[]
1846,EQ ID 1846,B-824 bottle leak tester,Soap Dispenser Assembly,4391,Verify incoming air pressure is 40 +/- 2 PSI.  Notify maintenance to djust if needed,Closed and Completed,2/21/2023,Mark R,0.00,0.00,0.00,3/7/2023,,[]
1846,EQ ID 1846,B-824 bottle leak tester,Soap Dispenser Assembly,4695,Verify incoming air pressure is 40 +/- 2 PSI.  Notify maintenance to djust if needed,Closed and Completed,3/14/2023,Mark R,0.00,0.00,0.00,3/7/2023,,[]
1846,EQ ID 1846,B-824 bottle leak tester,Soap Dispenser Assembly,4705,Verify incoming air pressure is 40 +/- 2 PSI.  Notify maintenance to djust if needed,Closed and Completed,3/14/2023,Mark R,0.00,0.00,0.00,3/7/2023,,[]
1846,EQ ID 1846,B-824 bottle leak tester,Soap Dispenser Assembly,4709,Verify incoming air pressure is 40 +/- 2 PSI.  Notify maintenance to djust if needed,Closed without Action,3/14/2023,Cesar V.,0.00,0.00,0.00,3/7/2023,Cesar Verduzco - 03/07/23 11:48:58 AM: This tester fixture is no longer in use on the line,[]
1846,EQ ID 1846,B-824 bottle leak tester,Soap Dispenser Assembly,4715,Verify incoming air pressure is 40 +/- 2 PSI.  Notify maintenance to djust if needed,Closed without Action,3/14/2023,Cesar V.,0.00,0.00,0.00,4/4/2023,Cesar Verduzco - 04/04/23 12:22:57 PM: This machine is not in the Autosoap cell anymore,[]
1846,EQ ID 1846,B-824 bottle leak tester,Soap Dispenser Assembly,5607,Verify incoming air pressure is 40 +/- 2 PSI.  Notify maintenance to djust if needed,Closed and Completed,5/17/2023,Mark R,0.00,0.00,0.00,5/10/2023,,[]
1846,EQ ID 1846,B-824 bottle leak tester,Soap Dispenser Assembly,5609,Verify incoming air pressure is 40 +/- 2 PSI.  Notify maintenance to djust if needed,Closed and Completed,5/17/2023,Mark R,0.00,0.00,0.00,5/10/2023,,[]
1846,EQ ID 1846,B-824 bottle leak tester,Soap Dispenser Assembly,5610,Verify incoming air pressure is 40 +/- 2 PSI.  Notify maintenance to djust if needed,Closed and Completed,5/17/2023,Mark R,0.00,0.00,0.00,5/10/2023,,[]
1846,EQ ID 1846,B-824 bottle leak tester,Soap Dispenser Assembly,5149,Verify incoming air pressure is 40 +/- 2 PSI.  Notify maintenance to djust if needed,Closed and Completed,4/11/2023,Mark R,0.00,0.00,0.00,5/10/2023,,[]
1846,EQ ID 1846,B-824 bottle leak tester,Soap Dispenser Assembly,5599,Verify incoming air pressure is 40 +/- 2 PSI.  Notify maintenance to djust if needed,Closed and Completed,5/17/2023,Mark R,0.00,0.00,0.00,5/10/2023,,[]
1846,EQ ID 1846,B-824 bottle leak tester,Soap Dispenser Assembly,5602,Verify incoming air pressure is 40 +/- 2 PSI.  Notify maintenance to djust if needed,Closed and Completed,5/17/2023,Mark R,0.00,0.00,0.00,5/10/2023,,[]
1846,EQ ID 1846,B-824 bottle leak tester,Soap Dispenser Assembly,5604,Verify incoming air pressure is 40 +/- 2 PSI.  Notify maintenance to djust if needed,Closed and Completed,5/17/2023,Mark R,0.00,0.00,0.00,5/10/2023,,[]
1846,EQ ID 1846,B-824 bottle leak tester,Soap Dispenser Assembly,5605,Verify incoming air pressure is 40 +/- 2 PSI.  Notify maintenance to djust if needed,Closed and Completed,5/17/2023,Mark R,0.00,0.00,0.00,5/10/2023,,[]
1846,EQ ID 1846,B-824 bottle leak tester,Soap Dispenser Assembly,5606,Verify incoming air pressure is 40 +/- 2 PSI.  Notify maintenance to djust if needed,Closed and Completed,5/17/2023,Mark R,0.00,0.00,0.00,5/10/2023,,[]
1846,EQ ID 1846,B-824 bottle leak tester,Soap Dispenser Assembly,5611,Verify incoming air pressure is 40 +/- 2 PSI.  Notify maintenance to djust if needed,Closed and Completed,5/17/2023,Mark R,0.00,0.00,0.00,6/9/2023,,[]
1846,EQ ID 1846,B-824 bottle leak tester,Soap Dispenser Assembly,5949,Verify incoming air pressure is 40 +/- 2 PSI.  Notify maintenance to djust if needed,Closed and Completed,6/16/2023,Mark R,0.00,0.00,0.00,6/9/2023,,[]
1846,EQ ID 1846,B-824 bottle leak tester,Soap Dispenser Assembly,5958,Verify incoming air pressure is 40 +/- 2 PSI.  Notify maintenance to djust if needed,Closed and Completed,6/16/2023,Mark R,0.00,0.00,0.00,6/9/2023,,[]
1846,EQ ID 1846,B-824 bottle leak tester,Soap Dispenser Assembly,5960,Verify incoming air pressure is 40 +/- 2 PSI.  Notify maintenance to djust if needed,Closed and Completed,6/16/2023,Mark R,0.00,0.00,0.00,6/20/2023,,[]
1846,EQ ID 1846,B-824 bottle leak tester,Soap Dispenser Assembly,6132,Verify incoming air pressure is 40 +/- 2 PSI.  Notify maintenance to djust if needed,Closed and Completed,6/27/2023,Mark R closed and completed,0.00,0.00,0.00,8/8/2023,,[]
1846,EQ ID 1846,B-824 bottle leak tester,Soap Dispenser Assembly,6745,Verify incoming air pressure is 40 +/- 2 PSI.  Notify maintenance to djust if needed,Closed and Completed,8/15/2023,Mark R,0.00,0.00,0.00,8/8/2023,,[]
1846,EQ ID 1846,B-824 bottle leak tester,Soap Dispenser Assembly,6755,Verify incoming air pressure is 40 +/- 2 PSI.  Notify maintenance to djust if needed,Closed and Completed,8/15/2023,Mark R,0.00,0.00,0.00,8/8/2023,,[]
1846,EQ ID 1846,B-824 bottle leak tester,Soap Dispenser Assembly,6756,Verify incoming air pressure is 40 +/- 2 PSI.  Notify maintenance to djust if needed,Closed and Completed,8/15/2023,Mark R,0.00,0.00,0.00,9/12/2023,,[]
1846,EQ ID 1846,B-824 bottle leak tester,Soap Dispenser Assembly,7184,Verify incoming air pressure is 40 +/- 2 PSI.  Notify maintenance to djust if needed,Closed and Completed,9/19/2023,Mark R,0.00,0.00,0.00,10/17/2023,,[]
1846,EQ ID 1846,B-824 bottle leak tester,Soap Dispenser Assembly,7717,Verify incoming air pressure is 40 +/- 2 PSI.  Notify maintenance to djust if needed,Closed and Completed,10/24/2023,Mark R,0.00,0.00,0.00,11/6/2023,,[]
1846,EQ ID 1846,B-824 bottle leak tester,Soap Dispenser Assembly,7917,Verify incoming air pressure is 40 +/- 2 PSI.  Notify maintenance to djust if needed,Closed and Completed,11/13/2023,Mark R,0.00,0.00,0.00,11/6/2023,,[]
1846,EQ ID 1846,B-824 bottle leak tester,Soap Dispenser Assembly,7920,Verify incoming air pressure is 40 +/- 2 PSI.  Notify maintenance to djust if needed,Closed and Completed,11/13/2023,Mark R,0.00,0.00,0.00,11/6/2023,,[]
1846,EQ ID 1846,B-824 bottle leak tester,Soap Dispenser Assembly,7921,Verify incoming air pressure is 40 +/- 2 PSI.  Notify maintenance to djust if needed,Closed and Completed,11/13/2023,Mark R,0.00,0.00,0.00,11/6/2023,,[]
1846,EQ ID 1846,B-824 bottle leak tester,Soap Dispenser Assembly,7922,Verify incoming air pressure is 40 +/- 2 PSI.  Notify maintenance to djust if needed,Closed and Completed,11/13/2023,Mark R,0.00,0.00,0.00,12/12/2023,,[]
1846,EQ ID 1846,B-824 bottle leak tester,Soap Dispenser Assembly,9318,Verify incoming air pressure is 40 +/- 2 PSI.  Notify maintenance to djust if needed,Closed and Completed,12/19/2023,Mark R,0.00,0.00,0.00,1/5/2024,,[]
1846,EQ ID 1846,B-824 bottle leak tester,Soap Dispenser Assembly,9536,Verify incoming air pressure is 40 +/- 2 PSI.  Notify maintenance to djust if needed,Closed and Completed,1/12/2024,Mark R,0.00,0.00,0.00,1/5/2024,,[]
1846,EQ ID 1846,B-824 bottle leak tester,Soap Dispenser Assembly,9537,Verify incoming air pressure is 40 +/- 2 PSI.  Notify maintenance to djust if needed,Closed and Completed,1/12/2024,Mark R,0.00,0.00,0.00,1/5/2024,,[]
1846,EQ ID 1846,B-824 bottle leak tester,Soap Dispenser Assembly,9538,Verify incoming air pressure is 40 +/- 2 PSI.  Notify maintenance to djust if needed,Closed and Completed,1/12/2024,Mark R,0.00,0.00,0.00,1/5/2024,,[]
1846,EQ ID 1846,B-824 bottle leak tester,Soap Dispenser Assembly,9539,Verify incoming air pressure is 40 +/- 2 PSI.  Notify maintenance to djust if needed,Closed and Completed,1/12/2024,Mark R,0.00,0.00,0.00,1/16/2024,,[]
1846,EQ ID 1846,B-824 bottle leak tester,Soap Dispenser Assembly,9939,Verify incoming air pressure is 40 +/- 2 PSI.  Notify maintenance to djust if needed,Closed and Completed,1/23/2024,Mark R,0.00,0.00,0.00,1/22/2024,,[]
1846,EQ ID 1846,B-824 bottle leak tester,Soap Dispenser Assembly,10067,Verify incoming air pressure is 40 +/- 2 PSI.  Notify maintenance to djust if needed,Closed and Completed,1/29/2024,Mark r,0.00,0.00,0.00,4/12/2024,,[]
1846,EQ ID 1846,B-824 bottle leak tester,Soap Dispenser Assembly,11092,Verify incoming air pressure is 40 +/- 2 PSI.  Notify maintenance to djust if needed,Closed and Completed,4/19/2024,Mark R,0.00,0.00,0.00,4/12/2024,,[]
1846,EQ ID 1846,B-824 bottle leak tester,Soap Dispenser Assembly,11099,Verify incoming air pressure is 40 +/- 2 PSI.  Notify maintenance to djust if needed,Closed and Completed,4/19/2024,Mark R,0.00,0.00,0.00,4/12/2024,,[]
1846,EQ ID 1846,B-824 bottle leak tester,Soap Dispenser Assembly,11103,Verify incoming air pressure is 40 +/- 2 PSI.  Notify maintenance to djust if needed,Closed and Completed,4/19/2024,Mark R,0.00,0.00,0.00,5/7/2024,,[]
1846,EQ ID 1846,B-824 bottle leak tester,Soap Dispenser Assembly,11562,Verify incoming air pressure is 40 +/- 2 PSI.  Notify maintenance to djust if needed,Closed and Completed,5/14/2024,Mark R,0.00,0.00,0.00,6/10/2024,,[]
1846,EQ ID 1846,B-824 bottle leak tester,Soap Dispenser Assembly,12042,Verify incoming air pressure is 40 +/- 2 PSI.  Notify maintenance to djust if needed,Closed and Completed,6/17/2024,Mark R,0.00,0.00,0.00,6/19/2024,,[]
1846,EQ ID 1846,B-824 bottle leak tester,Soap Dispenser Assembly,12153,Verify incoming air pressure is 40 +/- 2 PSI.  Notify maintenance to djust if needed,Closed and Completed,6/26/2024,Mark R,0.00,0.00,0.00,6/19/2024,,[]
1846,EQ ID 1846,B-824 bottle leak tester,Soap Dispenser Assembly,12154,Verify incoming air pressure is 40 +/- 2 PSI.  Notify maintenance to djust if needed,Closed and Completed,6/26/2024,Mark Rojas,0.00,0.00,0.00,7/15/2024,,[]
1846,EQ ID 1846,B-824 bottle leak tester,Soap Dispenser Assembly,12387,Verify incoming air pressure is 40 +/- 2 PSI.  Notify maintenance to djust if needed,Closed and Completed,7/22/2024,Mark R,0.00,0.00,0.00,8/6/2024,,[]
1846,EQ ID 1846,B-824 bottle leak tester,Soap Dispenser Assembly,12651,Verify incoming air pressure is 40 +/- 2 PSI.  Notify maintenance to djust if needed,Closed and Completed,8/13/2024,Mark R,0.00,0.00,0.00,9/4/2024,,[]
1846,EQ ID 1846,B-824 bottle leak tester,Soap Dispenser Assembly,12952,Verify incoming air pressure is 40 +/- 2 PSI.  Notify maintenance to djust if needed,Closed and Completed,9/11/2024,Mark R,0.00,0.00,0.00,9/11/2024,,[]
1846,EQ ID 1846,B-824 bottle leak tester,Soap Dispenser Assembly,13253,Verify incoming air pressure is 40 +/- 2 PSI.  Notify maintenance to djust if needed,Closed and Completed,10/9/2024,Mark R,0.00,0.00,0.00,10/2/2024,,[]
1846,EQ ID 1846,B-824 bottle leak tester,Soap Dispenser Assembly,13263,Verify incoming air pressure is 40 +/- 2 PSI.  Notify maintenance to djust if needed,Closed without Action,10/9/2024,PU,0.20,0.00,0.00,10/8/2024,Primo Uy - 10/07/24 12:34:02 PM: Done,[]
1846,EQ ID 1846,B-824 bottle leak tester,Soap Dispenser Assembly,13308,Verify incoming air pressure is 40 +/- 2 PSI.  Notify maintenance to djust if needed,Closed without Action,10/14/2024,PU,0.00,0.00,0.00,10/14/2024,Primo Uy - 10/14/24  9:29:02 AM: Obsolete,[]
1846,EQ ID 1846,B-824 bottle leak tester,Soap Dispenser Assembly,13385,Verify incoming air pressure is 40 +/- 2 PSI.  Notify maintenance to djust if needed,Closed and Completed,10/21/2024,Closed and Completed,0.00,0.00,0.00,10/28/2024,,[]
1846,EQ ID 1846,B-824 bottle leak tester,Soap Dispenser Assembly,13589,Verify incoming air pressure is 40 +/- 2 PSI.  Notify maintenance to djust if needed,Closed and Completed,11/4/2024,Mark R,0.00,0.00,0.00,11/5/2024,,[]
1846,EQ ID 1846,B-824 bottle leak tester,Soap Dispenser Assembly,14216,Verify incoming air pressure is 40 +/- 2 PSI.  Notify maintenance to djust if needed,Closed and Completed,1/9/2025,Mark R,0.00,0.00,0.00,2/17/2025,,[]
1846,EQ ID 1846,B-824 bottle leak tester,Soap Dispenser Assembly,14707,Verify incoming air pressure is 40 +/- 2 PSI.  Notify maintenance to djust if needed,Closed and Completed,2/24/2025,Mark R,0.00,0.00,0.00,2/28/2025,,[]
1846,EQ ID 1846,B-824 bottle leak tester,Soap Dispenser Assembly,14879,Verify incoming air pressure is 40 +/- 2 PSI.  Notify maintenance to djust if needed,Closed and Completed,3/7/2025,Mark R,0.00,0.00,0.00,3/6/2025,,[]
1846,EQ ID 1846,B-824 bottle leak tester,Soap Dispenser Assembly,14956,Verify incoming air pressure is 40 +/- 2 PSI.  Notify maintenance to djust if needed,Closed and Completed,3/13/2025,Mark R,0.00,0.00,0.00,8/20/2025,,[]
1846,EQ ID 1846,B-824 bottle leak tester,Soap Dispenser Assembly,16738,Verify incoming air pressure is 40 +/- 2 PSI.  Notify maintenance to djust if needed,Closed and Completed,8/27/2025,Mark R,0.00,0.00,0.00,10/8/2025,,[]
1846,EQ ID 1846,B-824 bottle leak tester,Soap Dispenser Assembly,17208,Verify incoming air pressure is 40 +/- 2 PSI.  Notify maintenance to djust if needed,Closed and Completed,10/15/2025,Mark R,0.00,0.00,0.00,10/8/2025,,[]
1846,EQ ID 1846,B-824 bottle leak tester,Soap Dispenser Assembly,17217,Verify incoming air pressure is 40 +/- 2 PSI.  Notify maintenance to djust if needed,Closed and Completed,10/15/2025,PU,0.20,0.00,0.00,11/14/2025,Primo Uy - 11/12/25 10:19:13 AM: Done,[]
1846,EQ ID 1846,B-824 bottle leak tester,Soap Dispenser Assembly,17670,Verify incoming air pressure is 40 +/- 2 PSI.  Notify maintenance to djust if needed,Closed and Completed,11/19/2025,Mark R,0.00,0.00,0.00,12/30/2025,,[]
1846,EQ ID 1846,B-824 bottle leak tester,Soap Dispenser Assembly,18047,Verify incoming air pressure is 40 +/- 2 PSI.  Notify maintenance to djust if needed,Closed and Completed,1/6/2026,Mark R,0.00,0.00,0.00,12/30/2025,,[]
1846,EQ ID 1846,B-824 bottle leak tester,Soap Dispenser Assembly,18054,Verify incoming air pressure is 40 +/- 2 PSI.  Notify maintenance to djust if needed,Closed and Completed,1/6/2026,Mark R,0.00,0.00,0.00,12/30/2025,,[]
172,EQ ID 172,002156LR ASG Torque Driver,Soap Dispenser Assembly,11172,"Auto Soap Station 10 R (Calibrate to 6.5 +/-1 lbs. in.)
ASG Electric Power Source required
Air Line Pressure 60 +/- 5 PSI",Pending,7/13/2024,,0.00,0.00,0.00,,,[]
172,EQ ID 172,002156LR ASG Torque Driver,Soap Dispenser Assembly,134,"Auto Soap Station 10 R (Calibrate to 6.5 +/-1 lbs. in.)
ASG Electric Power Source required
Air Line Pressure 60 +/- 5 PSI",Closed and Completed,6/18/2022,PU,0.35,0.00,0.00,9/1/2022,Primo Uy - 09/01/22 12:09:54 PM: Done,[]
172,EQ ID 172,002156LR ASG Torque Driver,Soap Dispenser Assembly,133,Check air lines and connections for cracks or leaks. Repair or replace as needed.,Closed and Completed,9/18/2022,PU,0.30,0.00,0.00,9/8/2022,Primo Uy - 09/08/22  8:12:41 AM: Done,[]
172,EQ ID 172,002156LR ASG Torque Driver,Soap Dispenser Assembly,2655,Check air lines and connections for cracks or leaks. Repair or replace as needed.,Closed and Completed,4/13/2023,PU,0.20,0.00,0.00,4/13/2023,Primo Uy - 04/13/23  7:58:38 AM: Done,[]
172,EQ ID 172,002156LR ASG Torque Driver,Soap Dispenser Assembly,5291,Check air lines and connections for cracks or leaks. Repair or replace as needed.,Closed and Completed,10/13/2023,PU,0.20,0.00,0.00,10/16/2023,Primo Uy - 10/16/23 11:20:02 AM: Done.,[]
172,EQ ID 172,002156LR ASG Torque Driver,Soap Dispenser Assembly,2656,"Auto Soap Station 10 R (Calibrate to 6.5 +/-1 lbs. in.)
ASG Electric Power Source required
Air Line Pressure 60 +/- 5 PSI",Closed without Action,1/13/2023,md,0.00,0.00,0.00,4/13/2024,Miguel Diaz - 04/13/24 10:21:30 AM: Replaced both drills,[]
172,EQ ID 172,002156LR ASG Torque Driver,Soap Dispenser Assembly,7685,Check air lines and connections for cracks or leaks. Repair or replace as needed.,Closed and Completed,4/16/2024,PU,0.20,0.00,0.00,4/16/2024,Primo Uy - 04/17/24  8:05:10 AM: Done,[]
172,EQ ID 172,002156LR ASG Torque Driver,Soap Dispenser Assembly,11338,Check air lines and connections for cracks or leaks. Repair or replace as needed.,Closed and Completed,10/17/2024,PU,0.10,0.00,0.00,10/17/2024,Primo Uy - 10/18/24  1:13:22 PM: Done,[]
172,EQ ID 172,002156LR ASG Torque Driver,Soap Dispenser Assembly,13464,Check air lines and connections for cracks or leaks. Repair or replace as needed.,Closed and Completed,4/18/2025,PU,0.20,0.00,0.00,4/18/2025,Primo Uy - 05/01/25  6:43:32 AM: Done,[]
172,EQ ID 172,002156LR ASG Torque Driver,Soap Dispenser Assembly,15591,Check air lines and connections for cracks or leaks. Repair or replace as needed.,Closed and Completed,11/1/2025,PU,0.20,0.00,0.00,10/31/2025,Primo Uy - 11/12/25 10:29:45 AM: Done,[]
172,EQ ID 172,002156LR ASG Torque Driver,Soap Dispenser Assembly,17672,Check air lines and connections for cracks or leaks. Repair or replace as needed.,Closed and Completed,5/12/2026,PU,0.20,0.00,0.00,5/12/2026,Primo Uy - 05/15/26  9:04:13 AM: DONE.,[]
174,EQ ID 174,740003L1 ASG Torque Driver,Soap Dispenser Assembly,135,Check air lines and connections for cracks or leaks. Repair or replace as needed.,Closed and Completed,9/18/2022,PU,0.30,0.00,0.00,9/8/2022,Primo Uy - 09/08/22  8:13:16 AM: Done,[]
174,EQ ID 174,740003L1 ASG Torque Driver,Soap Dispenser Assembly,2657,Check air lines and connections for cracks or leaks. Repair or replace as needed.,Closed and Completed,4/13/2023,PU,0.20,0.00,0.00,4/13/2023,Primo Uy - 04/13/23  7:55:26 AM: Done,[]
174,EQ ID 174,740003L1 ASG Torque Driver,Soap Dispenser Assembly,5286,Check air lines and connections for cracks or leaks. Repair or replace as needed.,Closed and Completed,10/13/2023,PU,0.20,0.00,0.00,10/16/2023,Primo Uy - 10/16/23 11:15:01 AM: Done,[]
174,EQ ID 174,740003L1 ASG Torque Driver,Soap Dispenser Assembly,7681,Check air lines and connections for cracks or leaks. Repair or replace as needed.,Closed and Completed,4/16/2024,PU,0.20,0.00,0.00,4/16/2024,Primo Uy - 04/17/24  8:09:57 AM: Done,[]
174,EQ ID 174,740003L1 ASG Torque Driver,Soap Dispenser Assembly,11345,Check air lines and connections for cracks or leaks. Repair or replace as needed.,Closed and Completed,10/17/2024,PU,0.10,0.00,0.00,10/17/2024,Primo Uy - 10/18/24  1:16:12 PM: Done,[]
174,EQ ID 174,740003L1 ASG Torque Driver,Soap Dispenser Assembly,13473,Check air lines and connections for cracks or leaks. Repair or replace as needed.,Closed and Completed,4/18/2025,PU,0.20,0.00,0.00,4/18/2025,Primo Uy - 05/01/25  6:45:45 AM: Done,[]
174,EQ ID 174,740003L1 ASG Torque Driver,Soap Dispenser Assembly,15595,Check air lines and connections for cracks or leaks. Repair or replace as needed.,Closed and Completed,11/1/2025,PU,0.20,0.00,0.00,10/31/2025,Primo Uy - 11/12/25 10:33:56 AM: Done,[]
174,EQ ID 174,740003L1 ASG Torque Driver,Soap Dispenser Assembly,17676,Check air lines and connections for cracks or leaks. Repair or replace as needed.,Closed and Completed,5/12/2026,PU,0.20,0.00,0.00,5/12/2026,Primo Uy - 06/08/26  3:09:45 PM: Done. Check and no issues.,[]
175,EQ ID 175,UJ2651 Cleco Torque Driver,Soap Dispenser Assembly,137,Check air lines and connections for cracks or leaks. Repair or replace as needed.,Closed and Completed,9/18/2022,PU,0.40,0.00,0.00,9/2/2022,Primo Uy - 09/02/22  9:11:40 AM: N/A,[]
175,EQ ID 175,UJ2651 Cleco Torque Driver,Soap Dispenser Assembly,2658,Check air lines and connections for cracks or leaks. Repair or replace as needed.,Closed and Completed,4/13/2023,PU,0.20,0.00,0.00,4/13/2023,Primo Uy - 04/13/23  7:54:55 AM: Done,[]
175,EQ ID 175,UJ2651 Cleco Torque Driver,Soap Dispenser Assembly,5285,Check air lines and connections for cracks or leaks. Repair or replace as needed.,Closed and Completed,10/13/2023,PU,0.00,0.00,0.00,10/16/2023,Primo Uy - 10/16/23 11:14:28 AM: Done,[]
175,EQ ID 175,UJ2651 Cleco Torque Driver,Soap Dispenser Assembly,136,"NT Vendor Station 09 (Calibrate torque to 8 +/- 1)
Air Line Pressure 60 +/- 5 PSI",Closed without Action,6/18/2022,md,0.00,0.00,0.00,4/13/2024,Miguel Diaz - 04/13/24 10:19:22 AM: Replaced both drills,[]
175,EQ ID 175,UJ2651 Cleco Torque Driver,Soap Dispenser Assembly,7680,Check air lines and connections for cracks or leaks. Repair or replace as needed.,Closed and Completed,4/16/2024,PU,0.20,0.00,0.00,4/16/2024,Primo Uy - 04/17/24  8:10:27 AM: Done,[]
175,EQ ID 175,UJ2651 Cleco Torque Driver,Soap Dispenser Assembly,11346,Check air lines and connections for cracks or leaks. Repair or replace as needed.,Closed and Completed,10/17/2024,PU,0.20,0.00,0.00,10/17/2024,Primo Uy - 10/18/24  1:15:19 PM: Done,[]
175,EQ ID 175,UJ2651 Cleco Torque Driver,Soap Dispenser Assembly,13472,Check air lines and connections for cracks or leaks. Repair or replace as needed.,Closed and Completed,4/18/2025,PU,0.20,0.00,0.00,4/18/2025,Primo Uy - 05/01/25  6:45:19 AM: Done,[]
175,EQ ID 175,UJ2651 Cleco Torque Driver,Soap Dispenser Assembly,15594,Check air lines and connections for cracks or leaks. Repair or replace as needed.,Closed and Completed,11/1/2025,PU,0.20,0.00,0.00,10/31/2025,Primo Uy - 11/12/25 10:33:21 AM: Done,[]
175,EQ ID 175,UJ2651 Cleco Torque Driver,Soap Dispenser Assembly,17675,Check air lines and connections for cracks or leaks. Repair or replace as needed.,Closed without Action,5/12/2026,PU,0.00,0.00,0.00,5/12/2026,"Primo Uy - 06/08/26  3:05:17 PM: Obsolete, Repalced by Electric",[]
175,EQ ID 175,UJ2651 Cleco Torque Driver,Soap Dispenser Assembly,11153,"NT Vendor Station 09 (Calibrate torque to 8 +/- 1)
Air Line Pressure 60 +/- 5 PSI",Closed without Action,7/13/2024,PU,0.00,0.00,0.00,6/12/2026,Primo Uy - 08/03/26 11:54:06 AM: Obsolate,[]
176,EQ ID 176,UJ2755 Cleco Torque Driver,Soap Dispenser Assembly,11171,"NT Vendor Station 08 (Calibrate to 8 +/- 1 lbs. in)
Air Line Pressure 60 +/- 5 PSI",Pending,7/13/2024,,0.00,0.00,0.00,,,[]
176,EQ ID 176,UJ2755 Cleco Torque Driver,Soap Dispenser Assembly,139,"NT Vendor Station 08 (Calibrate to 8 +/- 1 lbs. in)
Air Line Pressure 60 +/- 5 PSI",Closed and Completed,6/18/2022,PU,0.35,0.00,0.00,9/1/2022,Primo Uy - 09/01/22 12:10:22 PM: Done,[]
176,EQ ID 176,UJ2755 Cleco Torque Driver,Soap Dispenser Assembly,138,Check air lines and connections for cracks or leaks. Repair or replace as needed.,Closed and Completed,9/18/2022,PU,0.30,0.00,0.00,9/2/2022,Primo Uy - 09/02/22  9:12:09 AM: N/A,[]
176,EQ ID 176,UJ2755 Cleco Torque Driver,Soap Dispenser Assembly,2823,Check air lines and connections for cracks or leaks. Repair or replace as needed.,Closed and Completed,4/13/2023,PU,0.20,0.00,0.00,4/13/2023,Primo Uy - 04/13/23  7:54:22 AM: Done,[]
176,EQ ID 176,UJ2755 Cleco Torque Driver,Soap Dispenser Assembly,5284,Check air lines and connections for cracks or leaks. Repair or replace as needed.,Closed and Completed,10/13/2023,PU,0.20,0.00,0.00,10/13/2023,Primo Uy - 10/16/23 11:13:36 AM: Done,[]
176,EQ ID 176,UJ2755 Cleco Torque Driver,Soap Dispenser Assembly,2824,"NT Vendor Station 08 (Calibrate to 8 +/- 1 lbs. in)
Air Line Pressure 60 +/- 5 PSI",Closed without Action,1/13/2023,md,0.00,0.00,0.00,4/13/2024,Miguel Diaz - 04/13/24 10:21:24 AM: Replaced both drills,[]
176,EQ ID 176,UJ2755 Cleco Torque Driver,Soap Dispenser Assembly,7679,Check air lines and connections for cracks or leaks. Repair or replace as needed.,Closed and Completed,4/16/2024,PU,0.20,0.00,0.00,4/16/2024,Primo Uy - 04/17/24  8:11:04 AM: Done,[]
176,EQ ID 176,UJ2755 Cleco Torque Driver,Soap Dispenser Assembly,11347,Check air lines and connections for cracks or leaks. Repair or replace as needed.,Closed and Completed,10/17/2024,PU,0.10,0.00,0.00,10/17/2024,Primo Uy - 10/18/24  1:14:00 PM: Done,[]
176,EQ ID 176,UJ2755 Cleco Torque Driver,Soap Dispenser Assembly,13467,Check air lines and connections for cracks or leaks. Repair or replace as needed.,Closed and Completed,4/18/2025,PU,0.10,0.00,0.00,4/18/2025,Primo Uy - 05/01/25  6:44:09 AM: Replaced by electric driver,[]
176,EQ ID 176,UJ2755 Cleco Torque Driver,Soap Dispenser Assembly,15592,Check air lines and connections for cracks or leaks. Repair or replace as needed.,Closed and Completed,11/1/2025,PU,0.20,0.00,0.00,10/31/2025,Primo Uy - 11/12/25 10:31:26 AM: Done,[]
176,EQ ID 176,UJ2755 Cleco Torque Driver,Soap Dispenser Assembly,17673,Check air lines and connections for cracks or leaks. Repair or replace as needed.,Closed and Completed,5/12/2026,PU,0.20,0.00,0.00,6/12/2026,Primo Uy - 06/08/26  2:57:13 PM: Check and No Issues.,[]
185,EQ ID 185,"Tester, 824, No Touch SD, Top Assy",Soap Dispenser Assembly,18045,"Check air lines and connector for cracks and leaks.
Verify air pressure between 58 and 62 PSI",Pending,1/30/2026,,0.00,0.00,0.00,,,[]
185,EQ ID 185,"Tester, 824, No Touch SD, Top Assy",Soap Dispenser Assembly,144,"Check air lines and connector for cracks and leaks.
Verify air pressure between 58 and 62 PSI",Closed without Action,4/18/2022,Mark R,0.00,0.00,0.00,4/18/2022,,[]
185,EQ ID 185,"Tester, 824, No Touch SD, Top Assy",Soap Dispenser Assembly,2827,"Check air lines and connector for cracks and leaks.
Verify air pressure between 58 and 62 PSI",Closed and Completed,11/13/2022,Mark R,0.00,0.00,0.00,12/8/2022,,[]
185,EQ ID 185,"Tester, 824, No Touch SD, Top Assy",Soap Dispenser Assembly,3535,"Check air lines and connector for cracks and leaks.
Verify air pressure between 58 and 62 PSI",Closed and Completed,1/8/2023,Mark R,0.00,0.00,0.00,1/10/2023,,[]
185,EQ ID 185,"Tester, 824, No Touch SD, Top Assy",Soap Dispenser Assembly,3875,"Check air lines and connector for cracks and leaks.
Verify air pressure between 58 and 62 PSI",Closed and Completed,2/10/2023,Mark R,0.00,0.00,0.00,2/14/2023,,[]
185,EQ ID 185,"Tester, 824, No Touch SD, Top Assy",Soap Dispenser Assembly,4398,"Check air lines and connector for cracks and leaks.
Verify air pressure between 58 and 62 PSI",Closed and Completed,3/14/2023,Mark R,0.00,0.00,0.00,3/7/2023,,[]
185,EQ ID 185,"Tester, 824, No Touch SD, Top Assy",Soap Dispenser Assembly,4702,"Check air lines and connector for cracks and leaks.
Verify air pressure between 58 and 62 PSI",Closed and Completed,4/7/2023,Mark R,0.00,0.00,0.00,4/24/2023,,[]
185,EQ ID 185,"Tester, 824, No Touch SD, Top Assy",Soap Dispenser Assembly,5426,"Check air lines and connector for cracks and leaks.
Verify air pressure between 58 and 62 PSI",Closed and Completed,5/24/2023,Mark R,0.00,0.00,0.00,6/9/2023,,[]
185,EQ ID 185,"Tester, 824, No Touch SD, Top Assy",Soap Dispenser Assembly,5954,"Check air lines and connector for cracks and leaks.
Verify air pressure between 58 and 62 PSI",Closed and Completed,7/9/2023,Mark R,0.00,0.00,0.00,8/8/2023,,[]
185,EQ ID 185,"Tester, 824, No Touch SD, Top Assy",Soap Dispenser Assembly,6750,"Check air lines and connector for cracks and leaks.
Verify air pressure between 58 and 62 PSI",Closed and Completed,9/8/2023,Juan L,0.05,0.00,0.05,9/11/2023,,[]
185,EQ ID 185,"Tester, 824, No Touch SD, Top Assy",Soap Dispenser Assembly,7169,"Check air lines and connector for cracks and leaks.
Verify air pressure between 58 and 62 PSI",Closed and Completed,10/11/2023,Mark R,0.00,0.00,0.00,10/17/2023,,[]
185,EQ ID 185,"Tester, 824, No Touch SD, Top Assy",Soap Dispenser Assembly,7716,"Check air lines and connector for cracks and leaks.
Verify air pressure between 58 and 62 PSI",Closed and Completed,11/17/2023,Mark R.,0.00,0.00,0.00,12/12/2023,,[]
185,EQ ID 185,"Tester, 824, No Touch SD, Top Assy",Soap Dispenser Assembly,9317,"Check air lines and connector for cracks and leaks.
Verify air pressure between 58 and 62 PSI",Closed and Completed,1/12/2024,Mark R,0.00,0.00,0.00,1/16/2024,,[]
185,EQ ID 185,"Tester, 824, No Touch SD, Top Assy",Soap Dispenser Assembly,9934,"Check air lines and connector for cracks and leaks.
Verify air pressure between 58 and 62 PSI",Closed and Completed,2/16/2024,Mark R,0.00,0.00,0.00,2/29/2024,,[]
185,EQ ID 185,"Tester, 824, No Touch SD, Top Assy",Soap Dispenser Assembly,10574,"Check air lines and connector for cracks and leaks.
Verify air pressure between 58 and 62 PSI",Closed and Completed,3/29/2024,Mark R,0.00,0.00,0.00,4/12/2024,,[]
185,EQ ID 185,"Tester, 824, No Touch SD, Top Assy",Soap Dispenser Assembly,11102,"Check air lines and connector for cracks and leaks.
Verify air pressure between 58 and 62 PSI",Closed and Completed,5/12/2024,Mark R,0.00,0.00,0.00,6/10/2024,,[]
185,EQ ID 185,"Tester, 824, No Touch SD, Top Assy",Soap Dispenser Assembly,12033,"Check air lines and connector for cracks and leaks.
Verify air pressure between 58 and 62 PSI",Closed and Completed,7/10/2024,Mark Rojas,0.00,0.00,0.00,7/15/2024,,[]
185,EQ ID 185,"Tester, 824, No Touch SD, Top Assy",Soap Dispenser Assembly,12386,"Check air lines and connector for cracks and leaks.
Verify air pressure between 58 and 62 PSI",Closed and Completed,8/15/2024,Mark R,0.00,0.00,0.00,9/4/2024,,[]
185,EQ ID 185,"Tester, 824, No Touch SD, Top Assy",Soap Dispenser Assembly,12951,"Check air lines and connector for cracks and leaks.
Verify air pressure between 58 and 62 PSI",Closed and Completed,10/4/2024,Mark R,0.00,0.00,0.00,10/2/2024,,[]
185,EQ ID 185,"Tester, 824, No Touch SD, Top Assy",Soap Dispenser Assembly,13261,"Check air lines and connector for cracks and leaks.
Verify air pressure between 58 and 62 PSI",Closed and Completed,11/2/2024,Mark Rojas,0.00,0.00,0.00,10/28/2024,,[]
185,EQ ID 185,"Tester, 824, No Touch SD, Top Assy",Soap Dispenser Assembly,13591,"Check air lines and connector for cracks and leaks.
Verify air pressure between 58 and 62 PSI",Closed and Completed,11/28/2024,Mark R,0.00,0.00,0.00,11/7/2024,,[]
185,EQ ID 185,"Tester, 824, No Touch SD, Top Assy",Soap Dispenser Assembly,14222,"Check air lines and connector for cracks and leaks.
Verify air pressure between 58 and 62 PSI",Closed and Completed,2/2/2025,Mark R,0.00,0.00,0.00,2/17/2025,,[]
185,EQ ID 185,"Tester, 824, No Touch SD, Top Assy",Soap Dispenser Assembly,14710,"Check air lines and connector for cracks and leaks.
Verify air pressure between 58 and 62 PSI",Closed and Completed,3/17/2025,Mark R,0.00,0.00,0.00,8/20/2025,,[]
185,EQ ID 185,"Tester, 824, No Touch SD, Top Assy",Soap Dispenser Assembly,16741,"Check air lines and connector for cracks and leaks.
Verify air pressure between 58 and 62 PSI",Closed and Completed,9/20/2025,Mark R,0.00,0.00,0.00,10/8/2025,,[]
185,EQ ID 185,"Tester, 824, No Touch SD, Top Assy",Soap Dispenser Assembly,17207,"Check air lines and connector for cracks and leaks.
Verify air pressure between 58 and 62 PSI",Closed and Completed,11/8/2025,Mark R,0.00,0.00,0.00,11/11/2025,,[]
185,EQ ID 185,"Tester, 824, No Touch SD, Top Assy",Soap Dispenser Assembly,17628,"Check air lines and connector for cracks and leaks.
Verify air pressure between 58 and 62 PSI",Closed and Completed,12/11/2025,Mark R,0.00,0.00,0.00,12/30/2025,,[]
185,EQ ID 185,"Tester, 824, No Touch SD, Top Assy",Soap Dispenser Assembly,145,Replace back up PLC battery.  See manual for instructions (located in PM database),Closed without Action,3/18/2026,PU,0.00,0.00,0.00,3/18/2026,Primo Uy - 04/14/26  9:39:34 AM: Off line. Remove by ME,[]
115,EQ ID 115,Loctite Machine Cell1,Soap Dispenser Assembly,18050,Inspect and replace tapered tip as needed when it is clogged,Pending,1/30/2026,,0.00,0.00,0.00,,,[]
115,EQ ID 115,Loctite Machine Cell1,Soap Dispenser Assembly,101,Inspect and replace tapered tip as needed when it is clogged,Closed without Action,4/18/2022,Mark R,0.00,0.00,0.00,4/18/2022,,[]
115,EQ ID 115,Loctite Machine Cell1,Soap Dispenser Assembly,2638,Inspect and replace tapered tip as needed when it is clogged,Closed and Completed,11/13/2022,Mark R,0.00,0.00,0.00,12/8/2022,,[]
115,EQ ID 115,Loctite Machine Cell1,Soap Dispenser Assembly,3530,Inspect and replace tapered tip as needed when it is clogged,Closed and Completed,1/8/2023,Mark R,0.00,0.00,0.00,1/10/2023,,[]
115,EQ ID 115,Loctite Machine Cell1,Soap Dispenser Assembly,3870,Inspect and replace tapered tip as needed when it is clogged,Closed and Completed,2/10/2023,Mark R,0.00,0.00,0.00,2/14/2023,,[]
115,EQ ID 115,Loctite Machine Cell1,Soap Dispenser Assembly,4394,Inspect and replace tapered tip as needed when it is clogged,Closed and Completed,3/14/2023,Closed and completed,0.00,0.00,0.00,3/7/2023,,[]
115,EQ ID 115,Loctite Machine Cell1,Soap Dispenser Assembly,4698,Inspect and replace tapered tip as needed when it is clogged,Closed and Completed,4/7/2023,Mark R,0.00,0.00,0.00,4/24/2023,,[]
115,EQ ID 115,Loctite Machine Cell1,Soap Dispenser Assembly,5421,Inspect and replace tapered tip as needed when it is clogged,Closed and Completed,5/24/2023,Mark R,0.00,0.00,0.00,5/10/2023,,[]
115,EQ ID 115,Loctite Machine Cell1,Soap Dispenser Assembly,5603,Inspect and replace tapered tip as needed when it is clogged,Closed and Completed,6/10/2023,Mark R,0.00,0.00,0.00,6/9/2023,,[]
115,EQ ID 115,Loctite Machine Cell1,Soap Dispenser Assembly,5957,Inspect and replace tapered tip as needed when it is clogged,Closed and Completed,7/9/2023,Mark R,0.00,0.00,0.00,8/8/2023,,[]
115,EQ ID 115,Loctite Machine Cell1,Soap Dispenser Assembly,6753,Inspect and replace tapered tip as needed when it is clogged,Closed and Completed,9/8/2023,Juan L.,0.05,0.00,0.05,9/11/2023,,[]
115,EQ ID 115,Loctite Machine Cell1,Soap Dispenser Assembly,7170,Inspect and replace tapered tip as needed when it is clogged,Closed and Completed,10/11/2023,Mark R,0.00,0.00,0.00,10/17/2023,,[]
115,EQ ID 115,Loctite Machine Cell1,Soap Dispenser Assembly,7718,Inspect and replace tapered tip as needed when it is clogged,Closed and Completed,11/17/2023,Mark R,0.00,0.00,0.00,12/12/2023,,[]
115,EQ ID 115,Loctite Machine Cell1,Soap Dispenser Assembly,9323,Inspect and replace tapered tip as needed when it is clogged,Closed and Completed,1/12/2024,Mark R,0.00,0.00,0.00,1/16/2024,,[]
115,EQ ID 115,Loctite Machine Cell1,Soap Dispenser Assembly,9928,Inspect and replace tapered tip as needed when it is clogged,Closed and Completed,2/16/2024,Mark R,0.00,0.00,0.00,2/29/2024,,[]
115,EQ ID 115,Loctite Machine Cell1,Soap Dispenser Assembly,10579,Inspect and replace tapered tip as needed when it is clogged,Closed and Completed,3/29/2024,Mark R,0.00,0.00,0.00,4/12/2024,,[]
115,EQ ID 115,Loctite Machine Cell1,Soap Dispenser Assembly,11098,Inspect and replace tapered tip as needed when it is clogged,Closed and Completed,5/12/2024,Mark R,0.00,0.00,0.00,6/10/2024,,[]
115,EQ ID 115,Loctite Machine Cell1,Soap Dispenser Assembly,12040,Inspect and replace tapered tip as needed when it is clogged,Closed and Completed,7/10/2024,Mark R,0.00,0.00,0.00,7/15/2024,,[]
115,EQ ID 115,Loctite Machine Cell1,Soap Dispenser Assembly,12399,Inspect and replace tapered tip as needed when it is clogged,Closed and Completed,8/15/2024,Mark R,0.00,0.00,0.00,9/4/2024,,[]
115,EQ ID 115,Loctite Machine Cell1,Soap Dispenser Assembly,12956,Inspect and replace tapered tip as needed when it is clogged,Closed and Completed,10/4/2024,Mark R,0.00,0.00,0.00,10/2/2024,,[]
115,EQ ID 115,Loctite Machine Cell1,Soap Dispenser Assembly,13255,Inspect and replace tapered tip as needed when it is clogged,Closed and Completed,11/2/2024,Mark R,0.00,0.00,0.00,11/5/2024,,[]
115,EQ ID 115,Loctite Machine Cell1,Soap Dispenser Assembly,14215,Inspect and replace tapered tip as needed when it is clogged,Closed and Completed,2/2/2025,Mark R,0.00,0.00,0.00,2/17/2025,,[]
115,EQ ID 115,Loctite Machine Cell1,Soap Dispenser Assembly,14713,Inspect and replace tapered tip as needed when it is clogged,Closed and Completed,3/17/2025,Mark R,0.00,0.00,0.00,8/20/2025,,[]
115,EQ ID 115,Loctite Machine Cell1,Soap Dispenser Assembly,16745,Inspect and replace tapered tip as needed when it is clogged,Closed and Completed,9/20/2025,Mark R,0.00,0.00,0.00,10/8/2025,,[]
115,EQ ID 115,Loctite Machine Cell1,Soap Dispenser Assembly,17213,Inspect and replace tapered tip as needed when it is clogged,Closed and Completed,11/8/2025,Mark R,0.00,0.00,0.00,11/11/2025,,[]
115,EQ ID 115,Loctite Machine Cell1,Soap Dispenser Assembly,17632,Inspect and replace tapered tip as needed when it is clogged,Closed and Completed,12/11/2025,Mark R,0.00,0.00,0.00,12/30/2025,,[]
116,EQ ID 116,Loctite Machine Cell2,Soap Dispenser Assembly,18049,Inspect and replace tapered tip as needed when it is clogged,Pending,1/30/2026,,0.00,0.00,0.00,,,[]
116,EQ ID 116,Loctite Machine Cell2,Soap Dispenser Assembly,102,Inspect and replace tapered tip as needed when it is clogged,Closed without Action,4/18/2022,Mark R,0.00,0.00,0.00,4/18/2022,,[]
116,EQ ID 116,Loctite Machine Cell2,Soap Dispenser Assembly,2639,Inspect and replace tapered tip as needed when it is clogged,Closed and Completed,11/13/2022,Mark R,0.00,0.00,0.00,12/8/2022,,[]
116,EQ ID 116,Loctite Machine Cell2,Soap Dispenser Assembly,3531,Inspect and replace tapered tip as needed when it is clogged,Closed and Completed,1/8/2023,Mark R,0.00,0.00,0.00,1/10/2023,,[]
116,EQ ID 116,Loctite Machine Cell2,Soap Dispenser Assembly,3871,Inspect and replace tapered tip as needed when it is clogged,Closed and Completed,2/10/2023,Mark R,0.00,0.00,0.00,2/14/2023,,[]
116,EQ ID 116,Loctite Machine Cell2,Soap Dispenser Assembly,4395,Inspect and replace tapered tip as needed when it is clogged,Closed and Completed,3/14/2023,closed and completed,0.00,0.00,0.00,3/7/2023,,[]
116,EQ ID 116,Loctite Machine Cell2,Soap Dispenser Assembly,4699,Inspect and replace tapered tip as needed when it is clogged,Closed and Completed,4/7/2023,Mark R,0.00,0.00,0.00,4/24/2023,,[]
116,EQ ID 116,Loctite Machine Cell2,Soap Dispenser Assembly,5422,Inspect and replace tapered tip as needed when it is clogged,Closed and Completed,5/24/2023,Mark R,0.00,0.00,0.00,6/9/2023,,[]
116,EQ ID 116,Loctite Machine Cell2,Soap Dispenser Assembly,5951,Inspect and replace tapered tip as needed when it is clogged,Closed and Completed,7/9/2023,Mark R closed and completed,0.00,0.00,0.00,8/8/2023,,[]
116,EQ ID 116,Loctite Machine Cell2,Soap Dispenser Assembly,6747,Inspect and replace tapered tip as needed when it is clogged,Closed and Completed,9/8/2023,Juan L.,0.50,0.00,0.05,9/11/2023,,[]
116,EQ ID 116,Loctite Machine Cell2,Soap Dispenser Assembly,7167,Inspect and replace tapered tip as needed when it is clogged,Closed and Completed,10/11/2023,Mark R,0.00,0.00,0.00,10/17/2023,,[]
116,EQ ID 116,Loctite Machine Cell2,Soap Dispenser Assembly,7714,Inspect and replace tapered tip as needed when it is clogged,Closed and Completed,11/17/2023,Mark R,0.00,0.00,0.00,12/12/2023,,[]
116,EQ ID 116,Loctite Machine Cell2,Soap Dispenser Assembly,9319,Inspect and replace tapered tip as needed when it is clogged,Closed and Completed,1/12/2024,Mark R,0.00,0.00,0.00,1/16/2024,,[]
116,EQ ID 116,Loctite Machine Cell2,Soap Dispenser Assembly,9885,Inspect and replace tapered tip as needed when it is clogged,Closed and Completed,2/16/2024,Mark R,0.00,0.00,0.00,2/29/2024,,[]
116,EQ ID 116,Loctite Machine Cell2,Soap Dispenser Assembly,10578,Inspect and replace tapered tip as needed when it is clogged,Closed and Completed,3/29/2024,Mark R,0.00,0.00,0.00,4/12/2024,,[]
116,EQ ID 116,Loctite Machine Cell2,Soap Dispenser Assembly,11093,Inspect and replace tapered tip as needed when it is clogged,Closed and Completed,5/12/2024,Mark R,0.00,0.00,0.00,6/10/2024,,[]
116,EQ ID 116,Loctite Machine Cell2,Soap Dispenser Assembly,12039,Inspect and replace tapered tip as needed when it is clogged,Closed and Completed,7/10/2024,Mark R,0.00,0.00,0.00,7/15/2024,,[]
116,EQ ID 116,Loctite Machine Cell2,Soap Dispenser Assembly,12398,Inspect and replace tapered tip as needed when it is clogged,Closed and Completed,8/15/2024,Mark R,0.00,0.00,0.00,9/4/2024,,[]
116,EQ ID 116,Loctite Machine Cell2,Soap Dispenser Assembly,12955,Inspect and replace tapered tip as needed when it is clogged,Closed and Completed,10/4/2024,Mark R,0.00,0.00,0.00,10/2/2024,,[]
116,EQ ID 116,Loctite Machine Cell2,Soap Dispenser Assembly,13258,Inspect and replace tapered tip as needed when it is clogged,Closed and Completed,11/2/2024,Mark R,0.00,0.00,0.00,11/4/2024,,[]
116,EQ ID 116,Loctite Machine Cell2,Soap Dispenser Assembly,14214,Inspect and replace tapered tip as needed when it is clogged,Closed and Completed,2/2/2025,Mark R,0.00,0.00,0.00,2/17/2025,,[]
116,EQ ID 116,Loctite Machine Cell2,Soap Dispenser Assembly,14712,Inspect and replace tapered tip as needed when it is clogged,Closed and Completed,3/17/2025,Mark R,0.00,0.00,0.00,8/20/2025,,[]
116,EQ ID 116,Loctite Machine Cell2,Soap Dispenser Assembly,16744,Inspect and replace tapered tip as needed when it is clogged,Closed and Completed,9/20/2025,Mark R,0.00,0.00,0.00,10/8/2025,,[]
116,EQ ID 116,Loctite Machine Cell2,Soap Dispenser Assembly,17212,Inspect and replace tapered tip as needed when it is clogged,Closed and Completed,11/8/2025,Mark R,0.00,0.00,0.00,11/11/2025,,[]
116,EQ ID 116,Loctite Machine Cell2,Soap Dispenser Assembly,17631,Inspect and replace tapered tip as needed when it is clogged,Closed and Completed,12/11/2025,Mark R,0.00,0.00,0.00,12/30/2025,,[]
118,EQ ID 118,"Tester, 822 Cell 2",Soap Dispenser Assembly,18052,"Use 822 test samples to verify each nest will identify and reject bad pump assemblies.

If the station fails to reject any of the samples:
1. cover nest position so that it cannot be used
2. Notify Lead/supervisor to enter equipment alert",Pending,1/30/2026,,0.00,0.00,0.00,,,[]
118,EQ ID 118,"Tester, 822 Cell 2",Soap Dispenser Assembly,104,"Use 822 test samples to verify each nest will identify and reject bad pump assemblies.

If the station fails to reject any of the samples:
1. cover nest position so that it cannot be used
2. Notify Lead/supervisor to enter equipment alert",Closed without Action,4/18/2022,Mark R,0.00,0.00,0.00,4/18/2022,,[]
118,EQ ID 118,"Tester, 822 Cell 2",Soap Dispenser Assembly,103,"TESTER MAINTERNANCE TO BE PERFORMED EVERY 4 MONTHS

Identify the test position with the oldest service record date
Dis-assemble and clean Fastest fixture at that position, replace if needed.

Open and clean solenoid valve for the same test position, replace if needed.

Replace water filter

Check for flow through the assembly and for leaks 

Attach a ""SERVICE RECORD"" tag under the station indicator for the assembly serviced with the date",Closed and Completed,7/18/2022,PU,0.50,0.00,0.00,7/18/2022,Primo Uy - 07/18/22 11:53:06 AM: Done,[]
118,EQ ID 118,"Tester, 822 Cell 2",Soap Dispenser Assembly,2641,"Use 822 test samples to verify each nest will identify and reject bad pump assemblies.

If the station fails to reject any of the samples:
1. cover nest position so that it cannot be used
2. Notify Lead/supervisor to enter equipment alert",Closed and Completed,11/13/2022,Mark R,0.00,0.00,0.00,12/8/2022,,[]
118,EQ ID 118,"Tester, 822 Cell 2",Soap Dispenser Assembly,3532,"Use 822 test samples to verify each nest will identify and reject bad pump assemblies.

If the station fails to reject any of the samples:
1. cover nest position so that it cannot be used
2. Notify Lead/supervisor to enter equipment alert",Closed and Completed,1/8/2023,Mark R,0.00,0.00,0.00,1/10/2023,,[]
118,EQ ID 118,"Tester, 822 Cell 2",Soap Dispenser Assembly,2640,"TESTER MAINTERNANCE TO BE PERFORMED EVERY 4 MONTHS

Identify the test position with the oldest service record date
Dis-assemble and clean Fastest fixture at that position, replace if needed.

Open and clean solenoid valve for the same test position, replace if needed.

Replace water filter

Check for flow through the assembly and for leaks 

Attach a ""SERVICE RECORD"" tag under the station indicator for the assembly serviced with the date",Closed and Completed,2/13/2023,PU,1.00,0.00,0.00,2/13/2023,Primo Uy - 02/13/23  8:07:53 AM: Done,[]
118,EQ ID 118,"Tester, 822 Cell 2",Soap Dispenser Assembly,3872,"Use 822 test samples to verify each nest will identify and reject bad pump assemblies.

If the station fails to reject any of the samples:
1. cover nest position so that it cannot be used
2. Notify Lead/supervisor to enter equipment alert",Closed and Completed,2/10/2023,Mark R,0.00,0.00,0.00,2/14/2023,,[]
118,EQ ID 118,"Tester, 822 Cell 2",Soap Dispenser Assembly,4397,"Use 822 test samples to verify each nest will identify and reject bad pump assemblies.

If the station fails to reject any of the samples:
1. cover nest position so that it cannot be used
2. Notify Lead/supervisor to enter equipment alert",Closed and Completed,3/14/2023,Mark R,0.00,0.00,0.00,3/7/2023,,[]
118,EQ ID 118,"Tester, 822 Cell 2",Soap Dispenser Assembly,4700,"Use 822 test samples to verify each nest will identify and reject bad pump assemblies.

If the station fails to reject any of the samples:
1. cover nest position so that it cannot be used
2. Notify Lead/supervisor to enter equipment alert",Closed and Completed,4/7/2023,Mark R,0.00,0.00,0.00,4/24/2023,,[]
118,EQ ID 118,"Tester, 822 Cell 2",Soap Dispenser Assembly,5424,"Use 822 test samples to verify each nest will identify and reject bad pump assemblies.

If the station fails to reject any of the samples:
1. cover nest position so that it cannot be used
2. Notify Lead/supervisor to enter equipment alert",Closed and Completed,5/24/2023,Mark R,0.00,0.00,0.00,6/9/2023,,[]
118,EQ ID 118,"Tester, 822 Cell 2",Soap Dispenser Assembly,4352,"TESTER MAINTERNANCE TO BE PERFORMED EVERY 4 MONTHS

Identify the test position with the oldest service record date
Dis-assemble and clean Fastest fixture at that position, replace if needed.

Open and clean solenoid valve for the same test position, replace if needed.

Replace water filter

Check for flow through the assembly and for leaks 

Attach a ""SERVICE RECORD"" tag under the station indicator for the assembly serviced with the date",Closed and Completed,6/13/2023,PU,0.50,0.00,0.00,6/13/2023,Primo Uy - 06/14/23  9:19:29 AM: Done,[]
118,EQ ID 118,"Tester, 822 Cell 2",Soap Dispenser Assembly,5952,"Use 822 test samples to verify each nest will identify and reject bad pump assemblies.

If the station fails to reject any of the samples:
1. cover nest position so that it cannot be used
2. Notify Lead/supervisor to enter equipment alert",Closed and Completed,7/9/2023,Mark R closed and completed,0.00,0.00,0.00,8/8/2023,,[]
118,EQ ID 118,"Tester, 822 Cell 2",Soap Dispenser Assembly,6748,"Use 822 test samples to verify each nest will identify and reject bad pump assemblies.

If the station fails to reject any of the samples:
1. cover nest position so that it cannot be used
2. Notify Lead/supervisor to enter equipment alert",Closed and Completed,9/8/2023,Mark R,0.00,0.00,0.00,9/12/2023,,[]
118,EQ ID 118,"Tester, 822 Cell 2",Soap Dispenser Assembly,6031,"TESTER MAINTERNANCE TO BE PERFORMED EVERY 4 MONTHS

Identify the test position with the oldest service record date
Dis-assemble and clean Fastest fixture at that position, replace if needed.

Open and clean solenoid valve for the same test position, replace if needed.

Replace water filter

Check for flow through the assembly and for leaks 

Attach a ""SERVICE RECORD"" tag under the station indicator for the assembly serviced with the date",Closed and Completed,10/14/2023,PU,0.00,0.00,0.00,10/16/2023,Primo Uy - 10/16/23 11:23:10 AM: Done.,[]
118,EQ ID 118,"Tester, 822 Cell 2",Soap Dispenser Assembly,7187,"Use 822 test samples to verify each nest will identify and reject bad pump assemblies.

If the station fails to reject any of the samples:
1. cover nest position so that it cannot be used
2. Notify Lead/supervisor to enter equipment alert",Closed and Completed,10/12/2023,Mark R,0.00,0.00,0.00,10/17/2023,,[]
118,EQ ID 118,"Tester, 822 Cell 2",Soap Dispenser Assembly,7720,"Use 822 test samples to verify each nest will identify and reject bad pump assemblies.

If the station fails to reject any of the samples:
1. cover nest position so that it cannot be used
2. Notify Lead/supervisor to enter equipment alert",Closed and Completed,11/17/2023,Mark R,0.00,0.00,0.00,12/12/2023,,[]
118,EQ ID 118,"Tester, 822 Cell 2",Soap Dispenser Assembly,9324,"Use 822 test samples to verify each nest will identify and reject bad pump assemblies.

If the station fails to reject any of the samples:
1. cover nest position so that it cannot be used
2. Notify Lead/supervisor to enter equipment alert",Closed and Completed,1/12/2024,Mark R,0.00,0.00,0.00,1/17/2024,,[]
118,EQ ID 118,"Tester, 822 Cell 2",Soap Dispenser Assembly,7686,"TESTER MAINTERNANCE TO BE PERFORMED EVERY 4 MONTHS

Identify the test position with the oldest service record date
Dis-assemble and clean Fastest fixture at that position, replace if needed.

Open and clean solenoid valve for the same test position, replace if needed.

Replace water filter

Check for flow through the assembly and for leaks 

Attach a ""SERVICE RECORD"" tag under the station indicator for the assembly serviced with the date",Closed and Completed,2/16/2024,PU,0.50,0.00,0.00,2/16/2024,Primo Uy - 02/16/24  9:34:49 AM: Done.,[]
118,EQ ID 118,"Tester, 822 Cell 2",Soap Dispenser Assembly,9931,"Use 822 test samples to verify each nest will identify and reject bad pump assemblies.

If the station fails to reject any of the samples:
1. cover nest position so that it cannot be used
2. Notify Lead/supervisor to enter equipment alert",Closed and Completed,2/16/2024,Mark R,0.00,0.00,0.00,2/29/2024,,[]
118,EQ ID 118,"Tester, 822 Cell 2",Soap Dispenser Assembly,10576,"Use 822 test samples to verify each nest will identify and reject bad pump assemblies.

If the station fails to reject any of the samples:
1. cover nest position so that it cannot be used
2. Notify Lead/supervisor to enter equipment alert",Closed and Completed,3/29/2024,Mark R,0.00,0.00,0.00,4/12/2024,,[]
118,EQ ID 118,"Tester, 822 Cell 2",Soap Dispenser Assembly,11097,"Use 822 test samples to verify each nest will identify and reject bad pump assemblies.

If the station fails to reject any of the samples:
1. cover nest position so that it cannot be used
2. Notify Lead/supervisor to enter equipment alert",Closed and Completed,5/12/2024,Mark R,0.00,0.00,0.00,6/10/2024,,[]
118,EQ ID 118,"Tester, 822 Cell 2",Soap Dispenser Assembly,10427,"TESTER MAINTERNANCE TO BE PERFORMED EVERY 4 MONTHS

Identify the test position with the oldest service record date
Dis-assemble and clean Fastest fixture at that position, replace if needed.

Open and clean solenoid valve for the same test position, replace if needed.

Replace water filter

Check for flow through the assembly and for leaks 

Attach a ""SERVICE RECORD"" tag under the station indicator for the assembly serviced with the date",Closed and Completed,6/16/2024,PU,1.00,0.00,0.00,6/17/2024,Primo Uy - 06/24/24  3:19:23 PM: Done,[]
118,EQ ID 118,"Tester, 822 Cell 2",Soap Dispenser Assembly,12037,"Use 822 test samples to verify each nest will identify and reject bad pump assemblies.

If the station fails to reject any of the samples:
1. cover nest position so that it cannot be used
2. Notify Lead/supervisor to enter equipment alert",Closed and Completed,7/10/2024,Mark R,0.00,0.00,0.00,7/15/2024,,[]
118,EQ ID 118,"Tester, 822 Cell 2",Soap Dispenser Assembly,12396,"Use 822 test samples to verify each nest will identify and reject bad pump assemblies.

If the station fails to reject any of the samples:
1. cover nest position so that it cannot be used
2. Notify Lead/supervisor to enter equipment alert",Closed and Completed,8/15/2024,Mark R,0.00,0.00,0.00,9/4/2024,,[]
118,EQ ID 118,"Tester, 822 Cell 2",Soap Dispenser Assembly,12958,"Use 822 test samples to verify each nest will identify and reject bad pump assemblies.

If the station fails to reject any of the samples:
1. cover nest position so that it cannot be used
2. Notify Lead/supervisor to enter equipment alert",Closed and Completed,10/4/2024,Mark R,0.00,0.00,0.00,10/2/2024,,[]
118,EQ ID 118,"Tester, 822 Cell 2",Soap Dispenser Assembly,12206,"TESTER MAINTERNANCE TO BE PERFORMED EVERY 4 MONTHS

Identify the test position with the oldest service record date
Dis-assemble and clean Fastest fixture at that position, replace if needed.

Open and clean solenoid valve for the same test position, replace if needed.

Replace water filter

Check for flow through the assembly and for leaks 

Attach a ""SERVICE RECORD"" tag under the station indicator for the assembly serviced with the date",Closed and Completed,10/24/2024,PU,0.50,0.00,0.00,10/28/2024,Primo Uy - 10/28/24  1:05:42 PM: Done,[]
118,EQ ID 118,"Tester, 822 Cell 2",Soap Dispenser Assembly,13257,"Use 822 test samples to verify each nest will identify and reject bad pump assemblies.

If the station fails to reject any of the samples:
1. cover nest position so that it cannot be used
2. Notify Lead/supervisor to enter equipment alert",Closed and Completed,11/2/2024,Mark R,0.00,0.00,0.00,11/5/2024,,[]
118,EQ ID 118,"Tester, 822 Cell 2",Soap Dispenser Assembly,14217,"Use 822 test samples to verify each nest will identify and reject bad pump assemblies.

If the station fails to reject any of the samples:
1. cover nest position so that it cannot be used
2. Notify Lead/supervisor to enter equipment alert",Closed and Completed,2/2/2025,Mark R,0.00,0.00,0.00,2/17/2025,,[]
118,EQ ID 118,"Tester, 822 Cell 2",Soap Dispenser Assembly,13619,"TESTER MAINTERNANCE TO BE PERFORMED EVERY 4 MONTHS

Identify the test position with the oldest service record date
Dis-assemble and clean Fastest fixture at that position, replace if needed.

Open and clean solenoid valve for the same test position, replace if needed.

Replace water filter

Check for flow through the assembly and for leaks 

Attach a ""SERVICE RECORD"" tag under the station indicator for the assembly serviced with the date",Closed and Completed,2/28/2025,PU,0.50,0.00,0.00,2/28/2025,Primo Uy - 02/28/25  1:17:19 PM: Done,[]
118,EQ ID 118,"Tester, 822 Cell 2",Soap Dispenser Assembly,14897,"TESTER MAINTERNANCE TO BE PERFORMED EVERY 4 MONTHS

Identify the test position with the oldest service record date
Dis-assemble and clean Fastest fixture at that position, replace if needed.

Open and clean solenoid valve for the same test position, replace if needed.

Replace water filter

Check for flow through the assembly and for leaks 

Attach a ""SERVICE RECORD"" tag under the station indicator for the assembly serviced with the date",Closed and Completed,6/28/2025,PU,1.00,0.00,0.00,6/30/2025,Primo Uy - 07/07/25 11:36:25 AM: Done,[]
118,EQ ID 118,"Tester, 822 Cell 2",Soap Dispenser Assembly,14714,"Use 822 test samples to verify each nest will identify and reject bad pump assemblies.

If the station fails to reject any of the samples:
1. cover nest position so that it cannot be used
2. Notify Lead/supervisor to enter equipment alert",Closed and Completed,3/17/2025,Mark R,0.00,0.00,0.00,8/20/2025,,[]
118,EQ ID 118,"Tester, 822 Cell 2",Soap Dispenser Assembly,16747,"Use 822 test samples to verify each nest will identify and reject bad pump assemblies.

If the station fails to reject any of the samples:
1. cover nest position so that it cannot be used
2. Notify Lead/supervisor to enter equipment alert",Closed and Completed,9/20/2025,Mark R,0.00,0.00,0.00,10/8/2025,,[]
118,EQ ID 118,"Tester, 822 Cell 2",Soap Dispenser Assembly,16303,"TESTER MAINTERNANCE TO BE PERFORMED EVERY 4 MONTHS

Identify the test position with the oldest service record date
Dis-assemble and clean Fastest fixture at that position, replace if needed.

Open and clean solenoid valve for the same test position, replace if needed.

Replace water filter

Check for flow through the assembly and for leaks 

Attach a ""SERVICE RECORD"" tag under the station indicator for the assembly serviced with the date",Closed and Completed,11/7/2025,PU,0.50,0.00,0.00,11/7/2025,Primo Uy - 11/12/25 10:38:56 AM: Done,[]
118,EQ ID 118,"Tester, 822 Cell 2",Soap Dispenser Assembly,17214,"Use 822 test samples to verify each nest will identify and reject bad pump assemblies.

If the station fails to reject any of the samples:
1. cover nest position so that it cannot be used
2. Notify Lead/supervisor to enter equipment alert",Closed and Completed,11/8/2025,Mark R,0.00,0.00,0.00,11/11/2025,,[]
118,EQ ID 118,"Tester, 822 Cell 2",Soap Dispenser Assembly,17634,"Use 822 test samples to verify each nest will identify and reject bad pump assemblies.

If the station fails to reject any of the samples:
1. cover nest position so that it cannot be used
2. Notify Lead/supervisor to enter equipment alert",Closed and Completed,12/11/2025,Mark R,0.00,0.00,0.00,12/30/2025,,[]
118,EQ ID 118,"Tester, 822 Cell 2",Soap Dispenser Assembly,17682,"TESTER MAINTERNANCE TO BE PERFORMED EVERY 4 MONTHS

Identify the test position with the oldest service record date
Dis-assemble and clean Fastest fixture at that position, replace if needed.

Open and clean solenoid valve for the same test position, replace if needed.

Replace water filter

Check for flow through the assembly and for leaks 

Attach a ""SERVICE RECORD"" tag under the station indicator for the assembly serviced with the date",Closed and Completed,3/12/2026,PU,1.00,0.00,0.00,3/12/2026,Primo Uy - 04/14/26  9:37:11 AM: Done.,[]
118,EQ ID 118,"Tester, 822 Cell 2",Soap Dispenser Assembly,19086,"TESTER MAINTERNANCE TO BE PERFORMED EVERY 4 MONTHS

Identify the test position with the oldest service record date
Dis-assemble and clean Fastest fixture at that position, replace if needed.

Open and clean solenoid valve for the same test position, replace if needed.

Replace water filter

Check for flow through the assembly and for leaks 

Attach a ""SERVICE RECORD"" tag under the station indicator for the assembly serviced with the date",Closed and Completed,8/14/2026,PU,1.00,0.00,0.00,8/5/2026,Primo Uy - 08/14/26  8:42:45 AM: Done. Solinoid valve (Pressure) was remove to directly pressurize the test from the water tank.,[]
123,EQ ID 123,N-16828 Cleco Torque Driver,Soap Dispenser Assembly,11168,"Line 6   4063 / 306 (Calibrate to 18 +/-2 lbs. in.)
Air Line Pressure 60 +/- 5 PSI",Pending,7/13/2024,,0.00,0.00,0.00,,,[]
123,EQ ID 123,N-16828 Cleco Torque Driver,Soap Dispenser Assembly,113,"Line 6   4063 / 306 (Calibrate to 18 +/-2 lbs. in.)
Air Line Pressure 60 +/- 5 PSI",Closed without Action,6/18/2022,PU,0.00,0.00,0.00,9/1/2022,Primo Uy - 09/01/22 12:08:54 PM: The air Tools was replaced with Electric. This should in Obsolete.,[]
123,EQ ID 123,N-16828 Cleco Torque Driver,Soap Dispenser Assembly,112,Check air lines and connections for cracks or leaks. Repair or replace as needed.,Closed and Completed,9/18/2022,PU,0.20,0.00,0.00,9/7/2022,Primo Uy - 09/07/22 12:08:16 PM: Done,[]
123,EQ ID 123,N-16828 Cleco Torque Driver,Soap Dispenser Assembly,2837,Check air lines and connections for cracks or leaks. Repair or replace as needed.,Closed and Completed,4/13/2023,PU,0.20,0.00,0.00,4/11/2023,Primo Uy - 04/12/23  7:52:11 AM: Done,[]
123,EQ ID 123,N-16828 Cleco Torque Driver,Soap Dispenser Assembly,5247,Check air lines and connections for cracks or leaks. Repair or replace as needed.,Closed and Completed,10/12/2023,PU,0.20,0.00,0.00,10/11/2023,Primo Uy - 10/12/23  7:32:51 AM: Done,[]
123,EQ ID 123,N-16828 Cleco Torque Driver,Soap Dispenser Assembly,7605,Check air lines and connections for cracks or leaks. Repair or replace as needed.,Closed and Completed,4/12/2024,PU,0.20,0.00,0.00,4/12/2024,Primo Uy - 04/12/24  1:17:10 PM: Done,[]
123,EQ ID 123,N-16828 Cleco Torque Driver,Soap Dispenser Assembly,2838,"Line 6   4063 / 306 (Calibrate to 18 +/-2 lbs. in.)
Air Line Pressure 60 +/- 5 PSI",Closed without Action,1/13/2023,md,0.00,0.00,0.00,4/13/2024,Miguel Diaz - 04/13/24 10:21:03 AM: Replaced both drills,[]
123,EQ ID 123,N-16828 Cleco Torque Driver,Soap Dispenser Assembly,11132,Check air lines and connections for cracks or leaks. Repair or replace as needed.,Closed and Completed,10/12/2024,PU,0.20,0.00,0.00,10/14/2024,Primo Uy - 10/18/24  1:02:20 PM: Done,[]
123,EQ ID 123,N-16828 Cleco Torque Driver,Soap Dispenser Assembly,13448,Check air lines and connections for cracks or leaks. Repair or replace as needed.,Closed and Completed,4/18/2025,PU,0.20,0.00,0.00,4/18/2025,Primo Uy - 05/01/25  6:37:04 AM: Done,[]
123,EQ ID 123,N-16828 Cleco Torque Driver,Soap Dispenser Assembly,15581,Check air lines and connections for cracks or leaks. Repair or replace as needed.,Closed and Completed,11/1/2025,PU,0.20,0.00,0.00,11/3/2025,Primo Uy - 11/12/25 10:11:44 AM: Done,[]
123,EQ ID 123,N-16828 Cleco Torque Driver,Soap Dispenser Assembly,17661,Check air lines and connections for cracks or leaks. Repair or replace as needed.,Closed and Completed,5/12/2026,PU,0.20,0.00,0.00,5/12/2026,Primo Uy - 05/15/26  8:54:09 AM: Done.,[]
124,EQ ID 124,43889 Aro Torque Driver,Soap Dispenser Assembly,11170,Line 7 2111 (Calibrate to 11 +/- 2 lbs. in.),Pending,7/13/2024,,0.00,0.00,0.00,,,[]
124,EQ ID 124,43889 Aro Torque Driver,Soap Dispenser Assembly,114,Line 7 2111 (Calibrate to 11 +/- 2 lbs. in.),Closed without Action,6/18/2022,PU,0.00,0.00,0.00,9/1/2022,Primo Uy - 09/01/22 12:07:32 PM: Machine is outsource to APT. They responsible to do the calibrations.,[]
124,EQ ID 124,43889 Aro Torque Driver,Soap Dispenser Assembly,2839,Line 7 2111 (Calibrate to 11 +/- 2 lbs. in.),Closed without Action,1/13/2023,md,0.00,0.00,0.00,4/13/2024,Miguel Diaz - 04/13/24 10:21:18 AM: Replaced both drills,[]
139,EQ ID 139,Valve Fixture #3 for 4112-110,Soap Dispenser Assembly,125,Tune-up,Closed and Completed,9/18/2022,PU,0.50,0.00,0.00,9/8/2022,Primo Uy - 09/08/22  8:11:46 AM: Done,[]
139,EQ ID 139,Valve Fixture #3 for 4112-110,Soap Dispenser Assembly,2647,Tune-up,Closed and Completed,4/13/2023,PU,0.30,0.00,0.00,4/13/2023,Primo Uy - 04/13/23  7:57:05 AM: Done,[]
139,EQ ID 139,Valve Fixture #3 for 4112-110,Soap Dispenser Assembly,5289,Tune-up,Closed and Completed,10/13/2023,PU,0.00,0.00,0.00,10/16/2023,Primo Uy - 10/16/23 11:19:23 AM: Done. All 3 fixtures.,[]
139,EQ ID 139,Valve Fixture #3 for 4112-110,Soap Dispenser Assembly,7684,Tune-up,Closed and Completed,4/16/2024,PU,0.50,0.00,0.00,4/12/2024,Primo Uy - 04/17/24  8:04:20 AM: Done,[]
139,EQ ID 139,Valve Fixture #3 for 4112-110,Soap Dispenser Assembly,11337,Tune-up,Closed and Completed,10/17/2024,PU,0.20,0.00,0.00,10/17/2024,Primo Uy - 10/18/24  1:12:29 PM: Done,[]
139,EQ ID 139,Valve Fixture #3 for 4112-110,Soap Dispenser Assembly,13461,Tune-up,Closed and Completed,4/18/2025,PU,0.35,0.00,0.00,4/18/2025,Primo Uy - 05/01/25  6:41:53 AM: Done,[]
139,EQ ID 139,Valve Fixture #3 for 4112-110,Soap Dispenser Assembly,15589,Tune-up,Closed and Completed,11/1/2025,PU,0.25,0.00,0.00,10/31/2025,Primo Uy - 11/12/25 10:18:05 AM: Done,[]
139,EQ ID 139,Valve Fixture #3 for 4112-110,Soap Dispenser Assembly,17669,Tune-up,Closed and Completed,5/12/2026,PU,0.35,0.00,0.00,5/12/2026,Primo Uy - 05/15/26  9:01:50 AM: Done. Clean fixture.,[]
148,EQ ID 148,B -40 U-PACK FIXTURE,Soap Dispenser Assembly,18048,"""Check air lines for cracks and leaks
Check air cylinder for leaks
Verify station operating correctly.

Repair or replace components as needed.""",Pending,1/30/2026,,0.00,0.00,0.00,,,[]
148,EQ ID 148,B -40 U-PACK FIXTURE,Soap Dispenser Assembly,126,"""Check air lines for cracks and leaks
Check air cylinder for leaks
Verify station operating correctly.

Repair or replace components as needed.""",Closed without Action,4/18/2022,Mark R,0.00,0.00,0.00,4/18/2022,,[]
148,EQ ID 148,B -40 U-PACK FIXTURE,Soap Dispenser Assembly,2648,"""Check air lines for cracks and leaks
Check air cylinder for leaks
Verify station operating correctly.

Repair or replace components as needed.""",Closed and Completed,11/13/2022,Mark R,0.00,0.00,0.00,12/8/2022,,[]
148,EQ ID 148,B -40 U-PACK FIXTURE,Soap Dispenser Assembly,3533,"""Check air lines for cracks and leaks
Check air cylinder for leaks
Verify station operating correctly.

Repair or replace components as needed.""",Closed and Completed,1/8/2023,Mark R,0.00,0.00,0.00,1/10/2023,,[]
148,EQ ID 148,B -40 U-PACK FIXTURE,Soap Dispenser Assembly,3873,"""Check air lines for cracks and leaks
Check air cylinder for leaks
Verify station operating correctly.

Repair or replace components as needed.""",Closed and Completed,2/10/2023,Mark R,0.00,0.00,0.00,2/14/2023,,[]
148,EQ ID 148,B -40 U-PACK FIXTURE,Soap Dispenser Assembly,4396,"""Check air lines for cracks and leaks
Check air cylinder for leaks
Verify station operating correctly.

Repair or replace components as needed.""",Closed and Completed,3/14/2023,Mark R,0.00,0.00,0.00,3/7/2023,,[]
148,EQ ID 148,B -40 U-PACK FIXTURE,Soap Dispenser Assembly,4701,"""Check air lines for cracks and leaks
Check air cylinder for leaks
Verify station operating correctly.

Repair or replace components as needed.""",Closed and Completed,4/7/2023,Mark R,0.00,0.00,0.00,4/24/2023,,[]
148,EQ ID 148,B -40 U-PACK FIXTURE,Soap Dispenser Assembly,5425,"""Check air lines for cracks and leaks
Check air cylinder for leaks
Verify station operating correctly.

Repair or replace components as needed.""",Closed and Completed,5/24/2023,Mark R,0.00,0.00,0.00,6/9/2023,,[]
148,EQ ID 148,B -40 U-PACK FIXTURE,Soap Dispenser Assembly,5953,"""Check air lines for cracks and leaks
Check air cylinder for leaks
Verify station operating correctly.

Repair or replace components as needed.""",Closed and Completed,7/9/2023,Mark R,0.00,0.00,0.00,8/8/2023,,[]
148,EQ ID 148,B -40 U-PACK FIXTURE,Soap Dispenser Assembly,6749,"""Check air lines for cracks and leaks
Check air cylinder for leaks
Verify station operating correctly.

Repair or replace components as needed.""",Closed and Completed,9/8/2023,Juan L.,0.05,0.00,0.05,9/11/2023,,[]
148,EQ ID 148,B -40 U-PACK FIXTURE,Soap Dispenser Assembly,7168,"""Check air lines for cracks and leaks
Check air cylinder for leaks
Verify station operating correctly.

Repair or replace components as needed.""",Closed and Completed,10/11/2023,Mark R,0.00,0.00,0.00,10/17/2023,,[]
148,EQ ID 148,B -40 U-PACK FIXTURE,Soap Dispenser Assembly,7715,"""Check air lines for cracks and leaks
Check air cylinder for leaks
Verify station operating correctly.

Repair or replace components as needed.""",Closed and Completed,11/17/2023,Mark R,0.00,0.00,0.00,12/12/2023,,[]
148,EQ ID 148,B -40 U-PACK FIXTURE,Soap Dispenser Assembly,9325,"""Check air lines for cracks and leaks
Check air cylinder for leaks
Verify station operating correctly.

Repair or replace components as needed.""",Closed and Completed,1/12/2024,Mark R,0.00,0.00,0.00,1/16/2024,,[]
148,EQ ID 148,B -40 U-PACK FIXTURE,Soap Dispenser Assembly,9937,"""Check air lines for cracks and leaks
Check air cylinder for leaks
Verify station operating correctly.

Repair or replace components as needed.""",Closed and Completed,2/16/2024,Mark R,0.00,0.00,0.00,2/29/2024,,[]
148,EQ ID 148,B -40 U-PACK FIXTURE,Soap Dispenser Assembly,10581,"""Check air lines for cracks and leaks
Check air cylinder for leaks
Verify station operating correctly.

Repair or replace components as needed.""",Closed and Completed,3/29/2024,Mark R,0.00,0.00,0.00,4/12/2024,,[]
148,EQ ID 148,B -40 U-PACK FIXTURE,Soap Dispenser Assembly,11100,"""Check air lines for cracks and leaks
Check air cylinder for leaks
Verify station operating correctly.

Repair or replace components as needed.""",Closed and Completed,5/12/2024,Mark R,0.00,0.00,0.00,6/10/2024,,[]
148,EQ ID 148,B -40 U-PACK FIXTURE,Soap Dispenser Assembly,12038,"""Check air lines for cracks and leaks
Check air cylinder for leaks
Verify station operating correctly.

Repair or replace components as needed.""",Closed and Completed,7/10/2024,Mark R,0.00,0.00,0.00,7/15/2024,,[]
148,EQ ID 148,B -40 U-PACK FIXTURE,Soap Dispenser Assembly,12397,"""Check air lines for cracks and leaks
Check air cylinder for leaks
Verify station operating correctly.

Repair or replace components as needed.""",Closed and Completed,8/15/2024,Mark R,0.00,0.00,0.00,9/4/2024,,[]
148,EQ ID 148,B -40 U-PACK FIXTURE,Soap Dispenser Assembly,12959,"""Check air lines for cracks and leaks
Check air cylinder for leaks
Verify station operating correctly.

Repair or replace components as needed.""",Closed and Completed,10/4/2024,Mark R,0.00,0.00,0.00,10/2/2024,,[]
148,EQ ID 148,B -40 U-PACK FIXTURE,Soap Dispenser Assembly,13256,"""Check air lines for cracks and leaks
Check air cylinder for leaks
Verify station operating correctly.

Repair or replace components as needed.""",Closed and Completed,11/2/2024,Mark R,0.00,0.00,0.00,11/5/2024,,[]
148,EQ ID 148,B -40 U-PACK FIXTURE,Soap Dispenser Assembly,14218,"""Check air lines for cracks and leaks
Check air cylinder for leaks
Verify station operating correctly.

Repair or replace components as needed.""",Closed and Completed,2/2/2025,Mark R,0.00,0.00,0.00,2/17/2025,,[]
148,EQ ID 148,B -40 U-PACK FIXTURE,Soap Dispenser Assembly,14715,"""Check air lines for cracks and leaks
Check air cylinder for leaks
Verify station operating correctly.

Repair or replace components as needed.""",Closed and Completed,3/17/2025,Mark R,0.00,0.00,0.00,8/20/2025,,[]
148,EQ ID 148,B -40 U-PACK FIXTURE,Soap Dispenser Assembly,16743,"""Check air lines for cracks and leaks
Check air cylinder for leaks
Verify station operating correctly.

Repair or replace components as needed.""",Closed and Completed,9/20/2025,Mark R,0.00,0.00,0.00,10/8/2025,,[]
148,EQ ID 148,B -40 U-PACK FIXTURE,Soap Dispenser Assembly,17211,"""Check air lines for cracks and leaks
Check air cylinder for leaks
Verify station operating correctly.

Repair or replace components as needed.""",Closed and Completed,11/8/2025,Mark R,0.00,0.00,0.00,11/11/2025,,[]
148,EQ ID 148,B -40 U-PACK FIXTURE,Soap Dispenser Assembly,17630,"""Check air lines for cracks and leaks
Check air cylinder for leaks
Verify station operating correctly.

Repair or replace components as needed.""",Closed and Completed,12/11/2025,Mark R,0.00,0.00,0.00,12/30/2025,,[]
54,EQ ID 54,Stapler Machine,Soap Dispenser Assembly,20207,Check oil and internal lubrication,Pending,9/3/2026,,0.00,0.00,0.00,,,[]
54,EQ ID 54,Stapler Machine,Soap Dispenser Assembly,36,Check oil and internal lubrication,Closed and Completed,4/18/2022,Primo,0.20,0.00,0.00,4/19/2022,,[]
54,EQ ID 54,Stapler Machine,Soap Dispenser Assembly,2606,Check oil and internal lubrication,Closed and Completed,11/13/2022,PU,0.20,0.00,0.00,11/8/2022,Primo Uy - 11/08/22  2:57:08 PM: Done,[]
54,EQ ID 54,Stapler Machine,Soap Dispenser Assembly,3179,Check oil and internal lubrication,Closed and Completed,12/8/2022,PU,0.20,0.00,0.00,12/6/2022,Primo Uy - 12/07/22  9:43:40 AM: Done,[]
54,EQ ID 54,Stapler Machine,Soap Dispenser Assembly,3508,Check oil and internal lubrication,Closed and Completed,1/7/2023,PU,0.20,0.00,0.00,1/11/2023,Primo Uy - 01/11/23  9:36:29 AM: Done.,[]
54,EQ ID 54,Stapler Machine,Soap Dispenser Assembly,3906,Check oil and internal lubrication,Closed and Completed,2/11/2023,PU,0.20,0.00,0.00,2/9/2023,Primo Uy - 02/09/23  9:40:30 AM: Done,[]
54,EQ ID 54,Stapler Machine,Soap Dispenser Assembly,4292,Check oil and internal lubrication,Closed and Completed,3/9/2023,PU,0.20,0.00,0.00,3/8/2023,Primo Uy - 03/08/23  2:08:08 PM: Done,[]
54,EQ ID 54,Stapler Machine,Soap Dispenser Assembly,35,"Check brakes, motor, bearings, belts",Closed and Completed,3/18/2023,PU,0.35,0.00,0.00,3/18/2023,Primo Uy - 03/20/23  7:15:48 AM: Done,[]
54,EQ ID 54,Stapler Machine,Soap Dispenser Assembly,4734,Check oil and internal lubrication,Closed and Completed,4/8/2023,PU,0.25,0.00,0.00,4/6/2023,Primo Uy - 04/06/23  8:13:59 AM: Done,[]
54,EQ ID 54,Stapler Machine,Soap Dispenser Assembly,5177,Check oil and internal lubrication,Closed and Completed,5/6/2023,PU,0.20,0.00,0.00,5/8/2023,Primo Uy - 05/11/23  1:08:50 PM: Done,[]
54,EQ ID 54,Stapler Machine,Soap Dispenser Assembly,5648,Check oil and internal lubrication,Closed and Completed,6/11/2023,PU,0.20,0.00,0.00,6/12/2023,Primo Uy - 06/13/23  7:25:30 AM: Done,[]
54,EQ ID 54,Stapler Machine,Soap Dispenser Assembly,6003,Check oil and internal lubrication,Closed and Completed,7/13/2023,PU,0.25,0.00,0.00,7/13/2023,Primo Uy - 07/19/23  9:00:28 AM: Done,[]
54,EQ ID 54,Stapler Machine,Soap Dispenser Assembly,6516,Check oil and internal lubrication,Closed and Completed,8/19/2023,PU,0.20,0.00,0.00,8/15/2023,Primo Uy - 08/15/23 11:21:33 AM: Done,[]
54,EQ ID 54,Stapler Machine,Soap Dispenser Assembly,6848,Check oil and internal lubrication,Closed and Completed,9/15/2023,PU,0.20,0.00,0.00,9/14/2023,Primo Uy - 09/15/23  7:40:47 AM: Done,[]
54,EQ ID 54,Stapler Machine,Soap Dispenser Assembly,7247,Check oil and internal lubrication,Closed and Completed,10/15/2023,PU,0.20,0.00,0.00,10/16/2023,Primo Uy - 10/17/23  7:16:25 AM: Done,[]
54,EQ ID 54,Stapler Machine,Soap Dispenser Assembly,7695,Check oil and internal lubrication,Closed and Completed,11/17/2023,PU,0.20,0.00,0.00,11/20/2023,Primo Uy - 11/27/23 11:36:47 AM: Done,[]
54,EQ ID 54,Stapler Machine,Soap Dispenser Assembly,8141,Check oil and internal lubrication,Closed and Completed,12/27/2023,PU,0.20,0.00,0.00,12/22/2023,Primo Uy - 12/22/23 11:03:06 AM: Done,[]
54,EQ ID 54,Stapler Machine,Soap Dispenser Assembly,9452,Check oil and internal lubrication,Closed and Completed,1/22/2024,PU,0.20,0.00,0.00,1/22/2024,Primo Uy - 01/22/24  7:35:34 AM: Done,[]
54,EQ ID 54,Stapler Machine,Soap Dispenser Assembly,10057,Check oil and internal lubrication,Closed and Completed,2/22/2024,PU,0.25,0.00,0.00,2/21/2024,Primo Uy - 02/21/24 10:01:26 AM: Done,[]
54,EQ ID 54,Stapler Machine,Soap Dispenser Assembly,10471,Check oil and internal lubrication,Closed and Completed,3/21/2024,PU,0.25,0.00,0.00,3/20/2024,Primo Uy - 03/20/24  7:39:38 AM: Done,[]
54,EQ ID 54,Stapler Machine,Soap Dispenser Assembly,4906,"Check brakes, motor, bearings, belts",Closed and Completed,3/20/2024,PU,0.35,0.00,0.00,3/20/2024,Primo Uy - 03/20/24  7:36:55 AM: Done,[]
54,EQ ID 54,Stapler Machine,Soap Dispenser Assembly,10782,Check oil and internal lubrication,Closed and Completed,4/20/2024,PU,0.20,0.00,0.00,4/19/2024,Primo Uy - 04/23/24  8:08:37 AM: Done,[]
54,EQ ID 54,Stapler Machine,Soap Dispenser Assembly,11400,Check oil and internal lubrication,Closed and Completed,5/23/2024,PU,0.20,0.00,0.00,5/23/2024,Primo Uy - 05/28/24  9:04:19 AM: DONE,[]
54,EQ ID 54,Stapler Machine,Soap Dispenser Assembly,11852,Check oil and internal lubrication,Closed and Completed,6/28/2024,PU,0.20,0.00,0.00,6/28/2024,Primo Uy - 07/09/24  7:10:01 AM: Done,[]
54,EQ ID 54,Stapler Machine,Soap Dispenser Assembly,12309,Check oil and internal lubrication,Closed and Completed,8/9/2024,PU,0.20,0.00,0.00,8/8/2024,Primo Uy - 08/14/24  9:11:49 AM: Done,[]
54,EQ ID 54,Stapler Machine,Soap Dispenser Assembly,12752,Check oil and internal lubrication,Closed and Completed,9/14/2024,PU,0.20,0.00,0.00,9/13/2024,Primo Uy - 09/18/24  8:02:27 AM: Done.,[]
54,EQ ID 54,Stapler Machine,Soap Dispenser Assembly,13096,Check oil and internal lubrication,Closed and Completed,10/18/2024,PU,0.20,0.00,0.00,10/18/2024,Primo Uy - 10/18/24  1:18:32 PM: Done,[]
54,EQ ID 54,Stapler Machine,Soap Dispenser Assembly,13477,Check oil and internal lubrication,Closed and Completed,11/18/2024,PU,0.20,0.00,0.00,11/18/2024,Primo Uy - 11/19/24  9:14:59 AM: DONE,[]
54,EQ ID 54,Stapler Machine,Soap Dispenser Assembly,13856,Check oil and internal lubrication,Closed and Completed,12/19/2024,PU,0.20,0.00,0.00,12/18/2024,Primo Uy - 12/18/24 12:21:36 PM: Done.,[]
54,EQ ID 54,Stapler Machine,Soap Dispenser Assembly,14151,Check oil and internal lubrication,Closed and Completed,1/18/2025,PU,0.20,0.00,0.00,1/17/2025,Primo Uy - 01/31/25 11:50:27 AM: Done,[]
54,EQ ID 54,Stapler Machine,Soap Dispenser Assembly,14542,Check oil and internal lubrication,Closed and Completed,2/28/2025,PU,0.20,0.00,0.00,2/28/2025,Primo Uy - 02/28/25  1:16:22 PM: Done,[]
54,EQ ID 54,Stapler Machine,Soap Dispenser Assembly,14896,Check oil and internal lubrication,Closed and Completed,3/28/2025,PU,0.20,0.00,0.00,2/28/2025,Primo Uy - 04/04/25  9:55:44 AM: Done,[]
54,EQ ID 54,Stapler Machine,Soap Dispenser Assembly,10778,"Check brakes, motor, bearings, belts",Closed and Completed,3/20/2025,PU,0.50,0.00,0.00,3/20/2025,Primo Uy - 03/20/25  8:48:00 AM: Done,[]
54,EQ ID 54,Stapler Machine,Soap Dispenser Assembly,15293,Check oil and internal lubrication,Closed and Completed,5/4/2025,PU,0.20,0.00,0.00,4/4/2025,Primo Uy - 05/07/25 12:16:17 PM: Done,[]
54,EQ ID 54,Stapler Machine,Soap Dispenser Assembly,15668,Check oil and internal lubrication,Closed and Completed,6/7/2025,PU,0.20,0.00,0.00,6/6/2025,Primo Uy - 06/23/25  8:45:45 AM: Done,[]
54,EQ ID 54,Stapler Machine,Soap Dispenser Assembly,16186,Check oil and internal lubrication,Closed and Completed,7/23/2025,PU,0.20,0.00,0.00,7/23/2025,Primo Uy - 07/28/25  9:58:10 AM: Done,[]
54,EQ ID 54,Stapler Machine,Soap Dispenser Assembly,16504,Check oil and internal lubrication,Closed and Completed,8/28/2025,PU,0.20,0.00,0.00,8/28/2025,Primo Uy - 09/02/25 12:14:04 PM: Done,[]
54,EQ ID 54,Stapler Machine,Soap Dispenser Assembly,16888,Check oil and internal lubrication,Closed and Completed,10/2/2025,PU,0.25,0.00,0.00,10/6/2025,Primo Uy - 10/08/25 10:02:22 AM: Done,[]
54,EQ ID 54,Stapler Machine,Soap Dispenser Assembly,17206,Check oil and internal lubrication,Closed and Completed,11/8/2025,PU,0.20,0.00,0.00,11/10/2025,Primo Uy - 11/12/25 10:44:19 AM: Done,[]
54,EQ ID 54,Stapler Machine,Soap Dispenser Assembly,17691,Check oil and internal lubrication,Closed and Completed,12/12/2025,PU,0.20,0.00,0.00,12/12/2025,Primo Uy - 12/15/25  1:22:34 PM: Done,[]
54,EQ ID 54,Stapler Machine,Soap Dispenser Assembly,17954,Check oil and internal lubrication,Closed and Completed,1/15/2026,PU,0.20,0.00,0.00,1/15/2026,Primo Uy - 01/21/26  8:14:06 AM: Done,[]
54,EQ ID 54,Stapler Machine,Soap Dispenser Assembly,18258,Check oil and internal lubrication,Closed and Completed,2/21/2026,PU,0.20,0.00,0.00,2/20/2026,Primo Uy - 03/12/26 12:34:58 PM: Done,[]
54,EQ ID 54,Stapler Machine,Soap Dispenser Assembly,15119,"Check brakes, motor, bearings, belts",Closed and Completed,3/20/2026,PU,0.50,0.00,0.00,3/20/2026,Primo Uy - 04/14/26  9:41:39 AM: Done,[]
54,EQ ID 54,Stapler Machine,Soap Dispenser Assembly,18726,Check oil and internal lubrication,Closed and Completed,4/12/2026,PU,0.20,0.00,0.00,4/13/2026,Primo Uy - 04/14/26  9:46:54 AM: Done,[]
54,EQ ID 54,Stapler Machine,Soap Dispenser Assembly,19099,Check oil and internal lubrication,Closed and Completed,5/14/2026,PU,0.20,0.00,0.00,5/14/2026,Primo Uy - 06/09/26 11:53:00 AM: Done,[]
54,EQ ID 54,Stapler Machine,Soap Dispenser Assembly,19766,Check oil and internal lubrication,Closed and Completed,7/9/2026,PU,0.20,0.00,0.00,7/9/2026,Primo Uy - 08/03/26 11:59:25 AM: Done,[]
67,EQ ID 67,822 Spout Assembly Machine #2,Soap Dispenser Assembly,48,"Clean inside of Collet, lubricate outside with grease
Clean sensor with Q Tip and alcohol",Closed and Completed,6/18/2022,pu,1.00,0.00,0.00,6/1/2022,Primo Uy - 06/01/22  7:19:37 AM: Done,[]
67,EQ ID 67,822 Spout Assembly Machine #2,Soap Dispenser Assembly,49,"Check  Collet, Replace if Piston is slipping",Closed and Completed,9/18/2022,PU,0.20,0.00,0.00,9/1/2022,Primo Uy - 09/01/22 12:03:55 PM: Done,[]
67,EQ ID 67,822 Spout Assembly Machine #2,Soap Dispenser Assembly,2892,"Clean inside of Collet, lubricate outside with grease
Clean sensor with Q Tip and alcohol",Closed and Completed,1/13/2023,PU,0.50,0.00,0.00,1/13/2023,Primo Uy - 01/13/23  1:50:03 PM: Done,[]
67,EQ ID 67,822 Spout Assembly Machine #2,Soap Dispenser Assembly,50,Check air lines for damage & leaks. Lubricate all moving parts,Closed and Completed,3/18/2023,PU,0.20,0.00,0.00,3/17/2023,Primo Uy - 03/20/23  7:16:47 AM: Done,[]
67,EQ ID 67,822 Spout Assembly Machine #2,Soap Dispenser Assembly,2893,"Check  Collet, Replace if Piston is slipping",Closed and Completed,4/13/2023,PU,0.20,0.00,0.00,4/11/2023,"Primo Uy - 04/12/23  8:00:17 AM: Add Lubricant, white grease.",[]
67,EQ ID 67,822 Spout Assembly Machine #2,Soap Dispenser Assembly,3980,"Clean inside of Collet, lubricate outside with grease
Clean sensor with Q Tip and alcohol",Closed and Completed,4/13/2023,PU,0.50,0.00,0.00,4/12/2023,Primo Uy - 04/12/23  7:49:51 AM: Done,[]
67,EQ ID 67,822 Spout Assembly Machine #2,Soap Dispenser Assembly,5241,"Clean inside of Collet, lubricate outside with grease
Clean sensor with Q Tip and alcohol",Closed and Completed,7/12/2023,PU,0.50,0.00,0.00,7/12/2023,Primo Uy - 07/19/23  8:57:07 AM: Done,[]
67,EQ ID 67,822 Spout Assembly Machine #2,Soap Dispenser Assembly,5255,"Check  Collet, Replace if Piston is slipping",Closed and Completed,10/12/2023,PU,0.20,0.00,0.00,10/12/2023,Primo Uy - 10/12/23  7:40:52 AM: Done,[]
67,EQ ID 67,822 Spout Assembly Machine #2,Soap Dispenser Assembly,6512,"Clean inside of Collet, lubricate outside with grease
Clean sensor with Q Tip and alcohol",Closed and Completed,10/19/2023,PU,0.50,0.00,0.00,10/19/2023,Primo Uy - 10/24/23  7:12:12 AM: Done,[]
67,EQ ID 67,822 Spout Assembly Machine #2,Soap Dispenser Assembly,7775,"Clean inside of Collet, lubricate outside with grease
Clean sensor with Q Tip and alcohol",Closed and Completed,1/24/2024,PU,0.50,0.00,0.00,1/24/2024,Primo Uy - 01/29/24  7:41:20 AM: Done,[]
67,EQ ID 67,822 Spout Assembly Machine #2,Soap Dispenser Assembly,4907,Check air lines for damage & leaks. Lubricate all moving parts,Closed and Completed,3/20/2024,PU,0.35,0.00,0.00,3/20/2024,Primo Uy - 03/20/24  7:38:51 AM: Done,[]
67,EQ ID 67,822 Spout Assembly Machine #2,Soap Dispenser Assembly,7616,"Check  Collet, Replace if Piston is slipping",Closed and Completed,4/12/2024,PU,0.20,0.00,0.00,4/12/2024,Primo Uy - 04/12/24  1:17:46 PM: Done,[]
67,EQ ID 67,822 Spout Assembly Machine #2,Soap Dispenser Assembly,10143,"Clean inside of Collet, lubricate outside with grease
Clean sensor with Q Tip and alcohol",Closed and Completed,4/29/2024,PU,0.50,0.00,0.00,4/29/2024,Primo Uy - 05/01/24  8:10:11 AM: Done,[]
67,EQ ID 67,822 Spout Assembly Machine #2,Soap Dispenser Assembly,11487,"Clean inside of Collet, lubricate outside with grease
Clean sensor with Q Tip and alcohol",Closed and Completed,8/1/2024,PU,0.50,0.00,0.00,7/1/2024,Primo Uy - 08/05/24 10:26:10 AM: Done,[]
67,EQ ID 67,822 Spout Assembly Machine #2,Soap Dispenser Assembly,11133,"Check  Collet, Replace if Piston is slipping",Closed and Completed,10/12/2024,PU,0.20,0.00,0.00,10/11/2024,Primo Uy - 10/18/24  1:07:43 PM: Done,[]
67,EQ ID 67,822 Spout Assembly Machine #2,Soap Dispenser Assembly,12636,"Clean inside of Collet, lubricate outside with grease
Clean sensor with Q Tip and alcohol",Closed and Completed,11/5/2024,PU,0.35,0.00,0.00,11/5/2024,Primo Uy - 11/06/24  8:13:53 AM: Done.,[]
67,EQ ID 67,822 Spout Assembly Machine #2,Soap Dispenser Assembly,13704,"Clean inside of Collet, lubricate outside with grease
Clean sensor with Q Tip and alcohol",Closed and Completed,2/6/2025,PU,0.35,0.00,0.00,1/6/2025,Primo Uy - 01/31/25 11:37:41 AM: Done,[]
67,EQ ID 67,822 Spout Assembly Machine #2,Soap Dispenser Assembly,10781,Check air lines for damage & leaks. Lubricate all moving parts,Closed and Completed,3/20/2025,PU,0.20,0.00,0.00,3/20/2025,Primo Uy - 03/20/25  8:50:05 AM: Done,[]
67,EQ ID 67,822 Spout Assembly Machine #2,Soap Dispenser Assembly,13454,"Check  Collet, Replace if Piston is slipping",Closed and Completed,4/18/2025,PU,0.20,0.00,0.00,4/18/2025,Primo Uy - 05/01/25  6:38:52 AM: Done,[]
67,EQ ID 67,822 Spout Assembly Machine #2,Soap Dispenser Assembly,14540,"Clean inside of Collet, lubricate outside with grease
Clean sensor with Q Tip and alcohol",Closed and Completed,4/30/2025,PU,0.35,0.00,0.00,4/30/2025,Primo Uy - 05/01/25  6:33:22 AM: Done,[]
67,EQ ID 67,822 Spout Assembly Machine #2,Soap Dispenser Assembly,15576,"Clean inside of Collet, lubricate outside with grease
Clean sensor with Q Tip and alcohol",Closed and Completed,8/1/2025,PU,0.50,0.00,0.00,9/2/2025,Primo Uy - 09/02/25 12:05:46 PM: Done,[]
67,EQ ID 67,822 Spout Assembly Machine #2,Soap Dispenser Assembly,15584,"Check  Collet, Replace if Piston is slipping",Closed and Completed,11/1/2025,PU,0.20,0.00,0.00,11/3/2025,Primo Uy - 11/12/25 10:14:02 AM: Done,[]
67,EQ ID 67,822 Spout Assembly Machine #2,Soap Dispenser Assembly,16870,"Clean inside of Collet, lubricate outside with grease
Clean sensor with Q Tip and alcohol",Closed and Completed,12/2/2025,PU,0.50,0.00,0.00,12/2/2025,Primo Uy - 12/04/25  7:09:28 AM: Done,[]
67,EQ ID 67,822 Spout Assembly Machine #2,Soap Dispenser Assembly,17831,"Clean inside of Collet, lubricate outside with grease
Clean sensor with Q Tip and alcohol",Closed and Completed,3/4/2026,PU,0.50,0.00,0.00,3/4/2026,Primo Uy - 03/12/26  1:02:34 PM: Done.,[]
67,EQ ID 67,822 Spout Assembly Machine #2,Soap Dispenser Assembly,15121,Check air lines for damage & leaks. Lubricate all moving parts,Closed and Completed,3/20/2026,PU,0.20,0.00,0.00,3/20/2026,Primo Uy - 04/14/26  9:42:59 AM: Done.,[]
67,EQ ID 67,822 Spout Assembly Machine #2,Soap Dispenser Assembly,17664,"Check  Collet, Replace if Piston is slipping",Closed and Completed,5/12/2026,PU,0.00,0.00,0.00,5/12/2026,Primo Uy - 05/15/26  8:56:05 AM: Done,[]
67,EQ ID 67,822 Spout Assembly Machine #2,Soap Dispenser Assembly,18734,"Clean inside of Collet, lubricate outside with grease
Clean sensor with Q Tip and alcohol",Closed without Action,6/12/2026,PU,0.00,0.00,0.00,6/11/2026,Primo Uy - 06/18/26 11:52:44 AM: Remove from the line by ME,[]
69,EQ ID 69,"FRL - Filter, Regulator, Lubricator",Soap Dispenser Assembly,51,"Fill all department FRL's

Set air pressure 60-80 PSI

Oiler drip should be about 1 drop every5-10 seconds",Closed and Completed,7/18/2022,PU,0.40,0.00,0.00,7/18/2022,Primo Uy - 07/18/22 11:49:17 AM: Done,[]
69,EQ ID 69,"FRL - Filter, Regulator, Lubricator",Soap Dispenser Assembly,2894,"Fill all department FRL's

Set air pressure 60-80 PSI

Oiler drip should be about 1 drop every5-10 seconds",Closed and Completed,2/13/2023,PU,0.40,0.00,0.00,2/13/2023,Primo Uy - 02/13/23  8:04:57 AM: Done,[]
69,EQ ID 69,"FRL - Filter, Regulator, Lubricator",Soap Dispenser Assembly,4349,"Fill all department FRL's

Set air pressure 60-80 PSI

Oiler drip should be about 1 drop every5-10 seconds",Closed and Completed,6/13/2023,PU,0.42,0.00,0.00,6/12/2023,Primo Uy - 06/13/23  7:27:20 AM: Done,[]
69,EQ ID 69,"FRL - Filter, Regulator, Lubricator",Soap Dispenser Assembly,6005,"Fill all department FRL's

Set air pressure 60-80 PSI

Oiler drip should be about 1 drop every5-10 seconds",Closed and Completed,10/13/2023,PU,0.42,0.00,0.00,10/13/2023,Primo Uy - 10/16/23  7:19:06 AM: Done,[]
69,EQ ID 69,"FRL - Filter, Regulator, Lubricator",Soap Dispenser Assembly,7652,"Fill all department FRL's

Set air pressure 60-80 PSI

Oiler drip should be about 1 drop every5-10 seconds",Closed and Completed,2/16/2024,PU,0.40,0.00,0.00,2/16/2024,Primo Uy - 02/16/24  9:33:56 AM: Done.,[]
69,EQ ID 69,"FRL - Filter, Regulator, Lubricator",Soap Dispenser Assembly,10426,"Fill all department FRL's

Set air pressure 60-80 PSI

Oiler drip should be about 1 drop every5-10 seconds",Closed and Completed,6/16/2024,PU,0.33,0.00,0.00,6/17/2024,Primo Uy - 06/24/24 12:12:41 PM: Done,[]
69,EQ ID 69,"FRL - Filter, Regulator, Lubricator",Soap Dispenser Assembly,12204,"Fill all department FRL's

Set air pressure 60-80 PSI

Oiler drip should be about 1 drop every5-10 seconds",Closed and Completed,10/24/2024,PU,0.20,0.00,0.00,10/24/2024,Primo Uy - 11/04/24 11:46:36 AM: Done,[]
69,EQ ID 69,"FRL - Filter, Regulator, Lubricator",Soap Dispenser Assembly,13681,"Fill all department FRL's

Set air pressure 60-80 PSI

Oiler drip should be about 1 drop every5-10 seconds",Closed and Completed,3/4/2025,PU,0.40,0.00,0.00,3/4/2025,Primo Uy - 03/06/25  8:34:24 AM: Done,[]
69,EQ ID 69,"FRL - Filter, Regulator, Lubricator",Soap Dispenser Assembly,14961,"Fill all department FRL's

Set air pressure 60-80 PSI

Oiler drip should be about 1 drop every5-10 seconds",Closed and Completed,7/6/2025,PU,0.40,0.00,0.00,7/7/2025,Primo Uy - 07/11/25  2:09:23 PM: Done,[]
69,EQ ID 69,"FRL - Filter, Regulator, Lubricator",Soap Dispenser Assembly,16375,"Fill all department FRL's

Set air pressure 60-80 PSI

Oiler drip should be about 1 drop every5-10 seconds",Closed and Completed,11/11/2025,PU,0.50,0.00,0.00,11/11/2025,Primo Uy - 11/12/25 10:45:44 AM: Done,[]
69,EQ ID 69,"FRL - Filter, Regulator, Lubricator",Soap Dispenser Assembly,17693,"Fill all department FRL's

Set air pressure 60-80 PSI

Oiler drip should be about 1 drop every5-10 seconds",Closed and Completed,3/12/2026,PU,0.50,0.00,0.00,3/12/2026,Primo Uy - 04/14/26  9:38:32 AM: Done,[]
69,EQ ID 69,"FRL - Filter, Regulator, Lubricator",Soap Dispenser Assembly,19088,"Fill all department FRL's

Set air pressure 60-80 PSI

Oiler drip should be about 1 drop every5-10 seconds",Closed and Completed,8/14/2026,PU,0.25,0.00,0.00,8/13/2026,Primo Uy - 08/14/26  8:44:18 AM: Done,[]
70,EQ ID 70,"FRL - Filter, Regulator, Lubricator",Soap Dispenser Assembly,52,Fill all department FRL's,Closed and Completed,4/18/2022,Primou,0.10,0.00,0.00,4/19/2022,Primo Uy - 04/19/22 12:00:48 PM: Done.,[]
70,EQ ID 70,"FRL - Filter, Regulator, Lubricator",Soap Dispenser Assembly,2895,Fill all department FRL's,Closed and Completed,11/13/2022,PU,0.60,0.00,0.00,11/8/2022,Primo Uy - 11/08/22  2:54:59 PM: Done.,[]
70,EQ ID 70,"FRL - Filter, Regulator, Lubricator",Soap Dispenser Assembly,3177,Fill all department FRL's,Closed and Completed,12/8/2022,PU,0.40,0.00,0.00,12/7/2022,Primo Uy - 12/07/22  9:38:48 AM: Done,[]
70,EQ ID 70,"FRL - Filter, Regulator, Lubricator",Soap Dispenser Assembly,3506,Fill all department FRL's,Closed and Completed,1/7/2023,PU,0.35,0.00,0.00,1/11/2023,Primo Uy - 01/11/23  9:35:07 AM: Done.,[]
70,EQ ID 70,"FRL - Filter, Regulator, Lubricator",Soap Dispenser Assembly,3904,Fill all department FRL's,Closed and Completed,2/11/2023,PU,0.35,0.00,0.00,2/9/2023,Primo Uy - 02/09/23  9:38:31 AM: Done,[]
70,EQ ID 70,"FRL - Filter, Regulator, Lubricator",Soap Dispenser Assembly,4290,Fill all department FRL's,Closed and Completed,3/9/2023,PU,0.20,0.00,0.00,3/8/2023,Primo Uy - 03/08/23  2:07:36 PM: Done,[]
70,EQ ID 70,"FRL - Filter, Regulator, Lubricator",Soap Dispenser Assembly,4733,Fill all department FRL's,Closed and Completed,4/8/2023,PU,0.50,0.00,0.00,4/5/2023,Primo Uy - 04/05/23  7:55:09 AM: Done.,[]
70,EQ ID 70,"FRL - Filter, Regulator, Lubricator",Soap Dispenser Assembly,5157,Fill all department FRL's,Closed and Completed,5/5/2023,PU,0.35,0.00,0.00,5/3/2023,Primo Uy - 05/03/23  7:33:00 AM: Done,[]
70,EQ ID 70,"FRL - Filter, Regulator, Lubricator",Soap Dispenser Assembly,5535,Fill all department FRL's,Closed and Completed,6/3/2023,PU,0.20,0.00,0.00,6/2/2023,Primo Uy - 06/08/23  7:28:34 AM: Done,[]
70,EQ ID 70,"FRL - Filter, Regulator, Lubricator",Soap Dispenser Assembly,5932,Fill all department FRL's,Closed and Completed,7/8/2023,PU,0.25,0.00,0.00,7/7/2023,Primo Uy - 07/07/23  9:23:24 AM: Done.,[]
70,EQ ID 70,"FRL - Filter, Regulator, Lubricator",Soap Dispenser Assembly,6349,Fill all department FRL's,Closed and Completed,8/7/2023,PU,0.35,0.00,0.00,8/7/2023,Primo Uy - 08/07/23  9:47:21 AM: Done,[]
70,EQ ID 70,"FRL - Filter, Regulator, Lubricator",Soap Dispenser Assembly,6732,Fill all department FRL's,Closed and Completed,9/7/2023,PU,0.60,0.00,0.00,9/7/2023,Primo Uy - 09/07/23  9:36:37 AM: Done.,[]
70,EQ ID 70,"FRL - Filter, Regulator, Lubricator",Soap Dispenser Assembly,7137,Fill all department FRL's,Closed and Completed,10/7/2023,PU,0.50,0.00,0.00,10/9/2023,Primo Uy - 10/12/23  7:30:46 AM: Done.,[]
70,EQ ID 70,"FRL - Filter, Regulator, Lubricator",Soap Dispenser Assembly,7603,Fill all department FRL's,Closed and Completed,11/12/2023,PU,0.42,0.00,0.00,11/13/2023,Primo Uy - 11/13/23  9:50:02 AM: Done.,[]
70,EQ ID 70,"FRL - Filter, Regulator, Lubricator",Soap Dispenser Assembly,8024,Fill all department FRL's,Closed and Completed,12/13/2023,PU,0.25,0.00,0.00,12/13/2023,Primo Uy - 12/15/23  7:53:08 AM: Done,[]
70,EQ ID 70,"FRL - Filter, Regulator, Lubricator",Soap Dispenser Assembly,9370,Fill all department FRL's,Closed and Completed,1/15/2024,PU,0.25,0.00,0.00,1/15/2024,Primo Uy - 01/15/24  1:45:10 PM: Done,[]
70,EQ ID 70,"FRL - Filter, Regulator, Lubricator",Soap Dispenser Assembly,9715,Fill all department FRL's,Closed and Completed,2/15/2024,PU,0.25,0.00,0.00,2/15/2024,Primo Uy - 02/15/24  8:35:14 AM: Done,[]
70,EQ ID 70,"FRL - Filter, Regulator, Lubricator",Soap Dispenser Assembly,10363,Fill all department FRL's,Closed and Completed,3/15/2024,PU,0.35,0.00,0.00,3/18/2024,Primo Uy - 03/18/24  9:44:38 AM: Done,[]
70,EQ ID 70,"FRL - Filter, Regulator, Lubricator",Soap Dispenser Assembly,10755,Fill all department FRL's,Closed and Completed,4/18/2024,PU,0.35,0.00,0.00,4/18/2024,Primo Uy - 04/23/24  8:07:57 AM: Done,[]
70,EQ ID 70,"FRL - Filter, Regulator, Lubricator",Soap Dispenser Assembly,11399,Fill all department FRL's,Closed and Completed,5/23/2024,PU,0.33,0.00,0.00,5/23/2024,Primo Uy - 05/28/24  9:03:43 AM: Done,[]
74,EQ ID 74,"Tube cutter, automatic",Soap Dispenser Assembly,55,Check drive bands; replace if cracked,Closed and Completed,6/18/2022,PU,0.35,0.00,0.00,6/1/2022,Primo Uy - 06/01/22  7:21:01 AM: Done,[]
74,EQ ID 74,"Tube cutter, automatic",Soap Dispenser Assembly,54,"Tighten, & lubricate internal parts",Closed and Completed,9/18/2022,PU,0.20,0.00,0.00,9/1/2022,Primo Uy - 09/01/22 12:04:35 PM: Done,[]
74,EQ ID 74,"Tube cutter, automatic",Soap Dispenser Assembly,2615,Check drive bands; replace if cracked,Closed and Completed,1/13/2023,PU,0.25,0.00,0.00,1/12/2023,Primo Uy - 01/12/23  7:25:39 AM: Done,[]
74,EQ ID 74,"Tube cutter, automatic",Soap Dispenser Assembly,56,Replace blade,Closed and Completed,3/18/2023,PU,0.00,0.00,0.00,3/17/2023,"Primo Uy - 03/20/23  7:17:45 AM: Cutter still good, Cleaned.",[]
74,EQ ID 74,"Tube cutter, automatic",Soap Dispenser Assembly,2614,"Tighten, & lubricate internal parts",Closed and Completed,4/13/2023,PU,0.20,0.00,0.00,4/11/2023,Primo Uy - 04/12/23  8:03:16 AM: Done,[]
74,EQ ID 74,"Tube cutter, automatic",Soap Dispenser Assembly,3922,Check drive bands; replace if cracked,Closed and Completed,4/12/2023,PU,0.20,0.00,0.00,4/12/2023,Primo Uy - 04/12/23  7:44:43 AM: Done,[]
74,EQ ID 74,"Tube cutter, automatic",Soap Dispenser Assembly,5233,Check drive bands; replace if cracked,Closed and Completed,7/12/2023,PU,0.20,0.00,0.00,7/12/2023,Primo Uy - 07/19/23  8:54:34 AM: Done,[]
74,EQ ID 74,"Tube cutter, automatic",Soap Dispenser Assembly,5259,"Tighten, & lubricate internal parts",Closed and Completed,10/12/2023,PU,0.20,0.00,0.00,10/12/2023,Primo Uy - 10/12/23  7:45:02 AM: Done,[]
74,EQ ID 74,"Tube cutter, automatic",Soap Dispenser Assembly,6509,Check drive bands; replace if cracked,Closed and Completed,10/19/2023,PU,0.20,0.00,0.00,10/19/2023,Primo Uy - 10/24/23  7:11:02 AM: Done,[]
74,EQ ID 74,"Tube cutter, automatic",Soap Dispenser Assembly,7773,Check drive bands; replace if cracked,Closed and Completed,1/24/2024,PU,0.20,0.00,0.00,1/24/2024,Primo Uy - 01/29/24  7:40:18 AM: Done,[]
74,EQ ID 74,"Tube cutter, automatic",Soap Dispenser Assembly,4908,Replace blade,Closed and Completed,3/20/2024,PU,0.25,0.00,0.00,3/20/2024,Primo Uy - 03/20/24  7:35:04 AM: Check. The Blade and still good. No need to replace.,[]
74,EQ ID 74,"Tube cutter, automatic",Soap Dispenser Assembly,7622,"Tighten, & lubricate internal parts",Closed and Completed,4/12/2024,PU,0.20,0.00,0.00,4/12/2024,Primo Uy - 04/12/24  1:09:22 PM: Done,[]
74,EQ ID 74,"Tube cutter, automatic",Soap Dispenser Assembly,10141,Check drive bands; replace if cracked,Closed and Completed,4/29/2024,PU,0.20,0.00,0.00,4/19/2024,Primo Uy - 05/01/24  8:07:06 AM: Done,[]
74,EQ ID 74,"Tube cutter, automatic",Soap Dispenser Assembly,11485,Check drive bands; replace if cracked,Closed and Completed,8/1/2024,PU,0.00,0.00,0.00,7/1/2024,Primo Uy - 08/05/24 10:24:39 AM: Done,[]
74,EQ ID 74,"Tube cutter, automatic",Soap Dispenser Assembly,11120,"Tighten, & lubricate internal parts",Closed and Completed,10/12/2024,PU,0.20,0.00,0.00,10/11/2024,Primo Uy - 10/18/24  7:24:26 AM: Done,[]
74,EQ ID 74,"Tube cutter, automatic",Soap Dispenser Assembly,12633,Check drive bands; replace if cracked,Closed and Completed,11/5/2024,PU,0.20,0.00,0.00,11/6/2024,Primo Uy - 11/06/24  7:12:27 AM: Done.,[]
74,EQ ID 74,"Tube cutter, automatic",Soap Dispenser Assembly,13700,Check drive bands; replace if cracked,Closed and Completed,2/6/2025,PU,0.20,0.00,0.00,2/5/2025,Primo Uy - 02/05/25  8:10:04 AM: Done checking the bely and still good,[]
74,EQ ID 74,"Tube cutter, automatic",Soap Dispenser Assembly,10777,Replace blade,Closed without Action,3/20/2025,PU,0.25,0.00,0.00,3/20/2025,Primo Uy - 03/20/25  8:49:24 AM: Check and OK.,[]
74,EQ ID 74,"Tube cutter, automatic",Soap Dispenser Assembly,14582,Check drive bands; replace if cracked,Closed and Completed,5/5/2025,PU,0.20,0.00,0.00,4/7/2025,Primo Uy - 05/07/25 12:19:01 PM: Done.,[]
74,EQ ID 74,"Tube cutter, automatic",Soap Dispenser Assembly,13440,"Tighten, & lubricate internal parts",Closed and Completed,4/18/2025,PU,0.20,0.00,0.00,4/18/2025,Primo Uy - 05/01/25  6:29:46 AM: Done,[]
74,EQ ID 74,"Tube cutter, automatic",Soap Dispenser Assembly,15670,Check drive bands; replace if cracked,Closed and Completed,8/7/2025,PU,0.20,0.00,0.00,8/7/2025,Primo Uy - 09/02/25 12:09:05 PM: Done,[]
74,EQ ID 74,"Tube cutter, automatic",Soap Dispenser Assembly,15571,"Tighten, & lubricate internal parts",Closed and Completed,11/1/2025,PU,0.20,0.00,0.00,11/3/2025,,[]
74,EQ ID 74,"Tube cutter, automatic",Soap Dispenser Assembly,16874,Check drive bands; replace if cracked,Closed and Completed,12/2/2025,PU,0.20,0.00,0.00,12/2/2025,Primo Uy - 12/04/25  7:12:11 AM: Done,[]
74,EQ ID 74,"Tube cutter, automatic",Soap Dispenser Assembly,17833,Check drive bands; replace if cracked,Closed and Completed,3/4/2026,PU,0.20,0.00,0.00,3/4/2026,Primo Uy - 03/12/26  1:04:17 PM: Done.,[]
74,EQ ID 74,"Tube cutter, automatic",Soap Dispenser Assembly,15120,Replace blade,Closed and Completed,3/20/2026,PU,0.50,0.00,0.00,3/20/2026,Primo Uy - 04/14/26  9:42:15 AM: Done. Cleaned.,[]
74,EQ ID 74,"Tube cutter, automatic",Soap Dispenser Assembly,17656,"Tighten, & lubricate internal parts",Closed and Completed,5/12/2026,PU,0.20,0.00,0.00,5/12/2026,Primo Uy - 05/15/26  8:50:25 AM: Done.,[]
74,EQ ID 74,"Tube cutter, automatic",Soap Dispenser Assembly,18736,Check drive bands; replace if cracked,Closed and Completed,6/12/2026,PU,0.20,0.00,0.00,6/11/2026,Primo Uy - 06/18/26 11:55:10 AM: Done,[]
82,EQ ID 82,Sample Book: 822 shells and escutcheons,Soap Dispenser Assembly,12777,"With QA, Audit samples for damage, location, and proper use.",Pending,8/14/2025,,0.00,0.00,0.00,,,[]
82,EQ ID 82,Sample Book: 822 shells and escutcheons,Soap Dispenser Assembly,62,"With QA, Audit samples for damage, location, and proper use.",Closed and Completed,3/18/2023,Nhan Vo,0.00,0.00,0.00,3/20/2023,,[]
82,EQ ID 82,Sample Book: 822 shells and escutcheons,Soap Dispenser Assembly,4923,"With QA, Audit samples for damage, location, and proper use.",Closed without Action,3/20/2024,Alex D,0.00,0.00,0.00,8/14/2024,"Alex Davila - 08/14/24  4:53:08 PM: no known audit sample  ""book"" owned by Quality to review. Assembly's boundary board has been added to the QMS system for yearly calibration.",[]
88,EQ ID 88,Line 6 Documentation,Soap Dispenser Assembly,12769,Review and update as needed,Pending,8/14/2025,,0.00,0.00,0.00,,,[]
88,EQ ID 88,Line 6 Documentation,Soap Dispenser Assembly,66,Review and update as needed,Closed and Completed,3/18/2023,Nhan Vo,0.00,0.00,0.00,3/21/2023,,[]
88,EQ ID 88,Line 6 Documentation,Soap Dispenser Assembly,4946,Review and update as needed,Closed without Action,3/21/2024,Alex D,0.00,0.00,0.00,8/14/2024,Alex Davila - 08/14/24  4:45:15 PM: there is no known details to complete this PM task. and also no specific information regarding which documents are to be reviewed.,[]
89,EQ ID 89,Line# 8 Documentation,Soap Dispenser Assembly,12770,Review and update as needed,Pending,8/14/2025,,0.00,0.00,0.00,,,[]
89,EQ ID 89,Line# 8 Documentation,Soap Dispenser Assembly,67,Review and update as needed,Closed and Completed,3/18/2023,Nhan Vo,0.00,0.00,0.00,3/21/2023,,[]
89,EQ ID 89,Line# 8 Documentation,Soap Dispenser Assembly,4947,Review and update as needed,Closed without Action,3/21/2024,Alex D,0.00,0.00,0.00,8/14/2024,Alex Davila - 08/14/24  4:45:30 PM: there is no known details to complete this PM task. and also no specific information regarding which documents are to be reviewed.,[]
90,EQ ID 90,Line# 9 Documentation,Soap Dispenser Assembly,12771,Review and update as needed,Pending,8/14/2025,,0.00,0.00,0.00,,,[]
90,EQ ID 90,Line# 9 Documentation,Soap Dispenser Assembly,68,Review and update as needed,Closed and Completed,3/18/2023,Nhan Vo,0.00,0.00,0.00,3/21/2023,,[]
90,EQ ID 90,Line# 9 Documentation,Soap Dispenser Assembly,4948,Review and update as needed,Closed without Action,3/21/2024,Alex D,0.00,0.00,0.00,8/14/2024,Alex Davila - 08/14/24  4:45:44 PM: there is no known details to complete this PM task. and also no specific information regarding which documents are to be reviewed.,[]
91,EQ ID 91,Line # 12 Documentation,Soap Dispenser Assembly,12772,Review and update as needed,Pending,8/14/2025,,0.00,0.00,0.00,,,[]
91,EQ ID 91,Line # 12 Documentation,Soap Dispenser Assembly,69,Review and update as needed,Closed and Completed,3/18/2023,Nhan Vo,0.00,0.00,0.00,3/21/2023,,[]
91,EQ ID 91,Line # 12 Documentation,Soap Dispenser Assembly,4949,Review and update as needed,Closed without Action,3/21/2024,Alex D,0.00,0.00,0.00,8/14/2024,Alex Davila - 08/14/24  4:45:59 PM: there is no known details to complete this PM task. and also no specific information regarding which documents are to be reviewed.,[]
92,EQ ID 92,Line 13 Documentation,Soap Dispenser Assembly,12773,Review and update as necessary,Pending,8/14/2025,,0.00,0.00,0.00,,,[]
92,EQ ID 92,Line 13 Documentation,Soap Dispenser Assembly,70,Review and update as necessary,Closed and Completed,3/18/2023,Nhan Vo,0.00,0.00,0.00,3/21/2023,,[]
92,EQ ID 92,Line 13 Documentation,Soap Dispenser Assembly,4950,Review and update as necessary,Closed without Action,3/21/2024,Alex D,0.00,0.00,0.00,8/14/2024,Alex Davila - 08/14/24  4:46:17 PM: there is no known details to complete this PM task. and also no specific information regarding which documents are to be reviewed.,[]
93,EQ ID 93,Line# 15 Documentation,Soap Dispenser Assembly,12774,Review and update as needed,Pending,8/14/2025,,0.00,0.00,0.00,,,[]
93,EQ ID 93,Line# 15 Documentation,Soap Dispenser Assembly,71,Review and update as needed,Closed and Completed,3/18/2023,Nhan Vo,0.00,0.00,0.00,3/21/2023,,[]
93,EQ ID 93,Line# 15 Documentation,Soap Dispenser Assembly,4951,Review and update as needed,Closed without Action,3/21/2024,Alex D,0.00,0.00,0.00,8/14/2024,Alex Davila - 08/14/24  4:46:32 PM: there is no known details to complete this PM task. and also no specific information regarding which documents are to be reviewed.,[]
94,EQ ID 94,Line# 30 Documentation,Soap Dispenser Assembly,12775,Review and update as needed,Pending,8/14/2025,,0.00,0.00,0.00,,,[]
94,EQ ID 94,Line# 30 Documentation,Soap Dispenser Assembly,72,Review and update as needed,Closed and Completed,3/18/2023,Nhan Vo,0.00,0.00,0.00,3/21/2023,,[]
94,EQ ID 94,Line# 30 Documentation,Soap Dispenser Assembly,4952,Review and update as needed,Closed without Action,3/21/2024,Alex D,0.00,0.00,0.00,8/14/2024,Alex Davila - 08/14/24  4:47:03 PM: there is no known details to complete this PM task. and also no specific information regarding which documents are to be reviewed.,[]
95,EQ ID 95,Line# 40 Documentation,Soap Dispenser Assembly,12776,Review and update as needed,Pending,8/14/2025,,0.00,0.00,0.00,,,[]
95,EQ ID 95,Line# 40 Documentation,Soap Dispenser Assembly,73,Review and update as needed,Closed and Completed,3/18/2023,Nhan Vo,0.00,0.00,0.00,3/21/2023,,[]
95,EQ ID 95,Line# 40 Documentation,Soap Dispenser Assembly,4953,Review and update as needed,Closed without Action,3/21/2024,Alex D,0.00,0.00,0.00,8/14/2024,Alex Davila - 08/14/24  4:47:18 PM: there is no known details to complete this PM task. and also no specific information regarding which documents are to be reviewed.,[]
100,EQ ID 100,B-822 Tester - Cell 1 (3 nests),Soap Dispenser Assembly,18053,"Use 822 test samples to verify each nest will identify and reject bad pump assemblies.

If the station fails to reject any of the samples:
1. cover nest position so that it cannot be used
2. Notify Lead/supervisor to enter equipment alert",Pending,1/30/2026,,0.00,0.00,0.00,,,[]
100,EQ ID 100,B-822 Tester - Cell 1 (3 nests),Soap Dispenser Assembly,76,"Use 822 test samples to verify each nest will identify and reject bad pump assemblies.

If the station fails to reject any of the samples:
1. cover nest position so that it cannot be used
2. Notify Lead/supervisor to enter equipment alert",Closed without Action,4/18/2022,Mark R,0.00,0.00,0.00,4/18/2022,,[]
100,EQ ID 100,B-822 Tester - Cell 1 (3 nests),Soap Dispenser Assembly,77,"TESTER MAINTERNANCE TO BE PERFORMED EVERY 4 MONTHS

Identify the test position with the oldest service record date
Dis-assemble and clean Fastest fixture at that position, replace if needed.

Open and clean solenoid valve for the same test position, replace if needed.

Replace water filter

Check for flow through the assembly and for leaks 

Attach a ""SERVICE RECORD"" tag under the station indicator for the assembly serviced with the date",Closed and Completed,7/18/2022,PU,0.50,0.00,0.00,7/18/2022,Primo Uy - 07/18/22 11:50:09 AM: Done,[]
100,EQ ID 100,B-822 Tester - Cell 1 (3 nests),Soap Dispenser Assembly,2619,"Use 822 test samples to verify each nest will identify and reject bad pump assemblies.

If the station fails to reject any of the samples:
1. cover nest position so that it cannot be used
2. Notify Lead/supervisor to enter equipment alert",Closed and Completed,11/13/2022,Mark R,0.00,0.00,0.00,12/8/2022,,[]
100,EQ ID 100,B-822 Tester - Cell 1 (3 nests),Soap Dispenser Assembly,3529,"Use 822 test samples to verify each nest will identify and reject bad pump assemblies.

If the station fails to reject any of the samples:
1. cover nest position so that it cannot be used
2. Notify Lead/supervisor to enter equipment alert",Closed and Completed,1/8/2023,Lead Mark,0.00,0.00,0.00,1/10/2023,,[]
100,EQ ID 100,B-822 Tester - Cell 1 (3 nests),Soap Dispenser Assembly,2620,"TESTER MAINTERNANCE TO BE PERFORMED EVERY 4 MONTHS

Identify the test position with the oldest service record date
Dis-assemble and clean Fastest fixture at that position, replace if needed.

Open and clean solenoid valve for the same test position, replace if needed.

Replace water filter

Check for flow through the assembly and for leaks 

Attach a ""SERVICE RECORD"" tag under the station indicator for the assembly serviced with the date",Closed and Completed,2/13/2023,PU,1.00,0.00,0.00,2/13/2023,Primo Uy - 02/13/23 12:00:08 PM: Done,[]
100,EQ ID 100,B-822 Tester - Cell 1 (3 nests),Soap Dispenser Assembly,3869,"Use 822 test samples to verify each nest will identify and reject bad pump assemblies.

If the station fails to reject any of the samples:
1. cover nest position so that it cannot be used
2. Notify Lead/supervisor to enter equipment alert",Closed and Completed,2/10/2023,Mark R,0.00,0.00,0.00,2/14/2023,,[]
100,EQ ID 100,B-822 Tester - Cell 1 (3 nests),Soap Dispenser Assembly,4393,"Use 822 test samples to verify each nest will identify and reject bad pump assemblies.

If the station fails to reject any of the samples:
1. cover nest position so that it cannot be used
2. Notify Lead/supervisor to enter equipment alert",Closed and Completed,3/14/2023,MarkR,0.00,0.00,0.00,3/7/2023,,[]
100,EQ ID 100,B-822 Tester - Cell 1 (3 nests),Soap Dispenser Assembly,4696,"Use 822 test samples to verify each nest will identify and reject bad pump assemblies.

If the station fails to reject any of the samples:
1. cover nest position so that it cannot be used
2. Notify Lead/supervisor to enter equipment alert",Closed and Completed,4/7/2023,Mark R,0.00,0.00,0.00,4/24/2023,,[]
100,EQ ID 100,B-822 Tester - Cell 1 (3 nests),Soap Dispenser Assembly,5420,"Use 822 test samples to verify each nest will identify and reject bad pump assemblies.

If the station fails to reject any of the samples:
1. cover nest position so that it cannot be used
2. Notify Lead/supervisor to enter equipment alert",Closed and Completed,5/24/2023,Mark R,0.00,0.00,0.00,6/9/2023,,[]
100,EQ ID 100,B-822 Tester - Cell 1 (3 nests),Soap Dispenser Assembly,4359,"TESTER MAINTERNANCE TO BE PERFORMED EVERY 4 MONTHS

Identify the test position with the oldest service record date
Dis-assemble and clean Fastest fixture at that position, replace if needed.

Open and clean solenoid valve for the same test position, replace if needed.

Replace water filter

Check for flow through the assembly and for leaks 

Attach a ""SERVICE RECORD"" tag under the station indicator for the assembly serviced with the date",Closed and Completed,6/13/2023,PU,0.75,0.00,0.00,6/12/2023,Primo Uy - 06/13/23  7:21:13 AM: Done. 1 FasTest - recently replaced. All three Solenoid Valve - OK.,[]
100,EQ ID 100,B-822 Tester - Cell 1 (3 nests),Soap Dispenser Assembly,5950,"Use 822 test samples to verify each nest will identify and reject bad pump assemblies.

If the station fails to reject any of the samples:
1. cover nest position so that it cannot be used
2. Notify Lead/supervisor to enter equipment alert",Closed and Completed,7/9/2023,Mark R closed and completed,0.00,0.00,0.00,8/8/2023,,[]
100,EQ ID 100,B-822 Tester - Cell 1 (3 nests),Soap Dispenser Assembly,6746,"Use 822 test samples to verify each nest will identify and reject bad pump assemblies.

If the station fails to reject any of the samples:
1. cover nest position so that it cannot be used
2. Notify Lead/supervisor to enter equipment alert",Closed and Completed,9/8/2023,Mark R,0.00,0.00,0.00,9/12/2023,,[]
100,EQ ID 100,B-822 Tester - Cell 1 (3 nests),Soap Dispenser Assembly,7185,"Use 822 test samples to verify each nest will identify and reject bad pump assemblies.

If the station fails to reject any of the samples:
1. cover nest position so that it cannot be used
2. Notify Lead/supervisor to enter equipment alert",Closed and Completed,10/12/2023,PU,0.25,0.00,0.00,10/11/2023,Primo Uy - 10/12/23  7:41:24 AM: Done,[]
100,EQ ID 100,B-822 Tester - Cell 1 (3 nests),Soap Dispenser Assembly,6001,"TESTER MAINTERNANCE TO BE PERFORMED EVERY 4 MONTHS

Identify the test position with the oldest service record date
Dis-assemble and clean Fastest fixture at that position, replace if needed.

Open and clean solenoid valve for the same test position, replace if needed.

Replace water filter

Check for flow through the assembly and for leaks 

Attach a ""SERVICE RECORD"" tag under the station indicator for the assembly serviced with the date",Closed and Completed,10/13/2023,PU,1.00,0.00,0.00,10/11/2023,Primo Uy - 10/12/23 11:17:53 AM: Done.,[]
100,EQ ID 100,B-822 Tester - Cell 1 (3 nests),Soap Dispenser Assembly,7617,"Use 822 test samples to verify each nest will identify and reject bad pump assemblies.

If the station fails to reject any of the samples:
1. cover nest position so that it cannot be used
2. Notify Lead/supervisor to enter equipment alert",Closed and Completed,11/12/2023,Mark R,0.00,0.00,0.00,11/6/2023,,[]
100,EQ ID 100,B-822 Tester - Cell 1 (3 nests),Soap Dispenser Assembly,7919,"Use 822 test samples to verify each nest will identify and reject bad pump assemblies.

If the station fails to reject any of the samples:
1. cover nest position so that it cannot be used
2. Notify Lead/supervisor to enter equipment alert",Closed and Completed,12/6/2023,Mark R,0.00,0.00,0.00,12/12/2023,,[]
100,EQ ID 100,B-822 Tester - Cell 1 (3 nests),Soap Dispenser Assembly,9326,"Use 822 test samples to verify each nest will identify and reject bad pump assemblies.

If the station fails to reject any of the samples:
1. cover nest position so that it cannot be used
2. Notify Lead/supervisor to enter equipment alert",Closed and Completed,1/12/2024,Mark R,0.00,0.00,0.00,1/16/2024,,[]
100,EQ ID 100,B-822 Tester - Cell 1 (3 nests),Soap Dispenser Assembly,7633,"TESTER MAINTERNANCE TO BE PERFORMED EVERY 4 MONTHS

Identify the test position with the oldest service record date
Dis-assemble and clean Fastest fixture at that position, replace if needed.

Open and clean solenoid valve for the same test position, replace if needed.

Replace water filter

Check for flow through the assembly and for leaks 

Attach a ""SERVICE RECORD"" tag under the station indicator for the assembly serviced with the date",Closed and Completed,2/12/2024,PU,1.00,0.00,0.00,2/12/2024,Primo Uy - 02/12/24  9:16:47 AM: Done.,[]
100,EQ ID 100,B-822 Tester - Cell 1 (3 nests),Soap Dispenser Assembly,9922,"Use 822 test samples to verify each nest will identify and reject bad pump assemblies.

If the station fails to reject any of the samples:
1. cover nest position so that it cannot be used
2. Notify Lead/supervisor to enter equipment alert",Closed and Completed,2/16/2024,Mark R,0.00,0.00,0.00,2/29/2024,,[]
100,EQ ID 100,B-822 Tester - Cell 1 (3 nests),Soap Dispenser Assembly,10580,"Use 822 test samples to verify each nest will identify and reject bad pump assemblies.

If the station fails to reject any of the samples:
1. cover nest position so that it cannot be used
2. Notify Lead/supervisor to enter equipment alert",Closed and Completed,3/29/2024,Mark R,0.00,0.00,0.00,4/12/2024,,[]
100,EQ ID 100,B-822 Tester - Cell 1 (3 nests),Soap Dispenser Assembly,11096,"Use 822 test samples to verify each nest will identify and reject bad pump assemblies.

If the station fails to reject any of the samples:
1. cover nest position so that it cannot be used
2. Notify Lead/supervisor to enter equipment alert",Closed and Completed,5/12/2024,Mark R,0.00,0.00,0.00,6/10/2024,,[]
100,EQ ID 100,B-822 Tester - Cell 1 (3 nests),Soap Dispenser Assembly,10316,"TESTER MAINTERNANCE TO BE PERFORMED EVERY 4 MONTHS

Identify the test position with the oldest service record date
Dis-assemble and clean Fastest fixture at that position, replace if needed.

Open and clean solenoid valve for the same test position, replace if needed.

Replace water filter

Check for flow through the assembly and for leaks 

Attach a ""SERVICE RECORD"" tag under the station indicator for the assembly serviced with the date",Closed and Completed,6/12/2024,PU,1.00,0.00,0.00,6/12/2024,Primo Uy - 06/24/24 12:11:14 PM: Done,[]
100,EQ ID 100,B-822 Tester - Cell 1 (3 nests),Soap Dispenser Assembly,12036,"Use 822 test samples to verify each nest will identify and reject bad pump assemblies.

If the station fails to reject any of the samples:
1. cover nest position so that it cannot be used
2. Notify Lead/supervisor to enter equipment alert",Closed and Completed,7/10/2024,Mark R,0.00,0.00,0.00,7/15/2024,,[]
100,EQ ID 100,B-822 Tester - Cell 1 (3 nests),Soap Dispenser Assembly,13259,"Use 822 test samples to verify each nest will identify and reject bad pump assemblies.

If the station fails to reject any of the samples:
1. cover nest position so that it cannot be used
2. Notify Lead/supervisor to enter equipment alert",Closed and Completed,11/2/2024,Mark R,0.00,0.00,0.00,9/2/2024,,[]
100,EQ ID 100,B-822 Tester - Cell 1 (3 nests),Soap Dispenser Assembly,12395,"Use 822 test samples to verify each nest will identify and reject bad pump assemblies.

If the station fails to reject any of the samples:
1. cover nest position so that it cannot be used
2. Notify Lead/supervisor to enter equipment alert",Closed and Completed,8/15/2024,Mark R,0.00,0.00,0.00,9/4/2024,,[]
100,EQ ID 100,B-822 Tester - Cell 1 (3 nests),Soap Dispenser Assembly,12957,"Use 822 test samples to verify each nest will identify and reject bad pump assemblies.

If the station fails to reject any of the samples:
1. cover nest position so that it cannot be used
2. Notify Lead/supervisor to enter equipment alert",Closed and Completed,10/4/2024,Mark R,0.00,0.00,0.00,10/2/2024,,[]
100,EQ ID 100,B-822 Tester - Cell 1 (3 nests),Soap Dispenser Assembly,12202,"TESTER MAINTERNANCE TO BE PERFORMED EVERY 4 MONTHS

Identify the test position with the oldest service record date
Dis-assemble and clean Fastest fixture at that position, replace if needed.

Open and clean solenoid valve for the same test position, replace if needed.

Replace water filter

Check for flow through the assembly and for leaks 

Attach a ""SERVICE RECORD"" tag under the station indicator for the assembly serviced with the date",Closed and Completed,10/24/2024,PU,0.50,0.00,0.00,10/24/2024,Primo Uy - 10/24/24  9:15:12 AM: Done.,[]
100,EQ ID 100,B-822 Tester - Cell 1 (3 nests),Soap Dispenser Assembly,14213,"Use 822 test samples to verify each nest will identify and reject bad pump assemblies.

If the station fails to reject any of the samples:
1. cover nest position so that it cannot be used
2. Notify Lead/supervisor to enter equipment alert",Closed and Completed,2/2/2025,Mark R,0.00,0.00,0.00,2/17/2025,,[]
100,EQ ID 100,B-822 Tester - Cell 1 (3 nests),Soap Dispenser Assembly,13541,"TESTER MAINTERNANCE TO BE PERFORMED EVERY 4 MONTHS

Identify the test position with the oldest service record date
Dis-assemble and clean Fastest fixture at that position, replace if needed.

Open and clean solenoid valve for the same test position, replace if needed.

Replace water filter

Check for flow through the assembly and for leaks 

Attach a ""SERVICE RECORD"" tag under the station indicator for the assembly serviced with the date",Closed and Completed,2/24/2025,PU,0.50,0.00,0.00,2/24/2025,Primo Uy - 02/26/25  2:57:22 PM: Done,[]
100,EQ ID 100,B-822 Tester - Cell 1 (3 nests),Soap Dispenser Assembly,14841,"TESTER MAINTERNANCE TO BE PERFORMED EVERY 4 MONTHS

Identify the test position with the oldest service record date
Dis-assemble and clean Fastest fixture at that position, replace if needed.

Open and clean solenoid valve for the same test position, replace if needed.

Replace water filter

Check for flow through the assembly and for leaks 

Attach a ""SERVICE RECORD"" tag under the station indicator for the assembly serviced with the date",Closed and Completed,6/26/2025,PU,1.00,0.00,0.00,6/26/2025,Primo Uy - 07/07/25 11:33:29 AM: Done,[]
100,EQ ID 100,B-822 Tester - Cell 1 (3 nests),Soap Dispenser Assembly,14711,"Use 822 test samples to verify each nest will identify and reject bad pump assemblies.

If the station fails to reject any of the samples:
1. cover nest position so that it cannot be used
2. Notify Lead/supervisor to enter equipment alert",Closed and Completed,3/17/2025,Mark R,0.00,0.00,0.00,8/20/2025,,[]
100,EQ ID 100,B-822 Tester - Cell 1 (3 nests),Soap Dispenser Assembly,16742,"Use 822 test samples to verify each nest will identify and reject bad pump assemblies.

If the station fails to reject any of the samples:
1. cover nest position so that it cannot be used
2. Notify Lead/supervisor to enter equipment alert",Closed and Completed,9/20/2025,Mark R,0.00,0.00,0.00,10/8/2025,,[]
100,EQ ID 100,B-822 Tester - Cell 1 (3 nests),Soap Dispenser Assembly,16301,"TESTER MAINTERNANCE TO BE PERFORMED EVERY 4 MONTHS

Identify the test position with the oldest service record date
Dis-assemble and clean Fastest fixture at that position, replace if needed.

Open and clean solenoid valve for the same test position, replace if needed.

Replace water filter

Check for flow through the assembly and for leaks 

Attach a ""SERVICE RECORD"" tag under the station indicator for the assembly serviced with the date",Closed and Completed,11/7/2025,PU,0.50,0.00,0.00,11/7/2025,Primo Uy - 11/12/25 10:37:12 AM: Done,[]
100,EQ ID 100,B-822 Tester - Cell 1 (3 nests),Soap Dispenser Assembly,17215,"Use 822 test samples to verify each nest will identify and reject bad pump assemblies.

If the station fails to reject any of the samples:
1. cover nest position so that it cannot be used
2. Notify Lead/supervisor to enter equipment alert",Closed and Completed,11/8/2025,Mark R,0.00,0.00,0.00,11/11/2025,,[]
100,EQ ID 100,B-822 Tester - Cell 1 (3 nests),Soap Dispenser Assembly,17635,"Use 822 test samples to verify each nest will identify and reject bad pump assemblies.

If the station fails to reject any of the samples:
1. cover nest position so that it cannot be used
2. Notify Lead/supervisor to enter equipment alert",Closed and Completed,12/11/2025,Mark R,0.00,0.00,0.00,12/30/2025,,[]
100,EQ ID 100,B-822 Tester - Cell 1 (3 nests),Soap Dispenser Assembly,17680,"TESTER MAINTERNANCE TO BE PERFORMED EVERY 4 MONTHS

Identify the test position with the oldest service record date
Dis-assemble and clean Fastest fixture at that position, replace if needed.

Open and clean solenoid valve for the same test position, replace if needed.

Replace water filter

Check for flow through the assembly and for leaks 

Attach a ""SERVICE RECORD"" tag under the station indicator for the assembly serviced with the date",Closed and Completed,3/12/2026,PU,0.50,0.00,0.00,3/3/2026,Primo Uy - 04/14/26  9:34:24 AM: Done,[]
100,EQ ID 100,B-822 Tester - Cell 1 (3 nests),Soap Dispenser Assembly,19084,"TESTER MAINTERNANCE TO BE PERFORMED EVERY 4 MONTHS

Identify the test position with the oldest service record date
Dis-assemble and clean Fastest fixture at that position, replace if needed.

Open and clean solenoid valve for the same test position, replace if needed.

Replace water filter

Check for flow through the assembly and for leaks 

Attach a ""SERVICE RECORD"" tag under the station indicator for the assembly serviced with the date",Closed and Completed,8/14/2026,PU,0.50,0.00,0.00,8/14/2026,Primo Uy - 08/14/26  8:37:19 AM: Done.,[]
101,EQ ID 101,"Cartoner, 822, Econoseal E-System 2000 #1",Soap Dispenser Assembly,20202,"Inspect all cylinders, flow controller, and its sensors for tightness and proper operation;

 Check all safeties and E-stops for proper operation",Pending,9/3/2026,,0.00,0.00,0.00,,,[]
101,EQ ID 101,"Cartoner, 822, Econoseal E-System 2000 #1",Soap Dispenser Assembly,20204,"(1) Inspect both vacuum filters (one per arm);
(2) Clean Vacuum System by applying reverse air pressure through the system.
(3) Check and change filter if needed
(2) Tighten hardware",Pending,9/3/2026,,0.00,0.00,0.00,,,[]
101,EQ ID 101,"Cartoner, 822, Econoseal E-System 2000 #1",Soap Dispenser Assembly,80,"(1) Inspect both vacuum filters (one per arm);
(2) Clean Vacuum System by applying reverse air pressure through the system.
(3) Check and change filter if needed
(2) Tighten hardware",Closed and Completed,4/18/2022,PU,1.00,0.00,0.00,4/19/2022,Primo Uy - 04/19/22  2:49:20 PM: Done,[]
101,EQ ID 101,"Cartoner, 822, Econoseal E-System 2000 #1",Soap Dispenser Assembly,79,"Inspect all cylinders, flow controller, and its sensors for tightness and proper operation;

 Check all safeties and E-stops for proper operation",Closed and Completed,4/18/2022,PU,0.50,0.00,0.00,4/19/2022,Primo Uy - 04/19/22  2:48:15 PM: Done.,[]
101,EQ ID 101,"Cartoner, 822, Econoseal E-System 2000 #1",Soap Dispenser Assembly,78,"Replace Vacuum cups
Clean vacuum filter and vacuum lines",Closed and Completed,9/18/2022,PU,0.75,0.00,0.00,9/6/2022,Primo Uy - 09/06/22  8:06:49 AM: Done,[]
101,EQ ID 101,"Cartoner, 822, Econoseal E-System 2000 #1",Soap Dispenser Assembly,81,Lubricate bearing on vacuum arm shaft,Closed and Completed,9/18/2022,PU,0.25,0.00,0.00,9/6/2022,Primo Uy - 09/06/22  8:07:39 AM: Done,[]
101,EQ ID 101,"Cartoner, 822, Econoseal E-System 2000 #1",Soap Dispenser Assembly,2622,"Inspect all cylinders, flow controller, and its sensors for tightness and proper operation;

 Check all safeties and E-stops for proper operation",Closed and Completed,11/13/2022,PU,0.50,0.00,0.00,11/8/2022,Primo Uy - 11/08/22  2:57:56 PM: Done.,[]
101,EQ ID 101,"Cartoner, 822, Econoseal E-System 2000 #1",Soap Dispenser Assembly,2623,"(1) Inspect both vacuum filters (one per arm);
(2) Clean Vacuum System by applying reverse air pressure through the system.
(3) Check and change filter if needed
(2) Tighten hardware",Closed and Completed,11/13/2022,PU,1.00,0.00,0.00,11/8/2022,Primo Uy - 11/08/22  2:58:47 PM: Done,[]
101,EQ ID 101,"Cartoner, 822, Econoseal E-System 2000 #1",Soap Dispenser Assembly,3180,"Inspect all cylinders, flow controller, and its sensors for tightness and proper operation;

 Check all safeties and E-stops for proper operation",Closed and Completed,12/8/2022,PU,0.50,0.00,0.00,12/6/2022,Primo Uy - 12/07/22  9:44:40 AM: Done,[]
101,EQ ID 101,"Cartoner, 822, Econoseal E-System 2000 #1",Soap Dispenser Assembly,3181,"(1) Inspect both vacuum filters (one per arm);
(2) Clean Vacuum System by applying reverse air pressure through the system.
(3) Check and change filter if needed
(2) Tighten hardware",Closed and Completed,12/8/2022,PU,0.35,0.00,0.00,12/7/2022,Primo Uy - 12/07/22  9:46:04 AM: Done,[]
101,EQ ID 101,"Cartoner, 822, Econoseal E-System 2000 #1",Soap Dispenser Assembly,3511,"(1) Inspect both vacuum filters (one per arm);
(2) Clean Vacuum System by applying reverse air pressure through the system.
(3) Check and change filter if needed
(2) Tighten hardware",Closed and Completed,1/7/2023,PU,0.50,0.00,0.00,1/11/2023,Primo Uy - 01/11/23  9:39:06 AM: Done,[]
101,EQ ID 101,"Cartoner, 822, Econoseal E-System 2000 #1",Soap Dispenser Assembly,3509,"Inspect all cylinders, flow controller, and its sensors for tightness and proper operation;

 Check all safeties and E-stops for proper operation",Closed and Completed,1/7/2023,PU,0.50,0.00,0.00,1/11/2023,Primo Uy - 01/11/23  9:37:01 AM: Done.,[]
101,EQ ID 101,"Cartoner, 822, Econoseal E-System 2000 #1",Soap Dispenser Assembly,3907,"Inspect all cylinders, flow controller, and its sensors for tightness and proper operation;

 Check all safeties and E-stops for proper operation",Closed and Completed,2/11/2023,PU,0.50,0.00,0.00,2/10/2023,Primo Uy - 02/10/23  7:12:07 AM: Done.,[]
101,EQ ID 101,"Cartoner, 822, Econoseal E-System 2000 #1",Soap Dispenser Assembly,3910,"(1) Inspect both vacuum filters (one per arm);
(2) Clean Vacuum System by applying reverse air pressure through the system.
(3) Check and change filter if needed
(2) Tighten hardware",Closed and Completed,2/11/2023,PU,1.00,0.00,0.00,2/10/2023,Primo Uy - 02/10/23  7:13:42 AM: Done,[]
101,EQ ID 101,"Cartoner, 822, Econoseal E-System 2000 #1",Soap Dispenser Assembly,4303,"(1) Inspect both vacuum filters (one per arm);
(2) Clean Vacuum System by applying reverse air pressure through the system.
(3) Check and change filter if needed
(2) Tighten hardware",Closed and Completed,3/10/2023,PU,0.50,0.00,0.00,3/10/2023,Primo Uy - 03/14/23  6:39:48 AM: Done,[]
101,EQ ID 101,"Cartoner, 822, Econoseal E-System 2000 #1",Soap Dispenser Assembly,4301,"Inspect all cylinders, flow controller, and its sensors for tightness and proper operation;

 Check all safeties and E-stops for proper operation",Closed and Completed,3/10/2023,PU,0.50,0.00,0.00,3/10/2023,Primo Uy - 03/14/23  6:38:12 AM: Done,[]
101,EQ ID 101,"Cartoner, 822, Econoseal E-System 2000 #1",Soap Dispenser Assembly,2621,"Replace Vacuum cups
Clean vacuum filter and vacuum lines",Closed and Completed,4/13/2023,PU,0.50,0.00,0.00,4/11/2023,Primo Uy - 04/12/23  8:02:48 AM: Done,[]
101,EQ ID 101,"Cartoner, 822, Econoseal E-System 2000 #1",Soap Dispenser Assembly,2624,Lubricate bearing on vacuum arm shaft,Closed and Completed,4/13/2023,PU,0.20,0.00,0.00,4/11/2023,,[]
101,EQ ID 101,"Cartoner, 822, Econoseal E-System 2000 #1",Soap Dispenser Assembly,4799,"Inspect all cylinders, flow controller, and its sensors for tightness and proper operation;

 Check all safeties and E-stops for proper operation",Closed and Completed,4/14/2023,PU,0.50,0.00,0.00,4/17/2023,Primo Uy - 04/17/23 12:20:28 PM: Done,[]
101,EQ ID 101,"Cartoner, 822, Econoseal E-System 2000 #1",Soap Dispenser Assembly,4801,"(1) Inspect both vacuum filters (one per arm);
(2) Clean Vacuum System by applying reverse air pressure through the system.
(3) Check and change filter if needed
(2) Tighten hardware",Closed and Completed,4/14/2023,PU,0.50,0.00,0.00,4/17/2023,Primo Uy - 04/17/23 12:22:33 PM: Done,[]
101,EQ ID 101,"Cartoner, 822, Econoseal E-System 2000 #1",Soap Dispenser Assembly,5350,"(1) Inspect both vacuum filters (one per arm);
(2) Clean Vacuum System by applying reverse air pressure through the system.
(3) Check and change filter if needed
(2) Tighten hardware",Closed and Completed,5/17/2023,PU,1.00,0.00,0.00,5/15/2023,Primo Uy - 05/17/23  8:10:25 AM: Done,[]
101,EQ ID 101,"Cartoner, 822, Econoseal E-System 2000 #1",Soap Dispenser Assembly,5348,"Inspect all cylinders, flow controller, and its sensors for tightness and proper operation;

 Check all safeties and E-stops for proper operation",Closed and Completed,5/17/2023,PU,0.50,0.00,0.00,5/17/2023,Primo Uy - 05/17/23  8:09:04 AM: Done,[]
101,EQ ID 101,"Cartoner, 822, Econoseal E-System 2000 #1",Soap Dispenser Assembly,5695,"Inspect all cylinders, flow controller, and its sensors for tightness and proper operation;

 Check all safeties and E-stops for proper operation",Closed and Completed,6/17/2023,PU,0.50,0.00,0.00,6/16/2023,Primo Uy - 06/19/23  7:44:40 AM: Done,[]
101,EQ ID 101,"Cartoner, 822, Econoseal E-System 2000 #1",Soap Dispenser Assembly,5696,"(1) Inspect both vacuum filters (one per arm);
(2) Clean Vacuum System by applying reverse air pressure through the system.
(3) Check and change filter if needed
(2) Tighten hardware",Closed and Completed,6/17/2023,PU,1.00,0.00,0.00,6/16/2023,Primo Uy - 06/19/23  7:45:30 AM: Done,[]
101,EQ ID 101,"Cartoner, 822, Econoseal E-System 2000 #1",Soap Dispenser Assembly,6105,"(1) Inspect both vacuum filters (one per arm);
(2) Clean Vacuum System by applying reverse air pressure through the system.
(3) Check and change filter if needed
(2) Tighten hardware",Closed and Completed,7/19/2023,PU,1.00,0.00,0.00,7/18/2023,Primo Uy - 07/19/23  9:02:26 AM: Done,[]
101,EQ ID 101,"Cartoner, 822, Econoseal E-System 2000 #1",Soap Dispenser Assembly,6103,"Inspect all cylinders, flow controller, and its sensors for tightness and proper operation;

 Check all safeties and E-stops for proper operation",Closed and Completed,7/19/2023,PU,0.50,0.00,0.00,7/18/2023,Primo Uy - 07/19/23  9:03:05 AM: Done,[]
101,EQ ID 101,"Cartoner, 822, Econoseal E-System 2000 #1",Soap Dispenser Assembly,6520,"Inspect all cylinders, flow controller, and its sensors for tightness and proper operation;

 Check all safeties and E-stops for proper operation",Closed and Completed,8/19/2023,PU,0.50,0.00,0.00,8/16/2023,Primo Uy - 08/17/23  7:46:40 AM: Done,[]
101,EQ ID 101,"Cartoner, 822, Econoseal E-System 2000 #1",Soap Dispenser Assembly,6519,"(1) Inspect both vacuum filters (one per arm);
(2) Clean Vacuum System by applying reverse air pressure through the system.
(3) Check and change filter if needed
(2) Tighten hardware",Closed and Completed,8/19/2023,PU,1.00,0.00,0.00,8/16/2023,Primo Uy - 08/17/23  7:46:01 AM: Done,[]
101,EQ ID 101,"Cartoner, 822, Econoseal E-System 2000 #1",Soap Dispenser Assembly,6876,"(1) Inspect both vacuum filters (one per arm);
(2) Clean Vacuum System by applying reverse air pressure through the system.
(3) Check and change filter if needed
(2) Tighten hardware",Closed and Completed,9/17/2023,PU,0.75,0.00,0.00,9/18/2023,Primo Uy - 09/20/23  7:34:03 AM: Done. Blow air on the suction cup airline and on the vacuum pump.,[]
101,EQ ID 101,"Cartoner, 822, Econoseal E-System 2000 #1",Soap Dispenser Assembly,6877,"Inspect all cylinders, flow controller, and its sensors for tightness and proper operation;

 Check all safeties and E-stops for proper operation",Closed and Completed,9/17/2023,PU,0.50,0.00,0.00,9/18/2023,Primo Uy - 09/20/23  7:35:00 AM: Done. Nothing loose.,[]
101,EQ ID 101,"Cartoner, 822, Econoseal E-System 2000 #1",Soap Dispenser Assembly,5258,"Replace Vacuum cups
Clean vacuum filter and vacuum lines",Closed and Completed,10/12/2023,PU,0.50,25.00,0.00,10/10/2023,Primo Uy - 10/12/23  7:43:42 AM: Done,[]
101,EQ ID 101,"Cartoner, 822, Econoseal E-System 2000 #1",Soap Dispenser Assembly,5260,Lubricate bearing on vacuum arm shaft,Closed and Completed,10/12/2023,PU,0.10,0.00,0.00,10/10/2023,Primo Uy - 10/12/23  7:44:25 AM: Done,[]
101,EQ ID 101,"Cartoner, 822, Econoseal E-System 2000 #1",Soap Dispenser Assembly,7298,"(1) Inspect both vacuum filters (one per arm);
(2) Clean Vacuum System by applying reverse air pressure through the system.
(3) Check and change filter if needed
(2) Tighten hardware",Closed and Completed,10/20/2023,PU,1.00,0.00,0.00,10/19/2023,Primo Uy - 10/24/23  7:12:46 AM: Done,[]
101,EQ ID 101,"Cartoner, 822, Econoseal E-System 2000 #1",Soap Dispenser Assembly,7299,"Inspect all cylinders, flow controller, and its sensors for tightness and proper operation;

 Check all safeties and E-stops for proper operation",Closed and Completed,10/20/2023,PU,0.50,0.00,0.00,10/25/2023,Primo Uy - 10/25/23 12:04:38 PM: Done,[]
101,EQ ID 101,"Cartoner, 822, Econoseal E-System 2000 #1",Soap Dispenser Assembly,7796,"Inspect all cylinders, flow controller, and its sensors for tightness and proper operation;

 Check all safeties and E-stops for proper operation",Closed and Completed,11/25/2023,PU,0.50,0.00,0.00,11/22/2023,Primo Uy - 11/27/23 11:41:27 AM: Done,[]
101,EQ ID 101,"Cartoner, 822, Econoseal E-System 2000 #1",Soap Dispenser Assembly,7776,"(1) Inspect both vacuum filters (one per arm);
(2) Clean Vacuum System by applying reverse air pressure through the system.
(3) Check and change filter if needed
(2) Tighten hardware",Closed and Completed,11/24/2023,PU,0.50,0.00,0.00,11/22/2023,Primo Uy - 11/27/23 11:39:49 AM: Done,[]
101,EQ ID 101,"Cartoner, 822, Econoseal E-System 2000 #1",Soap Dispenser Assembly,8145,"(1) Inspect both vacuum filters (one per arm);
(2) Clean Vacuum System by applying reverse air pressure through the system.
(3) Check and change filter if needed
(2) Tighten hardware",Closed and Completed,12/27/2023,PU,0.50,0.00,0.00,12/22/2023,Primo Uy - 12/22/23 11:02:30 AM: Done,[]
101,EQ ID 101,"Cartoner, 822, Econoseal E-System 2000 #1",Soap Dispenser Assembly,8147,"Inspect all cylinders, flow controller, and its sensors for tightness and proper operation;

 Check all safeties and E-stops for proper operation",Closed and Completed,12/27/2023,PU,0.50,0.00,0.00,12/22/2023,Primo Uy - 12/22/23 11:01:56 AM: Done,[]
101,EQ ID 101,"Cartoner, 822, Econoseal E-System 2000 #1",Soap Dispenser Assembly,9450,"Inspect all cylinders, flow controller, and its sensors for tightness and proper operation;

 Check all safeties and E-stops for proper operation",Closed and Completed,1/22/2024,PU,0.50,0.00,0.00,1/22/2024,Primo Uy - 01/29/24  7:35:43 AM: Done,[]
101,EQ ID 101,"Cartoner, 822, Econoseal E-System 2000 #1",Soap Dispenser Assembly,9451,"(1) Inspect both vacuum filters (one per arm);
(2) Clean Vacuum System by applying reverse air pressure through the system.
(3) Check and change filter if needed
(2) Tighten hardware",Closed and Completed,1/22/2024,PU,0.50,0.00,0.00,1/22/2024,Primo Uy - 01/29/24  7:36:47 AM: Done,[]
101,EQ ID 101,"Cartoner, 822, Econoseal E-System 2000 #1",Soap Dispenser Assembly,10135,"Inspect all cylinders, flow controller, and its sensors for tightness and proper operation;

 Check all safeties and E-stops for proper operation",Closed and Completed,2/29/2024,PU,0.50,0.00,0.00,2/28/2024,Primo Uy - 02/28/24 11:58:11 AM: Done,[]
101,EQ ID 101,"Cartoner, 822, Econoseal E-System 2000 #1",Soap Dispenser Assembly,10137,"(1) Inspect both vacuum filters (one per arm);
(2) Clean Vacuum System by applying reverse air pressure through the system.
(3) Check and change filter if needed
(2) Tighten hardware",Closed and Completed,2/29/2024,PU,0.75,0.00,0.00,2/29/2024,Primo Uy - 02/29/24 10:11:54 AM: Done,[]
101,EQ ID 101,"Cartoner, 822, Econoseal E-System 2000 #1",Soap Dispenser Assembly,10558,"Inspect all cylinders, flow controller, and its sensors for tightness and proper operation;

 Check all safeties and E-stops for proper operation",Closed and Completed,3/28/2024,PU,0.50,0.00,0.00,3/28/2024,Primo Uy - 04/03/24  3:11:43 PM: Done,[]
101,EQ ID 101,"Cartoner, 822, Econoseal E-System 2000 #1",Soap Dispenser Assembly,10584,"(1) Inspect both vacuum filters (one per arm);
(2) Clean Vacuum System by applying reverse air pressure through the system.
(3) Check and change filter if needed
(2) Tighten hardware",Closed and Completed,3/29/2024,PU,0.50,0.00,0.00,3/29/2024,Primo Uy - 04/03/24  3:13:55 PM: Done,[]
101,EQ ID 101,"Cartoner, 822, Econoseal E-System 2000 #1",Soap Dispenser Assembly,7620,"Replace Vacuum cups
Clean vacuum filter and vacuum lines",Closed and Completed,4/12/2024,PU,0.05,20.00,0.00,4/12/2024,Primo Uy - 04/17/24  8:03:42 AM: Done,[]
101,EQ ID 101,"Cartoner, 822, Econoseal E-System 2000 #1",Soap Dispenser Assembly,7621,Lubricate bearing on vacuum arm shaft,Closed and Completed,4/12/2024,PU,0.20,0.00,0.00,4/17/2024,Primo Uy - 04/17/24  8:02:03 AM: Done,[]
101,EQ ID 101,"Cartoner, 822, Econoseal E-System 2000 #1",Soap Dispenser Assembly,10931,"(1) Inspect both vacuum filters (one per arm);
(2) Clean Vacuum System by applying reverse air pressure through the system.
(3) Check and change filter if needed
(2) Tighten hardware",Closed and Completed,5/3/2024,PU,0.50,0.00,0.00,5/3/2024,"Primo Uy - 05/09/24  7:37:36 AM: Done, Replace Suction cup, Rip.",[]
101,EQ ID 101,"Cartoner, 822, Econoseal E-System 2000 #1",Soap Dispenser Assembly,10929,"Inspect all cylinders, flow controller, and its sensors for tightness and proper operation;

 Check all safeties and E-stops for proper operation",Closed and Completed,5/3/2024,PU,0.00,0.00,0.00,5/6/2024,Primo Uy - 05/09/24  7:36:08 AM: Done,[]
101,EQ ID 101,"Cartoner, 822, Econoseal E-System 2000 #1",Soap Dispenser Assembly,11605,"Inspect all cylinders, flow controller, and its sensors for tightness and proper operation;

 Check all safeties and E-stops for proper operation",Closed and Completed,6/9/2024,PU,0.50,0.00,0.00,6/10/2024,Primo Uy - 06/24/24 12:09:15 PM: Done,[]
101,EQ ID 101,"Cartoner, 822, Econoseal E-System 2000 #1",Soap Dispenser Assembly,11607,"(1) Inspect both vacuum filters (one per arm);
(2) Clean Vacuum System by applying reverse air pressure through the system.
(3) Check and change filter if needed
(2) Tighten hardware",Closed and Completed,6/9/2024,PU,0.50,0.00,0.00,6/10/2024,Primo Uy - 06/24/24 12:09:52 PM: Done,[]
101,EQ ID 101,"Cartoner, 822, Econoseal E-System 2000 #1",Soap Dispenser Assembly,12200,"Inspect all cylinders, flow controller, and its sensors for tightness and proper operation;

 Check all safeties and E-stops for proper operation",Closed and Completed,7/24/2024,PU,0.50,0.00,0.00,7/23/2024,Primo Uy - 07/24/24  9:34:54 AM: Done,[]
101,EQ ID 101,"Cartoner, 822, Econoseal E-System 2000 #1",Soap Dispenser Assembly,12201,"(1) Inspect both vacuum filters (one per arm);
(2) Clean Vacuum System by applying reverse air pressure through the system.
(3) Check and change filter if needed
(2) Tighten hardware",Closed and Completed,7/24/2024,PU,0.50,0.00,0.00,7/24/2024,Primo Uy - 07/24/24  9:33:17 AM: Done,[]
101,EQ ID 101,"Cartoner, 822, Econoseal E-System 2000 #1",Soap Dispenser Assembly,12518,"(1) Inspect both vacuum filters (one per arm);
(2) Clean Vacuum System by applying reverse air pressure through the system.
(3) Check and change filter if needed
(2) Tighten hardware",Closed and Completed,8/24/2024,PU & MB,0.50,0.00,0.00,8/27/2024,Primo Uy - 08/28/24  9:10:27 AM: Done. Shoe MB how to do the PM.,[]
101,EQ ID 101,"Cartoner, 822, Econoseal E-System 2000 #1",Soap Dispenser Assembly,12520,"Inspect all cylinders, flow controller, and its sensors for tightness and proper operation;

 Check all safeties and E-stops for proper operation",Closed and Completed,8/24/2024,PU & MB,0.50,0.00,0.00,8/28/2024,Primo Uy - 08/28/24  9:07:59 AM: Done. Show MB how to do the PM.,[]
101,EQ ID 101,"Cartoner, 822, Econoseal E-System 2000 #1",Soap Dispenser Assembly,12908,"(1) Inspect both vacuum filters (one per arm);
(2) Clean Vacuum System by applying reverse air pressure through the system.
(3) Check and change filter if needed
(2) Tighten hardware",Closed and Completed,9/28/2024,PU,0.50,0.00,0.00,9/30/2024,Primo Uy - 10/07/24 12:31:13 PM: Done,[]
101,EQ ID 101,"Cartoner, 822, Econoseal E-System 2000 #1",Soap Dispenser Assembly,12907,"Inspect all cylinders, flow controller, and its sensors for tightness and proper operation;

 Check all safeties and E-stops for proper operation",Closed and Completed,9/28/2024,PU,0.35,0.00,0.00,10/7/2024,Primo Uy - 10/07/24 12:30:25 PM: Done,[]
101,EQ ID 101,"Cartoner, 822, Econoseal E-System 2000 #1",Soap Dispenser Assembly,11336,"Replace Vacuum cups
Clean vacuum filter and vacuum lines",Closed and Completed,10/17/2024,PU,0.25,0.00,0.00,10/17/2024,Primo Uy - 10/18/24  1:16:48 PM: Done,[]
101,EQ ID 101,"Cartoner, 822, Econoseal E-System 2000 #1",Soap Dispenser Assembly,11335,Lubricate bearing on vacuum arm shaft,Closed and Completed,10/17/2024,PU,0.20,0.00,0.00,10/17/2024,Primo Uy - 10/18/24  1:17:26 PM: Done,[]
101,EQ ID 101,"Cartoner, 822, Econoseal E-System 2000 #1",Soap Dispenser Assembly,13306,"Inspect all cylinders, flow controller, and its sensors for tightness and proper operation;

 Check all safeties and E-stops for proper operation",Closed and Completed,11/7/2024,PU,0.50,0.00,0.00,11/7/2024,Primo Uy - 11/11/24 12:48:13 PM: Done,[]
101,EQ ID 101,"Cartoner, 822, Econoseal E-System 2000 #1",Soap Dispenser Assembly,13307,"(1) Inspect both vacuum filters (one per arm);
(2) Clean Vacuum System by applying reverse air pressure through the system.
(3) Check and change filter if needed
(2) Tighten hardware",Closed and Completed,11/7/2024,PU,0.50,0.00,0.00,11/7/2024,Primo Uy - 11/11/24 12:48:53 PM: Done,[]
101,EQ ID 101,"Cartoner, 822, Econoseal E-System 2000 #1",Soap Dispenser Assembly,13776,"(1) Inspect both vacuum filters (one per arm);
(2) Clean Vacuum System by applying reverse air pressure through the system.
(3) Check and change filter if needed
(2) Tighten hardware",Closed and Completed,12/11/2024,PU,0.50,0.00,0.00,12/10/2024,Primo Uy - 12/13/24  8:03:27 AM: Done,[]
101,EQ ID 101,"Cartoner, 822, Econoseal E-System 2000 #1",Soap Dispenser Assembly,13775,"Inspect all cylinders, flow controller, and its sensors for tightness and proper operation;

 Check all safeties and E-stops for proper operation",Closed and Completed,12/11/2024,PUY,0.35,0.00,0.00,12/12/2024,Primo Uy - 12/13/24  8:02:13 AM: Done,[]
101,EQ ID 101,"Cartoner, 822, Econoseal E-System 2000 #1",Soap Dispenser Assembly,14081,"Inspect all cylinders, flow controller, and its sensors for tightness and proper operation;

 Check all safeties and E-stops for proper operation",Closed and Completed,1/13/2025,PU,0.50,0.00,0.00,1/13/2025,"Primo Uy - 01/14/25  8:19:58 AM: Done.
Note:
The cartoner still waiting for a new PLC.",[]
101,EQ ID 101,"Cartoner, 822, Econoseal E-System 2000 #1",Soap Dispenser Assembly,14082,"(1) Inspect both vacuum filters (one per arm);
(2) Clean Vacuum System by applying reverse air pressure through the system.
(3) Check and change filter if needed
(2) Tighten hardware",Closed and Completed,1/13/2025,PU,0.35,0.00,0.00,1/13/2025,Primo Uy - 01/14/25  8:20:38 AM: Done,[]
101,EQ ID 101,"Cartoner, 822, Econoseal E-System 2000 #1",Soap Dispenser Assembly,14358,"(1) Inspect both vacuum filters (one per arm);
(2) Clean Vacuum System by applying reverse air pressure through the system.
(3) Check and change filter if needed
(2) Tighten hardware",Closed and Completed,2/14/2025,PU,0.50,0.00,0.00,2/14/2025,Primo Uy - 02/19/25  8:29:59 AM: Done,[]
101,EQ ID 101,"Cartoner, 822, Econoseal E-System 2000 #1",Soap Dispenser Assembly,14357,"Inspect all cylinders, flow controller, and its sensors for tightness and proper operation;

 Check all safeties and E-stops for proper operation",Closed and Completed,2/14/2025,PU,0.00,0.00,0.00,2/14/2025,Primo Uy - 02/19/25  8:29:03 AM: Done,[]
101,EQ ID 101,"Cartoner, 822, Econoseal E-System 2000 #1",Soap Dispenser Assembly,14758,"Inspect all cylinders, flow controller, and its sensors for tightness and proper operation;

 Check all safeties and E-stops for proper operation",Closed and Completed,3/19/2025,PU,0.50,0.00,0.00,3/18/2025,Primo Uy - 03/19/25  9:01:05 AM: Done,[]
101,EQ ID 101,"Cartoner, 822, Econoseal E-System 2000 #1",Soap Dispenser Assembly,14759,"(1) Inspect both vacuum filters (one per arm);
(2) Clean Vacuum System by applying reverse air pressure through the system.
(3) Check and change filter if needed
(2) Tighten hardware",Closed and Completed,3/19/2025,PU,0.50,0.00,0.00,3/18/2025,Primo Uy - 03/19/25  9:02:31 AM: Done,[]
101,EQ ID 101,"Cartoner, 822, Econoseal E-System 2000 #1",Soap Dispenser Assembly,13474,"Replace Vacuum cups
Clean vacuum filter and vacuum lines",Closed and Completed,4/18/2025,PU,0.35,0.00,0.00,4/17/2025,Primo Uy - 05/01/25  6:46:21 AM: Done,[]
101,EQ ID 101,"Cartoner, 822, Econoseal E-System 2000 #1",Soap Dispenser Assembly,13475,Lubricate bearing on vacuum arm shaft,Closed and Completed,4/18/2025,PU,0.25,0.00,0.00,4/17/2025,Primo Uy - 05/01/25  6:47:07 AM: Done,[]
101,EQ ID 101,"Cartoner, 822, Econoseal E-System 2000 #1",Soap Dispenser Assembly,15102,"Inspect all cylinders, flow controller, and its sensors for tightness and proper operation;

 Check all safeties and E-stops for proper operation",Closed and Completed,4/19/2025,PU,0.50,0.00,0.00,4/21/2025,Primo Uy - 05/01/25  6:48:24 AM: Done,[]
101,EQ ID 101,"Cartoner, 822, Econoseal E-System 2000 #1",Soap Dispenser Assembly,15103,"(1) Inspect both vacuum filters (one per arm);
(2) Clean Vacuum System by applying reverse air pressure through the system.
(3) Check and change filter if needed
(2) Tighten hardware",Closed and Completed,4/19/2025,PUI,0.50,0.00,0.00,4/21/2025,Primo Uy - 05/01/25  6:49:05 AM: Done,[]
101,EQ ID 101,"Cartoner, 822, Econoseal E-System 2000 #1",Soap Dispenser Assembly,15599,"Inspect all cylinders, flow controller, and its sensors for tightness and proper operation;

 Check all safeties and E-stops for proper operation",Closed and Completed,6/1/2025,PU,0.50,0.00,0.00,5/30/2025,Primo Uy - 06/05/25 12:24:18 PM: Done,[]
101,EQ ID 101,"Cartoner, 822, Econoseal E-System 2000 #1",Soap Dispenser Assembly,15600,"(1) Inspect both vacuum filters (one per arm);
(2) Clean Vacuum System by applying reverse air pressure through the system.
(3) Check and change filter if needed
(2) Tighten hardware",Closed and Completed,6/1/2025,PU,1.00,0.00,0.00,6/2/2025,Primo Uy - 06/05/25 12:25:25 PM: Done,[]
101,EQ ID 101,"Cartoner, 822, Econoseal E-System 2000 #1",Soap Dispenser Assembly,15983,"Inspect all cylinders, flow controller, and its sensors for tightness and proper operation;

 Check all safeties and E-stops for proper operation",Closed and Completed,7/5/2025,PU,0.50,0.00,0.00,7/3/2025,Primo Uy - 07/11/25  2:07:05 PM: Done,[]
101,EQ ID 101,"Cartoner, 822, Econoseal E-System 2000 #1",Soap Dispenser Assembly,15984,"(1) Inspect both vacuum filters (one per arm);
(2) Clean Vacuum System by applying reverse air pressure through the system.
(3) Check and change filter if needed
(2) Tighten hardware",Closed and Completed,7/5/2025,PU,1.00,0.00,0.00,7/7/2025,Primo Uy - 07/11/25  2:07:56 PM: Done,[]
101,EQ ID 101,"Cartoner, 822, Econoseal E-System 2000 #1",Soap Dispenser Assembly,16373,"(1) Inspect both vacuum filters (one per arm);
(2) Clean Vacuum System by applying reverse air pressure through the system.
(3) Check and change filter if needed
(2) Tighten hardware",Closed and Completed,8/11/2025,.5,0.00,0.00,0.00,8/11/2025,Primo Uy - 09/02/25 12:13:00 PM: Done,[]
101,EQ ID 101,"Cartoner, 822, Econoseal E-System 2000 #1",Soap Dispenser Assembly,16372,"Inspect all cylinders, flow controller, and its sensors for tightness and proper operation;

 Check all safeties and E-stops for proper operation",Closed and Completed,8/11/2025,PU,0.50,0.00,0.00,8/11/2025,Primo Uy - 09/02/25 12:11:54 PM: Done,[]
101,EQ ID 101,"Cartoner, 822, Econoseal E-System 2000 #1",Soap Dispenser Assembly,16882,"Inspect all cylinders, flow controller, and its sensors for tightness and proper operation;

 Check all safeties and E-stops for proper operation",Closed and Completed,10/2/2025,PU,0.50,0.00,0.00,9/30/2025,Primo Uy - 10/08/25  9:59:41 AM: Done,[]
101,EQ ID 101,"Cartoner, 822, Econoseal E-System 2000 #1",Soap Dispenser Assembly,16884,"(1) Inspect both vacuum filters (one per arm);
(2) Clean Vacuum System by applying reverse air pressure through the system.
(3) Check and change filter if needed
(2) Tighten hardware",Closed and Completed,10/2/2025,PU,0.35,0.00,0.00,10/6/2025,Primo Uy - 10/08/25 10:00:27 AM: Done,[]
101,EQ ID 101,"Cartoner, 822, Econoseal E-System 2000 #1",Soap Dispenser Assembly,15596,"Replace Vacuum cups
Clean vacuum filter and vacuum lines",Closed and Completed,11/1/2025,PU,0.50,0.00,0.00,10/31/2025,Primo Uy - 11/12/25 10:34:44 AM: Done,[]
101,EQ ID 101,"Cartoner, 822, Econoseal E-System 2000 #1",Soap Dispenser Assembly,15597,Lubricate bearing on vacuum arm shaft,Closed and Completed,11/1/2025,PU,0.20,0.00,0.00,10/31/2025,Primo Uy - 11/12/25 10:35:27 AM: Done,[]
101,EQ ID 101,"Cartoner, 822, Econoseal E-System 2000 #1",Soap Dispenser Assembly,17204,"(1) Inspect both vacuum filters (one per arm);
(2) Clean Vacuum System by applying reverse air pressure through the system.
(3) Check and change filter if needed
(2) Tighten hardware",Closed and Completed,11/8/2025,PU,0.50,0.00,0.00,11/7/2025,Primo Uy - 11/12/25 10:43:48 AM: Done,[]
101,EQ ID 101,"Cartoner, 822, Econoseal E-System 2000 #1",Soap Dispenser Assembly,17203,"Inspect all cylinders, flow controller, and its sensors for tightness and proper operation;

 Check all safeties and E-stops for proper operation",Closed and Completed,11/8/2025,PU,0.50,0.00,0.00,11/10/2025,Primo Uy - 11/12/25 10:43:02 AM: Done,[]
101,EQ ID 101,"Cartoner, 822, Econoseal E-System 2000 #1",Soap Dispenser Assembly,17689,"Inspect all cylinders, flow controller, and its sensors for tightness and proper operation;

 Check all safeties and E-stops for proper operation",Closed and Completed,12/12/2025,PU,0.50,0.00,0.00,12/12/2025,Primo Uy - 12/15/25  1:27:42 PM: Done. Clean all 3 Fastest.,[]
101,EQ ID 101,"Cartoner, 822, Econoseal E-System 2000 #1",Soap Dispenser Assembly,17690,"(1) Inspect both vacuum filters (one per arm);
(2) Clean Vacuum System by applying reverse air pressure through the system.
(3) Check and change filter if needed
(2) Tighten hardware",Closed and Completed,12/12/2025,PU,1.00,0.00,0.00,12/12/2025,Primo Uy - 12/15/25  1:30:08 PM: Done. use the test parameter to verify the tester accuracy.,[]
101,EQ ID 101,"Cartoner, 822, Econoseal E-System 2000 #1",Soap Dispenser Assembly,17960,"(1) Inspect both vacuum filters (one per arm);
(2) Clean Vacuum System by applying reverse air pressure through the system.
(3) Check and change filter if needed
(2) Tighten hardware",Closed and Completed,1/15/2026,PU,0.50,0.00,0.00,1/15/2026,Primo Uy - 01/21/26  8:17:22 AM: Done,[]
101,EQ ID 101,"Cartoner, 822, Econoseal E-System 2000 #1",Soap Dispenser Assembly,17959,"Inspect all cylinders, flow controller, and its sensors for tightness and proper operation;

 Check all safeties and E-stops for proper operation",Closed and Completed,1/15/2026,PU,0.50,0.00,0.00,1/15/2026,Primo Uy - 01/21/26  8:16:40 AM: Done,[]
101,EQ ID 101,"Cartoner, 822, Econoseal E-System 2000 #1",Soap Dispenser Assembly,18262,"Inspect all cylinders, flow controller, and its sensors for tightness and proper operation;

 Check all safeties and E-stops for proper operation",Closed and Completed,2/21/2026,PU,0.50,0.00,0.00,2/20/2026,Primo Uy - 03/12/26 12:40:24 PM: Done,[]
101,EQ ID 101,"Cartoner, 822, Econoseal E-System 2000 #1",Soap Dispenser Assembly,18263,"(1) Inspect both vacuum filters (one per arm);
(2) Clean Vacuum System by applying reverse air pressure through the system.
(3) Check and change filter if needed
(2) Tighten hardware",Closed and Completed,2/21/2026,PU,1.00,0.00,0.00,2/20/2026,Primo Uy - 03/12/26 12:41:12 PM: Done,[]
101,EQ ID 101,"Cartoner, 822, Econoseal E-System 2000 #1",Soap Dispenser Assembly,18731,"(1) Inspect both vacuum filters (one per arm);
(2) Clean Vacuum System by applying reverse air pressure through the system.
(3) Check and change filter if needed
(2) Tighten hardware",Closed and Completed,4/12/2026,PU,1.00,0.00,0.00,4/10/2026,Primo Uy - 04/14/26  9:50:47 AM: Off line. Encoder need to be set pu.,[]
101,EQ ID 101,"Cartoner, 822, Econoseal E-System 2000 #1",Soap Dispenser Assembly,18730,"Inspect all cylinders, flow controller, and its sensors for tightness and proper operation;

 Check all safeties and E-stops for proper operation",Closed and Completed,4/12/2026,PU,1.00,0.00,0.00,4/10/2026,Primo Uy - 04/14/26  9:49:45 AM: Encoder need to be set up,[]
101,EQ ID 101,"Cartoner, 822, Econoseal E-System 2000 #1",Soap Dispenser Assembly,17677,"Replace Vacuum cups
Clean vacuum filter and vacuum lines",Closed and Completed,5/12/2026,PU,0.20,0.00,0.00,5/12/2026,Primo Uy - 06/09/26 10:18:20 AM: Cup still OK.,[]
101,EQ ID 101,"Cartoner, 822, Econoseal E-System 2000 #1",Soap Dispenser Assembly,19102,"Inspect all cylinders, flow controller, and its sensors for tightness and proper operation;

 Check all safeties and E-stops for proper operation",Closed and Completed,5/14/2026,PU,0.50,0.00,0.00,5/14/2026,Primo Uy - 06/09/26 11:51:05 AM: Done,[]
101,EQ ID 101,"Cartoner, 822, Econoseal E-System 2000 #1",Soap Dispenser Assembly,19103,"(1) Inspect both vacuum filters (one per arm);
(2) Clean Vacuum System by applying reverse air pressure through the system.
(3) Check and change filter if needed
(2) Tighten hardware",Closed and Completed,5/14/2026,PU,0.00,0.00,0.00,5/14/2026,Primo Uy - 06/09/26 11:50:25 AM: Done,[]
101,EQ ID 101,"Cartoner, 822, Econoseal E-System 2000 #1",Soap Dispenser Assembly,17678,Lubricate bearing on vacuum arm shaft,Closed and Completed,5/12/2026,PU,0.10,0.00,0.00,6/12/2026,Primo Uy - 06/09/26 11:34:36 AM: Done,[]
101,EQ ID 101,"Cartoner, 822, Econoseal E-System 2000 #1",Soap Dispenser Assembly,19761,"(1) Inspect both vacuum filters (one per arm);
(2) Clean Vacuum System by applying reverse air pressure through the system.
(3) Check and change filter if needed
(2) Tighten hardware",Closed and Completed,7/9/2026,PU,1.00,0.00,0.00,7/9/2026,Primo Uy - 08/03/26 11:57:36 AM: Done,[]
101,EQ ID 101,"Cartoner, 822, Econoseal E-System 2000 #1",Soap Dispenser Assembly,19763,"Inspect all cylinders, flow controller, and its sensors for tightness and proper operation;

 Check all safeties and E-stops for proper operation",Closed and Completed,7/9/2026,PU,0.50,0.00,0.00,7/9/2026,Primo Uy - 08/03/26 11:55:52 AM: Done,[]
103,EQ ID 103,4059809 ARO Torque Driver,Soap Dispenser Assembly,11166,"Driver, 4112, Pump (Calibrate to 18 +/- 2 lbs.-in.)
Air Line Pressure 60 +/- 5 PSI",Pending,7/13/2024,,0.00,0.00,0.00,,,[]
103,EQ ID 103,4059809 ARO Torque Driver,Soap Dispenser Assembly,83,"Driver, 4112, Pump (Calibrate to 18 +/- 2 lbs.-in.)
Air Line Pressure 60 +/- 5 PSI",Closed and Completed,6/18/2022,PU,0.20,0.00,0.00,9/1/2022,Primo Uy - 09/01/22 12:05:09 PM: Done,[]
103,EQ ID 103,4059809 ARO Torque Driver,Soap Dispenser Assembly,84,Check air lines and connections for cracks or leaks. Repair or replace as needed.,Closed and Completed,9/18/2022,PU,0.20,0.00,0.00,9/7/2022,Primo Uy - 09/07/22 12:05:03 PM: Done,[]
103,EQ ID 103,4059809 ARO Torque Driver,Soap Dispenser Assembly,85,Check Flexi arm dowel pin or bolt in every pivot.,Closed and Completed,3/18/2023,PU,0.50,0.00,0.00,3/20/2023,Primo Uy - 03/20/23  7:11:11 AM: Done.,[]
103,EQ ID 103,4059809 ARO Torque Driver,Soap Dispenser Assembly,2626,Check air lines and connections for cracks or leaks. Repair or replace as needed.,Closed without Action,4/13/2023,PU,0.00,0.00,0.00,4/11/2023,Primo Uy - 04/12/23  7:53:31 AM: Replace by Electric Screw Driver,[]
103,EQ ID 103,4059809 ARO Torque Driver,Soap Dispenser Assembly,5248,Check air lines and connections for cracks or leaks. Repair or replace as needed.,Closed and Completed,10/12/2023,PU,0.20,0.00,0.00,10/11/2023,Primo Uy - 10/12/23  7:33:24 AM: DONE,[]
103,EQ ID 103,4059809 ARO Torque Driver,Soap Dispenser Assembly,4904,Check Flexi arm dowel pin or bolt in every pivot.,Closed and Completed,3/20/2024,PU,0.25,0.00,0.00,3/20/2024,Primo Uy - 03/20/24  7:37:36 AM: Done,[]
103,EQ ID 103,4059809 ARO Torque Driver,Soap Dispenser Assembly,7606,Check air lines and connections for cracks or leaks. Repair or replace as needed.,Closed and Completed,4/12/2024,PU,0.20,0.00,0.00,4/12/2024,Primo Uy - 04/12/24  1:16:02 PM: Done,[]
103,EQ ID 103,4059809 ARO Torque Driver,Soap Dispenser Assembly,2625,"Driver, 4112, Pump (Calibrate to 18 +/- 2 lbs.-in.)
Air Line Pressure 60 +/- 5 PSI",Closed without Action,1/13/2023,md,0.00,0.00,0.00,4/13/2024,Miguel Diaz - 04/13/24 10:20:48 AM: Replaced both drills,[]
103,EQ ID 103,4059809 ARO Torque Driver,Soap Dispenser Assembly,11130,Check air lines and connections for cracks or leaks. Repair or replace as needed.,Closed without Action,10/12/2024,PU,0.00,0.00,0.00,10/14/2024,Primo Uy - 10/18/24  1:05:09 PM: Replaced by Electric,[]
103,EQ ID 103,4059809 ARO Torque Driver,Soap Dispenser Assembly,10779,Check Flexi arm dowel pin or bolt in every pivot.,Closed without Action,3/20/2025,PU,0.00,0.00,0.00,3/19/2025,Primo Uy - 03/19/25  9:14:25 AM: Obsolete,[]
103,EQ ID 103,4059809 ARO Torque Driver,Soap Dispenser Assembly,13451,Check air lines and connections for cracks or leaks. Repair or replace as needed.,Closed without Action,4/18/2025,PU,0.00,0.00,0.00,4/18/2025,Primo Uy - 04/22/25  9:57:26 AM: Obsolete,[]
103,EQ ID 103,4059809 ARO Torque Driver,Soap Dispenser Assembly,15463,Check air lines and connections for cracks or leaks. Repair or replace as needed.,Closed without Action,10/22/2025,PU,0.00,0.00,0.00,10/22/2025,Primo Uy - 10/27/25  8:44:15 AM: Obsolete,[]
103,EQ ID 103,4059809 ARO Torque Driver,Soap Dispenser Assembly,15108,Check Flexi arm dowel pin or bolt in every pivot.,Closed without Action,3/19/2026,PU,0.00,0.00,0.00,3/19/2026,Primo Uy - 04/14/26  9:41:07 AM: Obsolete,[]
103,EQ ID 103,4059809 ARO Torque Driver,Soap Dispenser Assembly,17470,Check air lines and connections for cracks or leaks. Repair or replace as needed.,Closed without Action,4/27/2026,PU,0.00,0.00,0.00,4/27/2026,Primo Uy - 04/29/26  1:09:59 PM: Obsolete,[]
104,EQ ID 104,4061909 ARO Torque Driver,Soap Dispenser Assembly,11167,"Driver, 4112, Window (Calibrate to 10 +/-2 lbs. in.)
Air Line Pressure 60 +/- 5 PSI",Pending,7/13/2024,,0.00,0.00,0.00,,,[]
104,EQ ID 104,4061909 ARO Torque Driver,Soap Dispenser Assembly,87,"Driver, 4112, Window (Calibrate to 10 +/-2 lbs. in.)
Air Line Pressure 60 +/- 5 PSI",Closed and Completed,6/18/2022,PU,0.20,0.00,0.00,9/1/2022,Primo Uy - 09/01/22 12:05:36 PM: Done,[]
104,EQ ID 104,4061909 ARO Torque Driver,Soap Dispenser Assembly,86,Check air lines and connections for cracks or leaks. Repair or replace as needed.,Closed and Completed,9/18/2022,PU,0.20,0.00,0.00,9/7/2022,Primo Uy - 09/07/22 12:05:47 PM: Done.,[]
104,EQ ID 104,4061909 ARO Torque Driver,Soap Dispenser Assembly,2627,Check air lines and connections for cracks or leaks. Repair or replace as needed.,Closed without Action,4/13/2023,PUY,0.00,0.00,0.00,4/11/2023,Primo Uy - 04/12/23  7:54:20 AM: Replace by Electric Screw driver,[]
104,EQ ID 104,4061909 ARO Torque Driver,Soap Dispenser Assembly,5249,Check air lines and connections for cracks or leaks. Repair or replace as needed.,Closed and Completed,10/12/2023,PU,0.20,0.00,0.00,10/11/2023,Primo Uy - 10/12/23  7:35:03 AM: Done,[]
104,EQ ID 104,4061909 ARO Torque Driver,Soap Dispenser Assembly,7608,Check air lines and connections for cracks or leaks. Repair or replace as needed.,Closed and Completed,4/12/2024,PU,0.20,0.00,0.00,4/12/2024,Primo Uy - 04/12/24  1:16:34 PM: Done,[]
104,EQ ID 104,4061909 ARO Torque Driver,Soap Dispenser Assembly,2628,"Driver, 4112, Window (Calibrate to 10 +/-2 lbs. in.)
Air Line Pressure 60 +/- 5 PSI",Closed without Action,1/13/2023,md,0.00,0.00,0.00,4/13/2024,Miguel Diaz - 04/13/24 10:20:55 AM: Replaced both drills,[]
104,EQ ID 104,4061909 ARO Torque Driver,Soap Dispenser Assembly,11131,Check air lines and connections for cracks or leaks. Repair or replace as needed.,Closed and Completed,10/12/2024,PU,0.20,0.00,0.00,10/11/2024,Primo Uy - 10/18/24  1:06:13 PM: Replaced by electric,[]
104,EQ ID 104,4061909 ARO Torque Driver,Soap Dispenser Assembly,13453,Check air lines and connections for cracks or leaks. Repair or replace as needed.,Closed and Completed,4/18/2025,PU,0.10,0.00,0.00,4/18/2025,Primo Uy - 05/01/25  6:38:22 AM: Replaced by electric driver,[]
104,EQ ID 104,4061909 ARO Torque Driver,Soap Dispenser Assembly,15583,Check air lines and connections for cracks or leaks. Repair or replace as needed.,Closed without Action,11/1/2025,PU,0.00,0.00,0.00,11/3/2025,Primo Uy - 11/12/25 10:13:27 AM: OBSOLETE,[]
104,EQ ID 104,4061909 ARO Torque Driver,Soap Dispenser Assembly,17663,Check air lines and connections for cracks or leaks. Repair or replace as needed.,Closed without Action,5/12/2026,PU,0.00,0.00,0.00,5/12/2026,Primo Uy - 05/15/26  8:55:27 AM: Obsolete,[]
1366,EQ ID 1366,Cell 3 Tube Exander,Soap Dispenser Assembly,20211,"Check all mechanisms, screws and nuts are tight and cylinder and jaws move smoothly without sticking or slamming at the stroke end.",Pending,9/3/2026,,0.00,0.00,0.00,,,[]
1366,EQ ID 1366,Cell 3 Tube Exander,Soap Dispenser Assembly,861,"Check all mechanisms, screws and nuts are tight and cylinder and jaws move smoothly without sticking or slamming at the stroke end.",Closed and Completed,4/18/2022,PU,0.20,0.00,0.00,4/19/2022,,[]
1366,EQ ID 1366,Cell 3 Tube Exander,Soap Dispenser Assembly,2880,"Check all mechanisms, screws and nuts are tight and cylinder and jaws move smoothly without sticking or slamming at the stroke end.",Closed and Completed,11/13/2022,PU,0.20,0.00,0.00,11/8/2022,Primo Uy - 11/08/22 10:38:50 AM: Done.,[]
1366,EQ ID 1366,Cell 3 Tube Exander,Soap Dispenser Assembly,3174,"Check all mechanisms, screws and nuts are tight and cylinder and jaws move smoothly without sticking or slamming at the stroke end.",Closed and Completed,12/8/2022,PU,0.20,0.00,0.00,12/7/2022,Primo Uy - 12/07/22  9:36:10 AM: Done,[]
1366,EQ ID 1366,Cell 3 Tube Exander,Soap Dispenser Assembly,3505,"Check all mechanisms, screws and nuts are tight and cylinder and jaws move smoothly without sticking or slamming at the stroke end.",Closed and Completed,1/7/2023,PU,0.20,0.00,0.00,1/11/2023,Primo Uy - 01/11/23  9:34:29 AM: Done.,[]
1366,EQ ID 1366,Cell 3 Tube Exander,Soap Dispenser Assembly,3903,"Check all mechanisms, screws and nuts are tight and cylinder and jaws move smoothly without sticking or slamming at the stroke end.",Closed and Completed,2/11/2023,PU,0.20,0.00,0.00,2/9/2023,Primo Uy - 02/09/23  9:37:42 AM: Done,[]
1366,EQ ID 1366,Cell 3 Tube Exander,Soap Dispenser Assembly,4289,"Check all mechanisms, screws and nuts are tight and cylinder and jaws move smoothly without sticking or slamming at the stroke end.",Closed and Completed,3/9/2023,PU,0.20,0.00,0.00,3/8/2023,Primo Uy - 03/08/23  2:05:51 PM: Done,[]
1366,EQ ID 1366,Cell 3 Tube Exander,Soap Dispenser Assembly,4731,"Check all mechanisms, screws and nuts are tight and cylinder and jaws move smoothly without sticking or slamming at the stroke end.",Closed and Completed,4/8/2023,PU,0.20,0.00,0.00,4/5/2023,Primo Uy - 04/05/23  7:55:52 AM: Done,[]
1366,EQ ID 1366,Cell 3 Tube Exander,Soap Dispenser Assembly,5158,"Check all mechanisms, screws and nuts are tight and cylinder and jaws move smoothly without sticking or slamming at the stroke end.",Closed and Completed,5/5/2023,PU,-1.00,0.00,0.00,5/4/2023,Primo Uy - 05/04/23  7:22:59 AM: Done,[]
1366,EQ ID 1366,Cell 3 Tube Exander,Soap Dispenser Assembly,5553,"Check all mechanisms, screws and nuts are tight and cylinder and jaws move smoothly without sticking or slamming at the stroke end.",Closed and Completed,6/4/2023,PU,0.20,0.00,0.00,6/7/2023,Primo Uy - 06/08/23  7:29:31 AM: Done,[]
1366,EQ ID 1366,Cell 3 Tube Exander,Soap Dispenser Assembly,5933,"Check all mechanisms, screws and nuts are tight and cylinder and jaws move smoothly without sticking or slamming at the stroke end.",Closed and Completed,7/8/2023,PU,0.10,0.00,0.00,7/7/2023,Primo Uy - 07/07/23  9:24:25 AM: Done,[]
1366,EQ ID 1366,Cell 3 Tube Exander,Soap Dispenser Assembly,6350,"Check all mechanisms, screws and nuts are tight and cylinder and jaws move smoothly without sticking or slamming at the stroke end.",Closed and Completed,8/7/2023,PU,0.20,0.00,0.00,8/7/2023,Primo Uy - 08/07/23  9:47:58 AM: Done,[]
1366,EQ ID 1366,Cell 3 Tube Exander,Soap Dispenser Assembly,6733,"Check all mechanisms, screws and nuts are tight and cylinder and jaws move smoothly without sticking or slamming at the stroke end.",Closed and Completed,9/7/2023,PU,0.20,0.00,0.00,9/7/2023,Primo Uy - 09/07/23  9:37:15 AM: Done,[]
1366,EQ ID 1366,Cell 3 Tube Exander,Soap Dispenser Assembly,7138,"Check all mechanisms, screws and nuts are tight and cylinder and jaws move smoothly without sticking or slamming at the stroke end.",Closed and Completed,10/7/2023,PU,0.20,0.00,0.00,10/11/2023,Primo Uy - 10/12/23  7:35:39 AM: Done,[]
1366,EQ ID 1366,Cell 3 Tube Exander,Soap Dispenser Assembly,7609,"Check all mechanisms, screws and nuts are tight and cylinder and jaws move smoothly without sticking or slamming at the stroke end.",Closed and Completed,11/12/2023,PU,0.20,0.00,0.00,11/10/2023,Primo Uy - 11/13/23  9:50:43 AM: Done.,[]
1366,EQ ID 1366,Cell 3 Tube Exander,Soap Dispenser Assembly,8025,"Check all mechanisms, screws and nuts are tight and cylinder and jaws move smoothly without sticking or slamming at the stroke end.",Closed and Completed,12/13/2023,PU,0.20,0.00,0.00,12/13/2023,Primo Uy - 12/15/23  7:51:35 AM: Done,[]
1366,EQ ID 1366,Cell 3 Tube Exander,Soap Dispenser Assembly,9368,"Check all mechanisms, screws and nuts are tight and cylinder and jaws move smoothly without sticking or slamming at the stroke end.",Closed and Completed,1/15/2024,PU,0.20,0.00,0.00,1/15/2024,Primo Uy - 01/15/24  1:43:46 PM: Done,[]
1366,EQ ID 1366,Cell 3 Tube Exander,Soap Dispenser Assembly,9713,"Check all mechanisms, screws and nuts are tight and cylinder and jaws move smoothly without sticking or slamming at the stroke end.",Closed and Completed,2/15/2024,PU,0.20,0.00,0.00,2/15/2024,Primo Uy - 02/15/24  8:34:17 AM: Done,[]
1366,EQ ID 1366,Cell 3 Tube Exander,Soap Dispenser Assembly,10362,"Check all mechanisms, screws and nuts are tight and cylinder and jaws move smoothly without sticking or slamming at the stroke end.",Closed and Completed,3/15/2024,PU,0.20,0.00,0.00,3/18/2024,Primo Uy - 03/18/24  9:43:46 AM: Done,[]
1366,EQ ID 1366,Cell 3 Tube Exander,Soap Dispenser Assembly,10754,"Check all mechanisms, screws and nuts are tight and cylinder and jaws move smoothly without sticking or slamming at the stroke end.",Closed and Completed,4/18/2024,PU,0.20,0.00,0.00,4/18/2024,Primo Uy - 04/23/24  8:04:59 AM: Done,[]
1366,EQ ID 1366,Cell 3 Tube Exander,Soap Dispenser Assembly,11397,"Check all mechanisms, screws and nuts are tight and cylinder and jaws move smoothly without sticking or slamming at the stroke end.",Closed and Completed,5/23/2024,PU,0.20,0.00,0.00,5/23/2024,Primo Uy - 05/28/24  9:02:47 AM: Done,[]
1366,EQ ID 1366,Cell 3 Tube Exander,Soap Dispenser Assembly,11851,"Check all mechanisms, screws and nuts are tight and cylinder and jaws move smoothly without sticking or slamming at the stroke end.",Closed and Completed,6/28/2024,PU,0.20,0.00,0.00,6/28/2024,Primo Uy - 07/09/24  7:10:46 AM: Done,[]
1366,EQ ID 1366,Cell 3 Tube Exander,Soap Dispenser Assembly,12310,"Check all mechanisms, screws and nuts are tight and cylinder and jaws move smoothly without sticking or slamming at the stroke end.",Closed and Completed,8/9/2024,PU,0.20,0.00,0.00,8/8/2024,Primo Uy - 08/14/24  9:12:22 AM: Done,[]
1366,EQ ID 1366,Cell 3 Tube Exander,Soap Dispenser Assembly,12755,"Check all mechanisms, screws and nuts are tight and cylinder and jaws move smoothly without sticking or slamming at the stroke end.",Closed and Completed,9/14/2024,PU,0.20,0.00,0.00,9/16/2024,Primo Uy - 09/18/24  8:03:16 AM: Done,[]
1366,EQ ID 1366,Cell 3 Tube Exander,Soap Dispenser Assembly,13097,"Check all mechanisms, screws and nuts are tight and cylinder and jaws move smoothly without sticking or slamming at the stroke end.",Closed and Completed,10/18/2024,PU,0.20,0.00,0.00,10/18/2024,Primo Uy - 10/18/24  1:18:02 PM: Done,[]
1366,EQ ID 1366,Cell 3 Tube Exander,Soap Dispenser Assembly,13476,"Check all mechanisms, screws and nuts are tight and cylinder and jaws move smoothly without sticking or slamming at the stroke end.",Closed and Completed,11/18/2024,PU,0.20,0.00,0.00,11/19/2024,Primo Uy - 11/19/24  9:12:15 AM: DONE,[]
1366,EQ ID 1366,Cell 3 Tube Exander,Soap Dispenser Assembly,13854,"Check all mechanisms, screws and nuts are tight and cylinder and jaws move smoothly without sticking or slamming at the stroke end.",Closed and Completed,12/19/2024,PU,0.20,0.00,0.00,12/18/2024,Primo Uy - 12/18/24 12:21:03 PM: Done,[]
1366,EQ ID 1366,Cell 3 Tube Exander,Soap Dispenser Assembly,14150,"Check all mechanisms, screws and nuts are tight and cylinder and jaws move smoothly without sticking or slamming at the stroke end.",Closed and Completed,1/18/2025,PU,0.20,0.00,0.00,1/1/2025,Primo Uy - 01/31/25 11:49:25 AM: Done,[]
1366,EQ ID 1366,Cell 3 Tube Exander,Soap Dispenser Assembly,14541,"Check all mechanisms, screws and nuts are tight and cylinder and jaws move smoothly without sticking or slamming at the stroke end.",Closed and Completed,2/28/2025,PU,0.20,0.00,0.00,2/28/2025,Primo Uy - 02/28/25  1:12:53 PM: Done,[]
1366,EQ ID 1366,Cell 3 Tube Exander,Soap Dispenser Assembly,14894,"Check all mechanisms, screws and nuts are tight and cylinder and jaws move smoothly without sticking or slamming at the stroke end.",Closed and Completed,3/28/2025,PU,0.20,0.00,0.00,3/28/2025,Primo Uy - 04/04/25  9:55:07 AM: Done,[]
1366,EQ ID 1366,Cell 3 Tube Exander,Soap Dispenser Assembly,15292,"Check all mechanisms, screws and nuts are tight and cylinder and jaws move smoothly without sticking or slamming at the stroke end.",Closed and Completed,5/4/2025,PU,0.20,0.00,0.00,4/4/2025,Primo Uy - 05/07/25 12:15:39 PM: Done.,[]
1366,EQ ID 1366,Cell 3 Tube Exander,Soap Dispenser Assembly,15667,"Check all mechanisms, screws and nuts are tight and cylinder and jaws move smoothly without sticking or slamming at the stroke end.",Closed and Completed,6/7/2025,PU,0.20,0.00,0.00,6/6/2025,Primo Uy - 06/23/25  8:46:46 AM: Done,[]
1366,EQ ID 1366,Cell 3 Tube Exander,Soap Dispenser Assembly,16187,"Check all mechanisms, screws and nuts are tight and cylinder and jaws move smoothly without sticking or slamming at the stroke end.",Closed and Completed,7/23/2025,PU,0.20,0.00,0.00,7/23/2025,Primo Uy - 07/28/25  9:58:59 AM: Done,[]
1366,EQ ID 1366,Cell 3 Tube Exander,Soap Dispenser Assembly,16506,"Check all mechanisms, screws and nuts are tight and cylinder and jaws move smoothly without sticking or slamming at the stroke end.",Closed and Completed,8/28/2025,PU,0.20,0.00,0.00,8/28/2025,Primo Uy - 09/02/25 12:14:58 PM: Done,[]
1366,EQ ID 1366,Cell 3 Tube Exander,Soap Dispenser Assembly,16890,"Check all mechanisms, screws and nuts are tight and cylinder and jaws move smoothly without sticking or slamming at the stroke end.",Closed and Completed,10/2/2025,PU,0.20,0.00,0.00,9/30/2025,Primo Uy - 10/08/25  9:56:02 AM: Done,[]
1366,EQ ID 1366,Cell 3 Tube Exander,Soap Dispenser Assembly,17198,"Check all mechanisms, screws and nuts are tight and cylinder and jaws move smoothly without sticking or slamming at the stroke end.",Closed and Completed,11/8/2025,PU,0.10,0.00,0.00,11/7/2025,Primo Uy - 11/12/25 10:39:36 AM: Done,[]
1366,EQ ID 1366,Cell 3 Tube Exander,Soap Dispenser Assembly,17683,"Check all mechanisms, screws and nuts are tight and cylinder and jaws move smoothly without sticking or slamming at the stroke end.",Closed and Completed,12/12/2025,PU,0.20,0.00,0.00,12/12/2025,Primo Uy - 12/15/25  1:19:40 PM: Done. Clean and lubricate all moving parts.,[]
1366,EQ ID 1366,Cell 3 Tube Exander,Soap Dispenser Assembly,17951,"Check all mechanisms, screws and nuts are tight and cylinder and jaws move smoothly without sticking or slamming at the stroke end.",Closed and Completed,1/15/2026,PU,0.20,0.00,0.00,1/15/2026,Primo Uy - 01/21/26  8:12:08 AM: Done.,[]
1366,EQ ID 1366,Cell 3 Tube Exander,Soap Dispenser Assembly,18255,"Check all mechanisms, screws and nuts are tight and cylinder and jaws move smoothly without sticking or slamming at the stroke end.",Closed and Completed,2/21/2026,PU,0.20,0.00,0.00,2/23/2026,Primo Uy - 02/24/26  9:57:58 AM: Done,[]
1366,EQ ID 1366,Cell 3 Tube Exander,Soap Dispenser Assembly,18556,"Check all mechanisms, screws and nuts are tight and cylinder and jaws move smoothly without sticking or slamming at the stroke end.",Closed without Action,3/24/2026,PU,0.00,0.00,0.00,3/24/2026,Primo Uy - 04/14/26  9:43:51 AM: Off Line.,[]
1366,EQ ID 1366,Cell 3 Tube Exander,Soap Dispenser Assembly,19095,"Check all mechanisms, screws and nuts are tight and cylinder and jaws move smoothly without sticking or slamming at the stroke end.",Closed and Completed,5/14/2026,PU,0.00,0.00,0.00,5/14/2026,Primo Uy - 06/09/26 11:55:23 AM: Done,[]
1366,EQ ID 1366,Cell 3 Tube Exander,Soap Dispenser Assembly,19770,"Check all mechanisms, screws and nuts are tight and cylinder and jaws move smoothly without sticking or slamming at the stroke end.",Closed and Completed,7/9/2026,PU,0.20,0.00,0.00,7/9/2026,Primo Uy - 08/03/26 12:02:19 PM: Done,[]
1367,EQ ID 1367,Cell 3 O-Ring Press,Soap Dispenser Assembly,18051,"Check all mechanisms, screws and nuts are tight and cylinder and jaws move smoothly without sticking or slamming at the stroke end.",Pending,1/30/2026,,0.00,0.00,0.00,,,[]
1367,EQ ID 1367,Cell 3 O-Ring Press,Soap Dispenser Assembly,862,"Check all mechanisms, screws and nuts are tight and cylinder and jaws move smoothly without sticking or slamming at the stroke end.",Closed without Action,4/18/2022,Mark R,0.00,0.00,0.00,4/18/2022,,[]
1367,EQ ID 1367,Cell 3 O-Ring Press,Soap Dispenser Assembly,2881,"Check all mechanisms, screws and nuts are tight and cylinder and jaws move smoothly without sticking or slamming at the stroke end.",Closed and Completed,11/13/2022,Mark R,0.00,0.00,0.00,12/8/2022,,[]
1367,EQ ID 1367,Cell 3 O-Ring Press,Soap Dispenser Assembly,3536,"Check all mechanisms, screws and nuts are tight and cylinder and jaws move smoothly without sticking or slamming at the stroke end.",Closed and Completed,1/8/2023,Mark R,0.00,0.00,0.00,1/10/2023,,[]
1367,EQ ID 1367,Cell 3 O-Ring Press,Soap Dispenser Assembly,3876,"Check all mechanisms, screws and nuts are tight and cylinder and jaws move smoothly without sticking or slamming at the stroke end.",Closed and Completed,2/10/2023,Mark R,0.00,0.00,0.00,2/14/2023,,[]
1367,EQ ID 1367,Cell 3 O-Ring Press,Soap Dispenser Assembly,4400,"Check all mechanisms, screws and nuts are tight and cylinder and jaws move smoothly without sticking or slamming at the stroke end.",Closed and Completed,3/14/2023,Mark R,0.00,0.00,0.00,3/7/2023,,[]
1367,EQ ID 1367,Cell 3 O-Ring Press,Soap Dispenser Assembly,4704,"Check all mechanisms, screws and nuts are tight and cylinder and jaws move smoothly without sticking or slamming at the stroke end.",Closed without Action,4/7/2023,Cesar V,0.00,0.00,0.00,4/4/2023,Cesar Verduzco - 04/04/23 12:21:43 PM: O ring Press is not in Cell 3 anymore. Operators push o-rings manually.,[]
1367,EQ ID 1367,Cell 3 O-Ring Press,Soap Dispenser Assembly,5148,"Check all mechanisms, screws and nuts are tight and cylinder and jaws move smoothly without sticking or slamming at the stroke end.",Closed and Completed,5/4/2023,Mark R,0.00,0.00,0.00,5/10/2023,,[]
1367,EQ ID 1367,Cell 3 O-Ring Press,Soap Dispenser Assembly,5608,"Check all mechanisms, screws and nuts are tight and cylinder and jaws move smoothly without sticking or slamming at the stroke end.",Closed and Completed,6/10/2023,Mark R,0.00,0.00,0.00,6/9/2023,,[]
1367,EQ ID 1367,Cell 3 O-Ring Press,Soap Dispenser Assembly,5959,"Check all mechanisms, screws and nuts are tight and cylinder and jaws move smoothly without sticking or slamming at the stroke end.",Closed and Completed,7/9/2023,Mark R,0.00,0.00,0.00,8/8/2023,,[]
1367,EQ ID 1367,Cell 3 O-Ring Press,Soap Dispenser Assembly,6754,"Check all mechanisms, screws and nuts are tight and cylinder and jaws move smoothly without sticking or slamming at the stroke end.",Closed and Completed,9/8/2023,Mark R,0.00,0.00,0.00,9/12/2023,,[]
1367,EQ ID 1367,Cell 3 O-Ring Press,Soap Dispenser Assembly,7189,"Check all mechanisms, screws and nuts are tight and cylinder and jaws move smoothly without sticking or slamming at the stroke end.",Closed and Completed,10/12/2023,PU,0.20,0.00,0.00,10/11/2023,Primo Uy - 10/12/23  7:34:24 AM: Done,[]
1367,EQ ID 1367,Cell 3 O-Ring Press,Soap Dispenser Assembly,7607,"Check all mechanisms, screws and nuts are tight and cylinder and jaws move smoothly without sticking or slamming at the stroke end.",Closed and Completed,11/12/2023,Mark R,0.00,0.00,0.00,11/6/2023,,[]
1367,EQ ID 1367,Cell 3 O-Ring Press,Soap Dispenser Assembly,7918,"Check all mechanisms, screws and nuts are tight and cylinder and jaws move smoothly without sticking or slamming at the stroke end.",Closed and Completed,12/6/2023,Mark R,0.00,0.00,0.00,12/12/2023,,[]
1367,EQ ID 1367,Cell 3 O-Ring Press,Soap Dispenser Assembly,9327,"Check all mechanisms, screws and nuts are tight and cylinder and jaws move smoothly without sticking or slamming at the stroke end.",Closed and Completed,1/12/2024,Mark R,0.00,0.00,0.00,1/16/2024,,[]
1367,EQ ID 1367,Cell 3 O-Ring Press,Soap Dispenser Assembly,9886,"Check all mechanisms, screws and nuts are tight and cylinder and jaws move smoothly without sticking or slamming at the stroke end.",Closed and Completed,2/16/2024,Mark R,0.00,0.00,0.00,2/29/2024,,[]
1367,EQ ID 1367,Cell 3 O-Ring Press,Soap Dispenser Assembly,10572,"Check all mechanisms, screws and nuts are tight and cylinder and jaws move smoothly without sticking or slamming at the stroke end.",Closed and Completed,3/29/2024,Mark R,0.00,0.00,0.00,4/12/2024,,[]
1367,EQ ID 1367,Cell 3 O-Ring Press,Soap Dispenser Assembly,11095,"Check all mechanisms, screws and nuts are tight and cylinder and jaws move smoothly without sticking or slamming at the stroke end.",Closed and Completed,5/12/2024,Closed and Completed,0.00,0.00,0.00,6/10/2024,,[]
1367,EQ ID 1367,Cell 3 O-Ring Press,Soap Dispenser Assembly,12034,"Check all mechanisms, screws and nuts are tight and cylinder and jaws move smoothly without sticking or slamming at the stroke end.",Closed and Completed,7/10/2024,Mark Rojas,0.00,0.00,0.00,7/15/2024,,[]
1367,EQ ID 1367,Cell 3 O-Ring Press,Soap Dispenser Assembly,12388,"Check all mechanisms, screws and nuts are tight and cylinder and jaws move smoothly without sticking or slamming at the stroke end.",Closed and Completed,8/15/2024,Mark R,0.00,0.00,0.00,9/4/2024,,[]
1367,EQ ID 1367,Cell 3 O-Ring Press,Soap Dispenser Assembly,12954,"Check all mechanisms, screws and nuts are tight and cylinder and jaws move smoothly without sticking or slamming at the stroke end.",Closed and Completed,10/4/2024,Mark R,0.00,0.00,0.00,10/2/2024,,[]
1367,EQ ID 1367,Cell 3 O-Ring Press,Soap Dispenser Assembly,13260,"Check all mechanisms, screws and nuts are tight and cylinder and jaws move smoothly without sticking or slamming at the stroke end.",Closed and Completed,11/2/2024,Mark Rojas,0.00,0.00,0.00,10/28/2024,,[]
1367,EQ ID 1367,Cell 3 O-Ring Press,Soap Dispenser Assembly,13590,"Check all mechanisms, screws and nuts are tight and cylinder and jaws move smoothly without sticking or slamming at the stroke end.",Closed and Completed,11/28/2024,Mark R,0.00,0.00,0.00,11/7/2024,,[]
1367,EQ ID 1367,Cell 3 O-Ring Press,Soap Dispenser Assembly,14220,"Check all mechanisms, screws and nuts are tight and cylinder and jaws move smoothly without sticking or slamming at the stroke end.",Closed and Completed,2/2/2025,Mark R,0.00,0.00,0.00,2/17/2025,,[]
1367,EQ ID 1367,Cell 3 O-Ring Press,Soap Dispenser Assembly,14709,"Check all mechanisms, screws and nuts are tight and cylinder and jaws move smoothly without sticking or slamming at the stroke end.",Closed and Completed,3/17/2025,Mark R,0.00,0.00,0.00,8/20/2025,,[]
1367,EQ ID 1367,Cell 3 O-Ring Press,Soap Dispenser Assembly,16740,"Check all mechanisms, screws and nuts are tight and cylinder and jaws move smoothly without sticking or slamming at the stroke end.",Closed and Completed,9/20/2025,Mark R,0.00,0.00,0.00,10/8/2025,,[]
1367,EQ ID 1367,Cell 3 O-Ring Press,Soap Dispenser Assembly,17210,"Check all mechanisms, screws and nuts are tight and cylinder and jaws move smoothly without sticking or slamming at the stroke end.",Closed and Completed,11/8/2025,Mark R,0.00,0.00,0.00,11/11/2025,,[]
1367,EQ ID 1367,Cell 3 O-Ring Press,Soap Dispenser Assembly,17633,"Check all mechanisms, screws and nuts are tight and cylinder and jaws move smoothly without sticking or slamming at the stroke end.",Closed and Completed,12/11/2025,Mark R,0.00,0.00,0.00,12/30/2025,,[]
1373,EQ ID 1373,Cell 1 Tube Expander,Soap Dispenser Assembly,18046,"Check all mechanisms, screws and nuts are tight and cylinder and jaws move smoothly without sticking or slamming at the stroke end.",Pending,1/30/2026,,0.00,0.00,0.00,,,[]
1373,EQ ID 1373,Cell 1 Tube Expander,Soap Dispenser Assembly,863,"Check all mechanisms, screws and nuts are tight and cylinder and jaws move smoothly without sticking or slamming at the stroke end.",Closed without Action,4/18/2022,Mark R,0.00,0.00,0.00,4/18/2022,,[]
1373,EQ ID 1373,Cell 1 Tube Expander,Soap Dispenser Assembly,2772,"Check all mechanisms, screws and nuts are tight and cylinder and jaws move smoothly without sticking or slamming at the stroke end.",Closed and Completed,11/13/2022,Mark R,0.00,0.00,0.00,12/8/2022,,[]
1373,EQ ID 1373,Cell 1 Tube Expander,Soap Dispenser Assembly,3534,"Check all mechanisms, screws and nuts are tight and cylinder and jaws move smoothly without sticking or slamming at the stroke end.",Closed and Completed,1/8/2023,Mark R,0.00,0.00,0.00,1/10/2023,,[]
1373,EQ ID 1373,Cell 1 Tube Expander,Soap Dispenser Assembly,3874,"Check all mechanisms, screws and nuts are tight and cylinder and jaws move smoothly without sticking or slamming at the stroke end.",Closed and Completed,2/10/2023,Mark R,0.00,0.00,0.00,2/14/2023,,[]
1373,EQ ID 1373,Cell 1 Tube Expander,Soap Dispenser Assembly,4399,"Check all mechanisms, screws and nuts are tight and cylinder and jaws move smoothly without sticking or slamming at the stroke end.",Closed and Completed,3/14/2023,Mark R,0.00,0.00,0.00,3/7/2023,,[]
1373,EQ ID 1373,Cell 1 Tube Expander,Soap Dispenser Assembly,4703,"Check all mechanisms, screws and nuts are tight and cylinder and jaws move smoothly without sticking or slamming at the stroke end.",Closed and Completed,4/7/2023,Cesar V,0.05,0.00,0.00,4/4/2023,,[]
1373,EQ ID 1373,Cell 1 Tube Expander,Soap Dispenser Assembly,5147,"Check all mechanisms, screws and nuts are tight and cylinder and jaws move smoothly without sticking or slamming at the stroke end.",Closed and Completed,5/4/2023,Mark Rojas,0.00,0.00,0.00,5/10/2023,,[]
1373,EQ ID 1373,Cell 1 Tube Expander,Soap Dispenser Assembly,5601,"Check all mechanisms, screws and nuts are tight and cylinder and jaws move smoothly without sticking or slamming at the stroke end.",Closed and Completed,6/10/2023,Mark R,0.00,0.00,0.00,6/9/2023,,[]
1373,EQ ID 1373,Cell 1 Tube Expander,Soap Dispenser Assembly,5956,"Check all mechanisms, screws and nuts are tight and cylinder and jaws move smoothly without sticking or slamming at the stroke end.",Closed and Completed,7/9/2023,Mark R,0.00,0.00,0.00,8/8/2023,,[]
1373,EQ ID 1373,Cell 1 Tube Expander,Soap Dispenser Assembly,6752,"Check all mechanisms, screws and nuts are tight and cylinder and jaws move smoothly without sticking or slamming at the stroke end.",Closed and Completed,9/8/2023,Mark R,0.00,0.00,0.00,9/12/2023,,[]
1373,EQ ID 1373,Cell 1 Tube Expander,Soap Dispenser Assembly,7188,"Check all mechanisms, screws and nuts are tight and cylinder and jaws move smoothly without sticking or slamming at the stroke end.",Closed and Completed,10/12/2023,Mark R,0.00,0.00,0.00,10/17/2023,,[]
1373,EQ ID 1373,Cell 1 Tube Expander,Soap Dispenser Assembly,7721,"Check all mechanisms, screws and nuts are tight and cylinder and jaws move smoothly without sticking or slamming at the stroke end.",Closed and Completed,11/17/2023,Mark R,0.00,0.00,0.00,12/12/2023,,[]
1373,EQ ID 1373,Cell 1 Tube Expander,Soap Dispenser Assembly,9320,"Check all mechanisms, screws and nuts are tight and cylinder and jaws move smoothly without sticking or slamming at the stroke end.",Closed and Completed,1/12/2024,Mark R,0.00,0.00,0.00,1/16/2024,,[]
1373,EQ ID 1373,Cell 1 Tube Expander,Soap Dispenser Assembly,9907,"Check all mechanisms, screws and nuts are tight and cylinder and jaws move smoothly without sticking or slamming at the stroke end.",Closed and Completed,2/16/2024,Mark R,0.00,0.00,0.00,2/29/2024,,[]
1373,EQ ID 1373,Cell 1 Tube Expander,Soap Dispenser Assembly,10573,"Check all mechanisms, screws and nuts are tight and cylinder and jaws move smoothly without sticking or slamming at the stroke end.",Closed and Completed,3/29/2024,Mark R,0.00,0.00,0.00,4/12/2024,,[]
1373,EQ ID 1373,Cell 1 Tube Expander,Soap Dispenser Assembly,11094,"Check all mechanisms, screws and nuts are tight and cylinder and jaws move smoothly without sticking or slamming at the stroke end.",Closed and Completed,5/12/2024,Mark R,0.00,0.00,0.00,6/10/2024,,[]
1373,EQ ID 1373,Cell 1 Tube Expander,Soap Dispenser Assembly,12035,"Check all mechanisms, screws and nuts are tight and cylinder and jaws move smoothly without sticking or slamming at the stroke end.",Closed and Completed,7/10/2024,Mark R,0.00,0.00,0.00,7/15/2024,,[]
1373,EQ ID 1373,Cell 1 Tube Expander,Soap Dispenser Assembly,12389,"Check all mechanisms, screws and nuts are tight and cylinder and jaws move smoothly without sticking or slamming at the stroke end.",Closed and Completed,8/15/2024,Mark R,0.00,0.00,0.00,9/4/2024,,[]
1373,EQ ID 1373,Cell 1 Tube Expander,Soap Dispenser Assembly,12953,"Check all mechanisms, screws and nuts are tight and cylinder and jaws move smoothly without sticking or slamming at the stroke end.",Closed and Completed,10/4/2024,Mark R,0.00,0.00,0.00,10/2/2024,,[]
1373,EQ ID 1373,Cell 1 Tube Expander,Soap Dispenser Assembly,13262,"Check all mechanisms, screws and nuts are tight and cylinder and jaws move smoothly without sticking or slamming at the stroke end.",Closed and Completed,11/2/2024,Mark R,0.00,0.00,0.00,11/2/2024,,[]
1373,EQ ID 1373,Cell 1 Tube Expander,Soap Dispenser Assembly,14212,"Check all mechanisms, screws and nuts are tight and cylinder and jaws move smoothly without sticking or slamming at the stroke end.",Closed and Completed,2/2/2025,Mark R,0.00,0.00,0.00,2/17/2025,,[]
1373,EQ ID 1373,Cell 1 Tube Expander,Soap Dispenser Assembly,14708,"Check all mechanisms, screws and nuts are tight and cylinder and jaws move smoothly without sticking or slamming at the stroke end.",Closed and Completed,3/17/2025,Mark R,0.00,0.00,0.00,8/20/2025,,[]
1373,EQ ID 1373,Cell 1 Tube Expander,Soap Dispenser Assembly,16739,"Check all mechanisms, screws and nuts are tight and cylinder and jaws move smoothly without sticking or slamming at the stroke end.",Closed and Completed,9/20/2025,Mark R,0.00,0.00,0.00,10/8/2025,,[]
1373,EQ ID 1373,Cell 1 Tube Expander,Soap Dispenser Assembly,17209,"Check all mechanisms, screws and nuts are tight and cylinder and jaws move smoothly without sticking or slamming at the stroke end.",Closed and Completed,11/8/2025,Mark R,0.00,0.00,0.00,11/11/2025,,[]
1373,EQ ID 1373,Cell 1 Tube Expander,Soap Dispenser Assembly,17629,"Check all mechanisms, screws and nuts are tight and cylinder and jaws move smoothly without sticking or slamming at the stroke end.",Closed and Completed,12/11/2025,Mark R,0.00,0.00,0.00,12/30/2025,,[]
1377,EQ ID 1377,Cell 3 Latch Installation Press,Soap Dispenser Assembly,20209,"Check all mechanisms, screws and nuts are tight and cylinder moves smoothly without sticking or slamming at the stroke end.",Pending,9/3/2026,,0.00,0.00,0.00,,,[]
1377,EQ ID 1377,Cell 3 Latch Installation Press,Soap Dispenser Assembly,867,"Check all mechanisms, screws and nuts are tight and cylinder moves smoothly without sticking or slamming at the stroke end.",Closed and Completed,4/18/2022,PU,0.20,0.00,0.00,4/19/2022,Primo Uy - 04/19/22  2:57:48 PM: Done,[]
1377,EQ ID 1377,Cell 3 Latch Installation Press,Soap Dispenser Assembly,2774,"Check all mechanisms, screws and nuts are tight and cylinder moves smoothly without sticking or slamming at the stroke end.",Closed and Completed,11/13/2022,PU,0.20,0.00,0.00,11/8/2022,Primo Uy - 11/08/22  2:59:36 PM: Done,[]
1377,EQ ID 1377,Cell 3 Latch Installation Press,Soap Dispenser Assembly,3182,"Check all mechanisms, screws and nuts are tight and cylinder moves smoothly without sticking or slamming at the stroke end.",Closed and Completed,12/8/2022,PU,0.20,0.00,0.00,12/7/2022,Primo Uy - 12/07/22  9:45:20 AM: Done,[]
1377,EQ ID 1377,Cell 3 Latch Installation Press,Soap Dispenser Assembly,3510,"Check all mechanisms, screws and nuts are tight and cylinder moves smoothly without sticking or slamming at the stroke end.",Closed and Completed,1/7/2023,PU,0.20,0.00,0.00,1/11/2023,Primo Uy - 01/11/23  9:38:24 AM: Done,[]
1377,EQ ID 1377,Cell 3 Latch Installation Press,Soap Dispenser Assembly,3909,"Check all mechanisms, screws and nuts are tight and cylinder moves smoothly without sticking or slamming at the stroke end.",Closed and Completed,2/11/2023,PU,0.20,0.00,0.00,2/10/2023,Primo Uy - 02/10/23  7:12:58 AM: Done,[]
1377,EQ ID 1377,Cell 3 Latch Installation Press,Soap Dispenser Assembly,4302,"Check all mechanisms, screws and nuts are tight and cylinder moves smoothly without sticking or slamming at the stroke end.",Closed and Completed,3/10/2023,PU,0.20,0.00,0.00,3/10/2023,Primo Uy - 03/14/23  6:39:02 AM: Done,[]
1377,EQ ID 1377,Cell 3 Latch Installation Press,Soap Dispenser Assembly,4800,"Check all mechanisms, screws and nuts are tight and cylinder moves smoothly without sticking or slamming at the stroke end.",Closed and Completed,4/14/2023,PU,0.20,0.00,0.00,4/13/2023,Primo Uy - 04/13/23  7:58:00 AM: Done,[]
1377,EQ ID 1377,Cell 3 Latch Installation Press,Soap Dispenser Assembly,5290,"Check all mechanisms, screws and nuts are tight and cylinder moves smoothly without sticking or slamming at the stroke end.",Closed and Completed,5/13/2023,PU,2.00,0.00,0.00,5/15/2023,Primo Uy - 05/17/23  8:08:05 AM: Done,[]
1377,EQ ID 1377,Cell 3 Latch Installation Press,Soap Dispenser Assembly,5694,"Check all mechanisms, screws and nuts are tight and cylinder moves smoothly without sticking or slamming at the stroke end.",Closed and Completed,6/17/2023,PU,0.20,0.00,0.00,6/16/2023,Primo Uy - 06/19/23  7:43:33 AM: Done.,[]
1377,EQ ID 1377,Cell 3 Latch Installation Press,Soap Dispenser Assembly,6102,"Check all mechanisms, screws and nuts are tight and cylinder moves smoothly without sticking or slamming at the stroke end.",Closed and Completed,7/19/2023,PU,0.20,0.00,0.00,7/19/2023,Primo Uy - 07/19/23  9:01:41 AM: Done,[]
1377,EQ ID 1377,Cell 3 Latch Installation Press,Soap Dispenser Assembly,6518,"Check all mechanisms, screws and nuts are tight and cylinder moves smoothly without sticking or slamming at the stroke end.",Closed and Completed,8/19/2023,PU,0.20,0.00,0.00,8/15/2023,Primo Uy - 08/15/23  2:28:42 PM: Done.,[]
1377,EQ ID 1377,Cell 3 Latch Installation Press,Soap Dispenser Assembly,6852,"Check all mechanisms, screws and nuts are tight and cylinder moves smoothly without sticking or slamming at the stroke end.",Closed and Completed,9/15/2023,PU,0.20,0.00,0.00,9/14/2023,Primo Uy - 09/15/23  7:41:56 AM: Done,[]
1377,EQ ID 1377,Cell 3 Latch Installation Press,Soap Dispenser Assembly,7249,"Check all mechanisms, screws and nuts are tight and cylinder moves smoothly without sticking or slamming at the stroke end.",Closed and Completed,10/15/2023,PU,0.20,0.00,0.00,10/16/2023,Primo Uy - 10/17/23  7:17:30 AM: Done,[]
1377,EQ ID 1377,Cell 3 Latch Installation Press,Soap Dispenser Assembly,7697,"Check all mechanisms, screws and nuts are tight and cylinder moves smoothly without sticking or slamming at the stroke end.",Closed and Completed,11/17/2023,PU,0.20,0.00,0.00,11/20/2023,Primo Uy - 11/27/23 11:37:57 AM: Done,[]
1377,EQ ID 1377,Cell 3 Latch Installation Press,Soap Dispenser Assembly,8143,"Check all mechanisms, screws and nuts are tight and cylinder moves smoothly without sticking or slamming at the stroke end.",Closed and Completed,12/27/2023,PU,0.20,0.00,0.00,12/22/2023,Primo Uy - 12/22/23 10:58:51 AM: Done,[]
1377,EQ ID 1377,Cell 3 Latch Installation Press,Soap Dispenser Assembly,9445,"Check all mechanisms, screws and nuts are tight and cylinder moves smoothly without sticking or slamming at the stroke end.",Closed and Completed,1/22/2024,PU,0.20,0.00,0.00,1/22/2024,Primo Uy - 01/22/24  7:41:36 AM: Done,[]
1377,EQ ID 1377,Cell 3 Latch Installation Press,Soap Dispenser Assembly,10060,"Check all mechanisms, screws and nuts are tight and cylinder moves smoothly without sticking or slamming at the stroke end.",Closed and Completed,2/22/2024,PU,0.20,0.00,0.00,2/22/2024,Primo Uy - 02/23/24  2:59:20 PM: Done,[]
1377,EQ ID 1377,Cell 3 Latch Installation Press,Soap Dispenser Assembly,10503,"Check all mechanisms, screws and nuts are tight and cylinder moves smoothly without sticking or slamming at the stroke end.",Closed and Completed,3/23/2024,PU,0.20,0.00,0.00,3/22/2024,Primo Uy - 04/03/24  3:10:59 PM: Done,[]
1377,EQ ID 1377,Cell 3 Latch Installation Press,Soap Dispenser Assembly,10928,"Check all mechanisms, screws and nuts are tight and cylinder moves smoothly without sticking or slamming at the stroke end.",Closed and Completed,5/3/2024,PU,0.20,0.00,0.00,5/3/2024,Primo Uy - 05/09/24  7:40:05 AM: Done,[]
1377,EQ ID 1377,Cell 3 Latch Installation Press,Soap Dispenser Assembly,11610,"Check all mechanisms, screws and nuts are tight and cylinder moves smoothly without sticking or slamming at the stroke end.",Closed and Completed,6/9/2024,PU,0.20,0.00,0.00,6/10/2024,Primo Uy - 06/24/24 12:07:32 PM: Done,[]
1377,EQ ID 1377,Cell 3 Latch Installation Press,Soap Dispenser Assembly,12199,"Check all mechanisms, screws and nuts are tight and cylinder moves smoothly without sticking or slamming at the stroke end.",Closed and Completed,7/24/2024,PU,0.20,0.00,0.00,7/24/2024,Primo Uy - 07/24/24  9:34:08 AM: done,[]
1377,EQ ID 1377,Cell 3 Latch Installation Press,Soap Dispenser Assembly,12519,"Check all mechanisms, screws and nuts are tight and cylinder moves smoothly without sticking or slamming at the stroke end.",Closed and Completed,8/24/2024,PU&MB,0.20,0.00,0.00,8/27/2024,Primo Uy - 08/28/24  9:18:42 AM: Done. Show to Max how to do the PM.,[]
1377,EQ ID 1377,Cell 3 Latch Installation Press,Soap Dispenser Assembly,12913,"Check all mechanisms, screws and nuts are tight and cylinder moves smoothly without sticking or slamming at the stroke end.",Closed and Completed,9/28/2024,PU,0.00,0.00,0.00,9/30/2024,Primo Uy - 10/07/24 12:28:13 PM: Done,[]
1377,EQ ID 1377,Cell 3 Latch Installation Press,Soap Dispenser Assembly,13303,"Check all mechanisms, screws and nuts are tight and cylinder moves smoothly without sticking or slamming at the stroke end.",Closed and Completed,11/7/2024,PU,0.20,0.00,0.00,11/7/2024,Primo Uy - 11/11/24 12:49:52 PM: Done,[]
1377,EQ ID 1377,Cell 3 Latch Installation Press,Soap Dispenser Assembly,13777,"Check all mechanisms, screws and nuts are tight and cylinder moves smoothly without sticking or slamming at the stroke end.",Closed and Completed,12/11/2024,PU,0.20,0.00,0.00,12/10/2024,Primo Uy - 12/13/24  8:06:14 AM: Done,[]
1377,EQ ID 1377,Cell 3 Latch Installation Press,Soap Dispenser Assembly,14085,"Check all mechanisms, screws and nuts are tight and cylinder moves smoothly without sticking or slamming at the stroke end.",Closed and Completed,1/13/2025,PU,0.20,0.00,0.00,1/13/2025,Primo Uy - 01/14/25  8:15:35 AM: Done,[]
1377,EQ ID 1377,Cell 3 Latch Installation Press,Soap Dispenser Assembly,14352,"Check all mechanisms, screws and nuts are tight and cylinder moves smoothly without sticking or slamming at the stroke end.",Closed and Completed,2/14/2025,PU,0.20,0.00,0.00,2/14/2025,Primo Uy - 02/19/25  8:21:10 AM: Done,[]
1377,EQ ID 1377,Cell 3 Latch Installation Press,Soap Dispenser Assembly,14752,"Check all mechanisms, screws and nuts are tight and cylinder moves smoothly without sticking or slamming at the stroke end.",Closed and Completed,3/19/2025,PU,0.20,0.00,0.00,3/19/2025,Primo Uy - 03/19/25  9:05:48 AM: Done,[]
1377,EQ ID 1377,Cell 3 Latch Installation Press,Soap Dispenser Assembly,15107,"Check all mechanisms, screws and nuts are tight and cylinder moves smoothly without sticking or slamming at the stroke end.",Closed and Completed,4/19/2025,PU,0.20,0.00,0.00,4/21/2025,Primo Uy - 05/01/25  6:34:51 AM: Done,[]
1377,EQ ID 1377,Cell 3 Latch Installation Press,Soap Dispenser Assembly,15578,"Check all mechanisms, screws and nuts are tight and cylinder moves smoothly without sticking or slamming at the stroke end.",Closed and Completed,6/1/2025,PU,0.20,0.00,0.00,6/2/2025,Primo Uy - 06/05/25 12:29:14 PM: Done,[]
1377,EQ ID 1377,Cell 3 Latch Installation Press,Soap Dispenser Assembly,15989,"Check all mechanisms, screws and nuts are tight and cylinder moves smoothly without sticking or slamming at the stroke end.",Closed and Completed,7/5/2025,PU,0.20,0.00,0.00,7/7/2025,Primo Uy - 07/11/25  2:08:44 PM: Done,[]
1377,EQ ID 1377,Cell 3 Latch Installation Press,Soap Dispenser Assembly,16374,"Check all mechanisms, screws and nuts are tight and cylinder moves smoothly without sticking or slamming at the stroke end.",Closed and Completed,8/11/2025,PU,0.20,0.00,0.00,8/11/2025,Primo Uy - 09/02/25 12:13:31 PM: Done,[]
1377,EQ ID 1377,Cell 3 Latch Installation Press,Soap Dispenser Assembly,16887,"Check all mechanisms, screws and nuts are tight and cylinder moves smoothly without sticking or slamming at the stroke end.",Closed and Completed,10/2/2025,PU,0.25,0.00,0.00,10/6/2025,Primo Uy - 10/08/25 10:01:24 AM: PU,[]
1377,EQ ID 1377,Cell 3 Latch Installation Press,Soap Dispenser Assembly,17205,"Check all mechanisms, screws and nuts are tight and cylinder moves smoothly without sticking or slamming at the stroke end.",Closed and Completed,11/8/2025,PU,0.20,0.00,0.00,11/10/2025,Primo Uy - 11/12/25 10:41:06 AM: Done,[]
1377,EQ ID 1377,Cell 3 Latch Installation Press,Soap Dispenser Assembly,17686,"Check all mechanisms, screws and nuts are tight and cylinder moves smoothly without sticking or slamming at the stroke end.",Closed and Completed,12/12/2025,PU,0.20,0.00,0.00,12/12/2025,Primo Uy - 12/15/25  1:23:13 PM: Done,[]
1377,EQ ID 1377,Cell 3 Latch Installation Press,Soap Dispenser Assembly,17955,"Check all mechanisms, screws and nuts are tight and cylinder moves smoothly without sticking or slamming at the stroke end.",Closed and Completed,1/15/2026,PU,0.20,0.00,0.00,1/15/2026,Primo Uy - 01/21/26  8:15:16 AM: Done,[]
1377,EQ ID 1377,Cell 3 Latch Installation Press,Soap Dispenser Assembly,18260,"Check all mechanisms, screws and nuts are tight and cylinder moves smoothly without sticking or slamming at the stroke end.",Closed and Completed,2/21/2026,PU,0.20,0.00,0.00,3/12/2026,Primo Uy - 03/12/26 12:37:39 PM: Done,[]
1377,EQ ID 1377,Cell 3 Latch Installation Press,Soap Dispenser Assembly,18728,"Check all mechanisms, screws and nuts are tight and cylinder moves smoothly without sticking or slamming at the stroke end.",Closed and Completed,4/12/2026,PU,0.00,0.00,0.00,4/13/2026,,[]
1377,EQ ID 1377,Cell 3 Latch Installation Press,Soap Dispenser Assembly,19097,"Check all mechanisms, screws and nuts are tight and cylinder moves smoothly without sticking or slamming at the stroke end.",Closed and Completed,5/14/2026,PU,0.20,0.00,0.00,5/14/2026,Primo Uy - 06/09/26 11:54:05 AM: Done,[]
1377,EQ ID 1377,Cell 3 Latch Installation Press,Soap Dispenser Assembly,19768,"Check all mechanisms, screws and nuts are tight and cylinder moves smoothly without sticking or slamming at the stroke end.",Closed and Completed,7/9/2026,PU,0.20,0.00,0.00,7/9/2026,Primo Uy - 08/03/26 12:00:44 PM: Done,[]
1387,EQ ID 1387,Cell 2 Tube Exander,Soap Dispenser Assembly,20208,"Check all mechanisms, screws and nuts are tight and cylinder and jaws move smoothly without sticking or slamming at the stroke end",Pending,9/3/2026,,0.00,0.00,0.00,,,[]
1387,EQ ID 1387,Cell 2 Tube Exander,Soap Dispenser Assembly,869,"Check all mechanisms, screws and nuts are tight and cylinder and jaws move smoothly without sticking or slamming at the stroke end",Closed and Completed,4/18/2022,PU,0.20,0.00,0.00,4/19/2022,Primo Uy - 04/19/22  2:57:05 PM: DOne,[]
1387,EQ ID 1387,Cell 2 Tube Exander,Soap Dispenser Assembly,2776,"Check all mechanisms, screws and nuts are tight and cylinder and jaws move smoothly without sticking or slamming at the stroke end",Closed and Completed,11/13/2022,PU,0.20,0.00,0.00,11/28/2022,Primo Uy - 11/28/22 10:30:24 AM: Done,[]
1387,EQ ID 1387,Cell 2 Tube Exander,Soap Dispenser Assembly,3347,"Check all mechanisms, screws and nuts are tight and cylinder and jaws move smoothly without sticking or slamming at the stroke end",Closed and Completed,12/28/2022,PU,0.20,0.00,0.00,12/27/2022,Primo Uy - 12/27/22  9:34:07 AM: Done,[]
1387,EQ ID 1387,Cell 2 Tube Exander,Soap Dispenser Assembly,3725,"Check all mechanisms, screws and nuts are tight and cylinder and jaws move smoothly without sticking or slamming at the stroke end",Closed and Completed,1/27/2023,PU,0.20,0.00,0.00,1/27/2023,Primo Uy - 01/27/23  9:49:00 AM: Done,[]
1387,EQ ID 1387,Cell 2 Tube Exander,Soap Dispenser Assembly,4158,"Check all mechanisms, screws and nuts are tight and cylinder and jaws move smoothly without sticking or slamming at the stroke end",Closed and Completed,2/27/2023,PU,0.20,0.00,0.00,2/27/2023,Primo Uy - 03/09/23  7:50:07 AM: Done,[]
1387,EQ ID 1387,Cell 2 Tube Exander,Soap Dispenser Assembly,4750,"Check all mechanisms, screws and nuts are tight and cylinder and jaws move smoothly without sticking or slamming at the stroke end",Closed and Completed,4/9/2023,PU,0.20,0.00,0.00,4/7/2023,Primo Uy - 04/07/23  9:43:49 AM: Done,[]
1387,EQ ID 1387,Cell 2 Tube Exander,Soap Dispenser Assembly,5193,"Check all mechanisms, screws and nuts are tight and cylinder and jaws move smoothly without sticking or slamming at the stroke end",Closed and Completed,5/7/2023,PU,0.20,0.00,0.00,5/8/2023,Primo Uy - 05/11/23  1:10:11 PM: Done,[]
1387,EQ ID 1387,Cell 2 Tube Exander,Soap Dispenser Assembly,5649,"Check all mechanisms, screws and nuts are tight and cylinder and jaws move smoothly without sticking or slamming at the stroke end",Closed and Completed,6/11/2023,PU,0.20,0.00,0.00,6/12/2023,Primo Uy - 06/13/23  7:26:18 AM: Done,[]
1387,EQ ID 1387,Cell 2 Tube Exander,Soap Dispenser Assembly,6004,"Check all mechanisms, screws and nuts are tight and cylinder and jaws move smoothly without sticking or slamming at the stroke end",Closed and Completed,7/13/2023,PU,0.20,0.00,0.00,7/13/2023,Primo Uy - 07/19/23  9:01:01 AM: Done,[]
1387,EQ ID 1387,Cell 2 Tube Exander,Soap Dispenser Assembly,6517,"Check all mechanisms, screws and nuts are tight and cylinder and jaws move smoothly without sticking or slamming at the stroke end",Closed and Completed,8/19/2023,PU,0.20,0.00,0.00,8/15/2023,Primo Uy - 08/15/23 11:22:37 AM: Done.,[]
1387,EQ ID 1387,Cell 2 Tube Exander,Soap Dispenser Assembly,6849,"Check all mechanisms, screws and nuts are tight and cylinder and jaws move smoothly without sticking or slamming at the stroke end",Closed and Completed,9/15/2023,PU,0.20,0.00,0.00,9/14/2023,Primo Uy - 09/15/23  7:41:22 AM: Done,[]
1387,EQ ID 1387,Cell 2 Tube Exander,Soap Dispenser Assembly,7248,"Check all mechanisms, screws and nuts are tight and cylinder and jaws move smoothly without sticking or slamming at the stroke end",Closed and Completed,10/15/2023,PU,0.20,0.00,0.00,10/16/2023,Primo Uy - 10/17/23  7:16:59 AM: Done,[]
1387,EQ ID 1387,Cell 2 Tube Exander,Soap Dispenser Assembly,7696,"Check all mechanisms, screws and nuts are tight and cylinder and jaws move smoothly without sticking or slamming at the stroke end",Closed and Completed,11/17/2023,PU,0.20,0.00,0.00,11/20/2023,Primo Uy - 11/27/23 11:37:20 AM: Done,[]
1387,EQ ID 1387,Cell 2 Tube Exander,Soap Dispenser Assembly,8142,"Check all mechanisms, screws and nuts are tight and cylinder and jaws move smoothly without sticking or slamming at the stroke end",Closed and Completed,12/27/2023,PU,0.20,0.00,0.00,12/22/2023,Primo Uy - 12/22/23 11:01:23 AM: Done,[]
1387,EQ ID 1387,Cell 2 Tube Exander,Soap Dispenser Assembly,9449,"Check all mechanisms, screws and nuts are tight and cylinder and jaws move smoothly without sticking or slamming at the stroke end",Closed and Completed,1/22/2024,PU,0.20,0.00,0.00,1/22/2024,Primo Uy - 01/22/24  7:36:44 AM: Done,[]
1387,EQ ID 1387,Cell 2 Tube Exander,Soap Dispenser Assembly,10058,"Check all mechanisms, screws and nuts are tight and cylinder and jaws move smoothly without sticking or slamming at the stroke end",Closed and Completed,2/22/2024,PU,0.20,0.00,0.00,2/23/2024,Primo Uy - 02/23/24  2:57:42 PM: Done,[]
1387,EQ ID 1387,Cell 2 Tube Exander,Soap Dispenser Assembly,10501,"Check all mechanisms, screws and nuts are tight and cylinder and jaws move smoothly without sticking or slamming at the stroke end",Closed and Completed,3/23/2024,PU,0.20,0.00,0.00,3/22/2024,Primo Uy - 04/03/24  3:10:22 PM: Done,[]
1387,EQ ID 1387,Cell 2 Tube Exander,Soap Dispenser Assembly,10927,"Check all mechanisms, screws and nuts are tight and cylinder and jaws move smoothly without sticking or slamming at the stroke end",Closed and Completed,5/3/2024,PU,0.20,0.00,0.00,5/3/2024,Primo Uy - 05/09/24  7:38:10 AM: Done,[]
1387,EQ ID 1387,Cell 2 Tube Exander,Soap Dispenser Assembly,11608,"Check all mechanisms, screws and nuts are tight and cylinder and jaws move smoothly without sticking or slamming at the stroke end",Closed and Completed,6/9/2024,PU,0.20,0.00,0.00,6/10/2024,Primo Uy - 06/24/24 12:06:22 PM: Done,[]
1387,EQ ID 1387,Cell 2 Tube Exander,Soap Dispenser Assembly,12197,"Check all mechanisms, screws and nuts are tight and cylinder and jaws move smoothly without sticking or slamming at the stroke end",Closed and Completed,7/24/2024,PU,0.20,0.00,0.00,7/24/2024,Primo Uy - 07/24/24  9:31:52 AM: Done,[]
1387,EQ ID 1387,Cell 2 Tube Exander,Soap Dispenser Assembly,12516,"Check all mechanisms, screws and nuts are tight and cylinder and jaws move smoothly without sticking or slamming at the stroke end",Closed and Completed,8/24/2024,PU & MB,0.20,0.00,0.00,8/27/2024,Primo Uy - 08/28/24  9:12:35 AM: Done. Show Max how to do the PM.,[]
1387,EQ ID 1387,Cell 2 Tube Exander,Soap Dispenser Assembly,12909,"Check all mechanisms, screws and nuts are tight and cylinder and jaws move smoothly without sticking or slamming at the stroke end",Closed and Completed,9/28/2024,PU,0.20,0.00,0.00,10/7/2024,Primo Uy - 10/07/24 12:25:39 PM: Done,[]
1387,EQ ID 1387,Cell 2 Tube Exander,Soap Dispenser Assembly,13300,"Check all mechanisms, screws and nuts are tight and cylinder and jaws move smoothly without sticking or slamming at the stroke end",Closed and Completed,11/7/2024,PU,0.20,0.00,0.00,11/5/2024,Primo Uy - 11/11/24 12:45:28 PM: Done,[]
1387,EQ ID 1387,Cell 2 Tube Exander,Soap Dispenser Assembly,13771,"Check all mechanisms, screws and nuts are tight and cylinder and jaws move smoothly without sticking or slamming at the stroke end",Closed and Completed,12/11/2024,PU,0.20,0.00,0.00,12/10/2024,Primo Uy - 12/13/24  8:00:35 AM: Done.,[]
1387,EQ ID 1387,Cell 2 Tube Exander,Soap Dispenser Assembly,14079,"Check all mechanisms, screws and nuts are tight and cylinder and jaws move smoothly without sticking or slamming at the stroke end",Closed and Completed,1/13/2025,PU,0.10,0.00,0.00,1/13/2025,Primo Uy - 01/14/25  8:17:06 AM: Done,[]
1387,EQ ID 1387,Cell 2 Tube Exander,Soap Dispenser Assembly,14354,"Check all mechanisms, screws and nuts are tight and cylinder and jaws move smoothly without sticking or slamming at the stroke end",Closed and Completed,2/14/2025,PU,0.20,0.00,0.00,2/14/2025,Primo Uy - 02/19/25  8:22:49 AM: Dpne,[]
1387,EQ ID 1387,Cell 2 Tube Exander,Soap Dispenser Assembly,14754,"Check all mechanisms, screws and nuts are tight and cylinder and jaws move smoothly without sticking or slamming at the stroke end",Closed and Completed,3/19/2025,PU,0.20,0.00,0.00,3/19/2025,Primo Uy - 03/19/25  9:03:24 AM: Done,[]
1387,EQ ID 1387,Cell 2 Tube Exander,Soap Dispenser Assembly,15104,"Check all mechanisms, screws and nuts are tight and cylinder and jaws move smoothly without sticking or slamming at the stroke end",Closed and Completed,4/19/2025,PU,0.25,0.00,0.00,4/21/2025,Primo Uy - 05/01/25  6:49:39 AM: Done,[]
1387,EQ ID 1387,Cell 2 Tube Exander,Soap Dispenser Assembly,15601,"Check all mechanisms, screws and nuts are tight and cylinder and jaws move smoothly without sticking or slamming at the stroke end",Closed and Completed,6/1/2025,PU,0.00,0.00,0.00,6/2/2025,Primo Uy - 06/05/25 12:27:50 PM: Done,[]
1387,EQ ID 1387,Cell 2 Tube Exander,Soap Dispenser Assembly,15987,"Check all mechanisms, screws and nuts are tight and cylinder and jaws move smoothly without sticking or slamming at the stroke end",Closed and Completed,7/5/2025,PU,0.20,0.00,0.00,7/11/2025,Primo Uy - 07/11/25  2:03:59 PM: Done,[]
1387,EQ ID 1387,Cell 2 Tube Exander,Soap Dispenser Assembly,16369,"Check all mechanisms, screws and nuts are tight and cylinder and jaws move smoothly without sticking or slamming at the stroke end",Closed and Completed,8/11/2025,PU,0.20,0.00,0.00,8/7/2025,Primo Uy - 09/02/25 12:10:12 PM: Done,[]
1387,EQ ID 1387,Cell 2 Tube Exander,Soap Dispenser Assembly,16876,"Check all mechanisms, screws and nuts are tight and cylinder and jaws move smoothly without sticking or slamming at the stroke end",Closed and Completed,10/2/2025,PU,0.20,0.00,0.00,9/30/2025,Primo Uy - 10/08/25  9:57:20 AM: Done,[]
1387,EQ ID 1387,Cell 2 Tube Exander,Soap Dispenser Assembly,17200,"Check all mechanisms, screws and nuts are tight and cylinder and jaws move smoothly without sticking or slamming at the stroke end",Closed and Completed,11/8/2025,PU,0.10,0.00,0.00,11/10/2025,Primo Uy - 11/12/25 10:40:37 AM: Done,[]
1387,EQ ID 1387,Cell 2 Tube Exander,Soap Dispenser Assembly,17685,"Check all mechanisms, screws and nuts are tight and cylinder and jaws move smoothly without sticking or slamming at the stroke end",Closed and Completed,12/12/2025,PU,0.20,0.00,0.00,12/12/2025,Primo Uy - 12/15/25  1:21:50 PM: Done,[]
1387,EQ ID 1387,Cell 2 Tube Exander,Soap Dispenser Assembly,17953,"Check all mechanisms, screws and nuts are tight and cylinder and jaws move smoothly without sticking or slamming at the stroke end",Closed and Completed,1/15/2026,PU,0.20,0.00,0.00,1/15/2026,Primo Uy - 01/21/26  8:13:27 AM: Done,[]
1387,EQ ID 1387,Cell 2 Tube Exander,Soap Dispenser Assembly,18257,"Check all mechanisms, screws and nuts are tight and cylinder and jaws move smoothly without sticking or slamming at the stroke end",Closed and Completed,2/21/2026,PU,0.20,0.00,0.00,3/20/2026,Primo Uy - 03/12/26 12:34:03 PM: Done,[]
1387,EQ ID 1387,Cell 2 Tube Exander,Soap Dispenser Assembly,18725,"Check all mechanisms, screws and nuts are tight and cylinder and jaws move smoothly without sticking or slamming at the stroke end",Closed and Completed,4/12/2026,PU,0.10,0.00,0.00,4/13/2026,,[]
1387,EQ ID 1387,Cell 2 Tube Exander,Soap Dispenser Assembly,19098,"Check all mechanisms, screws and nuts are tight and cylinder and jaws move smoothly without sticking or slamming at the stroke end",Closed and Completed,5/14/2026,PU,0.10,0.00,0.00,5/14/2026,Primo Uy - 06/09/26 11:53:29 AM: Done,[]
1387,EQ ID 1387,Cell 2 Tube Exander,Soap Dispenser Assembly,19767,"Check all mechanisms, screws and nuts are tight and cylinder and jaws move smoothly without sticking or slamming at the stroke end",Closed and Completed,7/9/2026,PU,0.20,0.00,0.00,7/9/2026,Primo Uy - 08/03/26 12:00:10 PM: Done,[]
1408,EQ ID 1408,Auto-Soap Small Air Tube Expander,Soap Dispenser Assembly,20210,"Check all mechanisms, screws and nuts are tight and cylinder and jaws move smoothly without sticking or slamming at the stroke end",Pending,9/3/2026,,0.00,0.00,0.00,,,[]
1408,EQ ID 1408,Auto-Soap Small Air Tube Expander,Soap Dispenser Assembly,876,"Check all mechanisms, screws and nuts are tight and cylinder and jaws move smoothly without sticking or slamming at the stroke end",Closed and Completed,4/18/2022,PU,0.10,0.00,0.00,4/19/2022,Primo Uy - 04/19/22  2:54:33 PM: Done,[]
1408,EQ ID 1408,Auto-Soap Small Air Tube Expander,Soap Dispenser Assembly,2781,"Check all mechanisms, screws and nuts are tight and cylinder and jaws move smoothly without sticking or slamming at the stroke end",Closed and Completed,11/13/2022,PU,0.10,0.00,0.00,11/28/2022,Primo Uy - 11/28/22 10:31:39 AM: Done,[]
1408,EQ ID 1408,Auto-Soap Small Air Tube Expander,Soap Dispenser Assembly,3348,"Check all mechanisms, screws and nuts are tight and cylinder and jaws move smoothly without sticking or slamming at the stroke end",Closed and Completed,12/28/2022,PU,0.10,0.00,0.00,12/27/2022,Primo Uy - 12/27/22  9:35:10 AM: Done,[]
1408,EQ ID 1408,Auto-Soap Small Air Tube Expander,Soap Dispenser Assembly,3726,"Check all mechanisms, screws and nuts are tight and cylinder and jaws move smoothly without sticking or slamming at the stroke end",Closed and Completed,1/27/2023,PU,0.20,0.00,0.00,1/27/2023,Primo Uy - 01/27/23  9:49:51 AM: Done,[]
1408,EQ ID 1408,Auto-Soap Small Air Tube Expander,Soap Dispenser Assembly,4159,"Check all mechanisms, screws and nuts are tight and cylinder and jaws move smoothly without sticking or slamming at the stroke end",Closed and Completed,2/27/2023,PU,0.10,0.00,0.00,2/27/2023,Primo Uy - 03/09/23  7:51:35 AM: Done,[]
1408,EQ ID 1408,Auto-Soap Small Air Tube Expander,Soap Dispenser Assembly,4752,"Check all mechanisms, screws and nuts are tight and cylinder and jaws move smoothly without sticking or slamming at the stroke end",Closed and Completed,4/9/2023,PU,0.17,0.00,0.00,4/5/2023,Primo Uy - 04/05/23  7:57:05 AM: Done,[]
1408,EQ ID 1408,Auto-Soap Small Air Tube Expander,Soap Dispenser Assembly,5159,"Check all mechanisms, screws and nuts are tight and cylinder and jaws move smoothly without sticking or slamming at the stroke end",Closed and Completed,5/5/2023,PU,0.10,0.00,0.00,5/8/2023,Primo Uy - 05/11/23  1:07:43 PM: Donbe,[]
1408,EQ ID 1408,Auto-Soap Small Air Tube Expander,Soap Dispenser Assembly,5646,"Check all mechanisms, screws and nuts are tight and cylinder and jaws move smoothly without sticking or slamming at the stroke end",Closed and Completed,6/11/2023,PU,0.17,0.00,0.00,6/12/2023,Primo Uy - 06/13/23  7:24:28 AM: Done,[]
1408,EQ ID 1408,Auto-Soap Small Air Tube Expander,Soap Dispenser Assembly,6002,"Check all mechanisms, screws and nuts are tight and cylinder and jaws move smoothly without sticking or slamming at the stroke end",Closed and Completed,7/13/2023,PU,0.20,0.00,0.00,7/13/2023,Primo Uy - 07/19/23  8:58:40 AM: Done,[]
1408,EQ ID 1408,Auto-Soap Small Air Tube Expander,Soap Dispenser Assembly,6514,"Check all mechanisms, screws and nuts are tight and cylinder and jaws move smoothly without sticking or slamming at the stroke end",Closed and Completed,8/19/2023,PU,0.10,0.00,0.00,8/15/2023,Primo Uy - 08/15/23 11:20:43 AM: Done,[]
1408,EQ ID 1408,Auto-Soap Small Air Tube Expander,Soap Dispenser Assembly,6847,"Check all mechanisms, screws and nuts are tight and cylinder and jaws move smoothly without sticking or slamming at the stroke end",Closed and Completed,9/15/2023,PU,0.10,0.00,0.00,9/14/2023,Primo Uy - 09/15/23  7:40:17 AM: Done.,[]
1408,EQ ID 1408,Auto-Soap Small Air Tube Expander,Soap Dispenser Assembly,7246,"Check all mechanisms, screws and nuts are tight and cylinder and jaws move smoothly without sticking or slamming at the stroke end",Closed and Completed,10/15/2023,PU,0.10,0.00,0.00,10/16/2023,Primo Uy - 10/17/23  7:15:50 AM: Done,[]
1408,EQ ID 1408,Auto-Soap Small Air Tube Expander,Soap Dispenser Assembly,7694,"Check all mechanisms, screws and nuts are tight and cylinder and jaws move smoothly without sticking or slamming at the stroke end",Closed and Completed,11/17/2023,PU,0.10,0.00,0.00,11/20/2023,Primo Uy - 11/27/23 11:36:12 AM: Done,[]
1408,EQ ID 1408,Auto-Soap Small Air Tube Expander,Soap Dispenser Assembly,8140,"Check all mechanisms, screws and nuts are tight and cylinder and jaws move smoothly without sticking or slamming at the stroke end",Closed and Completed,12/27/2023,PU,0.10,0.00,0.00,12/22/2023,Primo Uy - 12/22/23 11:00:47 AM: Done,[]
1408,EQ ID 1408,Auto-Soap Small Air Tube Expander,Soap Dispenser Assembly,9448,"Check all mechanisms, screws and nuts are tight and cylinder and jaws move smoothly without sticking or slamming at the stroke end",Closed and Completed,1/22/2024,PU,0.20,0.00,0.00,1/22/2024,Primo Uy - 01/22/24  7:37:14 AM: Done,[]
1408,EQ ID 1408,Auto-Soap Small Air Tube Expander,Soap Dispenser Assembly,10059,"Check all mechanisms, screws and nuts are tight and cylinder and jaws move smoothly without sticking or slamming at the stroke end",Closed and Completed,2/22/2024,PU,0.20,0.00,0.00,2/22/2024,Primo Uy - 02/23/24  2:58:34 PM: Done.,[]
1408,EQ ID 1408,Auto-Soap Small Air Tube Expander,Soap Dispenser Assembly,10502,"Check all mechanisms, screws and nuts are tight and cylinder and jaws move smoothly without sticking or slamming at the stroke end",Closed and Completed,3/23/2024,PU,0.10,0.00,0.00,3/22/2024,Primo Uy - 04/03/24  3:08:33 PM: Done,[]
1408,EQ ID 1408,Auto-Soap Small Air Tube Expander,Soap Dispenser Assembly,10925,"Check all mechanisms, screws and nuts are tight and cylinder and jaws move smoothly without sticking or slamming at the stroke end",Closed and Completed,5/3/2024,PU,0.10,0.00,0.00,5/3/2024,Primo Uy - 05/09/24  7:39:29 AM: Done. Clean and add lubrication on all moving parts.,[]
1408,EQ ID 1408,Auto-Soap Small Air Tube Expander,Soap Dispenser Assembly,11609,"Check all mechanisms, screws and nuts are tight and cylinder and jaws move smoothly without sticking or slamming at the stroke end",Closed and Completed,6/9/2024,PU,0.20,0.00,0.00,6/10/2024,Primo Uy - 06/24/24 12:06:59 PM: Done,[]
1408,EQ ID 1408,Auto-Soap Small Air Tube Expander,Soap Dispenser Assembly,12198,"Check all mechanisms, screws and nuts are tight and cylinder and jaws move smoothly without sticking or slamming at the stroke end",Closed and Completed,7/24/2024,PU,0.10,0.00,0.00,7/24/2024,Primo Uy - 07/24/24  9:32:38 AM: Done,[]
1408,EQ ID 1408,Auto-Soap Small Air Tube Expander,Soap Dispenser Assembly,12517,"Check all mechanisms, screws and nuts are tight and cylinder and jaws move smoothly without sticking or slamming at the stroke end",Closed and Completed,8/24/2024,PU & Max,0.10,0.00,0.00,8/27/2024,Primo Uy - 08/28/24  9:17:10 AM: Done. Show to Max how to do the PM.,[]
1408,EQ ID 1408,Auto-Soap Small Air Tube Expander,Soap Dispenser Assembly,12912,"Check all mechanisms, screws and nuts are tight and cylinder and jaws move smoothly without sticking or slamming at the stroke end",Closed and Completed,9/28/2024,PU,0.10,0.00,0.00,9/30/2024,Primo Uy - 10/07/24 12:28:43 PM: Done,[]
1408,EQ ID 1408,Auto-Soap Small Air Tube Expander,Soap Dispenser Assembly,13304,"Check all mechanisms, screws and nuts are tight and cylinder and jaws move smoothly without sticking or slamming at the stroke end",Closed and Completed,11/7/2024,PU,0.20,0.00,0.00,11/7/2024,Primo Uy - 11/11/24 12:46:05 PM: Done,[]
1408,EQ ID 1408,Auto-Soap Small Air Tube Expander,Soap Dispenser Assembly,13772,"Check all mechanisms, screws and nuts are tight and cylinder and jaws move smoothly without sticking or slamming at the stroke end",Closed and Completed,12/11/2024,PU,0.10,0.00,0.00,12/10/2024,Primo Uy - 12/13/24  8:01:11 AM: Done,[]
1408,EQ ID 1408,Auto-Soap Small Air Tube Expander,Soap Dispenser Assembly,14080,"Check all mechanisms, screws and nuts are tight and cylinder and jaws move smoothly without sticking or slamming at the stroke end",Closed and Completed,1/13/2025,PU,0.10,0.00,0.00,1/14/2025,Primo Uy - 01/14/25  8:14:47 AM: Done.,[]
1408,EQ ID 1408,Auto-Soap Small Air Tube Expander,Soap Dispenser Assembly,14351,"Check all mechanisms, screws and nuts are tight and cylinder and jaws move smoothly without sticking or slamming at the stroke end",Closed and Completed,2/14/2025,PU,0.10,0.00,0.00,2/14/2025,Primo Uy - 02/19/25  8:21:50 AM: Done,[]
1408,EQ ID 1408,Auto-Soap Small Air Tube Expander,Soap Dispenser Assembly,14753,"Check all mechanisms, screws and nuts are tight and cylinder and jaws move smoothly without sticking or slamming at the stroke end",Closed and Completed,3/19/2025,PU,0.10,0.00,0.00,3/19/2025,Primo Uy - 03/19/25  8:59:18 AM: Done,[]
1408,EQ ID 1408,Auto-Soap Small Air Tube Expander,Soap Dispenser Assembly,15100,"Check all mechanisms, screws and nuts are tight and cylinder and jaws move smoothly without sticking or slamming at the stroke end",Closed and Completed,4/19/2025,PU,0.10,0.00,0.00,4/18/2025,Primo Uy - 05/01/25  6:47:41 AM: Done,[]
1408,EQ ID 1408,Auto-Soap Small Air Tube Expander,Soap Dispenser Assembly,15598,"Check all mechanisms, screws and nuts are tight and cylinder and jaws move smoothly without sticking or slamming at the stroke end",Closed and Completed,6/1/2025,PU,0.20,0.00,0.00,6/2/2025,Primo Uy - 06/05/25 12:28:38 PM: Done,[]
1408,EQ ID 1408,Auto-Soap Small Air Tube Expander,Soap Dispenser Assembly,15988,"Check all mechanisms, screws and nuts are tight and cylinder and jaws move smoothly without sticking or slamming at the stroke end",Closed and Completed,7/5/2025,PU,0.20,0.00,0.00,7/7/2025,Primo Uy - 07/07/25 11:39:08 AM: Done,[]
1408,EQ ID 1408,Auto-Soap Small Air Tube Expander,Soap Dispenser Assembly,16305,"Check all mechanisms, screws and nuts are tight and cylinder and jaws move smoothly without sticking or slamming at the stroke end",Closed and Completed,8/7/2025,PU,0.10,0.00,0.00,8/7/2025,Primo Uy - 09/02/25 12:07:46 PM: Done,[]
1408,EQ ID 1408,Auto-Soap Small Air Tube Expander,Soap Dispenser Assembly,16872,"Check all mechanisms, screws and nuts are tight and cylinder and jaws move smoothly without sticking or slamming at the stroke end",Closed and Completed,10/2/2025,PU,0.10,0.00,0.00,9/30/2025,Primo Uy - 10/08/25  9:56:43 AM: DONE,[]
1408,EQ ID 1408,Auto-Soap Small Air Tube Expander,Soap Dispenser Assembly,17199,"Check all mechanisms, screws and nuts are tight and cylinder and jaws move smoothly without sticking or slamming at the stroke end",Closed and Completed,11/8/2025,PU,0.10,0.00,0.00,11/10/2025,Primo Uy - 11/12/25 10:40:10 AM: Done,[]
1408,EQ ID 1408,Auto-Soap Small Air Tube Expander,Soap Dispenser Assembly,17684,"Check all mechanisms, screws and nuts are tight and cylinder and jaws move smoothly without sticking or slamming at the stroke end",Closed and Completed,12/12/2025,PU,0.20,0.00,0.00,12/12/2025,Primo Uy - 12/15/25  1:21:03 PM: Done,[]
1408,EQ ID 1408,Auto-Soap Small Air Tube Expander,Soap Dispenser Assembly,17952,"Check all mechanisms, screws and nuts are tight and cylinder and jaws move smoothly without sticking or slamming at the stroke end",Closed and Completed,1/15/2026,PU,0.20,0.00,0.00,1/15/2026,Primo Uy - 01/21/26  8:12:54 AM: Done,[]
1408,EQ ID 1408,Auto-Soap Small Air Tube Expander,Soap Dispenser Assembly,18256,"Check all mechanisms, screws and nuts are tight and cylinder and jaws move smoothly without sticking or slamming at the stroke end",Closed and Completed,2/21/2026,PU,0.10,0.00,0.00,2/20/2026,Primo Uy - 03/12/26 12:31:38 PM: Done,[]
1408,EQ ID 1408,Auto-Soap Small Air Tube Expander,Soap Dispenser Assembly,18723,"Check all mechanisms, screws and nuts are tight and cylinder and jaws move smoothly without sticking or slamming at the stroke end",Closed and Completed,4/12/2026,PU,0.10,0.00,0.00,4/10/2026,Primo Uy - 04/14/26  9:45:14 AM: Done,[]
1408,EQ ID 1408,Auto-Soap Small Air Tube Expander,Soap Dispenser Assembly,19096,"Check all mechanisms, screws and nuts are tight and cylinder and jaws move smoothly without sticking or slamming at the stroke end",Closed and Completed,5/14/2026,PU,0.10,0.00,0.00,5/14/2026,Primo Uy - 06/09/26 11:54:56 AM: Done,[]
1408,EQ ID 1408,Auto-Soap Small Air Tube Expander,Soap Dispenser Assembly,19769,"Check all mechanisms, screws and nuts are tight and cylinder and jaws move smoothly without sticking or slamming at the stroke end",Closed and Completed,7/9/2026,PU,0.10,0.00,0.00,7/9/2026,Primo Uy - 08/03/26 12:01:46 PM: Done,[]
765,EQ ID 765,"Case Sealer, 3M-Matic, 8226 Cell 2",Soap Dispenser Assembly,508,"Inspect belts and mechanical compenents. Repair or replace if needed
Unplug from power source.

Inspect electrical connectors and cable for cracks and wear. Replace if needed.",Closed and Completed,6/18/2022,PU,0.25,0.00,0.00,6/1/2022,Primo Uy - 06/01/22  7:18:39 AM: dONE,[]
765,EQ ID 765,"Case Sealer, 3M-Matic, 8226 Cell 2",Soap Dispenser Assembly,2736,"Inspect belts and mechanical compenents. Repair or replace if needed
Unplug from power source.

Inspect electrical connectors and cable for cracks and wear. Replace if needed.",Closed and Completed,1/13/2023,PU,0.35,0.00,0.00,1/12/2023,Primo Uy - 01/12/23  7:27:23 AM: Done.,[]
765,EQ ID 765,"Case Sealer, 3M-Matic, 8226 Cell 2",Soap Dispenser Assembly,3924,"Inspect belts and mechanical compenents. Repair or replace if needed
Unplug from power source.

Inspect electrical connectors and cable for cracks and wear. Replace if needed.",Closed and Completed,4/12/2023,PU,0.35,0.00,0.00,4/12/2023,Primo Uy - 04/12/23  7:48:20 AM: Done. also Clean and lubricate.,[]
765,EQ ID 765,"Case Sealer, 3M-Matic, 8226 Cell 2",Soap Dispenser Assembly,5236,"Inspect belts and mechanical compenents. Repair or replace if needed
Unplug from power source.

Inspect electrical connectors and cable for cracks and wear. Replace if needed.",Closed and Completed,7/12/2023,PU,0.20,0.00,0.00,7/12/2023,Primo Uy - 07/19/23  8:53:07 AM: Done,[]
765,EQ ID 765,"Case Sealer, 3M-Matic, 8226 Cell 2",Soap Dispenser Assembly,6507,"Inspect belts and mechanical compenents. Repair or replace if needed
Unplug from power source.

Inspect electrical connectors and cable for cracks and wear. Replace if needed.",Closed and Completed,10/19/2023,PU,0.20,0.00,0.00,10/24/2023,Primo Uy - 10/24/23  7:08:38 AM: Done.,[]
765,EQ ID 765,"Case Sealer, 3M-Matic, 8226 Cell 2",Soap Dispenser Assembly,7771,"Inspect belts and mechanical compenents. Repair or replace if needed
Unplug from power source.

Inspect electrical connectors and cable for cracks and wear. Replace if needed.",Closed and Completed,1/24/2024,PU,0.00,0.25,0.00,1/24/2024,Primo Uy - 01/29/24  7:38:33 AM: Done,[]
765,EQ ID 765,"Case Sealer, 3M-Matic, 8226 Cell 2",Soap Dispenser Assembly,10139,"Inspect belts and mechanical compenents. Repair or replace if needed
Unplug from power source.

Inspect electrical connectors and cable for cracks and wear. Replace if needed.",Closed and Completed,4/29/2024,PU,0.20,0.00,0.00,4/29/2024,Primo Uy - 05/01/24  8:02:05 AM: Done,[]
765,EQ ID 765,"Case Sealer, 3M-Matic, 8226 Cell 2",Soap Dispenser Assembly,11483,"Inspect belts and mechanical compenents. Repair or replace if needed
Unplug from power source.

Inspect electrical connectors and cable for cracks and wear. Replace if needed.",Closed and Completed,8/1/2024,PU,0.00,0.00,0.00,7/1/2024,Primo Uy - 08/05/24 10:23:21 AM: Done,[]
765,EQ ID 765,"Case Sealer, 3M-Matic, 8226 Cell 2",Soap Dispenser Assembly,12631,"Inspect belts and mechanical compenents. Repair or replace if needed
Unplug from power source.

Inspect electrical connectors and cable for cracks and wear. Replace if needed.",Closed and Completed,11/5/2024,PU,0.20,0.00,0.00,11/5/2024,Primo Uy - 11/11/24 12:44:50 PM: Done,[]
765,EQ ID 765,"Case Sealer, 3M-Matic, 8226 Cell 2",Soap Dispenser Assembly,13770,"Inspect belts and mechanical compenents. Repair or replace if needed
Unplug from power source.

Inspect electrical connectors and cable for cracks and wear. Replace if needed.",Closed and Completed,2/11/2025,PU,0.20,0.00,0.00,2/13/2025,Primo Uy - 02/19/25  8:17:22 AM: Done,[]
765,EQ ID 765,"Case Sealer, 3M-Matic, 8226 Cell 2",Soap Dispenser Assembly,14748,"Inspect belts and mechanical compenents. Repair or replace if needed
Unplug from power source.

Inspect electrical connectors and cable for cracks and wear. Replace if needed.",Closed and Completed,5/19/2025,PU,0.20,0.00,0.00,5/19/2025,Primo Uy - 06/05/25 12:21:05 PM: Done,[]
765,EQ ID 765,"Case Sealer, 3M-Matic, 8226 Cell 2",Soap Dispenser Assembly,15980,"Inspect belts and mechanical compenents. Repair or replace if needed
Unplug from power source.

Inspect electrical connectors and cable for cracks and wear. Replace if needed.",Closed and Completed,9/5/2025,PU,0.25,0.00,0.00,9/5/2025,Primo Uy - 09/05/25  8:26:57 AM: Done. Just replaced the right-side belt with a new one. .,[]
765,EQ ID 765,"Case Sealer, 3M-Matic, 8226 Cell 2",Soap Dispenser Assembly,16919,"Inspect belts and mechanical compenents. Repair or replace if needed
Unplug from power source.

Inspect electrical connectors and cable for cracks and wear. Replace if needed.",Closed and Completed,12/5/2025,PU,0.20,0.00,0.00,12/5/2025,Primo Uy - 12/09/25  1:53:20 PM: Done,[]
765,EQ ID 765,"Case Sealer, 3M-Matic, 8226 Cell 2",Soap Dispenser Assembly,17881,"Inspect belts and mechanical compenents. Repair or replace if needed
Unplug from power source.

Inspect electrical connectors and cable for cracks and wear. Replace if needed.",Closed and Completed,3/9/2026,PU,0.20,0.00,0.00,3/9/2026,Primo Uy - 03/12/26  1:04:52 PM: Done,[]
765,EQ ID 765,"Case Sealer, 3M-Matic, 8226 Cell 2",Soap Dispenser Assembly,18737,"Inspect belts and mechanical compenents. Repair or replace if needed
Unplug from power source.

Inspect electrical connectors and cable for cracks and wear. Replace if needed.",Closed and Completed,6/12/2026,PU,0.20,0.00,0.00,6/11/2026,Primo Uy - 06/18/26 11:56:01 AM: Dome,[]
785,EQ ID 785,WH2093 Cleco Torque Driver,Soap Dispenser Assembly,16746,Check air lines for cracks or leaks,Pending,2/20/2026,,0.00,0.00,0.00,,,[]
785,EQ ID 785,WH2093 Cleco Torque Driver,Soap Dispenser Assembly,11173,"X     WHERE USED:
       X     Auto-Soap Station 9 (Calibrate to 8 +/- 1 lbs. in.)
Air Pressure 60 +/- 5 PSI",Pending,7/13/2024,,0.00,0.00,0.00,,,[]
785,EQ ID 785,WH2093 Cleco Torque Driver,Soap Dispenser Assembly,520,"X     WHERE USED:
       X     Auto-Soap Station 9 (Calibrate to 8 +/- 1 lbs. in.)
Air Pressure 60 +/- 5 PSI",Closed and Completed,6/18/2022,PU,0.35,0.00,0.00,9/1/2022,Primo Uy - 09/01/22 12:11:31 PM: Done,[]
785,EQ ID 785,WH2093 Cleco Torque Driver,Soap Dispenser Assembly,519,Check air lines for cracks or leaks,Closed and Completed,9/18/2022,PU,0.30,0.00,0.00,9/7/2022,Primo Uy - 09/07/22 12:08:58 PM: Done,[]
785,EQ ID 785,WH2093 Cleco Torque Driver,Soap Dispenser Assembly,2743,Check air lines for cracks or leaks,Closed and Completed,4/13/2023,Mark R,0.00,0.00,0.00,4/24/2023,,[]
785,EQ ID 785,WH2093 Cleco Torque Driver,Soap Dispenser Assembly,5427,Check air lines for cracks or leaks,Closed and Completed,10/24/2023,Mark R,0.00,0.00,0.00,11/6/2023,,[]
785,EQ ID 785,WH2093 Cleco Torque Driver,Soap Dispenser Assembly,2744,"X     WHERE USED:
       X     Auto-Soap Station 9 (Calibrate to 8 +/- 1 lbs. in.)
Air Pressure 60 +/- 5 PSI",Closed without Action,1/13/2023,md,0.00,0.00,0.00,4/13/2024,Miguel Diaz - 04/13/24 10:21:38 AM: Replaced both drills,[]
785,EQ ID 785,WH2093 Cleco Torque Driver,Soap Dispenser Assembly,7916,Check air lines for cracks or leaks,Closed and Completed,5/6/2024,Mark R,0.00,0.00,0.00,5/7/2024,,[]
785,EQ ID 785,WH2093 Cleco Torque Driver,Soap Dispenser Assembly,11563,Check air lines for cracks or leaks,Closed and Completed,11/7/2024,Mark R,0.00,0.00,0.00,11/7/2024,,[]
785,EQ ID 785,WH2093 Cleco Torque Driver,Soap Dispenser Assembly,14219,Check air lines for cracks or leaks,Closed and Completed,7/2/2025,Mark R,0.00,0.00,0.00,8/20/2025,,[]
786,EQ ID 786,UJ2748 Clecco Torque Driver,Soap Dispenser Assembly,11162,Line 12 B-5050 Torque Driver (Calibrate to 14 +/- 2 lbs. in.),Pending,7/13/2024,,0.00,0.00,0.00,,,[]
786,EQ ID 786,UJ2748 Clecco Torque Driver,Soap Dispenser Assembly,521,Check air lines and connections for cracks or leaks. Repair or replace as needed.,Closed without Action,9/18/2022,PU,0.20,0.00,0.00,9/2/2022,,[]
786,EQ ID 786,UJ2748 Clecco Torque Driver,Soap Dispenser Assembly,2745,Check air lines and connections for cracks or leaks. Repair or replace as needed.,Closed and Completed,4/13/2023,PU,0.20,0.00,0.00,4/11/2023,,[]
786,EQ ID 786,UJ2748 Clecco Torque Driver,Soap Dispenser Assembly,5262,Check air lines and connections for cracks or leaks. Repair or replace as needed.,Closed and Completed,10/12/2023,PU,0.20,0.00,0.00,10/10/2023,Primo Uy - 10/12/23  7:47:38 AM: Done,[]
786,EQ ID 786,UJ2748 Clecco Torque Driver,Soap Dispenser Assembly,7626,Check air lines and connections for cracks or leaks. Repair or replace as needed.,Closed and Completed,4/12/2024,PU,0.00,0.00,0.00,4/12/2024,Primo Uy - 04/12/24  1:14:11 PM: Done,[]
786,EQ ID 786,UJ2748 Clecco Torque Driver,Soap Dispenser Assembly,522,Line 12 B-5050 Torque Driver (Calibrate to 14 +/- 2 lbs. in.),Closed without Action,6/18/2022,md,0.00,0.00,0.00,4/13/2024,Miguel Diaz - 04/13/24 10:20:22 AM: Replaced both drills,[]
786,EQ ID 786,UJ2748 Clecco Torque Driver,Soap Dispenser Assembly,11127,Check air lines and connections for cracks or leaks. Repair or replace as needed.,Closed and Completed,10/12/2024,PU,0.00,0.00,0.00,10/11/2024,Primo Uy - 10/18/24  7:20:17 AM: Done,[]
786,EQ ID 786,UJ2748 Clecco Torque Driver,Soap Dispenser Assembly,13436,Check air lines and connections for cracks or leaks. Repair or replace as needed.,Closed and Completed,4/18/2025,PU,0.20,0.00,0.00,4/16/2025,Primo Uy - 05/01/25  6:26:39 AM: Done,[]
786,EQ ID 786,UJ2748 Clecco Torque Driver,Soap Dispenser Assembly,15568,Check air lines and connections for cracks or leaks. Repair or replace as needed.,Closed and Completed,11/1/2025,PU,0.20,0.00,0.00,11/3/2025,,[]
786,EQ ID 786,UJ2748 Clecco Torque Driver,Soap Dispenser Assembly,17653,Check air lines and connections for cracks or leaks. Repair or replace as needed.,Closed and Completed,5/12/2026,PU,0.20,0.00,0.00,5/12/2026,Primo Uy - 05/15/26  8:48:38 AM: Done.,[]
794,EQ ID 794,B-824 \ Sta 4 \ Mixer Tester,Soap Dispenser Assembly,523,"Check air lines and connectors for leaks, replace or repair as needed.
Check air cylinder, make sure it moves smoothly",Closed and Completed,6/18/2022,PU,0.20,0.00,0.00,5/31/2022,Primo Uy - 06/01/22  7:30:10 AM: Done,[]
794,EQ ID 794,B-824 \ Sta 4 \ Mixer Tester,Soap Dispenser Assembly,2746,"Check air lines and connectors for leaks, replace or repair as needed.
Check air cylinder, make sure it moves smoothly",Closed and Completed,1/13/2023,PU,0.00,0.00,0.00,1/12/2023,Primo Uy - 01/12/23  7:28:19 AM: Obsolete,[]
794,EQ ID 794,B-824 \ Sta 4 \ Mixer Tester,Soap Dispenser Assembly,3925,"Check air lines and connectors for leaks, replace or repair as needed.
Check air cylinder, make sure it moves smoothly",Closed without Action,4/12/2023,PU,0.00,0.00,0.00,4/12/2023,Primo Uy - 04/12/23  7:49:15 AM: Obsolete,[]
794,EQ ID 794,B-824 \ Sta 4 \ Mixer Tester,Soap Dispenser Assembly,5240,"Check air lines and connectors for leaks, replace or repair as needed.
Check air cylinder, make sure it moves smoothly",Closed and Completed,7/12/2023,PU,0.20,0.00,0.00,7/12/2023,Primo Uy - 07/19/23  8:56:19 AM: Done,[]
794,EQ ID 794,B-824 \ Sta 4 \ Mixer Tester,Soap Dispenser Assembly,6511,"Check air lines and connectors for leaks, replace or repair as needed.
Check air cylinder, make sure it moves smoothly",Closed and Completed,10/19/2023,PU,0.20,0.00,0.00,10/19/2023,Primo Uy - 10/24/23  7:14:41 AM: Done,[]
794,EQ ID 794,B-824 \ Sta 4 \ Mixer Tester,Soap Dispenser Assembly,7778,"Check air lines and connectors for leaks, replace or repair as needed.
Check air cylinder, make sure it moves smoothly",Closed without Action,1/24/2024,PU,0.00,0.00,0.00,1/24/2024,Primo Uy - 01/29/24  7:42:15 AM: Obsolete,[]
794,EQ ID 794,B-824 \ Sta 4 \ Mixer Tester,Soap Dispenser Assembly,10144,"Check air lines and connectors for leaks, replace or repair as needed.
Check air cylinder, make sure it moves smoothly",Closed without Action,4/29/2024,PU,0.00,0.00,0.00,4/29/2024,Primo Uy - 05/01/24  8:00:50 AM: Obsolete/Scrap,[]
794,EQ ID 794,B-824 \ Sta 4 \ Mixer Tester,Soap Dispenser Assembly,11481,"Check air lines and connectors for leaks, replace or repair as needed.
Check air cylinder, make sure it moves smoothly",Closed without Action,8/1/2024,PU,0.00,0.00,0.00,7/1/2024,Primo Uy - 08/05/24 10:22:48 AM: Obsolete,[]
794,EQ ID 794,B-824 \ Sta 4 \ Mixer Tester,Soap Dispenser Assembly,12630,"Check air lines and connectors for leaks, replace or repair as needed.
Check air cylinder, make sure it moves smoothly",Closed without Action,11/5/2024,PU,0.00,0.00,0.00,11/5/2024,Primo Uy - 11/06/24  7:13:16 AM: Obsolete,[]
794,EQ ID 794,B-824 \ Sta 4 \ Mixer Tester,Soap Dispenser Assembly,13701,"Check air lines and connectors for leaks, replace or repair as needed.
Check air cylinder, make sure it moves smoothly",Closed without Action,2/6/2025,PU,0.00,0.00,0.00,2/5/2025,Primo Uy - 02/05/25  8:13:20 AM: Obsolete.,[]
794,EQ ID 794,B-824 \ Sta 4 \ Mixer Tester,Soap Dispenser Assembly,14583,"Check air lines and connectors for leaks, replace or repair as needed.
Check air cylinder, make sure it moves smoothly",Closed and Completed,5/5/2025,PU,0.20,0.00,0.00,4/4/2025,Primo Uy - 05/07/25 12:18:08 PM: Done,[]
794,EQ ID 794,B-824 \ Sta 4 \ Mixer Tester,Soap Dispenser Assembly,15669,"Check air lines and connectors for leaks, replace or repair as needed.
Check air cylinder, make sure it moves smoothly",Closed and Completed,8/7/2025,PU,0.20,0.00,0.00,8/7/2025,Primo Uy - 09/02/25 12:08:35 PM: Done,[]
794,EQ ID 794,B-824 \ Sta 4 \ Mixer Tester,Soap Dispenser Assembly,16873,"Check air lines and connectors for leaks, replace or repair as needed.
Check air cylinder, make sure it moves smoothly",Closed without Action,12/2/2025,PU,0.20,0.00,0.00,12/2/2025,Primo Uy - 12/04/25  7:11:33 AM: Fixture is in ME area for update.,[]
794,EQ ID 794,B-824 \ Sta 4 \ Mixer Tester,Soap Dispenser Assembly,17832,"Check air lines and connectors for leaks, replace or repair as needed.
Check air cylinder, make sure it moves smoothly",Closed without Action,3/4/2026,PU,0.00,0.00,0.00,3/5/2026,Primo Uy - 03/12/26  1:03:27 PM: OBSOLETE,[]
794,EQ ID 794,B-824 \ Sta 4 \ Mixer Tester,Soap Dispenser Assembly,18735,"Check air lines and connectors for leaks, replace or repair as needed.
Check air cylinder, make sure it moves smoothly",Closed without Action,6/12/2026,PU,0.00,0.00,0.00,6/12/2026,Primo Uy - 06/18/26 11:53:35 AM: OBSOLETE,[]
795,EQ ID 795,WG 2321 Cleco Torque Driver,Soap Dispenser Assembly,11159,"X     WHERE USED:
X      Auto-Soap Station 8 (Calibrate torque to 8.2 +/- 1)
Air Line Pressure 60 +/- 5 PSI",Pending,7/13/2024,,0.00,0.00,0.00,,,[]
795,EQ ID 795,WG 2321 Cleco Torque Driver,Soap Dispenser Assembly,525,"Check air lines and connectors for cracks or leaks.
Repair or replace as needed.",Closed and Completed,9/18/2022,PU,0.35,0.00,0.00,9/1/2022,Primo Uy - 09/01/22 12:12:19 PM: Done,[]
795,EQ ID 795,WG 2321 Cleco Torque Driver,Soap Dispenser Assembly,2747,"Check air lines and connectors for cracks or leaks.
Repair or replace as needed.",Closed and Completed,4/13/2023,PU,0.00,0.00,0.00,4/11/2023,,[]
795,EQ ID 795,WG 2321 Cleco Torque Driver,Soap Dispenser Assembly,5263,"Check air lines and connectors for cracks or leaks.
Repair or replace as needed.",Closed and Completed,10/12/2023,PU,0.20,0.00,0.00,10/10/2023,Primo Uy - 10/12/23  7:46:15 AM: Done,[]
795,EQ ID 795,WG 2321 Cleco Torque Driver,Soap Dispenser Assembly,7624,"Check air lines and connectors for cracks or leaks.
Repair or replace as needed.",Closed and Completed,4/12/2024,PU,0.00,0.00,0.00,4/12/2024,Primo Uy - 04/12/24  1:10:01 PM: Done,[]
795,EQ ID 795,WG 2321 Cleco Torque Driver,Soap Dispenser Assembly,524,"X     WHERE USED:
X      Auto-Soap Station 8 (Calibrate torque to 8.2 +/- 1)
Air Line Pressure 60 +/- 5 PSI",Closed without Action,6/18/2022,md,0.00,0.00,0.00,4/13/2024,Miguel Diaz - 04/13/24 10:20:02 AM: Replaced both drills,[]
795,EQ ID 795,WG 2321 Cleco Torque Driver,Soap Dispenser Assembly,11121,"Check air lines and connectors for cracks or leaks.
Repair or replace as needed.",Closed and Completed,10/12/2024,PU,0.20,0.00,0.00,10/11/2024,Primo Uy - 10/18/24  7:22:42 AM: Done,[]
795,EQ ID 795,WG 2321 Cleco Torque Driver,Soap Dispenser Assembly,13438,"Check air lines and connectors for cracks or leaks.
Repair or replace as needed.",Closed and Completed,4/18/2025,PU,0.20,0.00,0.00,4/18/2025,Primo Uy - 05/01/25  6:29:03 AM: Replaced by electric driver,[]
795,EQ ID 795,WG 2321 Cleco Torque Driver,Soap Dispenser Assembly,15570,"Check air lines and connectors for cracks or leaks.
Repair or replace as needed.",Closed and Completed,11/1/2025,PU,0.20,0.00,0.00,10/31/2025,Primo Uy - 11/12/25 10:03:07 AM: Done,[]
795,EQ ID 795,WG 2321 Cleco Torque Driver,Soap Dispenser Assembly,17655,"Check air lines and connectors for cracks or leaks.
Repair or replace as needed.",Closed and Completed,5/12/2026,PU,0.20,0.00,0.00,5/12/2026,,[]
796,EQ ID 796,"NT Vendor Sta 4, and 5 Milwaukee Torque Driver",Soap Dispenser Assembly,11175,"X     WHERE USED:
       NT Vendor Station 4 Calibrate to 4 +/- 1 lbs. in.)
       NT Vendor Station 5 Calibrate to 4 +/- 1 lbs. in.) 200-600 RPM
X      Auto-Soap Station 6 Calibrate to 4 +/- 1 lbs. in.)
Air Line Pressure 60 +/- 5 PSI",Pending,7/13/2024,,0.00,0.00,0.00,,,[]
796,EQ ID 796,"NT Vendor Sta 4, and 5 Milwaukee Torque Driver",Soap Dispenser Assembly,527,Check air lines and connections for cracks or leaks. Repair or replace as needed.,Closed and Completed,9/18/2022,PU,0.00,0.00,0.00,9/2/2022,,[]
796,EQ ID 796,"NT Vendor Sta 4, and 5 Milwaukee Torque Driver",Soap Dispenser Assembly,526,"X     WHERE USED:
       NT Vendor Station 4 Calibrate to 4 +/- 1 lbs. in.)
       NT Vendor Station 5 Calibrate to 4 +/- 1 lbs. in.) 200-600 RPM
X      Auto-Soap Station 6 Calibrate to 4 +/- 1 lbs. in.)
Air Line Pressure 60 +/- 5 PSI",Closed and Completed,6/18/2022,PU,0.20,0.00,0.00,2/13/2023,Primo Uy - 02/13/23 11:57:37 AM: Done,[]
796,EQ ID 796,"NT Vendor Sta 4, and 5 Milwaukee Torque Driver",Soap Dispenser Assembly,2748,Check air lines and connections for cracks or leaks. Repair or replace as needed.,Closed and Completed,4/13/2023,PU,0.20,0.00,0.00,4/11/2023,,[]
796,EQ ID 796,"NT Vendor Sta 4, and 5 Milwaukee Torque Driver",Soap Dispenser Assembly,5264,Check air lines and connections for cracks or leaks. Repair or replace as needed.,Closed and Completed,10/12/2023,PU,0.20,0.00,0.00,10/10/2023,Primo Uy - 10/12/23  7:46:49 AM: Done,[]
796,EQ ID 796,"NT Vendor Sta 4, and 5 Milwaukee Torque Driver",Soap Dispenser Assembly,7625,Check air lines and connections for cracks or leaks. Repair or replace as needed.,Closed without Action,4/12/2024,PU,0.00,0.00,0.00,4/12/2024,Primo Uy - 04/12/24  1:13:02 PM: Not Here transfer to GAMCO,[]
796,EQ ID 796,"NT Vendor Sta 4, and 5 Milwaukee Torque Driver",Soap Dispenser Assembly,4358,"X     WHERE USED:
       NT Vendor Station 4 Calibrate to 4 +/- 1 lbs. in.)
       NT Vendor Station 5 Calibrate to 4 +/- 1 lbs. in.) 200-600 RPM
X      Auto-Soap Station 6 Calibrate to 4 +/- 1 lbs. in.)
Air Line Pressure 60 +/- 5 PSI",Closed without Action,5/13/2023,md,0.00,0.00,0.00,4/13/2024,Miguel Diaz - 04/13/24 10:21:55 AM: Replaced both drills,[]
796,EQ ID 796,"NT Vendor Sta 4, and 5 Milwaukee Torque Driver",Soap Dispenser Assembly,11125,Check air lines and connections for cracks or leaks. Repair or replace as needed.,Closed without Action,10/12/2024,PU,0.00,0.00,0.00,10/11/2024,Primo Uy - 10/18/24  7:27:56 AM: Line was transfer outside the BLA factory. BMC,[]
796,EQ ID 796,"NT Vendor Sta 4, and 5 Milwaukee Torque Driver",Soap Dispenser Assembly,13441,Check air lines and connections for cracks or leaks. Repair or replace as needed.,Closed without Action,4/18/2025,PU,0.00,0.00,0.00,4/18/2025,Primo Uy - 04/22/25 10:26:58 AM: Relocated to another Division.,[]
796,EQ ID 796,"NT Vendor Sta 4, and 5 Milwaukee Torque Driver",Soap Dispenser Assembly,15466,Check air lines and connections for cracks or leaks. Repair or replace as needed.,Closed without Action,10/22/2025,PU,0.00,0.00,0.00,10/22/2025,Primo Uy - 10/27/25  8:45:52 AM: Not Here,[]
796,EQ ID 796,"NT Vendor Sta 4, and 5 Milwaukee Torque Driver",Soap Dispenser Assembly,17472,Check air lines and connections for cracks or leaks. Repair or replace as needed.,Closed without Action,4/27/2026,PU,0.00,0.00,0.00,4/27/2026,Primo Uy - 04/29/26  1:12:02 PM: Not here - BMC,[]
797,EQ ID 797,1205586LR ASG Torque Driver,Soap Dispenser Assembly,11169,"B-824 Station 10 L (small screw) Calibrate to 2.5 +/- 1 lbs. in.
Air Line Pressure 60 +/- 5 PSI",Pending,7/13/2024,,0.00,0.00,0.00,,,[]
797,EQ ID 797,1205586LR ASG Torque Driver,Soap Dispenser Assembly,528,Check air lines and connections for cracks or leaks. Repair or replace as needed.,Closed and Completed,9/18/2022,PU,0.20,0.00,0.00,9/2/2022,,[]
797,EQ ID 797,1205586LR ASG Torque Driver,Soap Dispenser Assembly,2749,Check air lines and connections for cracks or leaks. Repair or replace as needed.,Closed and Completed,4/13/2023,PU,0.20,0.00,0.00,4/11/2023,,[]
797,EQ ID 797,1205586LR ASG Torque Driver,Soap Dispenser Assembly,529,"B-824 Station 10 L (small screw) Calibrate to 2.5 +/- 1 lbs. in.
Air Line Pressure 60 +/- 5 PSI",Closed and Completed,6/18/2022,PU,0.20,0.00,0.00,6/2/2023,Primo Uy - 06/08/23  7:27:31 AM: Done.,[]
797,EQ ID 797,1205586LR ASG Torque Driver,Soap Dispenser Assembly,5261,Check air lines and connections for cracks or leaks. Repair or replace as needed.,Closed and Completed,10/12/2023,PU,0.20,0.00,0.00,10/11/2023,Primo Uy - 10/12/23  7:45:43 AM: Done,[]
797,EQ ID 797,1205586LR ASG Torque Driver,Soap Dispenser Assembly,7623,Check air lines and connections for cracks or leaks. Repair or replace as needed.,Closed and Completed,4/12/2024,PU,0.20,0.00,0.00,4/12/2024,Primo Uy - 04/12/24  1:08:48 PM: Done,[]
797,EQ ID 797,1205586LR ASG Torque Driver,Soap Dispenser Assembly,5931,"B-824 Station 10 L (small screw) Calibrate to 2.5 +/- 1 lbs. in.
Air Line Pressure 60 +/- 5 PSI",Closed without Action,9/8/2023,md,0.00,0.00,0.00,4/13/2024,Miguel Diaz - 04/13/24 10:21:11 AM: Replaced both drills,[]
797,EQ ID 797,1205586LR ASG Torque Driver,Soap Dispenser Assembly,11119,Check air lines and connections for cracks or leaks. Repair or replace as needed.,Closed and Completed,10/12/2024,PU,0.20,0.00,0.00,10/11/2024,Primo Uy - 10/18/24  7:23:22 AM: Done,[]
797,EQ ID 797,1205586LR ASG Torque Driver,Soap Dispenser Assembly,13439,Check air lines and connections for cracks or leaks. Repair or replace as needed.,Closed and Completed,4/18/2025,PU,0.20,0.00,0.00,4/18/2025,Primo Uy - 05/01/25  6:30:37 AM: Done,[]
797,EQ ID 797,1205586LR ASG Torque Driver,Soap Dispenser Assembly,15572,Check air lines and connections for cracks or leaks. Repair or replace as needed.,Closed and Completed,11/1/2025,PU,0.20,0.00,0.00,11/3/2025,Primo Uy - 11/12/25 10:06:43 AM: Done,[]
797,EQ ID 797,1205586LR ASG Torque Driver,Soap Dispenser Assembly,17657,Check air lines and connections for cracks or leaks. Repair or replace as needed.,Closed without Action,5/12/2026,PU,0.00,0.00,0.00,5/12/2026,Primo Uy - 05/15/26  8:51:11 AM: Obsolete.,[]
798,EQ ID 798,12085586LR ASG Torque Driver,Soap Dispenser Assembly,11156,"X     WHERE USED:
X    Auto-Soap Station 10 L (Calibrate to 2.5 +/-1 lbs. in.)",Pending,7/13/2024,,0.00,0.00,0.00,,,[]
798,EQ ID 798,12085586LR ASG Torque Driver,Soap Dispenser Assembly,530,Check air lines and connections for cracks or leaks. Repair or replace as needed.,Closed and Completed,9/18/2022,PU,0.20,0.00,0.00,9/2/2022,,[]
798,EQ ID 798,12085586LR ASG Torque Driver,Soap Dispenser Assembly,2750,Check air lines and connections for cracks or leaks. Repair or replace as needed.,Closed and Completed,4/13/2023,PU,0.20,0.00,0.00,4/12/2023,,[]
798,EQ ID 798,12085586LR ASG Torque Driver,Soap Dispenser Assembly,5265,Check air lines and connections for cracks or leaks. Repair or replace as needed.,Closed and Completed,10/12/2023,PU,0.00,0.00,0.00,10/12/2023,Primo Uy - 10/12/23  7:38:10 AM: Done. This is a electric torque screw driver.,[]
798,EQ ID 798,12085586LR ASG Torque Driver,Soap Dispenser Assembly,7611,Check air lines and connections for cracks or leaks. Repair or replace as needed.,Closed and Completed,4/12/2024,PU,0.00,0.00,0.00,4/12/2024,Primo Uy - 04/12/24  1:13:35 PM: Done,[]
798,EQ ID 798,12085586LR ASG Torque Driver,Soap Dispenser Assembly,531,"X     WHERE USED:
X    Auto-Soap Station 10 L (Calibrate to 2.5 +/-1 lbs. in.)",Closed without Action,6/18/2022,md,0.00,0.00,0.00,4/13/2024,Miguel Diaz - 04/13/24 10:19:43 AM: Replaced both drills,[]
798,EQ ID 798,12085586LR ASG Torque Driver,Soap Dispenser Assembly,11126,Check air lines and connections for cracks or leaks. Repair or replace as needed.,Closed and Completed,10/12/2024,PU,0.20,0.00,0.00,10/14/2024,Primo Uy - 10/18/24  7:28:46 AM: Done,[]
798,EQ ID 798,12085586LR ASG Torque Driver,Soap Dispenser Assembly,13442,Check air lines and connections for cracks or leaks. Repair or replace as needed.,Closed and Completed,4/18/2025,PU,0.20,0.00,0.00,4/18/2025,Primo Uy - 05/01/25  6:31:15 AM: Done,[]
798,EQ ID 798,12085586LR ASG Torque Driver,Soap Dispenser Assembly,15573,Check air lines and connections for cracks or leaks. Repair or replace as needed.,Closed and Completed,11/1/2025,PU,0.20,0.00,0.00,11/3/2025,Primo Uy - 11/12/25 10:09:22 AM: Done,[]
798,EQ ID 798,12085586LR ASG Torque Driver,Soap Dispenser Assembly,17658,Check air lines and connections for cracks or leaks. Repair or replace as needed.,Closed without Action,5/12/2026,PU,0.00,0.00,0.00,5/12/2026,Primo Uy - 05/15/26  8:51:51 AM: Done,[]
802,EQ ID 802,7136A85 AERO Torque Driver,Soap Dispenser Assembly,11154,"X     WHERE USED:
X     LINE 1 / Model 150 (Calibrate to 10 +/-1 lbs. in.)
       LINE 7 / model 2111 (Calibrate to 11 +/-1 lbs. in.)",Pending,7/13/2024,,0.00,0.00,0.00,,,[]
802,EQ ID 802,7136A85 AERO Torque Driver,Soap Dispenser Assembly,532,Check air lines and connections for cracks or leaks. Repair or replace as needed.,Closed and Completed,9/18/2022,PU,0.20,0.00,0.00,9/2/2022,,[]
802,EQ ID 802,7136A85 AERO Torque Driver,Soap Dispenser Assembly,2751,Check air lines and connections for cracks or leaks. Repair or replace as needed.,Closed without Action,4/13/2023,PU,0.00,0.00,0.00,4/13/2023,Primo Uy - 04/13/23  7:50:04 AM: Replaced by new Electric Screw driver,[]
802,EQ ID 802,7136A85 AERO Torque Driver,Soap Dispenser Assembly,5278,Check air lines and connections for cracks or leaks. Repair or replace as needed.,Closed and Completed,10/13/2023,PU,0.20,0.00,0.00,10/13/2023,Primo Uy - 10/16/23  7:19:51 AM: Done,[]
802,EQ ID 802,7136A85 AERO Torque Driver,Soap Dispenser Assembly,533,"X     WHERE USED:
X     LINE 1 / Model 150 (Calibrate to 10 +/-1 lbs. in.)
       LINE 7 / model 2111 (Calibrate to 11 +/-1 lbs. in.)",Closed without Action,6/18/2022,md,0.00,0.00,0.00,4/13/2024,Miguel Diaz - 04/13/24 10:19:30 AM: Replaced both drills,[]
802,EQ ID 802,7136A85 AERO Torque Driver,Soap Dispenser Assembly,7653,Check air lines and connections for cracks or leaks. Repair or replace as needed.,Closed and Completed,4/16/2024,PU,0.20,0.00,0.00,4/16/2024,Primo Uy - 04/17/24  8:11:45 AM: Done,[]
802,EQ ID 802,7136A85 AERO Torque Driver,Soap Dispenser Assembly,11348,Check air lines and connections for cracks or leaks. Repair or replace as needed.,Closed without Action,10/17/2024,PU,0.00,0.00,0.00,10/17/2024,Primo Uy - 10/18/24  1:14:44 PM: Replaced with electric,[]
802,EQ ID 802,7136A85 AERO Torque Driver,Soap Dispenser Assembly,13470,Check air lines and connections for cracks or leaks. Repair or replace as needed.,Closed and Completed,4/18/2025,PU,0.00,0.00,0.00,4/18/2025,Primo Uy - 05/01/25  6:44:36 AM: Replaced by electric driver,[]
802,EQ ID 802,7136A85 AERO Torque Driver,Soap Dispenser Assembly,15593,Check air lines and connections for cracks or leaks. Repair or replace as needed.,Closed without Action,11/1/2025,PU,0.00,0.00,0.00,10/31/2025,Primo Uy - 11/12/25 10:32:08 AM: OBSOLETE,[]
802,EQ ID 802,7136A85 AERO Torque Driver,Soap Dispenser Assembly,17674,Check air lines and connections for cracks or leaks. Repair or replace as needed.,Closed without Action,5/12/2026,PU,0.00,0.00,0.00,5/12/2026,Primo Uy - 06/08/26  2:58:46 PM: Obsolete. Replace with electric Driver.,[]
832,EQ ID 832,UJ2652 Cleco Torque Driver,Soap Dispenser Assembly,11155,"LINE 4 B-40 VAVLE AND VESSEL (Calibrate to  6.5 LBS. IN)

(listed as 18 lbs. in.)

Air Line Pressure 60 +/- 5 PSI",Pending,7/13/2024,,0.00,0.00,0.00,,,[]
832,EQ ID 832,UJ2652 Cleco Torque Driver,Soap Dispenser Assembly,544,"LINE 4 B-40 VAVLE AND VESSEL (Calibrate to  6.5 LBS. IN)

(listed as 18 lbs. in.)

Air Line Pressure 60 +/- 5 PSI",Closed without Action,6/18/2022,md,0.00,0.00,0.00,4/13/2024,Miguel Diaz - 04/13/24 10:19:36 AM: Replaced both drills,[]
833,EQ ID 833,89775 Cleco Torque Driver,Soap Dispenser Assembly,11160,"WHERE USED:
4063/306 Window (Calibrate to 10 +/-2 lbs. in.)
Air Line Pressure 60 +/- 5 PSI",Pending,7/13/2024,,0.00,0.00,0.00,,,[]
833,EQ ID 833,89775 Cleco Torque Driver,Soap Dispenser Assembly,545,Check air lines and connections for cracks or leaks. Repair or replace as needed.,Closed and Completed,9/18/2022,PU,0.20,0.00,0.00,9/2/2022,,[]
833,EQ ID 833,89775 Cleco Torque Driver,Soap Dispenser Assembly,2848,Check air lines and connections for cracks or leaks. Repair or replace as needed.,Closed and Completed,4/13/2023,PUY,0.20,0.00,0.00,4/12/2023,Primo Uy - 04/12/23  7:55:09 AM: Done,[]
833,EQ ID 833,89775 Cleco Torque Driver,Soap Dispenser Assembly,5250,Check air lines and connections for cracks or leaks. Repair or replace as needed.,Closed and Completed,10/12/2023,PU,0.20,0.00,0.00,10/11/2023,Primo Uy - 10/12/23  7:36:28 AM: Done,[]
833,EQ ID 833,89775 Cleco Torque Driver,Soap Dispenser Assembly,7610,Check air lines and connections for cracks or leaks. Repair or replace as needed.,Closed and Completed,4/12/2024,PU,0.20,0.00,0.00,4/12/2024,Primo Uy - 04/12/24  1:10:27 PM: Done,[]
833,EQ ID 833,89775 Cleco Torque Driver,Soap Dispenser Assembly,546,"WHERE USED:
4063/306 Window (Calibrate to 10 +/-2 lbs. in.)
Air Line Pressure 60 +/- 5 PSI",Closed without Action,6/18/2022,md,0.00,0.00,0.00,4/13/2024,Miguel Diaz - 04/13/24 10:20:08 AM: Replaced both drills,[]
833,EQ ID 833,89775 Cleco Torque Driver,Soap Dispenser Assembly,11122,Check air lines and connections for cracks or leaks. Repair or replace as needed.,Closed and Completed,10/12/2024,PU,0.20,0.00,0.00,10/11/2024,Primo Uy - 10/18/24  7:21:00 AM: Done,[]
833,EQ ID 833,89775 Cleco Torque Driver,Soap Dispenser Assembly,13437,Check air lines and connections for cracks or leaks. Repair or replace as needed.,Closed and Completed,4/18/2025,PU,0.20,0.00,0.00,4/18/2025,Primo Uy - 05/01/25  6:27:45 AM: Done,[]
833,EQ ID 833,89775 Cleco Torque Driver,Soap Dispenser Assembly,15569,Check air lines and connections for cracks or leaks. Repair or replace as needed.,Closed and Completed,11/1/2025,PU,0.20,0.00,0.00,10/31/2025,Primo Uy - 11/12/25 10:02:01 AM: Done,[]
833,EQ ID 833,89775 Cleco Torque Driver,Soap Dispenser Assembly,17654,Check air lines and connections for cracks or leaks. Repair or replace as needed.,Closed and Completed,5/12/2026,PU,0.20,0.00,0.00,5/12/2026,,[]
834,EQ ID 834,RF0015 Clecomatic Torque Driver,Soap Dispenser Assembly,11157,"2111/12 Valve assembly machine. (Calibrate to 18 +/- 2 lbs. in.)
Air Line Pressure 60 +/- 5 PSI",Pending,7/13/2024,,0.00,0.00,0.00,,,[]
834,EQ ID 834,RF0015 Clecomatic Torque Driver,Soap Dispenser Assembly,548,Check air lines and connections for cracks or leaks. Repair or replace as needed.,Closed and Completed,9/18/2022,PU,0.30,0.00,0.00,9/2/2022,Primo Uy - 09/02/22  9:12:37 AM: N/A,[]
834,EQ ID 834,RF0015 Clecomatic Torque Driver,Soap Dispenser Assembly,2849,Check air lines and connections for cracks or leaks. Repair or replace as needed.,Closed and Completed,4/13/2023,PU,0.20,0.00,0.00,4/11/2023,Primo Uy - 04/12/23  7:55:55 AM: Done,[]
834,EQ ID 834,RF0015 Clecomatic Torque Driver,Soap Dispenser Assembly,5251,Check air lines and connections for cracks or leaks. Repair or replace as needed.,Closed and Completed,10/12/2023,PU,0.20,0.00,0.00,10/12/2023,Primo Uy - 10/12/23  7:38:47 AM: Done,[]
834,EQ ID 834,RF0015 Clecomatic Torque Driver,Soap Dispenser Assembly,7612,Check air lines and connections for cracks or leaks. Repair or replace as needed.,Closed and Completed,4/12/2024,PU,0.20,0.00,0.00,4/12/2024,Primo Uy - 04/12/24  1:15:17 PM: Done,[]
834,EQ ID 834,RF0015 Clecomatic Torque Driver,Soap Dispenser Assembly,547,"2111/12 Valve assembly machine. (Calibrate to 18 +/- 2 lbs. in.)
Air Line Pressure 60 +/- 5 PSI",Closed without Action,6/18/2022,md,0.00,0.00,0.00,4/13/2024,Miguel Diaz - 04/13/24 10:19:50 AM: Replaced both drills,[]
834,EQ ID 834,RF0015 Clecomatic Torque Driver,Soap Dispenser Assembly,11129,Check air lines and connections for cracks or leaks. Repair or replace as needed.,Closed without Action,10/12/2024,PU,0.00,0.00,0.00,10/11/2024,Primo Uy - 10/18/24  1:01:35 PM: Replace by electric,[]
834,EQ ID 834,RF0015 Clecomatic Torque Driver,Soap Dispenser Assembly,13447,Check air lines and connections for cracks or leaks. Repair or replace as needed.,Closed and Completed,4/18/2025,PU,0.20,0.00,0.00,4/18/2025,Primo Uy - 05/01/25  6:36:28 AM: Replaced by electric driver,[]
834,EQ ID 834,RF0015 Clecomatic Torque Driver,Soap Dispenser Assembly,15580,Check air lines and connections for cracks or leaks. Repair or replace as needed.,Closed and Completed,11/1/2025,PU,0.20,0.00,0.00,11/3/2025,Primo Uy - 11/12/25 10:11:02 AM: Done,[]
834,EQ ID 834,RF0015 Clecomatic Torque Driver,Soap Dispenser Assembly,17660,Check air lines and connections for cracks or leaks. Repair or replace as needed.,Closed and Completed,5/12/2026,PU,0.20,0.00,0.00,5/12/2026,Primo Uy - 05/15/26  8:53:29 AM: Done,[]
1061,EQ ID 1061,B-40 Lift Table,Soap Dispenser Assembly,630,"Lift table to highest position and lock in place with maintenance hooks.
Inspect all mechanical components for wear and alignment. Repair or replace as needed.
Inspect hydraulic system for leaks, repair if needed.
Check hydraulic fluid level, refill if needed.
Return maintenance hooks to operating position",Closed and Completed,6/18/2022,PU,0.20,0.00,0.00,5/31/2022,Primo Uy - 06/01/22  7:29:06 AM: Done,[]
1061,EQ ID 1061,B-40 Lift Table,Soap Dispenser Assembly,2896,"Lift table to highest position and lock in place with maintenance hooks.
Inspect all mechanical components for wear and alignment. Repair or replace as needed.
Inspect hydraulic system for leaks, repair if needed.
Check hydraulic fluid level, refill if needed.
Return maintenance hooks to operating position",Closed and Completed,1/13/2023,PU,0.25,0.00,0.00,1/11/2023,Primo Uy - 01/12/23  7:29:25 AM: Obsolete,[]
1061,EQ ID 1061,B-40 Lift Table,Soap Dispenser Assembly,3926,"Lift table to highest position and lock in place with maintenance hooks.
Inspect all mechanical components for wear and alignment. Repair or replace as needed.
Inspect hydraulic system for leaks, repair if needed.
Check hydraulic fluid level, refill if needed.
Return maintenance hooks to operating position",Closed and Completed,4/12/2023,PU,0.30,0.00,0.00,4/12/2023,Primo Uy - 04/12/23  7:50:20 AM: Done,[]
1061,EQ ID 1061,B-40 Lift Table,Soap Dispenser Assembly,5243,"Lift table to highest position and lock in place with maintenance hooks.
Inspect all mechanical components for wear and alignment. Repair or replace as needed.
Inspect hydraulic system for leaks, repair if needed.
Check hydraulic fluid level, refill if needed.
Return maintenance hooks to operating position",Closed and Completed,7/12/2023,PU,0.20,0.00,0.00,7/12/2023,Primo Uy - 07/19/23  8:57:54 AM: Done,[]
1061,EQ ID 1061,B-40 Lift Table,Soap Dispenser Assembly,6513,"Lift table to highest position and lock in place with maintenance hooks.
Inspect all mechanical components for wear and alignment. Repair or replace as needed.
Inspect hydraulic system for leaks, repair if needed.
Check hydraulic fluid level, refill if needed.
Return maintenance hooks to operating position",Closed and Completed,10/19/2023,PU,0.25,0.00,0.00,10/19/2023,Primo Uy - 10/24/23  7:16:06 AM: Done,[]
1061,EQ ID 1061,B-40 Lift Table,Soap Dispenser Assembly,7780,"Lift table to highest position and lock in place with maintenance hooks.
Inspect all mechanical components for wear and alignment. Repair or replace as needed.
Inspect hydraulic system for leaks, repair if needed.
Check hydraulic fluid level, refill if needed.
Return maintenance hooks to operating position",Closed and Completed,1/24/2024,PU,0.25,0.00,0.00,1/24/2024,Primo Uy - 01/29/24  7:42:47 AM: Done,[]
1061,EQ ID 1061,B-40 Lift Table,Soap Dispenser Assembly,10145,"Lift table to highest position and lock in place with maintenance hooks.
Inspect all mechanical components for wear and alignment. Repair or replace as needed.
Inspect hydraulic system for leaks, repair if needed.
Check hydraulic fluid level, refill if needed.
Return maintenance hooks to operating position",Closed and Completed,4/29/2024,PU,0.20,0.00,0.00,4/29/2024,Primo Uy - 05/01/24  8:01:29 AM: Done,[]
1061,EQ ID 1061,B-40 Lift Table,Soap Dispenser Assembly,11482,"Lift table to highest position and lock in place with maintenance hooks.
Inspect all mechanical components for wear and alignment. Repair or replace as needed.
Inspect hydraulic system for leaks, repair if needed.
Check hydraulic fluid level, refill if needed.
Return maintenance hooks to operating position",Closed and Completed,8/1/2024,PU,0.20,0.00,0.00,7/1/2024,Primo Uy - 08/05/24 10:24:01 AM: Done,[]
1061,EQ ID 1061,B-40 Lift Table,Soap Dispenser Assembly,12632,"Lift table to highest position and lock in place with maintenance hooks.
Inspect all mechanical components for wear and alignment. Repair or replace as needed.
Inspect hydraulic system for leaks, repair if needed.
Check hydraulic fluid level, refill if needed.
Return maintenance hooks to operating position",Closed and Completed,11/5/2024,PUI,0.20,0.00,0.00,11/5/2024,Primo Uy - 11/11/24 12:39:56 PM: Done,[]
1061,EQ ID 1061,B-40 Lift Table,Soap Dispenser Assembly,13768,"Lift table to highest position and lock in place with maintenance hooks.
Inspect all mechanical components for wear and alignment. Repair or replace as needed.
Inspect hydraulic system for leaks, repair if needed.
Check hydraulic fluid level, refill if needed.
Return maintenance hooks to operating position",Closed and Completed,2/11/2025,PU,0.25,0.00,0.00,2/11/2025,Primo Uy - 02/19/25  8:19:49 AM: Done,[]
1061,EQ ID 1061,B-40 Lift Table,Soap Dispenser Assembly,14750,"Lift table to highest position and lock in place with maintenance hooks.
Inspect all mechanical components for wear and alignment. Repair or replace as needed.
Inspect hydraulic system for leaks, repair if needed.
Check hydraulic fluid level, refill if needed.
Return maintenance hooks to operating position",Closed and Completed,5/19/2025,PU,0.35,0.00,0.00,5/19/2025,Primo Uy - 06/05/25 12:20:31 PM: Done,[]
1061,EQ ID 1061,B-40 Lift Table,Soap Dispenser Assembly,15979,"Lift table to highest position and lock in place with maintenance hooks.
Inspect all mechanical components for wear and alignment. Repair or replace as needed.
Inspect hydraulic system for leaks, repair if needed.
Check hydraulic fluid level, refill if needed.
Return maintenance hooks to operating position",Closed and Completed,9/5/2025,PU,0.20,0.00,0.00,9/5/2025,Primo Uy - 09/05/25  8:24:24 AM: Done,[]
1061,EQ ID 1061,B-40 Lift Table,Soap Dispenser Assembly,16917,"Lift table to highest position and lock in place with maintenance hooks.
Inspect all mechanical components for wear and alignment. Repair or replace as needed.
Inspect hydraulic system for leaks, repair if needed.
Check hydraulic fluid level, refill if needed.
Return maintenance hooks to operating position",Closed and Completed,12/5/2025,PU,0.20,0.00,0.00,12/5/2025,Primo Uy - 12/09/25  1:51:27 PM: Done,[]
1061,EQ ID 1061,B-40 Lift Table,Soap Dispenser Assembly,17879,"Lift table to highest position and lock in place with maintenance hooks.
Inspect all mechanical components for wear and alignment. Repair or replace as needed.
Inspect hydraulic system for leaks, repair if needed.
Check hydraulic fluid level, refill if needed.
Return maintenance hooks to operating position",Closed and Completed,3/9/2026,PU,0.20,0.00,0.00,3/9/2026,Primo Uy - 03/12/26  1:06:18 PM: Done Order fluid and add.,[]
1061,EQ ID 1061,B-40 Lift Table,Soap Dispenser Assembly,18738,"Lift table to highest position and lock in place with maintenance hooks.
Inspect all mechanical components for wear and alignment. Repair or replace as needed.
Inspect hydraulic system for leaks, repair if needed.
Check hydraulic fluid level, refill if needed.
Return maintenance hooks to operating position",Closed and Completed,6/12/2026,PU,0.20,0.00,0.00,6/11/2026,Primo Uy - 06/18/26 11:57:07 AM: Done,[]
1077,EQ ID 1077,V10145 Cleco Torque Driver,Soap Dispenser Assembly,11158,"NT Vendor Station 1 (Calibrate torque to 8 in lb. +/- 1 in lb.)
Air Line Pressure 60 +/- 5 PSI",Pending,7/13/2024,,0.00,0.00,0.00,,,[]
1077,EQ ID 1077,V10145 Cleco Torque Driver,Soap Dispenser Assembly,641,Check air lines and connections for cracks or leaks. Repair or replace as needed.,Closed and Completed,9/18/2022,PU,0.20,0.00,0.00,9/2/2022,,[]
1077,EQ ID 1077,V10145 Cleco Torque Driver,Soap Dispenser Assembly,639,Check air lines and connections for cracks or leaks. Repair or replace as needed.,Closed and Completed,9/18/2022,PU,0.30,0.00,0.00,9/8/2022,Primo Uy - 09/08/22  8:13:55 AM: Done,[]
1077,EQ ID 1077,V10145 Cleco Torque Driver,Soap Dispenser Assembly,2756,Check air lines and connections for cracks or leaks. Repair or replace as needed.,Closed and Completed,4/13/2023,PU,0.20,0.00,0.00,4/13/2023,Primo Uy - 04/13/23  7:50:44 AM: Done,[]
1077,EQ ID 1077,V10145 Cleco Torque Driver,Soap Dispenser Assembly,2757,Check air lines and connections for cracks or leaks. Repair or replace as needed.,Closed and Completed,4/13/2023,PU,0.20,0.00,0.00,4/13/2023,Primo Uy - 04/13/23  7:51:13 AM: Done,[]
1077,EQ ID 1077,V10145 Cleco Torque Driver,Soap Dispenser Assembly,5281,Check air lines and connections for cracks or leaks. Repair or replace as needed.,Closed and Completed,10/13/2023,PU,0.20,0.00,0.00,10/13/2023,Primo Uy - 10/16/23  7:24:48 AM: Done,[]
1077,EQ ID 1077,V10145 Cleco Torque Driver,Soap Dispenser Assembly,5279,Check air lines and connections for cracks or leaks. Repair or replace as needed.,Closed and Completed,10/13/2023,PU,0.20,0.00,0.00,10/13/2023,Primo Uy - 10/16/23  7:22:05 AM: Done,[]
1077,EQ ID 1077,V10145 Cleco Torque Driver,Soap Dispenser Assembly,640,"NT Vendor Station 1 (Calibrate torque to 8 in lb. +/- 1 in lb.)
Air Line Pressure 60 +/- 5 PSI",Closed without Action,6/18/2022,md,0.00,0.00,0.00,4/13/2024,Miguel Diaz - 04/13/24 10:19:56 AM: Replaced both drills,[]
1077,EQ ID 1077,V10145 Cleco Torque Driver,Soap Dispenser Assembly,7656,Check air lines and connections for cracks or leaks. Repair or replace as needed.,Closed and Completed,4/16/2024,PU,0.20,0.00,0.00,4/16/2024,Primo Uy - 04/17/24  8:08:39 AM: Done,[]
1077,EQ ID 1077,V10145 Cleco Torque Driver,Soap Dispenser Assembly,7657,Check air lines and connections for cracks or leaks. Repair or replace as needed.,Closed and Completed,4/16/2024,PU,0.20,0.00,0.00,4/16/2024,Primo Uy - 04/17/24  8:09:24 AM: Done,[]
1077,EQ ID 1077,V10145 Cleco Torque Driver,Soap Dispenser Assembly,11344,Check air lines and connections for cracks or leaks. Repair or replace as needed.,Closed and Completed,10/17/2024,PU,0.20,0.00,0.00,10/17/2024,Primo Uy - 10/18/24  1:11:16 PM: Done,[]
1077,EQ ID 1077,V10145 Cleco Torque Driver,Soap Dispenser Assembly,11343,Check air lines and connections for cracks or leaks. Repair or replace as needed.,Closed and Completed,10/17/2024,PU,0.20,0.00,0.00,10/17/2024,Primo Uy - 10/18/24  1:11:52 PM: Done,[]
1077,EQ ID 1077,V10145 Cleco Torque Driver,Soap Dispenser Assembly,13459,Check air lines and connections for cracks or leaks. Repair or replace as needed.,Closed and Completed,4/18/2025,PU,0.10,0.00,0.00,4/18/2025,Primo Uy - 05/01/25  6:42:21 AM: Replaced by electric driver,[]
1077,EQ ID 1077,V10145 Cleco Torque Driver,Soap Dispenser Assembly,13458,Check air lines and connections for cracks or leaks. Repair or replace as needed.,Closed and Completed,4/18/2025,PU,0.10,0.00,0.00,4/18/2025,Primo Uy - 05/01/25  6:41:16 AM: Replaced by electric driver,[]
1077,EQ ID 1077,V10145 Cleco Torque Driver,Soap Dispenser Assembly,15590,Check air lines and connections for cracks or leaks. Repair or replace as needed.,Closed and Completed,11/1/2025,PU,0.20,0.00,0.00,10/31/2025,Primo Uy - 11/12/25 10:28:50 AM: Done,[]
1077,EQ ID 1077,V10145 Cleco Torque Driver,Soap Dispenser Assembly,15588,Check air lines and connections for cracks or leaks. Repair or replace as needed.,Closed and Completed,11/1/2025,PU,0.20,0.00,0.00,11/3/2025,Primo Uy - 11/12/25 10:17:14 AM: Done,[]
1077,EQ ID 1077,V10145 Cleco Torque Driver,Soap Dispenser Assembly,17668,Check air lines and connections for cracks or leaks. Repair or replace as needed.,Closed and Completed,5/12/2026,PU,0.20,0.00,0.00,5/12/2026,,[]
1077,EQ ID 1077,V10145 Cleco Torque Driver,Soap Dispenser Assembly,17671,Check air lines and connections for cracks or leaks. Repair or replace as needed.,Closed and Completed,5/12/2026,PU,0.20,0.00,0.00,5/12/2026,Primo Uy - 05/15/26  9:02:54 AM: Done. Good Condition.,[]
1078,EQ ID 1078,UJ2752 Cleco Torque Driver,Soap Dispenser Assembly,11161,"X     WHERE USED:
X     NT Vendor Station 09 (Calibrate to 8 +/- 1 lbs. in)
       NT Vendor Station 10 (Calibrate to 8 +/- 1 lbs. in)
       NT Vendor Station 11 (Calibrate to 8 +/- 1 lbs. in)
       NT Vendor Station 12 (Calibrate to 8 +/- 1 lbs. in)
       NT Vendor Station 13 (Calibrate to 8 +/- 1 lbs. in)
       NT Vendor Station 14 (Calibrate to 8 +/- 1 lbs. in)
Air Line Pressure 60 +/- 5 PSI",Pending,7/13/2024,,0.00,0.00,0.00,,,[]
1078,EQ ID 1078,UJ2752 Cleco Torque Driver,Soap Dispenser Assembly,643,Check air lines and connections for cracks or leaks. Repair or replace as needed.,Closed and Completed,9/18/2022,PU,0.40,0.00,0.00,9/2/2022,,[]
1078,EQ ID 1078,UJ2752 Cleco Torque Driver,Soap Dispenser Assembly,2758,Check air lines and connections for cracks or leaks. Repair or replace as needed.,Closed and Completed,4/13/2023,PU,0.20,0.00,0.00,4/13/2023,Primo Uy - 04/13/23  7:51:49 AM: Done,[]
1078,EQ ID 1078,UJ2752 Cleco Torque Driver,Soap Dispenser Assembly,5282,Check air lines and connections for cracks or leaks. Repair or replace as needed.,Closed and Completed,10/13/2023,PU,0.20,0.00,0.00,10/13/2023,Primo Uy - 10/16/23  7:25:34 AM: DONE,[]
1078,EQ ID 1078,UJ2752 Cleco Torque Driver,Soap Dispenser Assembly,642,"X     WHERE USED:
X     NT Vendor Station 09 (Calibrate to 8 +/- 1 lbs. in)
       NT Vendor Station 10 (Calibrate to 8 +/- 1 lbs. in)
       NT Vendor Station 11 (Calibrate to 8 +/- 1 lbs. in)
       NT Vendor Station 12 (Calibrate to 8 +/- 1 lbs. in)
       NT Vendor Station 13 (Calibrate to 8 +/- 1 lbs. in)
       NT Vendor Station 14 (Calibrate to 8 +/- 1 lbs. in)
Air Line Pressure 60 +/- 5 PSI",Closed without Action,6/18/2022,md,0.00,0.00,0.00,4/13/2024,Miguel Diaz - 04/13/24 10:20:15 AM: Replaced both drills,[]
1078,EQ ID 1078,UJ2752 Cleco Torque Driver,Soap Dispenser Assembly,7658,Check air lines and connections for cracks or leaks. Repair or replace as needed.,Closed and Completed,4/16/2024,PU,0.10,0.00,0.00,4/16/2024,Primo Uy - 04/17/24  8:07:19 AM: Done,[]
1078,EQ ID 1078,UJ2752 Cleco Torque Driver,Soap Dispenser Assembly,11341,Check air lines and connections for cracks or leaks. Repair or replace as needed.,Closed and Completed,10/17/2024,PU,0.20,0.00,0.00,10/17/2024,Primo Uy - 10/18/24  1:08:33 PM: Done,[]
1078,EQ ID 1078,UJ2752 Cleco Torque Driver,Soap Dispenser Assembly,13455,Check air lines and connections for cracks or leaks. Repair or replace as needed.,Closed and Completed,4/18/2025,PU,0.10,0.00,0.00,4/18/2025,Primo Uy - 05/01/25  6:39:33 AM: Replaced by electric driver,[]
1078,EQ ID 1078,UJ2752 Cleco Torque Driver,Soap Dispenser Assembly,15585,Check air lines and connections for cracks or leaks. Repair or replace as needed.,Closed and Completed,11/1/2025,PU,0.20,0.00,0.00,11/3/2025,Primo Uy - 11/12/25 10:14:32 AM: Done,[]
1078,EQ ID 1078,UJ2752 Cleco Torque Driver,Soap Dispenser Assembly,17665,Check air lines and connections for cracks or leaks. Repair or replace as needed.,Closed and Completed,5/12/2026,PU,0.20,0.00,0.00,5/12/2026,Primo Uy - 05/15/26  8:58:41 AM: Done,[]
1079,EQ ID 1079,14PCA05Q Cleco Torque Driver,Soap Dispenser Assembly,11174,"X     WHERE USED:
X     NT Vendor Station 10 (Calibrate to 16 +/- 1 lbs. in)
     Air Line Pressure 60 +/- 5 PSI)",Pending,10/13/2024,,0.00,0.00,0.00,,,[]
1079,EQ ID 1079,14PCA05Q Cleco Torque Driver,Soap Dispenser Assembly,645,Check air lines and connections for cracks or leaks. Repair or replace as needed.,Closed and Completed,9/18/2022,PU,0.40,0.00,0.00,9/2/2022,,[]
1079,EQ ID 1079,14PCA05Q Cleco Torque Driver,Soap Dispenser Assembly,644,"X     WHERE USED:
X     NT Vendor Station 10 (Calibrate to 16 +/- 1 lbs. in)
     Air Line Pressure 60 +/- 5 PSI)",Closed and Completed,9/18/2022,PU,0.30,0.00,0.00,9/8/2022,Primo Uy - 09/08/22  8:14:35 AM: Done,[]
1079,EQ ID 1079,14PCA05Q Cleco Torque Driver,Soap Dispenser Assembly,2760,Check air lines and connections for cracks or leaks. Repair or replace as needed.,Closed and Completed,4/13/2023,PU,0.20,0.00,0.00,4/13/2023,Primo Uy - 04/13/23  7:53:00 AM: Done,[]
1079,EQ ID 1079,14PCA05Q Cleco Torque Driver,Soap Dispenser Assembly,5283,Check air lines and connections for cracks or leaks. Repair or replace as needed.,Closed and Completed,10/13/2023,PU,0.20,0.00,0.00,10/13/2023,Primo Uy - 10/16/23 11:12:55 AM: Done,[]
1079,EQ ID 1079,14PCA05Q Cleco Torque Driver,Soap Dispenser Assembly,2759,"X     WHERE USED:
X     NT Vendor Station 10 (Calibrate to 16 +/- 1 lbs. in)
     Air Line Pressure 60 +/- 5 PSI)",Closed without Action,4/13/2023,md,0.00,0.00,0.00,4/13/2024,Miguel Diaz - 04/13/24 10:21:49 AM: Replaced both drills,[]
1079,EQ ID 1079,14PCA05Q Cleco Torque Driver,Soap Dispenser Assembly,7678,Check air lines and connections for cracks or leaks. Repair or replace as needed.,Closed and Completed,4/16/2024,PU,0.20,0.00,0.00,4/16/2024,Primo Uy - 04/17/24  8:08:05 AM: Done,[]
1079,EQ ID 1079,14PCA05Q Cleco Torque Driver,Soap Dispenser Assembly,11342,Check air lines and connections for cracks or leaks. Repair or replace as needed.,Closed and Completed,10/17/2024,PU,0.20,0.00,0.00,10/17/2024,Primo Uy - 10/18/24  1:04:22 PM: Done,[]
1079,EQ ID 1079,14PCA05Q Cleco Torque Driver,Soap Dispenser Assembly,13450,Check air lines and connections for cracks or leaks. Repair or replace as needed.,Closed and Completed,4/18/2025,PU,0.10,0.00,0.00,4/18/2025,Primo Uy - 05/01/25  6:37:51 AM: Replaced by electric driver,[]
1079,EQ ID 1079,14PCA05Q Cleco Torque Driver,Soap Dispenser Assembly,15582,Check air lines and connections for cracks or leaks. Repair or replace as needed.,Closed and Completed,11/1/2025,PU,0.20,0.00,0.00,11/3/2025,Primo Uy - 11/12/25 10:12:22 AM: Done,[]
1079,EQ ID 1079,14PCA05Q Cleco Torque Driver,Soap Dispenser Assembly,17662,Check air lines and connections for cracks or leaks. Repair or replace as needed.,Closed and Completed,5/12/2026,PU,0.20,0.00,0.00,5/12/2026,Primo Uy - 05/15/26  8:54:50 AM: Done,[]
1080,EQ ID 1080,UJ2753 Cleco Torque Driver,Soap Dispenser Assembly,11163,"X     WHERE USED:
       NT Vendor Station 10 (Calibrate to 8 +/- 1 lbs. in)
X     NT Vendor Station 11 (Calibrate to 8 +/- 1 lbs. in)
       NT Vendor Station 12 (Calibrate to 8 +/- 1 lbs. in)
       NT Vendor Station 13 (Calibrate to 8 +/- 1 lbs. in)
       NT Vendor Station 14 (Calibrate to 8 +/- 1 lbs. in)
Air Line Pressure 60 +/- 5 PSI",Pending,7/13/2024,,0.00,0.00,0.00,,,[]
1080,EQ ID 1080,UJ2753 Cleco Torque Driver,Soap Dispenser Assembly,646,Check air lines and connections for cracks or leaks. Repair or replace as needed.,Closed and Completed,9/18/2022,PU,0.00,0.00,0.00,9/2/2022,Primo Uy - 09/02/22  9:11:08 AM: N/A,[]
1080,EQ ID 1080,UJ2753 Cleco Torque Driver,Soap Dispenser Assembly,2882,Check air lines and connections for cracks or leaks. Repair or replace as needed.,Closed and Completed,4/13/2023,PU,0.20,0.00,0.00,4/11/2023,Primo Uy - 04/12/23  7:57:07 AM: Done,[]
1080,EQ ID 1080,UJ2753 Cleco Torque Driver,Soap Dispenser Assembly,5252,Check air lines and connections for cracks or leaks. Repair or replace as needed.,Closed and Completed,10/12/2023,PU,0.20,0.00,0.00,10/12/2023,Primo Uy - 10/12/23  7:39:19 AM: Done,[]
1080,EQ ID 1080,UJ2753 Cleco Torque Driver,Soap Dispenser Assembly,7613,Check air lines and connections for cracks or leaks. Repair or replace as needed.,Closed and Completed,4/12/2024,PU,0.00,0.00,0.00,4/12/2024,Primo Uy - 04/12/24  1:14:35 PM: Done,[]
1080,EQ ID 1080,UJ2753 Cleco Torque Driver,Soap Dispenser Assembly,647,"X     WHERE USED:
       NT Vendor Station 10 (Calibrate to 8 +/- 1 lbs. in)
X     NT Vendor Station 11 (Calibrate to 8 +/- 1 lbs. in)
       NT Vendor Station 12 (Calibrate to 8 +/- 1 lbs. in)
       NT Vendor Station 13 (Calibrate to 8 +/- 1 lbs. in)
       NT Vendor Station 14 (Calibrate to 8 +/- 1 lbs. in)
Air Line Pressure 60 +/- 5 PSI",Closed without Action,6/18/2022,md,0.00,0.00,0.00,4/13/2024,Miguel Diaz - 04/13/24 10:20:28 AM: Replaced both drills,[]
1080,EQ ID 1080,UJ2753 Cleco Torque Driver,Soap Dispenser Assembly,11128,Check air lines and connections for cracks or leaks. Repair or replace as needed.,Closed and Completed,10/12/2024,PU,0.20,0.00,0.00,10/14/2024,Primo Uy - 10/18/24  7:17:13 AM: Done,[]
1080,EQ ID 1080,UJ2753 Cleco Torque Driver,Soap Dispenser Assembly,13433,Check air lines and connections for cracks or leaks. Repair or replace as needed.,Closed and Completed,4/18/2025,PU,0.20,0.00,0.00,4/18/2025,Primo Uy - 04/22/25  9:56:47 AM: Done,[]
1080,EQ ID 1080,UJ2753 Cleco Torque Driver,Soap Dispenser Assembly,15462,Check air lines and connections for cracks or leaks. Repair or replace as needed.,Closed and Completed,10/22/2025,PU,0.20,0.00,0.00,10/22/2025,Primo Uy - 10/27/25  8:42:55 AM: Done,[]
1080,EQ ID 1080,UJ2753 Cleco Torque Driver,Soap Dispenser Assembly,17468,Check air lines and connections for cracks or leaks. Repair or replace as needed.,Closed without Action,4/27/2026,PU,0.00,0.00,0.00,4/27/2026,Primo Uy - 04/29/26  1:08:47 PM: Obsolete,[]
1081,EQ ID 1081,UJ2757 Cleco Torque Driver,Soap Dispenser Assembly,11164,"NT Vendor Station 05 (Calibrate to 8 +/- 1 lbs. in)
Air Line Pressure 60 +/- 5 PSI",Pending,7/13/2024,,0.00,0.00,0.00,,,[]
1081,EQ ID 1081,UJ2757 Cleco Torque Driver,Soap Dispenser Assembly,648,Check air lines and connections for cracks or leaks. Repair or replace as needed.,Closed and Completed,9/18/2022,PU,0.30,0.00,0.00,9/2/2022,,[]
1081,EQ ID 1081,UJ2757 Cleco Torque Driver,Soap Dispenser Assembly,2883,Check air lines and connections for cracks or leaks. Repair or replace as needed.,Closed and Completed,4/13/2023,PU,0.20,0.00,0.00,4/11/2023,Primo Uy - 04/12/23  7:57:38 AM: Done,[]
1081,EQ ID 1081,UJ2757 Cleco Torque Driver,Soap Dispenser Assembly,5253,Check air lines and connections for cracks or leaks. Repair or replace as needed.,Closed and Completed,10/12/2023,PU,0.20,0.00,0.00,10/12/2023,Primo Uy - 10/12/23  7:39:50 AM: Done,[]
1081,EQ ID 1081,UJ2757 Cleco Torque Driver,Soap Dispenser Assembly,7614,Check air lines and connections for cracks or leaks. Repair or replace as needed.,Closed and Completed,4/12/2024,PU,0.00,0.00,0.00,4/12/2024,Primo Uy - 04/12/24  1:10:53 PM: Done,[]
1081,EQ ID 1081,UJ2757 Cleco Torque Driver,Soap Dispenser Assembly,649,"NT Vendor Station 05 (Calibrate to 8 +/- 1 lbs. in)
Air Line Pressure 60 +/- 5 PSI",Closed without Action,6/18/2022,md,0.00,0.00,0.00,4/13/2024,Miguel Diaz - 04/13/24 10:20:35 AM: Replaced both drills,[]
1081,EQ ID 1081,UJ2757 Cleco Torque Driver,Soap Dispenser Assembly,11123,Check air lines and connections for cracks or leaks. Repair or replace as needed.,Closed and Completed,10/12/2024,PU,0.20,0.00,0.00,10/14/2024,Primo Uy - 10/18/24  7:18:05 AM: Done,[]
1081,EQ ID 1081,UJ2757 Cleco Torque Driver,Soap Dispenser Assembly,13434,Check air lines and connections for cracks or leaks. Repair or replace as needed.,Closed and Completed,4/18/2025,PU,0.20,0.00,0.00,4/18/2025,Primo Uy - 04/22/25 10:25:42 AM: Done,[]
1081,EQ ID 1081,UJ2757 Cleco Torque Driver,Soap Dispenser Assembly,15465,Check air lines and connections for cracks or leaks. Repair or replace as needed.,Closed and Completed,10/22/2025,PU,0.20,0.00,0.00,10/22/2025,Primo Uy - 10/27/25  8:45:01 AM: Done,[]
1081,EQ ID 1081,UJ2757 Cleco Torque Driver,Soap Dispenser Assembly,17471,Check air lines and connections for cracks or leaks. Repair or replace as needed.,Closed and Completed,4/27/2026,PU,0.20,0.00,0.00,4/27/2026,Primo Uy - 04/29/26  1:11:13 PM: Done,[]
1082,EQ ID 1082,UJ2751 Cleco Torque Driver,Soap Dispenser Assembly,11165,"NT Vendor Station 07 (Calibrate to 8 +/- 1 lbs. in)
Air line pressure 60 +/- 5 PSI",Pending,7/13/2024,,0.00,0.00,0.00,,,[]
1082,EQ ID 1082,UJ2751 Cleco Torque Driver,Soap Dispenser Assembly,651,Check air lines and connections for cracks or leaks. Repair or replace as needed.,Closed and Completed,9/18/2022,PU,0.20,0.00,0.00,9/2/2022,,[]
1082,EQ ID 1082,UJ2751 Cleco Torque Driver,Soap Dispenser Assembly,2884,Check air lines and connections for cracks or leaks. Repair or replace as needed.,Closed and Completed,4/13/2023,PU,0.20,0.00,0.00,4/11/2023,Primo Uy - 04/12/23  7:58:26 AM: Done,[]
1082,EQ ID 1082,UJ2751 Cleco Torque Driver,Soap Dispenser Assembly,5254,Check air lines and connections for cracks or leaks. Repair or replace as needed.,Closed and Completed,10/12/2023,PU,0.20,0.00,0.00,10/12/2023,Primo Uy - 10/12/23  7:40:20 AM: Done.,[]
1082,EQ ID 1082,UJ2751 Cleco Torque Driver,Soap Dispenser Assembly,7615,Check air lines and connections for cracks or leaks. Repair or replace as needed.,Closed and Completed,4/12/2024,PU,0.20,0.00,0.00,4/12/2024,Primo Uy - 04/12/24  1:11:34 PM: Done,[]
1082,EQ ID 1082,UJ2751 Cleco Torque Driver,Soap Dispenser Assembly,650,"NT Vendor Station 07 (Calibrate to 8 +/- 1 lbs. in)
Air line pressure 60 +/- 5 PSI",Closed without Action,6/18/2022,md,0.00,0.00,0.00,4/13/2024,Miguel Diaz - 04/13/24 10:20:41 AM: Replaced both drills,[]
1082,EQ ID 1082,UJ2751 Cleco Torque Driver,Soap Dispenser Assembly,11124,Check air lines and connections for cracks or leaks. Repair or replace as needed.,Closed and Completed,10/12/2024,PU,0.20,0.00,0.00,10/14/2024,Primo Uy - 10/18/24  7:16:31 AM: Done,[]
1082,EQ ID 1082,UJ2751 Cleco Torque Driver,Soap Dispenser Assembly,13432,Check air lines and connections for cracks or leaks. Repair or replace as needed.,Closed and Completed,4/18/2025,PU,0.20,0.00,0.00,4/18/2025,Primo Uy - 04/22/25  9:54:39 AM: Done,[]
1082,EQ ID 1082,UJ2751 Cleco Torque Driver,Soap Dispenser Assembly,15461,Check air lines and connections for cracks or leaks. Repair or replace as needed.,Closed and Completed,10/22/2025,PU,0.20,0.00,0.00,10/22/2025,,[]
1082,EQ ID 1082,UJ2751 Cleco Torque Driver,Soap Dispenser Assembly,17467,Check air lines and connections for cracks or leaks. Repair or replace as needed.,Closed without Action,4/27/2026,PU,0.00,0.00,0.00,4/27/2026,Primo Uy - 04/29/26  1:08:04 PM: Obsolete,[]
